Workbook

Sheet التعليم الابتدائي
A1: مدارس الابتدائي للوقف الشيعي | F1: جنس المدرسة | I1: بيئة المدرسة | K1: دوام المدرسة | O1: استقلالية المدرسة | Q1: نوع الازدواج | U1: هل المدرسة فتح جديد | V1: تحتوي على المدرسة | Y1: عدد التلامذة المستجدين حسب العمر | AN1: عدد التلامذة المسجلين في الصف الاول الابتدائي حسب العمر والجنس | BC1: عدد التلامذة المسجلين في الصف الثاني الابتدائي حسب العمر والجنس | BP1: عدد التلامذة المسجلين في الصف الثالث الابتدائي حسب العمر والجنس | CC1: عدد التلامذة المسجلين في الصف الرابع الابتدائي حسب العمر والجنس | CP1: عدد التلامذة المسجلين في الصف الخامس الابتدائي حسب العمر والجنس | DC1: عدد التلامذة المسجلين في الصف السادس الابتدائي حسب العمر والجنس | DP1: مجموع عدد التلاميذ المسجلين حسب العمر والجنس | EO1: عدد الشعب حسب الصف والجنس | FK1: عدد التلاميذ التاركين حسب الصف والجنس للعام2026 /2025 | FZ1: عدد التلاميذ الناجحين حسب الصف والجنس للعام الدراسي2024 /2025 | GO1: عدد التلاميذ الراسبين بسبب الفشل في الامتحان و حسب الصف والجنس للعام الدراسي2024 /2025 | HD1: عدد التلاميذ الراسبين بسبب تجاوز ايام الغياب وحسب الصف والجنس للعام الدراسي2024 /2025 | HS1: عدد التلاميذ الراسبين لأسباب اخرى وحسب الصف والجنس للعام الدراسي2024 /2025 | IH1: عدد التلاميذ الراسبين لجميع الاسباب وحسب الصف والجنس للعام الدراسي2024 /2025 | IW1: اعضاء الهيئة التعليمية حسب العنوان الوظيفي | JH1: الموظفون الاداريون والخدميون حسب العنوان الوظيفي | JZ1: عدد الهيئة التعليمية حسب الجنسية | KI1: عدد اعضاء الهيئة التعليمية حسب الحالة الوظيفية | LE1: عدد اعضاء الهيئة التعليمية حسب الشهادة والتخصص | MB1: عدد اعضاء الهيئة التعليمية حسب الشهادة والتخصص | MY1: عدد اعضاء الهيئة التعليمية حسب الشهادة والتخصص | NV1: عدد اعضاء الهيئة التعليمية حسب الشهادة والتخصص | OS1: عدد اعضاء الهيئة التعليمية حسب الشهادة والتخصص | PP1: عدد اعضاء الهيئة التعليمية حسب الشهادة والتخصص | QM1: عدد اعضاء الهيئة التعليمية حسب الشهادة والتخصص | RJ1: عدد اعضاء الهيئة التعليمية حسب الشهادة والتخصص | SG1: عدد اعضاء الهيئة التعليمية حسب الشهادة والتخصص | TD1: عدد اعضاء الهيئة التعليمية حسب الشهادة والتخصص | UA1: عدد اعضاء الهيئة التعليمية حسب الشهادة والتخصص | UX1: عدد اعضاء الهيئة التعليمية حسب الشهادة والتخصص | VU1: عدد اعضاء الهيئة التعليمية حسب الشهادة والتخصص | WR1: عدد اعضاء الهيئة التعليمية حسب الشهادة والتخصص | XO1: عدد اعضاء الهيئة التعليمية حسب الشهادة والتخصص | YL1: عدد اعضاء الهيئة التعليمية حسب الشهادة والتخصص | ZI1: عدد اعضاء الهيئة التعليمية حسب الشهادة والتخصص | AAF1: عدد اعضاء الهيئة التعليمية حسب الشهادة والتخصص | ABC1: عدد اعضاء الهيئة التعليمية حسب الشهادة والتخصص | ABZ1: عدد اعضاء الهيئة التعليمية حسب الشهادة والتخصص | ACW1: عدد اعضاء الهيئة التعليمية حسب الشهادة والتخصص | ADT1: عدد اعضاء الهيئة التعليمية حسب الشهادة والتخصص | AEQ1: عدد اعضاء الهيئة التعليمية حسب سنوات الخدمة | AFQ1: عدد اعضاء الهيئة التعليمية حسب الحالة الاجتماعية | AGB1: دالة التصحيح للملاك | AGE1: عدد اعضاء الهيئة التعليمية المشاركين في الدورات التدريبية للعام السابق | AGH1: عدد التلامذة المسجلين من غير العراقيين | AGK1: التطــــبــــيـــــــــــــــــقاتـــ ( هل المدرسة مشمولة بــ : ) | AHA1: المدارس المشمولة بالتربية الخاصة | ALJ1: المختبرات المدرسية | ALL1: اقرب نقطة دالة للمدرسة | ALM1: المدير | ALN1: رقم الموبايل
AFD2: عدد اعضاء الهيئة التعليمية حسب سنوات العمر | AHO2: الأبــــنــــيــــــة المـــــــــدرســـــــية | AKJ2: التجهيزات والاثاث :- | AKP2: الحاسبات :- | AKV2: هل توجد مكتبة | ALG2: عدد الكتب والمجلات
A3: التعليم الابتدائي 2025/2026 | Y3: 5 سنوات | AA3: 6 سنوات | AC3: 7 سنوات | AE3: 8 سنوات | AG3: 9 سنوات | AI3: 10 سنوات | AK3: المجموع | KI3: داخل القوة العمل | KK3: خارج القوة العمل | LB3: المجموع | LE3: التربية الاسلامية | MB3: اللغة العربية | MY3: اللغة الانكليزية | NV3: اللغة الكردية | OS3: الرياضيات | PP3: العلوم ( علوم الحياة ) | QM3: الكيمياء | RJ3: الفيزياء | SG3: اجتماعيات | TD3: التاريخ | UA3: الجغرافية | UX3: اقتصاد منزلي | VU3: تربية خاصة | WR3: تربية وعلم النفس | XO3: التربية الفنية | YL3: التربية الرياضية | ZI3: الحاسوب | AAF3: اللغة التركمانية | ABC3: اللغة السريانية | ABZ3: عــــــــــــــام | ACW3: اخــــــــــــــــرى | ADT3: المجموع الكلي | AGK3: الارشاد التربوي | AGM3: التغذية المدرسية | AGO3: خدمة الانترنت | AGQ3: الحاسوب | AGS3: اللغات الاجنبية | AGU3: الــــلــــغــات | AHA3: هل المدرسة مشمولة بالتربية الخاصة | AHC3: عدد التلامذة | AHF3: عدد الشعب | AHJ3: عدد المعلمين | AHM3: هل المدرسة مشمولة بالفنون الصناعية | AHO3: عدد الابنية المدرسية حسب :- | AIQ3: هل البناية مزودة بخدمة المجاري | AIS3: نوع الخدمة | AIU3: هل ترتبط البناية بشبكة الماء الصالح للشرب | AIW3: مصدر الماء | AJB3: هل هناك سياج حول البناية | AJD3: نوع السياج | AJG3: حالة السياج | AJJ3: هل توجد حديقة مدرسية | AJL3: هل توجد قاعة انشطة مستقلة | AJN3: هل توجد ساحة رياضية | AJP3: نوع الساحة الرياضية | AJU3: هل تتوفر في البناية مرافق صحية | AKJ3: عدد الرحلات المزدوجة (ذات المقعدين) الصالحة | AKL3: عدد الرحلات (ذات المقعد الواحد) الصالحة | AKN3: عدد لوحات الكتابة (السبورات) الصالحة | AKP3: عدد الحاسبات الالكترونية (كومبيوتر) | AKR3: عدد الطابعات | AKT3: عدد الماسحات الضوئية (سكنرات) | AKX3: المسؤول عن المكتبة | ALC3: نوعية المكتبة
AN4: 5 سنوات | AP4: 6 سنوات | AR4: 7 سنوات | AT4: 8 سنوات | AV4: 9 سنوات | AX4: 10 سنوات | AZ4: المجموع | BC4: 7 سنوات | BE4: 8 سنوات | BG4: 9 سنوات | BI4: 10 سنوات | BK4: 11 سنة | BM4: المجموع | BP4: 8 سنوات | BR4: 9 سنوات | BT4: 10 سنوات | BV4: 11 سنة | BX4: 12 سنة | BZ4: المجموع | CC4: 9 سنوات | CE4: 10 سنوات | CG4: 11 سنة | CI4: 12 سنة | CK4: 13 سنة | CM4: المجموع | CP4: 10 سنوات | CR4: 11 سنة | CT4: 12 سنة | CV4: 13سنة | CX4: 14 سنة | CZ4: المجموع | DC4: 11 سنة | DE4: 12 سنة | DG4: 13 سنة | DI4: 14 سنة | DK4: 15 سنة | DM4: المجموع | DP4: 5 سنة | DR4: 6 سنة | DT4: 7سنة | DV4: 8سنة | DX4: 9سنة | DZ4: 10سنة | EB4: 11سنة | ED4: 12سنة | EF4: 13سنة | EH4: 14سنة | EJ4: 15سنة | EL4: المجموع الكلي | EO4: الاول الابتدائي | ER4: الثاني الابتدائي | EU4: الثالث الابتدائي | EX4: الرابع الابتدائي | FA4: الخامس الابتدائي | FD4: السادس ابتدائي | FG4: المجموع | FK4: الاول الابتدائي | FM4: الثاني الابتدائي | FO4: الثالث الابتدائي | FQ4: الرابع الابتدائي | FS4: الخامس الابتدائي | FU4: السادس الابتدائي | FW4: المجموع | FZ4: الاول الابتدائي | GB4: الثاني الابتدائي | GD4: الثالث الابتدائي | GF4: الرابع الابتدائي | GH4: الخامس الابتدائي | GJ4: السادس الابتدائي | GL4: المجموع | GO4: الاول الابتدائي | GQ4: الثاني الابتدائي | GS4: الثالث الابتدائي | GU4: الرابع الابتدائي | GW4: الخامس الابتدائي | GY4: السادس الابتدائي | HA4: المجموع | HD4: الاول الابتدائي | HF4: الثاني الابتدائي | HH4: الثالث الابتدائي | HJ4: الرابع الابتدائي | HL4: الخامس الابتدائي | HN4: السادس الابتدائي | HP4: المجموع | HS4: الاول الابتدائي | HU4: الثاني الابتدائي | HW4: الثالث الابتدائي | HY4: الرابع الابتدائي | IA4: الخامس الابتدائي | IC4: السادس الابتدائي | IE4: المجموع | IH4: الاول الابتدائي | IJ4: الثاني الابتدائي | IL4: الثالث الابتدائي | IN4: الرابع الابتدائي | IP4: الخامس الابتدائي | IR4: السادس الابتدائي | IT4: المجموع | IW4: مدير | IY4: معاون | JA4: معلم | JC4: مرشد تربوي | JE4: المجموع | JH4: موظف ادارة | JJ4: محاسب | JL4: كاتب | JN4: امين مكتبة | JP4: موظف خدمات | JR4: حرفي | JT4: فلاح | JU4: حارس | JV4: سائق | JW4: المجموع | JZ4: عراقية | KB4: عربية | KD4: اجنبية | KF4: المجموع | KK4: بعثة او زمالة دراسية | KM4: اجازة دراسية | KO4: اجازة مصاحبة | KQ4: اجازة بدون راتب | KS4: اجازة مرضية طويلة | KU4: اجازة الامومة | KV4: منسب الى جهة اخرى | KX4: 5-4سنوات | KZ4: المجموع | LE4: اعدادية ومهنية ودور المعلمات (دورات تربوية) | LG4: دبلوم تعليمي لمعهد المعلمين والمعاهد المركزية | LI4: دبلوم فنون جميلة | LK4: دبلوم عام | LM4: بكلوريوس تعليمية | LO4: بكلوريوس عام | LQ4: دبلوم عالي | LS4: ماجستير | LU4: دكتوراه | LW4: اخرى | LY4: المجموع | MB4: اعدادية ومهنية ودور المعلمات | MD4: دبلوم تعليمي لمعهد المعلمين والمعاهد المركزية | MF4: دبلوم فنون جميلة | MH4: دبلوم عام | MJ4: بكلوريوس تعليمية | ML4: بكالوريوس عام | MN4: دبلوم عالي | MP4: ماجستير | MR4: دكتوراه | MT4: اخرى | MV4: المجموع | MY4: اعدادية ومهنية ودور المعلمات | NA4: دبلوم تعليمي لمعهد المعلمين والمعاهد المركزية | NC4: دبلوم فنون جميلة | NE4: دبلوم عام | NG4: بكلوريوس تعليمية | NI4: بكالوريوس عام | NK4: دبلوم عالي | NM4: ماجستير | NO4: دكتوراه | NQ4: اخرى | NS4: المجموع | NV4: اعدادية ومهنية ودور المعلمات | NX4: دبلوم تعليمي لمعهد المعلمين والمعاهد المركزية | NZ4: دبلوم فنون جميلة | OB4: دبلوم عام | OD4: بكلوريوس تعليمية | OF4: بكالوريوس عام | OH4: دبلوم عالي | OJ4: ماجستير | OL4: دكتوراه | ON4: اخرى | OP4: المجموع | OS4: اعدادية ومهنية ودور المعلمات | OU4: دبلوم تعليمي لمعهد المعلمين والمعاهد المركزية | OW4: دبلوم فنون جميلة | OY4: دبلوم عام | PA4: بكلوريوس تعليمية | PC4: بكالوريوس عام | PE4: دبلوم عالي | PG4: ماجستير | PI4: دكتوراه | PK4: اخرى | PM4: المجموع | PP4: اعدادية ومهنية ودور المعلمات | PR4: دبلوم تعليمي لمعهد المعلمين والمعاهد المركزية | PT4: دبلوم فنون جميلة | PV4: دبلوم عام | PX4: بكلوريوس تعليمية | PZ4: بكالوريوس عام | QB4: دبلوم عالي | QD4: ماجستير | QF4: دكتوراه | QH4: اخرى | QJ4: المجموع | QM4: اعدادية ومهنية ودور المعلمات | QO4: دبلوم تعليمي لمعهد المعلمين والمعاهد المركزية | QQ4: دبلوم فنون جميلة | QS4: دبلوم عام | QU4: بكلوريوس تعليمية | QW4: بكالوريوس عام | QY4: دبلوم عالي | RA4: ماجستير | RC4: دكتوراه | RE4: اخرى | RG4: المجموع | RJ4: اعدادية ومهنية ودور المعلمات | RL4: دبلوم تعليمي لمعهد المعلمين والمعاهد المركزية | RN4: دبلوم فنون جميلة | RP4: دبلوم عام | RR4: بكلوريوس تعليمية | RT4: بكالوريوس عام | RV4: دبلوم عالي | RX4: ماجستير | RZ4: دكتوراه | SB4: اخرى | SD4: المجموع | SG4: اعدادية ومهنية ودور المعلمات | SI4: دبلوم تعليمي لمعهد المعلمين والمعاهد المركزية | SK4: دبلوم فنون جميلة | SM4: دبلوم عام | SO4: بكلوريوس تعليمية | SQ4: بكالوريوس عام | SS4: دبلوم عالي | SU4: ماجستير | SW4: دكتوراه | SY4: اخرى | TA4: المجموع | TD4: اعدادية ومهنية ودور المعلمات | TF4: دبلوم تعليمي لمعهد المعلمين والمعاهد المركزية | TH4: دبلوم فنون جميلة | TJ4: دبلوم عام | TL4: بكلوريوس تعليمية | TN4: بكالوريوس عام | TP4: دبلوم عالي | TR4: ماجستير | TT4: دكتوراه | TV4: اخرى | TX4: المجموع | UA4: اعدادية ومهنية ودور المعلمات | UC4: دبلوم تعليمي لمعهد المعلمين والمعاهد المركزية | UE4: دبلوم فنون جميلة | UG4: دبلوم عام | UI4: بكلوريوس تعليمية | UK4: بكالوريوس عام | UM4: دبلوم عالي | UO4: ماجستير | UQ4: دكتوراه | US4: اخرى | UU4: المجموع | UX4: اعدادية ومهنية ودور المعلمات | UZ4: دبلوم تعليمي لمعهد المعلمين والمعاهد المركزية | VB4: دبلوم فنون جميلة | VD4: دبلوم عام | VF4: بكلوريوس تعليمية | VH4: بكالوريوس عام | VJ4: دبلوم عالي | VL4: ماجستير | VN4: دكتوراه | VP4: اخرى | VR4: المجموع | VU4: اعدادية ومهنية ودور المعلمات | VW4: دبلوم تعليمي لمعهد المعلمين والمعاهد المركزية | VY4: دبلوم فنون جميلة | WA4: دبلوم عام | WC4: بكلوريوس تعليمية | WE4: بكالوريوس عام | WG4: دبلوم عالي | WI4: ماجستير | WK4: دكتوراه | WM4: اخرى | WO4: المجموع | WR4: اعدادية ومهنية ودور المعلمات | WT4: دبلوم تعليمي لمعهد المعلمين والمعاهد المركزية | WV4: دبلوم فنون جميلة | WX4: دبلوم عام | WZ4: بكلوريوس تعليمية | XB4: بكالوريوس عام | XD4: دبلوم عالي | XF4: ماجستير | XH4: دكتوراه | XJ4: اخرى | XL4: المجموع | XO4: اعدادية ومهنية ودور المعلمات | XQ4: دبلوم تعليمي لمعهد المعلمين والمعاهد المركزية | XS4: دبلوم فنون جميلة | XU4: دبلوم عام | XW4: بكلوريوس تعليمية | XY4: بكالوريوس عام | YA4: دبلوم عالي | YC4: ماجستير | YE4: دكتوراه | YG4: اخرى | YI4: المجموع | YL4: اعدادية ومهنية ودور المعلمات | YN4: دبلوم تعليمي لمعهد المعلمين والمعاهد المركزية | YP4: دبلوم فنون جميلة | YR4: دبلوم عام | YT4: بكلوريوس تعليمية | YV4: بكالوريوس عام | YX4: دبلوم عالي | YZ4: ماجستير | ZB4: دكتوراه | ZD4: اخرى | ZF4: المجموع | ZI4: اعدادية ومهنية ودور المعلمات | ZK4: دبلوم تعليمي لمعهد المعلمين والمعاهد المركزية | ZM4: دبلوم فنون جميلة | ZO4: دبلوم عام | ZQ4: بكلوريوس تعليمية | ZS4: بكالوريوس عام | ZU4: دبلوم عالي | ZW4: ماجستير | ZY4: دكتوراه | AAA4: اخرى | AAC4: المجموع | AAF4: اعدادية ومهنية ودور المعلمات | AAH4: دبلوم تعليمي لمعهد المعلمين والمعاهد المركزية | AAJ4: دبلوم فنون جميلة | AAL4: دبلوم عام | AAN4: بكلوريوس تعليمية | AAP4: بكالوريوس عام | AAR4: دبلوم عالي | AAT4: ماجستير | AAV4: دكتوراه | AAX4: اخرى | AAZ4: المجموع | ABC4: اعدادية ومهنية ودور المعلمات | ABE4: دبلوم تعليمي لمعهد المعلمين والمعاهد المركزية | ABG4: دبلوم فنون جميلة | ABI4: دبلوم عام | ABK4: بكلوريوس تعليمية | ABM4: بكالوريوس عام | ABO4: دبلوم عالي | ABQ4: ماجستير | ABS4: دكتوراه | ABU4: اخرى | ABW4: المجموع | ABZ4: اعدادية ومهنية ودور المعلمات | ACB4: دبلوم تعليمي لمعهد المعلمين والمعاهد المركزية | ACD4: دبلوم فنون جميلة | ACF4: دبلوم عام | ACH4: بكلوريوس تعليمية | ACJ4: بكالوريوس عام | ACL4: دبلوم عالي | ACN4: ماجستير | ACP4: دكتوراه | ACR4: اخرى | ACT4: المجموع | ACW4: اعدادية ومهنية ودور المعلمات | ACY4: دبلوم تعليمي لمعهد المعلمين والمعاهد المركزية | ADA4: دبلوم فنون جميلة | ADC4: دبلوم عام | ADE4: بكلوريوس تعليمية | ADG4: بكالوريوس عام | ADI4: دبلوم عالي | ADK4: ماجستير | ADM4: دكتوراه | ADO4: اخرى | ADQ4: المجموع | ADT4: اعدادية ومهنية ودور المعلمات | ADV4: دبلوم تعليمي لمعهد المعلمين والمعاهد المركزية | ADX4: دبلوم فنون جميلة | ADZ4: دبلوم عام | AEB4: بكلوريوس تعليمية | AED4: بكالوريوس عام | AEF4: دبلوم عالي | AEH4: ماجستير | AEJ4: دكتوراه | AEL4: اخرى | AEN4: المجموع | AEQ4: خمس سنوات ـ فأقل | AES4: 6ــــ10 | AEU4: 11ــــ15 | AEW4: 11ــــ16 | AEY4: اكثرمن 16 | AFA4: المجموع | AFD4: اقل من 30 | AFF4: 30ـ 39 | AFH4: 40ــ49 | AFJ4: 50ــ59 | AFL4: 60 فأكثر ــ | AFN4: المجموع | AFQ4: اعزب | AFS4: متزوج | AFU4: ارمل | AFW4: مطلق | AFY4: المجموع | AGE4: عدد المعلمين | AGU4: فرنسي | AGV4: روسي | AGW4: اسباني | AGX4: كردي | AGY4: تركماني | AGZ4: سرياني | AHO4: نوع البناء | AHQ4: البناية | AHT4: هل توجد مساحة للتوسع | AHV4: عدد الطوابق | AHY4: هل المدرسة بحاجة الى صفوف اضافية | AIA4: عدد الصفوف التي تحتاجها المدرسة | AIB4: عدد الصفوف الكلي | AIC4: عدد الغرف الاخرى | AID4: المجموع | AIE4: حجم المدرسة | AIJ4: مادة البناء | AKA4: عدد المدارس التي تشغلها | AKD4: العائدية | AKG4: الحالة العمرانية | ALJ4: مختبر العلوم يخص المرحلة الابتدائية
A5: القضاء | B5: الناحية | C5: ت | D5: الرقم الاحصائي | E5: اسم المدرسة | F5: بنون | G5: بنات | H5: مختلط | I5: حضر | J5: ريف | K5: صباحا | L5: ظهرا | M5: صباحا وظهرا | N5: مساءا | O5: اصلية | P5: ضيف | Q5: غير مزدوجة | R5: مع نفسها | S5: مع اخرى | T5: مع نفسها ومع اخرى | U5: مدارس فتح جديد | V5: صفوف تربية خاصة | W5: صفوف يافعين | X5: فنون صناعية | Y5: بنون | Z5: بنات | AA5: بنون | AB5: بنات | AC5: بنون | AD5: بنات | AE5: بنون | AF5: بنات | AG5: بنون | AH5: بنات | AI5: بنون | AJ5: بنات | AK5: بنون | AL5: بنات | AM5: المجموع | AN5: بنون | AO5: بنات | AP5: بنون | AQ5: بنات | AR5: بنون | AS5: بنات | AT5: بنون | AU5: بنات | AV5: بنون | AW5: بنات | AX5: بنون | AY5: بنات | AZ5: بنون | BA5: بنات | BB5: المجموع | BC5: بنون | BD5: بنات | BE5: بنون | BF5: بنات | BG5: بنون | BH5: بنات | BI5: بنون | BJ5: بنات | BK5: بنون | BL5: بنات | BM5: بنون | BN5: بنات | BO5: المجموع | BP5: بنون | BQ5: بنات | BR5: بنون | BS5: بنات | BT5: بنون | BU5: بنات | BV5: بنون | BW5: بنات | BX5: بنون | BY5: بنات | BZ5: بنون | CA5: بنات | CB5: المجموع | CC5: بنون | CD5: بنات | CE5: بنون | CF5: بنات | CG5: بنون | CH5: بنات | CI5: بنون | CJ5: بنات | CK5: بنون | CL5: بنات | CM5: بنون | CN5: بنات | CO5: المجموع | CP5: بنون | CQ5: بنات | CR5: بنون | CS5: بنات | CT5: بنون | CU5: بنات | CV5: بنون | CW5: بنات | CX5: بنون | CY5: بنات | CZ5: بنون | DA5: بنات | DB5: المجموع | DC5: بنون | DD5: بنات | DE5: بنون | DF5: بنات | DG5: بنون | DH5: بنات | DI5: بنون | DJ5: بنات | DK5: بنون | DL5: بنات | DM5: بنون | DN5: بنات | DO5: المجموع | DP5: بنون | DQ5: بنات | DR5: بنون | DS5: بنات | DT5: بنون | DU5: بنات | DV5: بنون | DW5: بنات | DX5: بنون | DY5: بنات | DZ5: بنون | EA5: بنات | EB5: بنون | EC5: بنات | EE5: بنات | EF5: بنون | EG5: بنات | EH5: بنون | EI5: بنات | EJ5: بنون | EK5: بنات | EL5: بنون | EM5: بنات | EN5: المجموع | EO5: بنون | EP5: بنات | EQ5: مختلط | ER5: بنون | ES5: بنات | ET5: مختلط | EU5: بنون | EV5: بنات | EW5: مختلط | EX5: بنون | EY5: بنات | EZ5: مختلط | FA5: بنون | FB5: بنات | FC5: مختلط | FD5: بنون | FE5: بنات | FF5: مختلط | FG5: بنون | FH5: بنات | FI5: مختلط | FJ5: المجموع | FK5: بنون | FL5: بنات | FM5: بنون | FN5: بنات | FO5: بنون | FP5: بنات | FQ5: بنون | FR5: بنات | FS5: بنون | FT5: بنات | FU5: بنون | FV5: بنات | FW5: بنون | FX5: بنات | FY5: المجموع | FZ5: بنون | GA5: بنات | GB5: بنون | GC5: بنات | GD5: بنون | GE5: بنات | GF5: بنون | GG5: بنات | GH5: بنون | GI5: بنات | GJ5: بنون | GK5: بنات | GL5: بنون | GM5: بنات | GN5: المجموع | GO5: بنون | GP5: بنات | GQ5: بنون | GR5: بنات | GS5: بنون | GT5: بنات | GU5: بنون | GV5: بنات | GW5: بنون | GX5: بنات | GY5: بنون | GZ5: بنات | HA5: بنون | HB5: بنات | HC5: المجموع | HD5: بنون | HE5: بنات | HF5: بنون | HG5: بنات | HH5: بنون | HI5: بنات | HJ5: بنون | HK5: بنات | HL5: بنون | HM5: بنات | HN5: بنون | HO5: بنات | HP5: بنون | HQ5: بنات | HR5: المجموع | HS5: بنون | HT5: بنات | HU5: بنون | HV5: بنات | HW5: بنون | HX5: بنات | HY5: بنون | HZ5: بنات | IA5: بنون | IB5: بنات | IC5: بنون | ID5: بنات | IE5: بنون | IF5: بنات | IG5: المجموع | IH5: بنون | II5: بنات | IJ5: بنون | IK5: بنات | IL5: بنون | IM5: بنات | IN5: بنون | IO5: بنات | IP5: بنون | IQ5: بنات | IR5: بنون | IS5: بنات | IT5: بنون | IU5: بنات | IV5: المجموع | IW5: ذكور | IX5: اناث | IY5: ذكور | IZ5: اناث | JA5: ذكور | JB5: اناث | JC5: ذكور | JD5: اناث | JE5: ذكور | JF5: اناث | JG5: المجموع | JH5: ذكور | JI5: اناث | JJ5: ذكور | JK5: اناث | JL5: ذكور | JM5: اناث | JN5: ذكور | JO5: اناث | JP5: ذكور | JQ5: اناث | JR5: ذكور | JS5: اناث | JT5: ذكور | JU5: ذكور | JV5: ذكور | JW5: ذكور | JX5: اناث | JY5: المجموع | JZ5: ذكور | KA5: اناث | KB5: ذكور | KC5: اناث | KD5: ذكور | KE5: اناث | KF5: ذكور | KG5: اناث | KH5: المجموع | KI5: ذكور | KJ5: اناث | KK5: ذكور | KL5: اناث | KM5: ذكور | KN5: اناث | KO5: ذكور | KP5: اناث | KQ5: ذكور | KR5: اناث | KS5: ذكور | KT5: اناث | KU5: اناث | KV5: ذكور | KW5: اناث | KX5: ذكور | KY5: اناث | KZ5: ذكور | LA5: اناث | LB5: ذكور | LC5: اناث | LD5: المجموع | LE5: ذكور | LF5: اناث | LG5: ذكور | LH5: اناث | LI5: ذكور | LJ5: اناث | LK5: ذكور | LL5: اناث | LM5: ذكور | LN5: اناث | LO5: ذكور | LP5: اناث | LQ5: ذكور | LR5: اناث | LS5: ذكور | LT5: اناث | LU5: ذكور | LV5: اناث | LW5: ذكور | LX5: اناث | LY5: ذكور | LZ5: اناث | MA5: المجموع | MB5: ذكور | MC5: اناث | MD5: ذكور | ME5: اناث | MF5: ذكور | MG5: اناث | MH5: ذكور | MI5: اناث | MJ5: ذكور | MK5: اناث | ML5: ذكور | MM5: اناث | MN5: ذكور | MO5: اناث | MP5: ذكور | MQ5: اناث | MR5: ذكور | MS5: اناث | MT5: ذكور | MU5: اناث | MV5: ذكور | MW5: اناث | MX5: المجموع | MY5: ذكور | MZ5: اناث | NA5: ذكور | NB5: اناث | NC5: ذكور | ND5: اناث | NE5: ذكور | NF5: اناث | NG5: ذكور | NH5: اناث | NI5: ذكور | NJ5: اناث | NK5: ذكور | NL5: اناث | NM5: ذكور | NN5: اناث | NO5: ذكور | NP5: اناث | NQ5: ذكور | NR5: اناث | NS5: ذكور | NT5: اناث | NU5: المجموع | NV5: ذكور | NW5: اناث | NX5: ذكور | NY5: اناث | NZ5: ذكور | OA5: اناث | OB5: ذكور | OC5: اناث | OD5: ذكور | OE5: اناث | OF5: ذكور | OG5: اناث | OH5: ذكور | OI5: اناث | OJ5: ذكور | OK5: اناث | OL5: ذكور | OM5: اناث | ON5: ذكور | OO5: اناث | OP5: ذكور | OQ5: اناث | OR5: المجموع | OS5: ذكور | OT5: اناث | OU5: ذكور | OV5: اناث | OW5: ذكور | OX5: اناث | OY5: ذكور | OZ5: اناث | PA5: ذكور | PB5: اناث | PC5: ذكور | PD5: اناث | PE5: ذكور | PF5: اناث | PG5: ذكور | PH5: اناث | PI5: ذكور | PJ5: اناث | PK5: ذكور | PL5: اناث | PM5: ذكور | PN5: اناث | PO5: المجموع | PP5: ذكور | PQ5: اناث | PR5: ذكور | PS5: اناث | PT5: ذكور | PU5: اناث | PV5: ذكور | PW5: اناث | PX5: ذكور | PY5: اناث | PZ5: ذكور | QA5: اناث | QB5: ذكور | QC5: اناث | QD5: ذكور | QE5: اناث | QF5: ذكور | QG5: اناث | QH5: ذكور | QI5: اناث | QJ5: ذكور | QK5: اناث | QL5: المجموع | QM5: ذكور | QN5: اناث | QO5: ذكور | QP5: اناث | QQ5: ذكور | QR5: اناث | QS5: ذكور | QT5: اناث | QU5: ذكور | QV5: اناث | QW5: ذكور | QX5: اناث | QY5: ذكور | QZ5: اناث | RA5: ذكور | RB5: اناث | RC5: ذكور | RD5: اناث | RE5: ذكور | RF5: اناث | RG5: ذكور | RH5: اناث | RI5: المجموع | RJ5: ذكور | RK5: اناث | RL5: ذكور | RM5: اناث | RN5: ذكور | RO5: اناث | RP5: ذكور | RQ5: اناث | RR5: ذكور | RS5: اناث | RT5: ذكور | RU5: اناث | RV5: ذكور | RW5: اناث | RX5: ذكور | RY5: اناث | RZ5: ذكور | SA5: اناث | SB5: ذكور | SC5: اناث | SD5: ذكور | SE5: اناث | SF5: المجموع | SG5: ذكور | SH5: اناث | SI5: ذكور | SJ5: اناث | SK5: ذكور | SL5: اناث | SM5: ذكور | SN5: اناث | SO5: ذكور | SP5: اناث | SQ5: ذكور | SR5: اناث | SS5: ذكور | ST5: اناث | SU5: ذكور | SV5: اناث | SW5: ذكور | SX5: اناث | SY5: ذكور | SZ5: اناث | TA5: ذكور | TB5: اناث | TC5: المجموع | TD5: ذكور | TE5: اناث | TF5: ذكور | TG5: اناث | TH5: ذكور | TI5: اناث | TJ5: ذكور | TK5: اناث | TL5: ذكور | TM5: اناث | TN5: ذكور | TO5: اناث | TP5: ذكور | TQ5: اناث | TR5: ذكور | TS5: اناث | TT5: ذكور | TU5: اناث | TV5: ذكور | TW5: اناث | TX5: ذكور | TY5: اناث | TZ5: المجموع | UA5: ذكور | UB5: اناث | UC5: ذكور | UD5: اناث | UE5: ذكور | UF5: اناث | UG5: ذكور | UH5: اناث | UI5: ذكور | UJ5: اناث | UK5: ذكور | UL5: اناث | UM5: ذكور | UN5: اناث | UO5: ذكور | UP5: اناث | UQ5: ذكور | UR5: اناث | US5: ذكور | UT5: اناث | UU5: ذكور | UV5: اناث | UW5: المجموع | UX5: ذكور | UY5: اناث | UZ5: ذكور | VA5: اناث | VB5: ذكور | VC5: اناث | VD5: ذكور | VE5: اناث | VF5: ذكور | VG5: اناث | VH5: ذكور | VI5: اناث | VJ5: ذكور | VK5: اناث | VL5: ذكور | VM5: اناث | VN5: ذكور | VO5: اناث | VP5: ذكور | VQ5: اناث | VR5: ذكور | VS5: اناث | VT5: المجموع | VU5: ذكور | VV5: اناث | VW5: ذكور | VX5: اناث | VY5: ذكور | VZ5: اناث | WA5: ذكور | WB5: اناث | WC5: ذكور | WD5: اناث | WE5: ذكور | WF5: اناث | WG5: ذكور | WH5: اناث | WI5: ذكور | WJ5: اناث | WK5: ذكور | WL5: اناث | WM5: ذكور | WN5: اناث | WO5: ذكور | WP5: اناث | WQ5: المجموع | WR5: ذكور | WS5: اناث | WT5: ذكور | WU5: اناث | WV5: ذكور | WW5: اناث | WX5: ذكور | WY5: اناث | WZ5: ذكور | XA5: اناث | XB5: ذكور | XC5: اناث | XD5: ذكور | XE5: اناث | XF5: ذكور | XG5: اناث | XH5: ذكور | XI5: اناث | XJ5: ذكور | XK5: اناث | XL5: ذكور | XM5: اناث | XN5: المجموع | XO5: ذكور | XP5: اناث | XQ5: ذكور | XR5: اناث | XS5: ذكور | XT5: اناث | XU5: ذكور | XV5: اناث | XW5: ذكور | XX5: اناث | XY5: ذكور | XZ5: اناث | YA5: ذكور | YB5: اناث | YC5: ذكور | YD5: اناث | YE5: ذكور | YF5: اناث | YG5: ذكور | YH5: اناث | YI5: ذكور | YJ5: اناث | YK5: المجموع | YL5: ذكور | YM5: اناث | YN5: ذكور | YO5: اناث | YP5: ذكور | YQ5: اناث | YR5: ذكور | YS5: اناث | YT5: ذكور | YU5: اناث | YV5: ذكور | YW5: اناث | YX5: ذكور | YY5: اناث | YZ5: ذكور | ZA5: اناث | ZB5: ذكور | ZC5: اناث | ZD5: ذكور | ZE5: اناث | ZF5: ذكور | ZG5: اناث | ZH5: المجموع | ZI5: ذكور | ZJ5: اناث | ZK5: ذكور | ZL5: اناث | ZM5: ذكور | ZN5: اناث | ZO5: ذكور | ZP5: اناث | ZQ5: ذكور | ZR5: اناث | ZS5: ذكور | ZT5: اناث | ZU5: ذكور | ZV5: اناث | ZW5: ذكور | ZX5: اناث | ZY5: ذكور | ZZ5: اناث | AAA5: ذكور | AAB5: اناث | AAC5: ذكور | AAD5: اناث | AAE5: المجموع | AAF5: ذكور | AAG5: اناث | AAH5: ذكور | AAI5: اناث | AAJ5: ذكور | AAK5: اناث | AAL5: ذكور | AAM5: اناث | AAN5: ذكور | AAO5: اناث | AAP5: ذكور | AAQ5: اناث | AAR5: ذكور | AAS5: اناث | AAT5: ذكور | AAU5: اناث | AAV5: ذكور | AAW5: اناث | AAX5: ذكور | AAY5: اناث | AAZ5: ذكور | ABA5: اناث | ABB5: المجموع | ABC5: ذكور | ABD5: اناث | ABE5: ذكور | ABF5: اناث | ABG5: ذكور | ABH5: اناث | ABI5: ذكور | ABJ5: اناث | ABK5: ذكور | ABL5: اناث | ABM5: ذكور | ABN5: اناث | ABO5: ذكور | ABP5: اناث | ABQ5: ذكور | ABR5: اناث | ABS5: ذكور | ABT5: اناث | ABU5: ذكور | ABV5: اناث | ABW5: ذكور | ABX5: اناث | ABY5: المجموع | ABZ5: ذكور | ACA5: اناث | ACB5: ذكور | ACC5: اناث | ACD5: ذكور | ACE5: اناث | ACF5: ذكور | ACG5: اناث | ACH5: ذكور | ACI5: اناث | ACJ5: ذكور | ACK5: اناث | ACL5: ذكور | ACM5: اناث | ACN5: ذكور | ACO5: اناث | ACP5: ذكور | ACQ5: اناث | ACR5: ذكور | ACS5: اناث | ACT5: ذكور | ACU5: اناث | ACV5: المجموع | ACW5: ذكور | ACX5: اناث | ACY5: ذكور | ACZ5: اناث | ADA5: ذكور | ADB5: اناث | ADC5: ذكور | ADD5: اناث | ADE5: ذكور | ADF5: اناث | ADG5: ذكور | ADH5: اناث | ADI5: ذكور | ADJ5: اناث | ADK5: ذكور | ADL5: اناث | ADM5: ذكور | ADN5: اناث | ADO5: ذكور | ADP5: اناث | ADQ5: ذكور | ADR5: اناث | ADS5: المجموع | ADT5: ذكور | ADU5: اناث | ADV5: ذكور | ADW5: اناث | ADX5: ذكور | ADY5: اناث | ADZ5: ذكور | AEA5: اناث | AEB5: ذكور | AEC5: اناث | AED5: ذكور | AEE5: اناث | AEF5: ذكور | AEG5: اناث | AEH5: ذكور | AEI5: اناث | AEJ5: ذكور | AEK5: اناث | AEL5: ذكور | AEM5: اناث | AEN5: ذكور | AEO5: اناث | AEP5: المجموع الكلي | AEQ5: ذكور | AER5: اناث | AES5: ذكور | AET5: اناث | AEU5: ذكور | AEV5: اناث | AEW5: ذكور | AEX5: اناث | AEY5: ذكور | AEZ5: اناث | AFA5: ذكور | AFB5: اناث | AFC5: المجموع الكلي | AFD5: ذكور | AFE5: اناث | AFF5: ذكور | AFG5: اناث | AFH5: ذكور | AFI5: اناث | AFJ5: ذكور | AFK5: اناث | AFL5: ذكور | AFM5: اناث | AFN5: ذكور | AFO5: اناث | AFP5: المجموع الكلي | AFQ5: ذكور | AFR5: اناث | AFS5: ذكور | AFT5: اناث | AFU5: ذكور | AFV5: اناث | AFW5: ذكور | AFX5: اناث | AFY5: ذكور | AFZ5: اناث | AGA5: المجموع | AGB5: ذكور | AGC5: اناث | AGD5: المجموع | AGE5: ذكور | AGF5: اناث | AGG5: المجموع | AGH5: بنون | AGI5: بنات | AGJ5: المجموع | AGK5: نعم | AGL5: كلا | AGM5: نعم | AGN5: كلا | AGO5: نعم | AGP5: كلا | AGQ5: نعم | AGR5: كلا | AGS5: نعم | AGT5: كلا | AHA5: نعم | AHB5: كلا | AHC5: بنون | AHD5: بنات | AHE5: مجموع | AHF5: بنون | AHG5: بنات | AHH5: مختلط | AHI5: مجموع | AHJ5: ذكور | AHK5: اناث | AHL5: مجموع | AHM5: نعم | AHN5: كلا | AHO5: مدرسي | AHP5: غير مدرسي | AHQ5: سنة البناء | AHR5: رقم القطعة | AHS5: رقم المقاطعة | AHT5: نعم | AHU5: كلا | AHV5: طابق واحد | AHW5: طابقين | AHX5: ثلاث طوابق | AHY5: نعم | AHZ5: كلا | AIE5: 6صف | AIF5: 9صف | AIG5: 12صف | AIH5: 18صف | AII5: 24صف | AIJ5: طابوق او حجر او بلوك | AIK5: طين | AIL5: صريفة او خيمة | AIM5: هياكل حديدية | AIN5: بناء جاهز | AIO5: كرفان | AIP5: اخرى | AIQ5: نعم | AIR5: كلا | AIS5: شبكة المجاري | AIT5: خزانات | AIU5: نعم | AIV5: كلا | AIW5: بلدية | AIX5: بئر عميق | AIY5: نهر | AIZ5: صهاريج | AJA5: اخرى | AJB5: نعم | AJC5: كلا | AJD5: بناء | AJE5: اسلاك | AJF5: اخرى | AJG5: جيد | AJH5: متصدع | AJI5: غيرامن | AJJ5: نعم | AJK5: كلا | AJL5: نعم | AJM5: كلا | AJN5: نعم | AJO5: كلا | AJP5: كرة قدم | AJQ5: كرة سلة | AJR5: كرة طائرة | AJS5: ساحة رياضية | AJT5: اخرى | AJU5: نعم | AJV5: كلا | AJW5: صالحة | AJX5: غير صالحة | AJY5: كافية | AJZ5: غير كافية | AKA5: مدرسة واحدة | AKB5: مدرستان | AKC5: ثلاث مدارس | AKD5: حكومية تابعة لوزارة التربية | AKE5: حكومية تابعة لجهات اخرى | AKF5: مستأجرة | AKG5: صالحة | AKH5: بحاجة الى ترميم | AKI5: غير صالحة | AKJ5: صالحة | AKK5: غيرصالحة | AKL5: صالحة | AKM5: غيرصالحة | AKN5: صالحة | AKO5: غيرصالحة | AKP5: صالحة | AKQ5: عاطلة | AKR5: صالحة | AKS5: عاطلة | AKT5: صالحة | AKU5: عاطلة | AKV5: نعم | AKW5: كلا | AKX5: مدير | AKY5: معاون | AKZ5: معلم او مدرس | ALA5: امين المكتبة | ALB5: موظف ادارة | ALC5: قاعة مستقلة | ALD5: غرفة | ALE5: خزانة | ALF5: رفوف عارضة | ALG5: عدد الكتب | ALH5: عدد المجلات والقصص | ALI5: المجموع | ALJ5: نعم | ALK5: كلا
A6: النجف | B6: المركز | C6: 1 | D6: 1400902 | E6: سيدة النساء الابتدائية للبنات | G6: 1 | I6: 1 | L6: 1 | P6: 1 | S6: 1 | Z6: 3 | AB6: 49 | AD6: 3 | AK6: =AI6+AG6+AE6+AC6+AA6+Y6 -> 0 | AL6: =AJ6+AH6+AF6+AD6+AB6+Z6 -> 55 | AM6: =AL6+AK6 -> 55 | AN6: =Y6 -> 0 | AO6: =Z6 -> 3 | AP6: =AA6 -> 0 | AQ6: =AB6 -> 49 | AS6: 3 | AZ6: =AX6+AV6+AT6+AR6+AP6+AN6 -> 0 | BA6: =AY6+AW6+AU6+AS6+AQ6+AO6 -> 55 | BB6: =BA6+AZ6 -> 55 | BD6: 80 | BF6: 4 | BM6: =BK6+BI6+BG6+BE6+BC6 -> 0 | BN6: =BL6+BJ6+BH6+BF6+BD6 -> 84 | BO6: =BN6+BM6 -> 84 | BQ6: 65 | BS6: 6 | BZ6: =BX6+BV6+BT6+BR6+BP6 -> 0 | CA6: =BY6+BW6+BU6+BS6+BQ6 -> 71 | CB6: =CA6+BZ6 -> 71 | CD6: 62 | CF6: 6 | CM6: =CK6+CI6+CG6+CE6+CC6 -> 0 | CN6: =CL6+CJ6+CH6+CF6+CD6 -> 68 | CO6: =CN6+CM6 -> 68 | CQ6: 65 | CS6: 6 | CZ6: =CX6+CV6+CT6+CR6+CP6 -> 0 | DA6: =CY6+CW6+CU6+CS6+CQ6 -> 71 | DB6: =DA6+CZ6 -> 71 | DD6: 57 | DF6: 3 | DH6: 1 | DM6: =DK6+DI6+DG6+DE6+DC6 -> 0 | DN6: =DL6+DJ6+DH6+DF6+DD6 -> 61 | DO6: =DN6+DM6 -> 61 | DP6: =AN6 -> 0 | DQ6: =AO6 -> 3 | DR6: =AP6 -> 0 | DS6: =AQ6 -> 49 | DT6: =AR6+BC6 -> 0 | DU6: =AS6+BD6 -> 83 | DV6: =AT6+BE6+BP6 -> 0 | DW6: =AU6+BF6+BQ6 -> 69 | DX6: =AV6+BG6+BR6+CC6 -> 0 | DY6: =AW6+BH6+BS6+CD6 -> 68 | DZ6: =AX6+BI6+BT6+CE6+CP6 -> 0 | EA6: =AY6+BJ6+BU6+CF6+CQ6 -> 71 | EB6: =BK6+BV6+CG6+CR6+DC6 -> 0 | EC6: =BL6+BW6+CH6+CS6+DD6 -> 63 | ED6: =BX6+CI6+CT6+DE6 -> 0 | EE6: =BY6+CJ6+CU6+DF6 -> 3 | EF6: =CK6+CV6+DG6 -> 0 | EG6: =CL6+CW6+DH6 -> 1 | EH6: =CX6+DI6 -> 0 | EI6: =CY6+DJ6 -> 0 | EJ6: =DK6 -> 0 | EK6: =DL6 -> 0 | EL6: =EJ6+EH6+EF6+ED6+EB6+DZ6+DX6+DV6+DT6+DR6+DP6 -> 0 | EM6: =EK6+EI6+EG6+EE6+EC6+EA6+DY6+DW6+DU6+DS6+DQ6 -> 410 | EN6: =EM6+EL6 -> 410 | EP6: 2 | ES6: 2 | EV6: 2 | EY6: 2 | FB6: 2 | FE6: 2 | FG6: =FD6+FA6+EX6+EU6+ER6+EO6 -> 0 | FH6: =FE6+FB6+EY6+EV6+ES6+EP6 -> 12 | FI6: =FF6+FC6+EZ6+EW6+ET6+EQ6 -> 0 | FJ6: =FI6+FH6+FG6 -> 12 | FW6: =FU6+FS6+FQ6+FO6+FM6+FK6 -> 0 | FX6: =FV6+FT6+FR6+FP6+FN6+FL6 -> 0 | FY6: =FX6+FW6 -> 0 | GA6: 81 | GC6: 70 | GE6: 67 | GG6: 70 | GI6: 61 | GK6: 65 | GL6: =GJ6+GH6+GF6+GD6+GB6+FZ6 -> 0 | GM6: =GK6+GI6+GG6+GE6+GC6+GA6 -> 414 | GN6: =GM6+GL6 -> 414 | GP6: 3 | GR6: 1 | GT6: 5 | GX6: 1 | HA6: =GY6+GW6+GU6+GS6+GQ6+GO6 -> 0 | HB6: =GZ6+GX6+GV6+GT6+GR6+GP6 -> 10 | HC6: =HB6+HA6 -> 10 | HP6: =HN6+HL6+HJ6+HH6+HF6+HD6 -> 0 | HQ6: =HO6+HM6+HK6+HI6+HG6+HE6 -> 0 | HR6: =HQ6+HP6 -> 0 | IE6: =IC6+IA6+HY6+HW6+HU6+HS6 -> 0 | IF6: =ID6+IB6+HZ6+HX6+HV6+HT6 -> 0 | IG6: =IF6+IE6 -> 0 | IH6: =HS6+GO6+HD6 -> 0 | II6: =HT6+HE6+GP6 -> 3 | IJ6: =HU6+HF6+GQ6 -> 0 | IK6: =HV6+HG6+GR6 -> 1 | IL6: =HW6+HH6+GS6 -> 0 | IM6: =HX6+HI6+GT6 -> 5 | IN6: =HY6+HJ6+GU6 -> 0 | IO6: =HZ6+HK6+GV6 -> 0 | IP6: =IA6+HL6+GW6 -> 0 | ... IS6: =ID6+HO6+GZ6 -> 0 | IT6: =IR6+IP6+IN6+IL6+IJ6+IH6 -> 0 | IU6: =IS6+IQ6+IO6+IM6+IK6+II6 -> 10 | IV6: =IU6+IT6 -> 10 | IX6: 1 | IZ6: 1 | JB6: 21 | JE6: =JC6+JA6+IY6+IW6 -> 0 | JF6: =JD6+JB6+IZ6+IX6 -> 23 | JG6: =JF6+JE6 -> 23 | JI6: 1 | JQ6: 1 | JW6: =JV6+JU6+JT6+JP6+JN6+JJ6+JH6+JR6+JL6 -> 0 | JX6: =JQ6+JO6+JK6+JI6+JM6+JS6 -> 2 | JY6: =JX6+JW6 -> 2 | KA6: 23 | KF6: =KD6+KB6+JZ6 -> 0 | KG6: =KE6+KC6+KA6 -> 23 | KH6: =KG6+KF6 -> 23 | KJ6: 20 | KN6: 2 | KT6: 1 | KZ6: =KV6+KS6+KQ6+KO6+KM6+KK6 -> 0 | LA6: =KW6+KU6+KT6+KR6+KP6+KN6+KL6 -> 3 | LB6: =KZ6+KI6 -> 0 | LC6: =LA6+KJ6 -> 23 | LD6: =LC6+LB6 -> 23 | LH6: 6 | LN6: 1 | LY6: =LW6+LU6+LS6+LQ6+LO6+LM6+LK6+LI6+LG6+LE6 -> 0 | LZ6: =LX6+LV6+LT6+LR6+LP6+LN6+LL6+LJ6+LH6+LF6 -> 7 | MA6: =LZ6+LY6 -> 7 | ME6: 2 | MK6: 2 | MM6: 1 | MV6: =MT6+MR6+MP6+MN6+ML6+MJ6+MH6+MF6+MD6+MB6 -> 0 | MW6: =MU6+MS6+MQ6+MO6+MM6+MK6+MI6+MG6+ME6+MC6 -> 5 | MX6: =MW6+MV6 -> 5 | NB6: 1 | NH6: 2 | NS6: =NQ6+NO6+NM6+NK6+NI6+NG6+NE6+NC6+NA6+MY6 -> 0 | NT6: =NR6+NP6+NN6+NL6+NJ6+NH6+NF6+ND6+NB6+MZ6 -> 3 | NU6: =NT6+NS6 -> 3 | OP6: =ON6+OL6+OJ6+OH6+OF6+OD6+OB6+NZ6+NX6+NV6 -> 0 | OQ6: =OO6+OM6+OK6+OI6+OG6+OE6+OC6+OA6+NY6+NW6 -> 0 | OR6: =OQ6+OP6 -> 0 | PB6: 6 | PM6: =PK6+PI6+PG6+PE6+PC6+PA6+OY6+OW6+OU6+OS6 -> 0 | PN6: =PL6+PJ6+PH6+PF6+PD6+PB6+OZ6+OX6+OV6+OT6 -> 6 | PO6: =PN6+PM6 -> 6 | PY6: 1 | QJ6: =QH6+QF6+QD6+QB6+PZ6+PX6+PV6+PT6+PR6+PP6 -> 0 | QK6: =QI6+QG6+QE6+QC6+QA6+PY6+PW6+PU6+PS6+PQ6 -> 1 | QL6: =QK6+QJ6 -> 1 | RG6: =RE6+RC6+RA6+QY6+QW6+QU6+QS6+QQ6+QO6+QM6 -> 0 | RH6: =RF6+RD6+RB6+QZ6+QX6+QV6+QT6+QR6+QP6+QN6 -> 0 | RI6: =RH6+RG6 -> 0 | SD6: =SB6+RZ6+RX6+RV6+RT6+RR6+RP6+RN6+RL6+RJ6 -> 0 | SE6: =SC6+SA6+RY6+RW6+RU6+RS6+RQ6+RO6+RM6+RK6 -> 0 | SF6: =SE6+SD6 -> 0 | TA6: =SY6+SW6+SU6+SS6+SQ6+SO6+SM6+SK6+SI6+SG6 -> 0 | TB6: =SZ6+SX6+SV6+ST6+SR6+SP6+SN6+SL6+SJ6+SH6 -> 0 | TC6: =TB6+TA6 -> 0 | TX6: =TV6+TT6+TR6+TP6+TN6+TL6+TJ6+TH6+TF6+TD6 -> 0 | TY6: =TW6+TU6+TS6+TQ6+TO6+TM6+TK6+TI6+TG6+TE6 -> 0 | TZ6: =TY6+TX6 -> 0 | UU6: =US6+UQ6+UO6+UM6+UK6+UI6+UG6+UE6+UC6+UA6 -> 0 | UV6: =UT6+UR6+UP6+UN6+UL6+UJ6+UH6+UF6+UD6+UB6 -> 0 | UW6: =UV6+UU6 -> 0 | VR6: =VP6+VN6+VL6+VJ6+VH6+VF6+VD6+VB6+UZ6+UX6 -> 0 | VS6: =VQ6+VO6+VM6+VK6+VI6+VG6+VE6+VC6+VA6+UY6 -> 0 | VT6: =VS6+VR6 -> 0 | WO6: =WM6+WK6+WI6+WG6+WE6+WC6+WA6+VY6+VW6+VU6 -> 0 | WP6: =WN6+WL6+WJ6+WH6+WF6+WD6+WB6+VZ6+VX6+VV6 -> 0 | WQ6: =WP6+WO6 -> 0 | XL6: =XJ6+XH6+XF6+XD6+XB6+WZ6+WX6+WV6+WT6+WR6 -> 0 | XM6: =XK6+XI6+XG6+XE6+XC6+XA6+WY6+WW6+WU6+WS6 -> 0 | XN6: =XM6+XL6 -> 0 | XX6: 1 | YI6: =YG6+YE6+YC6+YA6+XY6+XW6+XU6+XS6+XQ6+XO6 -> 0 | YJ6: =YH6+YF6+YD6+YB6+XZ6+XX6+XV6+XT6+XR6+XP6 -> 1 | YK6: =YJ6+YI6 -> 1 | ZF6: =ZD6+ZB6+YZ6+YX6+YV6+YT6+YR6+YP6+YN6+YL6 -> 0 | ZG6: =ZE6+ZC6+ZA6+YY6+YW6+YU6+YS6+YQ6+YO6+YM6 -> 0 | ZH6: =ZG6+ZF6 -> 0 | AAC6: =AAA6+ZY6+ZW6+ZU6+ZS6+ZQ6+ZO6+ZM6+ZK6+ZI6 -> 0 | AAD6: =AAB6+ZZ6+ZX6+ZV6+ZT6+ZR6+ZP6+ZN6+ZL6+ZJ6 -> 0 | AAE6: =AAD6+AAC6 -> 0 | AAZ6: =AAX6+AAV6+AAT6+AAR6+AAP6+AAN6+AAL6+AAJ6+AAH6+AAF6 -> 0 | ABA6: =AAY6+AAW6+AAU6+AAS6+AAQ6+AAO6+AAM6+AAK6+AAI6+AAG6 -> 0 | ABB6: =ABA6+AAZ6 -> 0 | ABW6: =ABU6+ABS6+ABQ6+ABO6+ABM6+ABK6+ABI6+ABG6+ABE6+ABC6 -> 0 | ABX6: =ABV6+ABT6+ABR6+ABP6+ABN6+ABL6+ABJ6+ABH6+ABF6+ABD6 -> 0 | ABY6: =ABX6+ABW6 -> 0 | ACT6: =ACR6+ACP6+ACN6+ACL6+ACJ6+ACH6+ACF6+ACD6+ACB6+ABZ6 -> 0 | ACU6: =ACS6+ACQ6+ACO6+ACM6+ACK6+ACI6+ACG6+ACE6+ACC6+ACA6 -> 0 | ACV6: =ACU6+ACT6 -> 0 | ADQ6: =ADO6+ADM6+ADK6+ADI6+ADG6+ADE6+ADC6+ADA6+ACY6+ACW6 -> 0 | ADR6: =ADP6+ADN6+ADL6+ADJ6+ADH6+ADF6+ADD6+ADB6+ACZ6+ACX6 -> 0 | ADS6: =ADR6+ADQ6 -> 0 | ADT6: =ACW6+ABZ6+ABC6+AAF6+ZI6+YL6+XO6+WR6+VU6+UX6+UA6+TD6+SG6+RJ6+QM6+PP6+OS6+NV6+MY6+MB6+LE6 -> 0 | ADU6: =ACX6+ACA6+ABD6+AAG6+ZJ6+YM6+XP6+WS6+VV6+UY6+UB6+TE6+SH6+RK6+QN6+PQ6+OT6+NW6+MZ6+MC6+LF6 -> 0 | ADV6: =ACY6+ACB6+ABE6+AAH6+ZK6+YN6+XQ6+WT6+VW6+UZ6+UC6+TF6+SI6+RL6+QO6+PR6+OU6+NX6+NA6+MD6+LG6 -> 0 | ADW6: =ACZ6+ACC6+ABF6+AAI6+ZL6+YO6+XR6+WU6+VX6+VA6+UD6+TG6+SJ6+RM6+QP6+PS6+OV6+NY6+NB6+ME6+LH6 -> 9 | ADX6: =ADA6+ACD6+ABG6+AAJ6+ZM6+YP6+XS6+WV6+VY6+VB6+UE6+TH6+SK6+RN6+QQ6+PT6+OW6+NZ6+NC6+MF6+LI6 -> 0 | ADY6: =ADB6+ACE6+ABH6+AAK6+ZN6+YQ6+XT6+WW6+VZ6+VC6+UF6+TI6+SL6+RO6+QR6+PU6+OX6+OA6+ND6+MG6+LJ6 -> 0 | ADZ6: =ADC6+ACF6+ABI6+AAL6+ZO6+YR6+XU6+WX6+WA6+VD6+UG6+TJ6+SM6+RP6+QS6+PV6+OY6+OB6+NE6+MH6+LK6 -> 0 | AEA6: =ADD6+ACG6+ABJ6+AAM6+ZP6+YS6+XV6+WY6+WB6+VE6+UH6+TK6+SN6+RQ6+QT6+PW6+OZ6+OC6+NF6+MI6+LL6 -> 0 | ... AEM6: =ADP6+ACS6+ABV6+AAY6+AAB6+ZE6+YH6+XK6+WN6+VQ6+UT6+TW6+SZ6+SC6+RF6+QI6+PL6+OO6+NR6+MU6+LX6 -> 0 | AEN6: =AEL6+AEJ6+AEH6+AEF6+AED6+AEB6+ADZ6+ADX6+ADV6+ADT6 -> 0 | AEO6: =AEM6+AEK6+AEI6+AEG6+AEE6+AEC6+AEA6+ADY6+ADW6+ADU6 -> 23 | AEP6: =AEO6+AEN6 -> 23 | AER6: 1 | AET6: 7 | AEV6: 2 | AEX6: 13 | AFA6: =AEU6+AES6+AEQ6+AEY6+AEW6 -> 0 | AFB6: =AEV6+AET6+AER6+AEZ6+AEX6 -> 23 | AFC6: =SUM(AFA6:AFB6) -> 23 | AFE6: 1 | AFG6: 8 | AFI6: 11 | AFK6: 3 | AFN6: =AFL6+AFJ6+AFH6+AFF6+AFD6 -> 0 | AFO6: =AFM6+AFK6+AFI6+AFG6+AFE6 -> 23 | AFP6: =SUM(AFN6:AFO6) -> 23 | AFR6: 3 | AFT6: 19 | AFX6: 1 | AFY6: =AFW6+AFU6+AFS6+AFQ6 -> 0 | AFZ6: =AFX6+AFV6+AFT6+AFR6 -> 23 | AGA6: =AFZ6+AFY6 -> 23 | AGB6: =IF((AFY6=AFN6)*AND(AFA6=AEN6)*AND(LB6=JE6),"صح","خطأ") -> صح | AGC6: =IF((AFZ6=AFO6)*AND(AFB6=AEO6)*AND(LC6=JF6),"صح","خطأ") -> صح | AGD6: =IF((AGA6=AFP6)*AND(AFC6=AEP6)*AND(LD6=JG6),"صح","خطأ") -> صح | AGF6: 2 | AGG6: =SUM(AGE6:AGF6) -> 2 | AGJ6: =AGI6+AGH6 -> 0 | AGL6: 1 | AGN6: 1 | AGP6: 1 | AGR6: 1 | AGT6: 1 | AHB6: 1 | AHE6: =AHD6+AHC6 -> 0 | AHI6: =AHH6+AHG6+AHF6 -> 0 | AHL6: =AHK6+AHJ6 -> 0 | AHN6: 1 | AID6: =AIC6+AIB6 -> 0 | AKP6: 1 | AKR6: 1 | AKV6: 1 | AKZ6: 1 | ALD6: 1 | ALG6: 100 | ALH6: 50 | ALI6: =ALH6+ALG6 -> 150 | ALJ6: 1 | ALL6: مجمع الوقف الشيعي بجانب قرية الغدير | ALM6: حلا زغير كريم | ALN6: 7819222082
A7: النجف | B7: المركز | C7: 2 | D7: 1400903 | E7: وليد الكعبة الابتدائية للبنين | F7: 1 | I7: 1 | K7: 1 | O7: 1 | S7: 1 | Y7: 10 | AA7: 70 | AG7: 1 | AK7: =AI7+AG7+AE7+AC7+AA7+Y7 -> 81 | AL7: =AJ7+AH7+AF7+AD7+AB7+Z7 -> 0 | AM7: =AL7+AK7 -> 81 | AN7: =Y7 -> 10 | AO7: =Z7 -> 0 | AP7: =AA7 -> 70 | AQ7: =AB7 -> 0 | AV7: 1 | AZ7: =AX7+AV7+AT7+AR7+AP7+AN7 -> 81 | BA7: =AY7+AW7+AU7+AS7+AQ7+AO7 -> 0 | BB7: =BA7+AZ7 -> 81 | BC7: 90 | BE7: 3 | BM7: =BK7+BI7+BG7+BE7+BC7 -> 93 | BN7: =BL7+BJ7+BH7+BF7+BD7 -> 0 | BO7: =BN7+BM7 -> 93 | BP7: 62 | BR7: 3 | BT7: 2 | BZ7: =BX7+BV7+BT7+BR7+BP7 -> 67 | CA7: =BY7+BW7+BU7+BS7+BQ7 -> 0 | CB7: =CA7+BZ7 -> 67 | CC7: 74 | CE7: 6 | CG7: 2 | CK7: 1 | CM7: =CK7+CI7+CG7+CE7+CC7 -> 83 | CN7: =CL7+CJ7+CH7+CF7+CD7 -> 0 | CO7: =CN7+CM7 -> 83 | CP7: 70 | CR7: 14 | CT7: 7 | CX7: 3 | CZ7: =CX7+CV7+CT7+CR7+CP7 -> 94 | DA7: =CY7+CW7+CU7+CS7+CQ7 -> 0 | DB7: =DA7+CZ7 -> 94 | DC7: 66 | DE7: 11 | DG7: 2 | DI7: 1 | DM7: =DK7+DI7+DG7+DE7+DC7 -> 80 | DN7: =DL7+DJ7+DH7+DF7+DD7 -> 0 | DO7: =DN7+DM7 -> 80 | DP7: =AN7 -> 10 | DQ7: =AO7 -> 0 | DR7: =AP7 -> 70 | DS7: =AQ7 -> 0 | DT7: =AR7+BC7 -> 90 | DU7: =AS7+BD7 -> 0 | DV7: =AT7+BE7+BP7 -> 65 | DW7: =AU7+BF7+BQ7 -> 0 | DX7: =AV7+BG7+BR7+CC7 -> 78 | DY7: =AW7+BH7+BS7+CD7 -> 0 | DZ7: =AX7+BI7+BT7+CE7+CP7 -> 78 | EA7: =AY7+BJ7+BU7+CF7+CQ7 -> 0 | EB7: =BK7+BV7+CG7+CR7+DC7 -> 82 | EC7: =BL7+BW7+CH7+CS7+DD7 -> 0 | ED7: =BX7+CI7+CT7+DE7 -> 18 | EE7: =BY7+CJ7+CU7+DF7 -> 0 | EF7: =CK7+CV7+DG7 -> 3 | EG7: =CL7+CW7+DH7 -> 0 | EH7: =CX7+DI7 -> 4 | EI7: =CY7+DJ7 -> 0 | EJ7: =DK7 -> 0 | EK7: =DL7 -> 0 | EL7: =EJ7+EH7+EF7+ED7+EB7+DZ7+DX7+DV7+DT7+DR7+DP7 -> 498 | EM7: =EK7+EI7+EG7+EE7+EC7+EA7+DY7+DW7+DU7+DS7+DQ7 -> 0 | EN7: =EM7+EL7 -> 498 | EO7: 2 | ER7: 2 | EU7: 2 | EX7: 2 | FA7: 2 | FD7: 2 | FG7: =FD7+FA7+EX7+EU7+ER7+EO7 -> 12 | FH7: =FE7+FB7+EY7+EV7+ES7+EP7 -> 0 | FI7: =FF7+FC7+EZ7+EW7+ET7+EQ7 -> 0 | FJ7: =FI7+FH7+FG7 -> 12 | FK7: 1 | FM7: 2 | FS7: 1 | FW7: =FU7+FS7+FQ7+FO7+FM7+FK7 -> 4 | FX7: =FV7+FT7+FR7+FP7+FN7+FL7 -> 0 | FY7: =FX7+FW7 -> 4 | FZ7: 95 | GB7: 66 | GD7: 81 | GF7: 71 | GH7: 82 | GJ7: 78 | GL7: =GJ7+GH7+GF7+GD7+GB7+FZ7 -> 473 | GM7: =GK7+GI7+GG7+GE7+GC7+GA7 -> 0 | GN7: =GM7+GL7 -> 473 | GO7: 2 | GQ7: 1 | GS7: 4 | GU7: 5 | GW7: 2 | HA7: =GY7+GW7+GU7+GS7+GQ7+GO7 -> 14 | HB7: =GZ7+GX7+GV7+GT7+GR7+GP7 -> 0 | HC7: =HB7+HA7 -> 14 | HP7: =HN7+HL7+HJ7+HH7+HF7+HD7 -> 0 | HQ7: =HO7+HM7+HK7+HI7+HG7+HE7 -> 0 | HR7: =HQ7+HP7 -> 0 | IE7: =IC7+IA7+HY7+HW7+HU7+HS7 -> 0 | IF7: =ID7+IB7+HZ7+HX7+HV7+HT7 -> 0 | IG7: =IF7+IE7 -> 0 | IH7: =HS7+GO7+HD7 -> 2 | II7: =HT7+HE7+GP7 -> 0 | IJ7: =HU7+HF7+GQ7 -> 1 | IK7: =HV7+HG7+GR7 -> 0 | IL7: =HW7+HH7+GS7 -> 4 | IM7: =HX7+HI7+GT7 -> 0 | IN7: =HY7+HJ7+GU7 -> 5 | IO7: =HZ7+HK7+GV7 -> 0 | IP7: =IA7+HL7+GW7 -> 2 | ... IS7: =ID7+HO7+GZ7 -> 0 | IT7: =IR7+IP7+IN7+IL7+IJ7+IH7 -> 14 | IU7: =IS7+IQ7+IO7+IM7+IK7+II7 -> 0 | IV7: =IU7+IT7 -> 14 | IW7: 1 | IY7: 2 | JA7: 22 | JB7: 2 | JC7: 1 | JE7: =JC7+JA7+IY7+IW7 -> 26 | JF7: =JD7+JB7+IZ7+IX7 -> 2 | JG7: =JF7+JE7 -> 28 | JO7: 1 | JW7: =JV7+JU7+JT7+JP7+JN7+JJ7+JH7+JR7+JL7 -> 0 | JX7: =JQ7+JO7+JK7+JI7+JM7+JS7 -> 1 | JY7: =JX7+JW7 -> 1 | JZ7: 26 | KA7: 2 | KF7: =KD7+KB7+JZ7 -> 26 | KG7: =KE7+KC7+KA7 -> 2 | KH7: =KG7+KF7 -> 28 | KI7: 24 | KJ7: 1 | KS7: 2 | KU7: 1 | KZ7: =KV7+KS7+KQ7+KO7+KM7+KK7 -> 2 | LA7: =KW7+KU7+KT7+KR7+KP7+KN7+KL7 -> 1 | LB7: =KZ7+KI7 -> 26 | LC7: =LA7+KJ7 -> 2 | LD7: =LC7+LB7 -> 28 | LG7: 3 | LM7: 8 | LY7: =LW7+LU7+LS7+LQ7+LO7+LM7+LK7+LI7+LG7+LE7 -> 11 | LZ7: =LX7+LV7+LT7+LR7+LP7+LN7+LL7+LJ7+LH7+LF7 -> 0 | MA7: =LZ7+LY7 -> 11 | MD7: 2 | MJ7: 1 | ML7: 1 | MV7: =MT7+MR7+MP7+MN7+ML7+MJ7+MH7+MF7+MD7+MB7 -> 4 | MW7: =MU7+MS7+MQ7+MO7+MM7+MK7+MI7+MG7+ME7+MC7 -> 0 | MX7: =MW7+MV7 -> 4 | NA7: 1 | NG7: 1 | NS7: =NQ7+NO7+NM7+NK7+NI7+NG7+NE7+NC7+NA7+MY7 -> 2 | NT7: =NR7+NP7+NN7+NL7+NJ7+NH7+NF7+ND7+NB7+MZ7 -> 0 | NU7: =NT7+NS7 -> 2 | OP7: =ON7+OL7+OJ7+OH7+OF7+OD7+OB7+NZ7+NX7+NV7 -> 0 | OQ7: =OO7+OM7+OK7+OI7+OG7+OE7+OC7+OA7+NY7+NW7 -> 0 | OR7: =OQ7+OP7 -> 0 | OU7: 4 | OV7: 1 | PM7: =PK7+PI7+PG7+PE7+PC7+PA7+OY7+OW7+OU7+OS7 -> 4 | PN7: =PL7+PJ7+PH7+PF7+PD7+PB7+OZ7+OX7+OV7+OT7 -> 1 | PO7: =PN7+PM7 -> 5 | QA7: 1 | QJ7: =QH7+QF7+QD7+QB7+PZ7+PX7+PV7+PT7+PR7+PP7 -> 0 | QK7: =QI7+QG7+QE7+QC7+QA7+PY7+PW7+PU7+PS7+PQ7 -> 1 | QL7: =QK7+QJ7 -> 1 | RG7: =RE7+RC7+RA7+QY7+QW7+QU7+QS7+QQ7+QO7+QM7 -> 0 | RH7: =RF7+RD7+RB7+QZ7+QX7+QV7+QT7+QR7+QP7+QN7 -> 0 | RI7: =RH7+RG7 -> 0 | SD7: =SB7+RZ7+RX7+RV7+RT7+RR7+RP7+RN7+RL7+RJ7 -> 0 | SE7: =SC7+SA7+RY7+RW7+RU7+RS7+RQ7+RO7+RM7+RK7 -> 0 | SF7: =SE7+SD7 -> 0 | TA7: =SY7+SW7+SU7+SS7+SQ7+SO7+SM7+SK7+SI7+SG7 -> 0 | TB7: =SZ7+SX7+SV7+ST7+SR7+SP7+SN7+SL7+SJ7+SH7 -> 0 | TC7: =TB7+TA7 -> 0 | TX7: =TV7+TT7+TR7+TP7+TN7+TL7+TJ7+TH7+TF7+TD7 -> 0 | TY7: =TW7+TU7+TS7+TQ7+TO7+TM7+TK7+TI7+TG7+TE7 -> 0 | TZ7: =TY7+TX7 -> 0 | UU7: =US7+UQ7+UO7+UM7+UK7+UI7+UG7+UE7+UC7+UA7 -> 0 | UV7: =UT7+UR7+UP7+UN7+UL7+UJ7+UH7+UF7+UD7+UB7 -> 0 | UW7: =UV7+UU7 -> 0 | VR7: =VP7+VN7+VL7+VJ7+VH7+VF7+VD7+VB7+UZ7+UX7 -> 0 | VS7: =VQ7+VO7+VM7+VK7+VI7+VG7+VE7+VC7+VA7+UY7 -> 0 | VT7: =VS7+VR7 -> 0 | WO7: =WM7+WK7+WI7+WG7+WE7+WC7+WA7+VY7+VW7+VU7 -> 0 | WP7: =WN7+WL7+WJ7+WH7+WF7+WD7+WB7+VZ7+VX7+VV7 -> 0 | WQ7: =WP7+WO7 -> 0 | WZ7: 2 | XL7: =XJ7+XH7+XF7+XD7+XB7+WZ7+WX7+WV7+WT7+WR7 -> 2 | XM7: =XK7+XI7+XG7+XE7+XC7+XA7+WY7+WW7+WU7+WS7 -> 0 | XN7: =XM7+XL7 -> 2 | YI7: =YG7+YE7+YC7+YA7+XY7+XW7+XU7+XS7+XQ7+XO7 -> 0 | YJ7: =YH7+YF7+YD7+YB7+XZ7+XX7+XV7+XT7+XR7+XP7 -> 0 | YK7: =YJ7+YI7 -> 0 | YN7: 2 | ZF7: =ZD7+ZB7+YZ7+YX7+YV7+YT7+YR7+YP7+YN7+YL7 -> 2 | ZG7: =ZE7+ZC7+ZA7+YY7+YW7+YU7+YS7+YQ7+YO7+YM7 -> 0 | ZH7: =ZG7+ZF7 -> 2 | AAC7: =AAA7+ZY7+ZW7+ZU7+ZS7+ZQ7+ZO7+ZM7+ZK7+ZI7 -> 0 | AAD7: =AAB7+ZZ7+ZX7+ZV7+ZT7+ZR7+ZP7+ZN7+ZL7+ZJ7 -> 0 | AAE7: =AAD7+AAC7 -> 0 | AAZ7: =AAX7+AAV7+AAT7+AAR7+AAP7+AAN7+AAL7+AAJ7+AAH7+AAF7 -> 0 | ABA7: =AAY7+AAW7+AAU7+AAS7+AAQ7+AAO7+AAM7+AAK7+AAI7+AAG7 -> 0 | ABB7: =ABA7+AAZ7 -> 0 | ABW7: =ABU7+ABS7+ABQ7+ABO7+ABM7+ABK7+ABI7+ABG7+ABE7+ABC7 -> 0 | ABX7: =ABV7+ABT7+ABR7+ABP7+ABN7+ABL7+ABJ7+ABH7+ABF7+ABD7 -> 0 | ABY7: =ABX7+ABW7 -> 0 | ACT7: =ACR7+ACP7+ACN7+ACL7+ACJ7+ACH7+ACF7+ACD7+ACB7+ABZ7 -> 0 | ACU7: =ACS7+ACQ7+ACO7+ACM7+ACK7+ACI7+ACG7+ACE7+ACC7+ACA7 -> 0 | ACV7: =ACU7+ACT7 -> 0 | ADG7: 1 | ADQ7: =ADO7+ADM7+ADK7+ADI7+ADG7+ADE7+ADC7+ADA7+ACY7+ACW7 -> 1 | ADR7: =ADP7+ADN7+ADL7+ADJ7+ADH7+ADF7+ADD7+ADB7+ACZ7+ACX7 -> 0 | ADS7: =ADR7+ADQ7 -> 1 | ADT7: =ACW7+ABZ7+ABC7+AAF7+ZI7+YL7+XO7+WR7+VU7+UX7+UA7+TD7+SG7+RJ7+QM7+PP7+OS7+NV7+MY7+MB7+LE7 -> 0 | ADU7: =ACX7+ACA7+ABD7+AAG7+ZJ7+YM7+XP7+WS7+VV7+UY7+UB7+TE7+SH7+RK7+QN7+PQ7+OT7+NW7+MZ7+MC7+LF7 -> 0 | ADV7: =ACY7+ACB7+ABE7+AAH7+ZK7+YN7+XQ7+WT7+VW7+UZ7+UC7+TF7+SI7+RL7+QO7+PR7+OU7+NX7+NA7+MD7+LG7 -> 12 | ADW7: =ACZ7+ACC7+ABF7+AAI7+ZL7+YO7+XR7+WU7+VX7+VA7+UD7+TG7+SJ7+RM7+QP7+PS7+OV7+NY7+NB7+ME7+LH7 -> 1 | ADX7: =ADA7+ACD7+ABG7+AAJ7+ZM7+YP7+XS7+WV7+VY7+VB7+UE7+TH7+SK7+RN7+QQ7+PT7+OW7+NZ7+NC7+MF7+LI7 -> 0 | ADY7: =ADB7+ACE7+ABH7+AAK7+ZN7+YQ7+XT7+WW7+VZ7+VC7+UF7+TI7+SL7+RO7+QR7+PU7+OX7+OA7+ND7+MG7+LJ7 -> 0 | ADZ7: =ADC7+ACF7+ABI7+AAL7+ZO7+YR7+XU7+WX7+WA7+VD7+UG7+TJ7+SM7+RP7+QS7+PV7+OY7+OB7+NE7+MH7+LK7 -> 0 | AEA7: =ADD7+ACG7+ABJ7+AAM7+ZP7+YS7+XV7+WY7+WB7+VE7+UH7+TK7+SN7+RQ7+QT7+PW7+OZ7+OC7+NF7+MI7+LL7 -> 0 | ... AEM7: =ADP7+ACS7+ABV7+AAY7+AAB7+ZE7+YH7+XK7+WN7+VQ7+UT7+TW7+SZ7+SC7+RF7+QI7+PL7+OO7+NR7+MU7+LX7 -> 0 | AEN7: =AEL7+AEJ7+AEH7+AEF7+AED7+AEB7+ADZ7+ADX7+ADV7+ADT7 -> 26 | AEO7: =AEM7+AEK7+AEI7+AEG7+AEE7+AEC7+AEA7+ADY7+ADW7+ADU7 -> 2 | AEP7: =AEO7+AEN7 -> 28 | AEQ7: 4 | AER7: 2 | AES7: 4 | AEU7: 5 | AEW7: 13 | AFA7: =AEU7+AES7+AEQ7+AEY7+AEW7 -> 26 | AFB7: =AEV7+AET7+AER7+AEZ7+AEX7 -> 2 | AFC7: =SUM(AFA7:AFB7) -> 28 | AFE7: 1 | AFF7: 10 | AFG7: 1 | AFH7: 11 | AFJ7: 4 | AFL7: 1 | AFN7: =AFL7+AFJ7+AFH7+AFF7+AFD7 -> 26 | AFO7: =AFM7+AFK7+AFI7+AFG7+AFE7 -> 2 | AFP7: =SUM(AFN7:AFO7) -> 28 | AFQ7: 1 | AFS7: 24 | AFT7: 2 | AFW7: 1 | AFY7: =AFW7+AFU7+AFS7+AFQ7 -> 26 | AFZ7: =AFX7+AFV7+AFT7+AFR7 -> 2 | AGA7: =AFZ7+AFY7 -> 28 | AGB7: =IF((AFY7=AFN7)*AND(AFA7=AEN7)*AND(LB7=JE7),"صح","خطأ") -> صح | AGC7: =IF((AFZ7=AFO7)*AND(AFB7=AEO7)*AND(LC7=JF7),"صح","خطأ") -> صح | AGD7: =IF((AGA7=AFP7)*AND(AFC7=AEP7)*AND(LD7=JG7),"صح","خطأ") -> صح | AGG7: =SUM(AGE7:AGF7) -> 0 | AGJ7: =AGI7+AGH7 -> 0 | AGL7: 1 | AGN7: 1 | AGP7: 1 | AGR7: 1 | AGT7: 1 | AHB7: 1 | AHE7: =AHD7+AHC7 -> 0 | AHI7: =AHH7+AHG7+AHF7 -> 0 | AHL7: =AHK7+AHJ7 -> 0 | AHN7: 1 | AHO7: 1 | AHQ7: 2015 | AHU7: 1 | AHW7: 1 | AHZ7: 1 | AIB7: 18 | AIC7: 2 | AID7: =AIC7+AIB7 -> 20 | AIH7: 1 | AIJ7: 1 | AIQ7: 1 | AIT7: 1 | AIU7: 1 | AIW7: 1 | AJB7: 1 | AJD7: 1 | AJG7: 1 | AJK7: 1 | AJM7: 1 | AJN7: 1 | AJQ7: 1 | AJU7: 1 | AJW7: 1 | AJY7: 1 | AKB7: 1 | AKE7: 1 | AKG7: 1 | AKJ7: 150 | AKN7: 12 | AKP7: 1 | AKR7: 1 | AKT7: 1 | AKV7: 1 | ALA7: 1 | ALD7: 1 | ALG7: 84 | ALH7: 80 | ALI7: =ALH7+ALG7 -> 164 | ALK7: 1 | ALL7: مجمع الوقف الشيعي بجانب قرية الغدير | ALM7: احمد عبد الرضا هادي | ALN7: 7726020029
A8: خلاصة مركز النجف | F8: =SUM(F6:F7) -> 1 | G8: =SUM(G6:G7) -> 1 | H8: =SUM(H6:H7) -> 0 | I8: =SUM(I6:I7) -> 2 | J8: =SUM(J6:J7) -> 0 | K8: =SUM(K6:K7) -> 1 | L8: =SUM(L6:L7) -> 1 | M8: =SUM(M6:M7) -> 0 | ... JK8: =SUM(JK6:JK7) -> 0 | JN8: =SUM(JN6:JN7) -> 0 | JO8: =SUM(JO6:JO7) -> 1 | JP8: =SUM(JP6:JP7) -> 0 | JQ8: =SUM(JQ6:JQ7) -> 1 | JR8: =SUM(JR6:JR7) -> 0 | JS8: =SUM(JS6:JS7) -> 0 | JT8: =SUM(JT6:JT7) -> 0 | JU8: =SUM(JU6:JU7) -> 0 | ... AGA8: =SUM(AGA6:AGA7) -> 51 | AGB8: =IF((AFY8=AFN8)*AND(AFA8=AEN8)*AND(LB8=JE8),"صح","خطأ") -> صح | AGC8: =IF((AFZ8=AFO8)*AND(AFB8=AEO8)*AND(LC8=JF8),"صح","خطأ") -> صح | AGD8: =IF((AGA8=AFP8)*AND(AFC8=AEP8)*AND(LD8=JG8),"صح","خطأ") -> صح | AGE8: =SUM(AGE6:AGE7) -> 0 | AGF8: =SUM(AGF6:AGF7) -> 2 | AGG8: =SUM(AGG6:AGG7) -> 2 | AGH8: =SUM(AGH6:AGH7) -> 0 | AGI8: =SUM(AGI6:AGI7) -> 0 | AGJ8: =SUM(AGJ6:AGJ7) -> 0 | AGK8: =SUM(AGK6:AGK7) -> 0 | AGL8: =SUM(AGL6:AGL7) -> 2 | ... AHP8: =SUM(AHP6:AHP7) -> 0 | AHR8: =SUM(AHR6:AHR7) -> 0 | AHS8: =SUM(AHS6:AHS7) -> 0 | AHT8: =SUM(AHT6:AHT7) -> 0 | AHU8: =SUM(AHU6:AHU7) -> 1 | AHV8: =SUM(AHV6:AHV7) -> 0 | AHW8: =SUM(AHW6:AHW7) -> 1 | AHX8: =SUM(AHX6:AHX7) -> 0 | AHY8: =SUM(AHY6:AHY7) -> 0 | ... ALK8: =SUM(ALK6:ALK7) -> 1
A9: النجف | B9: الحيدرية | C9: 3 | D9: 1401184 | E9: العترة الطاهرة المختلطة | H9: 1 | J9: 1 | K9: 1 | O9: 1 | Q9: 1 | AA9: 27 | AB9: 28 | AC9: 5 | AD9: 2 | AE9: 2 | AF9: 1 | AH9: 1 | AK9: =AI9+AG9+AE9+AC9+AA9+Y9 -> 34 | AL9: =AJ9+AH9+AF9+AD9+AB9+Z9 -> 32 | AM9: =AL9+AK9 -> 66 | AN9: =Y9 -> 0 | AO9: =Z9 -> 0 | AP9: =AA9 -> 27 | AQ9: =AB9 -> 28 | AR9: 5 | AS9: 2 | AT9: 2 | AU9: 1 | AW9: 1 | AZ9: =AX9+AV9+AT9+AR9+AP9+AN9 -> 34 | BA9: =AY9+AW9+AU9+AS9+AQ9+AO9 -> 32 | BB9: =BA9+AZ9 -> 66 | BC9: 21 | BD9: 14 | BE9: 6 | BF9: 10 | BG9: 3 | BH9: 1 | BI9: 1 | BK9: 1 | BL9: 1 | BM9: =BK9+BI9+BG9+BE9+BC9 -> 32 | BN9: =BL9+BJ9+BH9+BF9+BD9 -> 26 | BO9: =BN9+BM9 -> 58 | BP9: 15 | BQ9: 18 | BR9: 9 | BS9: 4 | BT9: 6 | BU9: 1 | BV9: 1 | BW9: 3 | BX9: 1 | BZ9: =BX9+BV9+BT9+BR9+BP9 -> 32 | CA9: =BY9+BW9+BU9+BS9+BQ9 -> 26 | CB9: =CA9+BZ9 -> 58 | CC9: 11 | CD9: 16 | CE9: 8 | CF9: 6 | CG9: 3 | CH9: 5 | CI9: 2 | CJ9: 1 | CK9: 3 | CL9: 1 | CM9: =CC9+CE9+CG9+CI9+CK10 -> 27 | CN9: =CD9+CF9+CH9+CJ9+CL9 -> 29 | CO9: =CN9+CM9 -> 56 | CP9: 17 | CQ9: 10 | CR9: 10 | CS9: 1 | CT9: 3 | CU9: 1 | CX9: 1 | CZ9: =CX9+CV9+CT9+CR9+CP9 -> 31 | DA9: =CY9+CW9+CU9+CS9+CQ9 -> 12 | DB9: =DA9+CZ9 -> 43 | DC9: 11 | DD9: 12 | DE9: 5 | DF9: 5 | DG9: 4 | DI9: 4 | DM9: =DK9+DI9+DG9+DE9+DC9 -> 24 | DN9: =DL9+DJ9+DH9+DF9+DD9 -> 17 | DO9: =DN9+DM9 -> 41 | DP9: =AN9 -> 0 | DQ9: =AO9 -> 0 | DR9: =AP9 -> 27 | DS9: =AQ9 -> 28 | DT9: =AR9+BC9 -> 26 | DU9: =AS9+BD9 -> 16 | DV9: =AT9+BE9+BP9 -> 23 | DW9: =AU9+BF9+BQ9 -> 29 | DX9: =AV9+BG9+BR9+CC9 -> 23 | DY9: =AW9+BH9+BS9+CD9 -> 22 | DZ9: =AX9+BI9+BT9+CE9+CP9 -> 32 | EA9: =AY9+BJ9+BU9+CF9+CQ9 -> 17 | EB9: =BK9+BV9+CG9+CR9+DC9 -> 26 | EC9: =BL9+BW9+CH9+CS9+DD9 -> 22 | ED9: =BX9+CI9+CT9+DE9 -> 11 | EE9: =BY9+CJ9+CU9+DF9 -> 7 | EF9: =CK9+CV9+DG9 -> 7 | EG9: =CL9+CW9+DH9 -> 1 | EH9: =CX9+DI9 -> 5 | EI9: =CY9+DJ9 -> 0 | EJ9: =DK9 -> 0 | EK9: =DL9 -> 0 | EL9: =EJ9+EH9+EF9+ED9+EB9+DZ9+DX9+DV9+DT9+DR9+DP9 -> 180 | EM9: =EK9+EI9+EG9+EE9+EC9+EA9+DY9+DW9+DU9+DS9+DQ9 -> 142 | EN9: =EM9+EL9 -> 322 | EQ9: 2 | ER9: 1 | ES9: 1 | EU9: 1 | EV9: 1 | EX9: 1 | EY9: 1 | FC9: 1 | FD9: 1 | FE9: 1 | FG9: =FD9+FA9+EX9+EU9+ER9+EO9 -> 4 | FH9: =FE9+FB9+EY9+EV9+ES9+EP9 -> 4 | FI9: =FF9+FC9+EZ9+EW9+ET9+EQ9 -> 3 | FJ9: =FI9+FH9+FG9 -> 11 | FK9: 1 | FM9: 2 | FO9: 2 | FU9: 1 | FW9: =FU9+FS9+FQ9+FO9+FM9+FK9 -> 6 | FX9: =FV9+FT9+FR9+FP9+FN9+FL9 -> 0 | FY9: =FX9+FW9 -> 6 | FZ9: 25 | GA9: 16 | GB9: 23 | GC9: 20 | GD9: 19 | GE9: 20 | GF9: 19 | GG9: 25 | GH9: 19 | GI9: 9 | GJ9: 13 | GK9: 17 | GL9: =GJ9+GH9+GF9+GD9+GB9+FZ9 -> 118 | GM9: =GK9+GI9+GG9+GE9+GC9+GA9 -> 107 | GN9: =GM9+GL9 -> 225 | GO9: 2 | GP9: 1 | GQ9: 1 | GR9: 1 | GS9: 2 | GW9: 3 | HA9: =GY9+GW9+GU9+GS9+GQ9+GO9 -> 8 | HB9: =GZ9+GX9+GV9+GT9+GR9+GP9 -> 2 | HC9: =HB9+HA9 -> 10 | HD9: 1 | HF9: 2 | HH9: 2 | HN9: 1 | HP9: =HD9+HF9+HH9+HJ9+HL9+HN9 -> 6 | HQ9: =HO9+HM9+HK9+HI9+HG9+HE9 -> 0 | HR9: =HQ9+HP9 -> 6 | IE9: =IC9+IA9+HY9+HW9+HU9+HS9 -> 0 | IF9: =ID9+IB9+HZ9+HX9+HV9+HT9 -> 0 | IG9: =IF9+IE9 -> 0 | IH9: =HS9+GO9+HD9 -> 3 | II9: =HT9+HE9+GP9 -> 1 | IJ9: =HU9+HF9+GQ9 -> 3 | IK9: =HV9+HG9+GR9 -> 1 | IL9: =HW9+HH9+GS9 -> 4 | IM9: =HX9+HI9+GT9 -> 0 | IN9: =HY9+HJ9+GU9 -> 0 | IO9: =HZ9+HK9+GV9 -> 0 | IP9: =IA9+HL9+GW9 -> 3 | ... IS9: =ID9+HO9+GZ9 -> 0 | IT9: =IR9+IP9+IN9+IL9+IJ9+IH9 -> 14 | IU9: =IS9+IQ9+IO9+IM9+IK9+II9 -> 2 | IV9: =IU9+IT9 -> 16 | IW9: 1 | IZ9: 1 | JA9: 6 | JB9: 8 | JE9: =JC9+JA9+IY9+IW9 -> 7 | JF9: =JD9+JB9+IZ9+IX9 -> 9 | JG9: =JF9+JE9 -> 16 | JI9: 1 | JK9: 1 | JP9: 1 | JQ9: 1 | JW9: =JV9+JU9+JT9+JP9+JN9+JJ9+JH9+JR9+JL9 -> 1 | JX9: =JQ9+JO9+JK9+JI9+JM9+JS9 -> 3 | JY9: =JX9+JW9 -> 4 | JZ9: 7 | KA9: 9 | KF9: =KD9+KB9+JZ9 -> 7 | KG9: =KE9+KC9+KA9 -> 9 | KH9: =KG9+KF9 -> 16 | KI9: 7 | KJ9: 9 | KZ9: =KV9+KS9+KQ9+KO9+KM9+KK9 -> 0 | LA9: =KW9+KU9+KT9+KR9+KP9+KN9+KL9 -> 0 | LB9: =KZ9+KI9 -> 7 | LC9: =LA9+KJ9 -> 9 | LD9: =LC9+LB9 -> 16 | LM9: 2 | LN9: 1 | LS9: 2 | LT9: 1 | LY9: =LW9+LU9+LS9+LQ9+LO9+LM9+LK9+LI9+LG9+LE9 -> 4 | LZ9: =LX9+LV9+LT9+LR9+LP9+LN9+LL9+LJ9+LH9+LF9 -> 2 | MA9: =LZ9+LY9 -> 6 | MJ9: 1 | MK9: 1 | MP9: 1 | MV9: =MT9+MR9+MP9+MN9+ML9+MJ9+MH9+MF9+MD9+MB9 -> 2 | MW9: =MU9+MS9+MQ9+MO9+MM9+MK9+MI9+MG9+ME9+MC9 -> 1 | MX9: =MW9+MV9 -> 3 | NS9: =NQ9+NO9+NM9+NK9+NI9+NG9+NE9+NC9+NA9+MY9 -> 0 | NT9: =NR9+NP9+NN9+NL9+NJ9+NH9+NF9+ND9+NB9+MZ9 -> 0 | NU9: =NT9+NS9 -> 0 | OP9: =ON9+OL9+OJ9+OH9+OF9+OD9+OB9+NZ9+NX9+NV9 -> 0 | OQ9: =OO9+OM9+OK9+OI9+OG9+OE9+OC9+OA9+NY9+NW9 -> 0 | OR9: =OQ9+OP9 -> 0 | OV9: 3 | PB9: 1 | PM9: =PK9+PI9+PG9+PE9+PC9+PA9+OY9+OW9+OU9+OS9 -> 0 | PN9: =PL9+PJ9+PH9+PF9+PD9+PB9+OZ9+OX9+OV9+OT9 -> 4 | PO9: =PN9+PM9 -> 4 | QA9: 2 | QJ9: =QH9+QF9+QD9+QB9+PZ9+PX9+PV9+PT9+PR9+PP9 -> 0 | QK9: =QI9+QG9+QE9+QC9+QA9+PY9+PW9+PU9+PS9+PQ9 -> 2 | QL9: =QK9+QJ9 -> 2 | RG9: =RE9+RC9+RA9+QY9+QW9+QU9+QS9+QQ9+QO9+QM9 -> 0 | RH9: =RF9+RD9+RB9+QZ9+QX9+QV9+QT9+QR9+QP9+QN9 -> 0 | RI9: =RH9+RG9 -> 0 | SD9: =SB9+RZ9+RX9+RV9+RT9+RR9+RP9+RN9+RL9+RJ9 -> 0 | SE9: =SC9+SA9+RY9+RW9+RU9+RS9+RQ9+RO9+RM9+RK9 -> 0 | SF9: =SE9+SD9 -> 0 | TA9: =SY9+SW9+SU9+SS9+SQ9+SO9+SM9+SK9+SI9+SG9 -> 0 | TB9: =SZ9+SX9+SV9+ST9+SR9+SP9+SN9+SL9+SJ9+SH9 -> 0 | TC9: =TB9+TA9 -> 0 | TX9: =TV9+TT9+TR9+TP9+TN9+TL9+TJ9+TH9+TF9+TD9 -> 0 | TY9: =TW9+TU9+TS9+TQ9+TO9+TM9+TK9+TI9+TG9+TE9 -> 0 | TZ9: =TY9+TX9 -> 0 | UI9: 1 | UU9: =US9+UQ9+UO9+UM9+UK9+UI9+UG9+UE9+UC9+UA9 -> 1 | UV9: =UT9+UR9+UP9+UN9+UL9+UJ9+UH9+UF9+UD9+UB9 -> 0 | UW9: =UV9+UU9 -> 1 | VR9: =VP9+VN9+VL9+VJ9+VH9+VF9+VD9+VB9+UZ9+UX9 -> 0 | VS9: =VQ9+VO9+VM9+VK9+VI9+VG9+VE9+VC9+VA9+UY9 -> 0 | VT9: =VS9+VR9 -> 0 | WO9: =WM9+WK9+WI9+WG9+WE9+WC9+WA9+VY9+VW9+VU9 -> 0 | WP9: =WN9+WL9+WJ9+WH9+WF9+WD9+WB9+VZ9+VX9+VV9 -> 0 | WQ9: =WP9+WO9 -> 0 | XL9: =XJ9+XH9+XF9+XD9+XB9+WZ9+WX9+WV9+WT9+WR9 -> 0 | XM9: =XK9+XI9+XG9+XE9+XC9+XA9+WY9+WW9+WU9+WS9 -> 0 | XN9: =XM9+XL9 -> 0 | YI9: =YG9+YE9+YC9+YA9+XY9+XW9+XU9+XS9+XQ9+XO9 -> 0 | YJ9: =YH9+YF9+YD9+YB9+XZ9+XX9+XV9+XT9+XR9+XP9 -> 0 | YK9: =YJ9+YI9 -> 0 | ZF9: =ZD9+ZB9+YZ9+YX9+YV9+YT9+YR9+YP9+YN9+YL9 -> 0 | ZG9: =ZE9+ZC9+ZA9+YY9+YW9+YU9+YS9+YQ9+YO9+YM9 -> 0 | ZH9: =ZG9+ZF9 -> 0 | AAC9: =AAA9+ZY9+ZW9+ZU9+ZS9+ZQ9+ZO9+ZM9+ZK9+ZI9 -> 0 | AAD9: =AAB9+ZZ9+ZX9+ZV9+ZT9+ZR9+ZP9+ZN9+ZL9+ZJ9 -> 0 | AAE9: =AAD9+AAC9 -> 0 | AAZ9: =AAX9+AAV9+AAT9+AAR9+AAP9+AAN9+AAL9+AAJ9+AAH9+AAF9 -> 0 | ABA9: =AAY9+AAW9+AAU9+AAS9+AAQ9+AAO9+AAM9+AAK9+AAI9+AAG9 -> 0 | ABB9: =ABA9+AAZ9 -> 0 | ABW9: =ABU9+ABS9+ABQ9+ABO9+ABM9+ABK9+ABI9+ABG9+ABE9+ABC9 -> 0 | ABX9: =ABV9+ABT9+ABR9+ABP9+ABN9+ABL9+ABJ9+ABH9+ABF9+ABD9 -> 0 | ABY9: =ABX9+ABW9 -> 0 | ACT9: =ACR9+ACP9+ACN9+ACL9+ACJ9+ACH9+ACF9+ACD9+ACB9+ABZ9 -> 0 | ACU9: =ACS9+ACQ9+ACO9+ACM9+ACK9+ACI9+ACG9+ACE9+ACC9+ACA9 -> 0 | ACV9: =ACU9+ACT9 -> 0 | ADQ9: =ADO9+ADM9+ADK9+ADI9+ADG9+ADE9+ADC9+ADA9+ACY9+ACW9 -> 0 | ADR9: =ADP9+ADN9+ADL9+ADJ9+ADH9+ADF9+ADD9+ADB9+ACZ9+ACX9 -> 0 | ADS9: =ADR9+ADQ9 -> 0 | ADT9: =ACW9+ABZ9+ABC9+AAF9+ZI9+YL9+XO9+WR9+VU9+UX9+UA9+TD9+SG9+RJ9+QM9+PP9+OS9+NV9+MY9+MB9+LE9 -> 0 | ADU9: =ACX9+ACA9+ABD9+AAG9+ZJ9+YM9+XP9+WS9+VV9+UY9+UB9+TE9+SH9+RK9+QN9+PQ9+OT9+NW9+MZ9+MC9+LF9 -> 0 | ADV9: =ACY9+ACB9+ABE9+AAH9+ZK9+YN9+XQ9+WT9+VW9+UZ9+UC9+TF9+SI9+RL9+QO9+PR9+OU9+NX9+NA9+MD9+LG9 -> 0 | ADW9: =ACZ9+ACC9+ABF9+AAI9+ZL9+YO9+XR9+WU9+VX9+VA9+UD9+TG9+SJ9+RM9+QP9+PS9+OV9+NY9+NB9+ME9+LH9 -> 3 | ADX9: =ADA9+ACD9+ABG9+AAJ9+ZM9+YP9+XS9+WV9+VY9+VB9+UE9+TH9+SK9+RN9+QQ9+PT9+OW9+NZ9+NC9+MF9+LI9 -> 0 | ADY9: =ADB9+ACE9+ABH9+AAK9+ZN9+YQ9+XT9+WW9+VZ9+VC9+UF9+TI9+SL9+RO9+QR9+PU9+OX9+OA9+ND9+MG9+LJ9 -> 0 | ADZ9: =ADC9+ACF9+ABI9+AAL9+ZO9+YR9+XU9+WX9+WA9+VD9+UG9+TJ9+SM9+RP9+QS9+PV9+OY9+OB9+NE9+MH9+LK9 -> 0 | AEA9: =ADD9+ACG9+ABJ9+AAM9+ZP9+YS9+XV9+WY9+WB9+VE9+UH9+TK9+SN9+RQ9+QT9+PW9+OZ9+OC9+NF9+MI9+LL9 -> 0 | ... AEM9: =ADP9+ACS9+ABV9+AAY9+AAB9+ZE9+YH9+XK9+WN9+VQ9+UT9+TW9+SZ9+SC9+RF9+QI9+PL9+OO9+NR9+MU9+LX9 -> 0 | AEN9: =AEL9+AEJ9+AEH9+AEF9+AED9+AEB9+ADZ9+ADX9+ADV9+ADT9 -> 7 | AEO9: =AEM9+AEK9+AEI9+AEG9+AEE9+AEC9+AEA9+ADY9+ADW9+ADU9 -> 9 | AEP9: =AEO9+AEN9 -> 16 | AEQ9: 2 | AER9: 1 | AES9: 5 | AET9: 8 | AFA9: =AEU9+AES9+AEQ9+AEY9 -> 7 | AFB9: =AEV9+AET9+AER9+AEZ9 -> 9 | AFC9: =SUM(AFA9:AFB9) -> 16 | AFF9: 2 | AFG9: 3 | AFH9: 5 | AFI9: 6 | AFN9: =AFL9+AFJ9+AFH9+AFF9+AFD9 -> 7 | AFO9: =AFM9+AFK9+AFI9+AFG9+AFE9 -> 9 | AFP9: =SUM(AFN9:AFO9) -> 16 | AFS9: 7 | AFT9: 7 | AFV9: 1 | AFX9: 1 | AFY9: =AFW9+AFU9+AFS9+AFQ9 -> 7 | AFZ9: =AFX9+AFV9+AFT9+AFR9 -> 9 | AGA9: =AFZ9+AFY9 -> 16 | AGB9: =IF((AFY9=AFN9)*AND(AFA9=AEN9)*AND(LB9=JE9),"صح","خطأ") -> صح | AGC9: =IF((AFZ9=AFO9)*AND(AFB9=AEO9)*AND(LC9=JF9),"صح","خطأ") -> صح | AGD9: =IF((AGA9=AFP9)*AND(AFC9=AEP9)*AND(LD9=JG9),"صح","خطأ") -> صح | AGE9: 2 | AGF9: 2 | AGG9: =SUM(AGE9:AGF9) -> 4 | AGH9: 1 | AGJ9: =AGI9+AGH9 -> 1 | AGL9: 1 | AGN9: 1 | AGO9: 1 | AGR9: 1 | AGT9: 1 | AHB9: 1 | AHE9: =AHD9+AHC9 -> 0 | AHI9: =AHH9+AHG9+AHF9 -> 0 | AHL9: =AHK9+AHJ9 -> 0 | AHN9: 1 | AHO9: 1 | AHQ9: 2015 | AHT9: 1 | AHV9: 1 | AHY9: 1 | AIB9: 11 | AIC9: 4 | AID9: =AIC9+AIB9 -> 15 | AIG9: 1 | AIO9: 1 | AIQ9: 1 | AIT9: 1 | AIU9: 1 | AIW9: 1 | AJB9: 1 | AJD9: 1 | AJG9: 1 | AJJ9: 1 | AJM9: 1 | AJN9: 1 | AJT9: 1 | AJU9: 1 | AJW9: 1 | AJY9: 1 | AKA9: 1 | AKE9: 1 | AKG9: 1 | AKJ9: 120 | AKK9: 10 | AKL9: 10 | AKN9: 11 | AKO9: 2 | AKP9: 2 | AKQ9: 1 | AKR9: 2 | AKS9: 2 | AKW9: 1 | ALI9: =ALH9+ALG9 -> 0 | ALK9: 1 | ALL9: طريق ياحسين عمود143 | ALM9: امير محمد كريم الطائي | ALN9: 7832453411
A10: خلاصة ناحية الحيدرية | F10: =SUM(F9:F9) -> 0 | G10: =SUM(G9:G9) -> 0 | H10: =SUM(H9:H9) -> 1 | I10: =SUM(I9:I9) -> 0 | J10: =SUM(J9:J9) -> 1 | K10: =SUM(K9:K9) -> 1 | L10: =SUM(L9:L9) -> 0 | M10: =SUM(M9:M9) -> 0 | ... FV10: =SUM(FV9:FV9) -> 0 | FX10: =SUM(FX9:FX9) -> 0 | FY10: =SUM(FY9:FY9) -> 6 | FZ10: =SUM(FZ9:FZ9) -> 25 | GA10: =SUM(GA9:GA9) -> 16 | GB10: =SUM(GB9:GB9) -> 23 | GC10: =SUM(GC9:GC9) -> 20 | GD10: =SUM(GD9:GD9) -> 19 | GE10: =SUM(GE9:GE9) -> 20 | ... JK10: =SUM(JK9:JK9) -> 1 | JN10: =SUM(JN9:JN9) -> 0 | JO10: =SUM(JO9:JO9) -> 0 | JP10: =SUM(JP9:JP9) -> 1 | JQ10: =SUM(JQ9:JQ9) -> 1 | JR10: =SUM(JR9:JR9) -> 0 | JS10: =SUM(JS9:JS9) -> 0 | JT10: =SUM(JT9:JT9) -> 0 | JU10: =SUM(JU9:JU9) -> 0 | ... AGA10: =SUM(AGA9:AGA9) -> 16 | AGE10: =SUM(AGE9:AGE9) -> 2 | AGF10: =SUM(AGF9:AGF9) -> 2 | AGG10: =SUM(AGG9:AGG9) -> 4 | AGH10: =SUM(AGH9:AGH9) -> 1 | AGI10: =SUM(AGI9:AGI9) -> 0 | AGJ10: =SUM(AGJ9:AGJ9) -> 1 | AGK10: =SUM(AGK9:AGK9) -> 0 | AGL10: =SUM(AGL9:AGL9) -> 1 | ... AHP10: =SUM(AHP9:AHP9) -> 0 | AHT10: =SUM(AHT9:AHT9) -> 1 | AHU10: =SUM(AHU9:AHU9) -> 0 | AHV10: =SUM(AHV9:AHV9) -> 1 | AHW10: =SUM(AHW9:AHW9) -> 0 | AHX10: =SUM(AHX9:AHX9) -> 0 | AHY10: =SUM(AHY9:AHY9) -> 1 | AHZ10: =SUM(AHZ9:AHZ9) -> 0 | AIA10: =SUM(AIA9:AIA9) -> 0 | ... ALK10: =SUM(ALK9:ALK9) -> 1
A12: خلاصة ناحية الشبكة | F12: =F11 -> 0 | G12: =G11 -> 0 | H12: =H11 -> 0 | I12: =I11 -> 0 | J12: =J11 -> 0 | K12: =K11 -> 0 | L12: =L11 -> 0 | M12: =M11 -> 0 | ... JK12: =JK11 -> 0 | JN12: =JN11 -> 0 | JO12: =JO11 -> 0 | JP12: =JP11 -> 0 | JQ12: =JQ11 -> 0 | JR12: =JR11 -> 0 | JS12: =JS11 -> 0 | JT12: =JT11 -> 0 | JU12: =JU11 -> 0 | ... AHP12: =AHP11 -> 0 | AHT12: =AHT11 -> 0 | AHU12: =AHU11 -> 0 | AHV12: =AHV11 -> 0 | AHW12: =AHW11 -> 0 | AHX12: =AHX11 -> 0 | AHY12: =AHY11 -> 0 | AHZ12: =AHZ11 -> 0 | AIA12: =AIA11 -> 0 | ... ALK12: =ALK11 -> 0
A13: خلاصة قضاء النجف | F13: =F12+F10+F8 -> 1 | G13: =G12+G10+G8 -> 1 | H13: =H12+H10+H8 -> 1 | I13: =I12+I10+I8 -> 2 | J13: =J12+J10+J8 -> 1 | K13: =K12+K10+K8 -> 2 | L13: =L12+L10+L8 -> 1 | M13: =M12+M10+M8 -> 0 | ... FV13: =FV12+FV10+FV8 -> 0 | FW13: =FW12+FW9+FW8 -> 10 | FX13: =FX12+FX10+FX8 -> 0 | FY13: =FY12+FY10+FY8 -> 10 | FZ13: =FZ12+FZ10+FZ8 -> 120 | GA13: =GA12+GA10+GA8 -> 97 | GB13: =GB12+GB10+GB8 -> 89 | GC13: =GC12+GC10+GC8 -> 90 | GD13: =GD12+GD10+GD8 -> 100 | GE13: =GE12+GE10+GE8 -> 87 | ... JK13: =JK12+JK10+JK8 -> 1 | JN13: =JN12+JN10+JN8 -> 0 | JO13: =JO12+JO10+JO8 -> 1 | JP13: =JP12+JP10+JP8 -> 1 | JQ13: =JQ12+JQ10+JQ8 -> 2 | JR13: =JR12+JR10+JR8 -> 0 | JS13: =JS12+JS10+JS8 -> 0 | JT13: =JT12+JT10+JT8 -> 0 | JU13: =JU12+JU10+JU8 -> 0 | ... AGA13: =AGA12+AGA10+AGA8 -> 67 | AGB13: =IF((AFY13=AFN13)*AND(AFA13=AEN13)*AND(LB13=JE13),"صح","خطأ") -> صح | AGC13: =IF((AFZ13=AFO13)*AND(AFB13=AEO13)*AND(LC13=JF13),"صح","خطأ") -> صح | AGD13: =IF((AGA13=AFP13)*AND(AFC13=AEP13)*AND(LD13=JG13),"صح","خطأ") -> صح | AGE13: =AGE12+AGE10+AGE8 -> 2 | AGF13: =AGF12+AGF10+AGF8 -> 4 | AGG13: =AGG12+AGG10+AGG8 -> 6 | AGH13: =AGH12+AGH10+AGH8 -> 1 | AGI13: =AGI12+AGI10+AGI8 -> 0 | AGJ13: =AGJ12+AGJ10+AGJ8 -> 1 | AGK13: =AGK12+AGK10+AGK8 -> 0 | AGL13: =AGL12+AGL10+AGL8 -> 3 | ... AHP13: =AHP12+AHP10+AHP8 -> 0 | AHT13: =AHT12+AHT10+AHT8 -> 1 | AHU13: =AHU12+AHU10+AHU8 -> 1 | AHV13: =AHV12+AHV10+AHV8 -> 1 | AHW13: =AHW12+AHW10+AHW8 -> 1 | AHX13: =AHX12+AHX10+AHX8 -> 0 | AHY13: =AHY12+AHY10+AHY8 -> 1 | AHZ13: =AHZ12+AHZ10+AHZ8 -> 1 | AIA13: =AIA12+AIA10+AIA8 -> 0 | ... ALK13: =ALK12+ALK10+ALK8 -> 2
A14: الكوفة | B14: المركز | C14: 1 | D14: 1400905 | E14: فدك الابتدائية للبنات | G14: 1 | I14: 1 | K14: 1 | O14: 1 | S14: 1 | Z14: 6 | AB14: 71 | AD14: 5 | AK14: =AI14+AG14+AE14+AC14+AA14+Y14 -> 0 | AL14: =AJ14+AH14+AF14+AD14+AB14+Z14 -> 82 | AM14: =AL14+AK14 -> 82 | AN14: =Y14 -> 0 | AO14: =Z14 -> 6 | AP14: =AA14 -> 0 | AQ14: =AB14 -> 71 | AS14: 5 | AZ14: =AX14+AV14+AT14+AR14+AP14+AN14 -> 0 | BA14: =AY14+AW14+AU14+AS14+AQ14+AO14 -> 82 | BB14: =BA14+AZ14 -> 82 | BD14: 12 | BF14: 91 | BH14: 1 | BJ14: 1 | BM14: =BK14+BI14+BG14+BE14+BC14 -> 0 | BN14: =BL14+BJ14+BH14+BF14+BD14 -> 105 | BO14: =BN14+BM14 -> 105 | BQ14: 6 | BS14: 87 | BU14: 1 | BZ14: =BX14+BV14+BT14+BR14+BP14 -> 0 | CA14: =BY14+BW14+BU14+BS14+BQ14 -> 94 | CB14: =CA14+BZ14 -> 94 | CD14: 10 | CF14: 68 | CH14: 4 | CM14: =CK14+CI14+CG14+CE14 -> 0 | CN14: =CL14+CJ14+CH14+CF14+CD14 -> 82 | CO14: =CN14+CM14 -> 82 | CQ14: 9 | CS14: 68 | CU14: 8 | CW14: 1 | CY14: 1 | CZ14: =CX14+CV14+CT14+CR14+CP14 -> 0 | DA14: =CY14+CW14+CU14+CS14+CQ14 -> 87 | DB14: =DA14+CZ14 -> 87 | DD14: 6 | DF14: 69 | DH14: 5 | DM14: =DK14+DI14+DG14+DE14+DC14 -> 0 | DN14: =DL14+DJ14+DH14+DF14+DD14 -> 80 | DO14: =DN14+DM14 -> 80 | DP14: =AN14 -> 0 | DQ14: =AO14 -> 6 | DR14: =AP14 -> 0 | DS14: =AQ14 -> 71 | DT14: =AR14+BC14 -> 0 | DU14: =AS14+BD14 -> 17 | DV14: =AT14+BE14+BP14 -> 0 | DW14: =AU14+BF14+BQ14 -> 97 | DX14: =AV14+BG14+BR14+CC14 -> 0 | DY14: =AW14+BH14+BS14+CD14 -> 98 | DZ14: =AX14+BI14+BT14+CE14+CP14 -> 0 | EA14: =AY14+BJ14+BU14+CF14+CQ14 -> 79 | EB14: =BK14+BV14+CG14+CR14+DC14 -> 0 | EC14: =BL14+BW14+CH14+CS14+DD14 -> 78 | ED14: =BX14+CI14+CT14+DE14 -> 0 | EE14: =BY14+CJ14+CU14+DF14 -> 77 | EF14: =CK14+CV14+DG14 -> 0 | EG14: =CL14+CW14+DH14 -> 6 | EH14: =CX14+DI14 -> 0 | EI14: =CY14+DJ14 -> 1 | EJ14: =DK14 -> 0 | EK14: =DL14 -> 0 | EL14: =EJ14+EH14+EF14+ED14+EB14+DZ14+DX14+DV14+DT14+DR14+DP14 -> 0 | EM14: =EK14+EI14+EG14+EE14+EC14+EA14+DY14+DW14+DU14+DS14+DQ14 -> 530 | EN14: =EM14+EL14 -> 530 | EP14: 2 | ES14: 3 | EV14: 2 | EY14: 2 | FB14: 2 | FE14: 2 | FG14: =FD14+FA14+EX14+EU14+ER14+EO14 -> 0 | FH14: =FE14+FB14+EY14+EV14+ES14+EP14 -> 13 | FI14: =FF14+FC14+EZ14+EW14+ET14+EQ14 -> 0 | FJ14: =FI14+FH14+FG14 -> 13 | FT14: 1 | FW14: =FU14+FS14+FQ14+FO14+FM14+FK14 -> 0 | FX14: =FV14+FT14+FR14+FP14+FN14+FL14 -> 1 | FY14: =FX14+FW14 -> 1 | GA14: 109 | GC14: 98 | GE14: 81 | GG14: 87 | GI14: 81 | GK14: 81 | GL14: =GJ14+GH14+GF14+GD14+GB14+FZ14 -> 0 | GM14: =GK14+GI14+GG14+GE14+GC14+GA14 -> 537 | GN14: =GM14+GL14 -> 537 | HA14: =GY14+GW14+GU14+GS14+GQ14+GO14 -> 0 | HB14: =GZ14+GX14+GV14+GT14+GR14+GP14 -> 0 | HC14: =HB14+HA14 -> 0 | HP14: =HN14+HL14+HJ14+HH14+HF14+HD14 -> 0 | HQ14: =HO14+HM14+HK14+HI14+HG14+HE14 -> 0 | HR14: =HQ14+HP14 -> 0 | IE14: =IC14+IA14+HY14+HW14+HU14+HS14 -> 0 | IF14: =ID14+IB14+HZ14+HX14+HV14+HT14 -> 0 | IG14: =IF14+IE14 -> 0 | IH14: =HS14+GO14+HD14 -> 0 | II14: =HT14+HE14+GP14 -> 0 | IJ14: =HU14+HF14+GQ14 -> 0 | IK14: =HV14+HG14+GR14 -> 0 | IL14: =HW14+HH14+GS14 -> 0 | IM14: =HX14+HI14+GT14 -> 0 | IN14: =HY14+HJ14+GU14 -> 0 | IO14: =HZ14+HK14+GV14 -> 0 | IP14: =IA14+HL14+GW14 -> 0 | ... IS14: =ID14+HO14+GZ14 -> 0 | IT14: =IR14+IP14+IN14+IL14+IJ14+IH14 -> 0 | IU14: =IS14+IQ14+IO14+IM14+IK14+II14 -> 0 | IV14: =IU14+IT14 -> 0 | IX14: 1 | IZ14: 1 | JB14: 22 | JD14: 1 | JE14: =JC14+JA14+IY14+IW14 -> 0 | JF14: =JD14+JB14+IZ14+IX14 -> 25 | JG14: =JF14+JE14 -> 25 | JI14: 1 | JQ14: 1 | JU14: 1 | JW14: =JV14+JU14+JT14+JP14+JN14+JJ14+JH14 -> 1 | JX14: =JQ14+JO14+JK14+JI14 -> 2 | JY14: =JX14+JW14 -> 3 | KA14: 25 | KF14: =KD14+KB14+JZ14 -> 0 | KG14: =KE14+KC14+KA14 -> 25 | KH14: =KG14+KF14 -> 25 | KJ14: 20 | KT14: 1 | KU14: 2 | KY14: 2 | KZ14: =KV14+KS14+KQ14+KO14+KM14+KK14+KX14 -> 0 | LA14: =KW14+KT14+KR14+KP14+KN14+KL14+KY14+KU14 -> 5 | LB14: =KZ14+KI14 -> 0 | LC14: =LA14+KJ14 -> 25 | LD14: =LC14+LB14 -> 25 | LP14: 1 | LY14: =LW14+LU14+LS14+LQ14+LO14+LM14+LK14+LI14+LG14+LE14 -> 0 | LZ14: =LX14+LV14+LT14+LR14+LP14+LN14+LL14+LJ14+LH14+LF14 -> 1 | MA14: =LZ14+LY14 -> 1 | ME14: 1 | MK14: 10 | MV14: =MT14+MR14+MP14+MN14+ML14+MJ14+MH14+MF14+MD14+MB14 -> 0 | MW14: =MU14+MS14+MQ14+MO14+MM14+MK14+MI14+MG14+ME14+MC14 -> 11 | MX14: =MW14+MV14 -> 11 | NB14: 1 | NH14: 1 | NS14: =NQ14+NO14+NM14+NK14+NI14+NG14+NE14+NC14+NA14+MY14 -> 0 | NT14: =NR14+NP14+NN14+NL14+NJ14+NH14+NF14+ND14+NB14+MZ14 -> 2 | NU14: =NT14+NS14 -> 2 | OP14: =ON14+OL14+OJ14+OH14+OF14+OD14+OB14+NZ14+NX14+NV14 -> 0 | OQ14: =OO14+OM14+OK14+OI14+OG14+OE14+OC14+OA14+NY14+NW14 -> 0 | OR14: =OQ14+OP14 -> 0 | OV14: 6 | PD14: 1 | PM14: =PK14+PI14+PG14+PE14+PC14+PA14+OY14+OW14+OU14+OS14 -> 0 | PN14: =PL14+PJ14+PH14+PF14+PD14+PB14+OZ14+OX14+OV14+OT14 -> 7 | PO14: =PN14+PM14 -> 7 | QJ14: =QH14+QF14+QD14+QB14+PZ14+PX14+PV14+PT14+PR14+PP14 -> 0 | QK14: =QI14+QG14+QE14+QC14+QA14+PY14+PW14+PU14+PS14+PQ14 -> 0 | QL14: =QK14+QJ14 -> 0 | RG14: =RE14+RC14+RA14+QY14+QW14+QU14+QS14+QQ14+QO14+QM14 -> 0 | RH14: =RF14+RD14+RB14+QZ14+QX14+QV14+QT14+QR14+QP14+QN14 -> 0 | RI14: =RH14+RG14 -> 0 | SD14: =SB14+RZ14+RX14+RV14+RT14+RR14+RP14+RN14+RL14+RJ14 -> 0 | SE14: =SC14+SA14+RY14+RW14+RU14+RS14+RQ14+RO14+RM14+RK14 -> 0 | SF14: =SE14+SD14 -> 0 | TA14: =SY14+SW14+SU14+SS14+SQ14+SO14+SM14+SK14+SI14+SG14 -> 0 | TB14: =SZ14+SX14+SV14+ST14+SR14+SP14+SN14+SL14+SJ14+SH14 -> 0 | TC14: =TB14+TA14 -> 0 | TX14: =TV14+TT14+TR14+TP14+TN14+TL14+TJ14+TH14+TF14+TD14 -> 0 | TY14: =TW14+TU14+TS14+TQ14+TO14+TM14+TK14+TI14+TG14+TE14 -> 0 | TZ14: =TY14+TX14 -> 0 | UD14: 1 | UU14: =US14+UQ14+UO14+UM14+UK14+UI14+UG14+UE14+UC14+UA14 -> 0 | UV14: =UT14+UR14+UP14+UN14+UL14+UJ14+UH14+UF14+UD14+UB14 -> 1 | UW14: =UV14+UU14 -> 1 | VR14: =VP14+VN14+VL14+VJ14+VH14+VF14+VD14+VB14+UZ14+UX14 -> 0 | VS14: =VQ14+VO14+VM14+VK14+VI14+VG14+VE14+VC14+VA14+UY14 -> 0 | VT14: =VS14+VR14 -> 0 | WO14: =WM14+WK14+WI14+WG14+WE14+WC14+WA14+VY14+VW14+VU14 -> 0 | WP14: =WN14+WL14+WJ14+WH14+WF14+WD14+WB14+VZ14+VX14+VV14 -> 0 | WQ14: =WP14+WO14 -> 0 | XA14: 1 | XL14: =XJ14+XH14+XF14+XD14+XB14+WZ14+WX14+WV14+WT14+WR14 -> 0 | XM14: =XK14+XI14+XG14+XE14+XC14+XA14+WY14+WW14+WU14+WS14 -> 1 | XN14: =XM14+XL14 -> 1 | YI14: =YG14+YE14+YC14+YA14+XY14+XW14+XU14+XS14+XQ14+XO14 -> 0 | YJ14: =YH14+YF14+YD14+YB14+XZ14+XX14+XV14+XT14+XR14+XP14 -> 0 | YK14: =YJ14+YI14 -> 0 | YO14: 1 | ZF14: =ZD14+ZB14+YZ14+YX14+YV14+YT14+YR14+YP14+YN14+YL14 -> 0 | ZG14: =ZE14+ZC14+ZA14+YY14+YW14+YU14+YS14+YQ14+YO14+YM14 -> 1 | ZH14: =ZG14+ZF14 -> 1 | ZR14: 1 | AAC14: =AAA14+ZY14+ZW14+ZU14+ZS14+ZQ14+ZO14+ZM14+ZK14+ZI14 -> 0 | AAD14: =AAB14+ZZ14+ZX14+ZV14+ZT14+ZR14+ZP14+ZN14+ZL14+ZJ14 -> 1 | AAE14: =AAD14+AAC14 -> 1 | AAZ14: =AAX14+AAV14+AAT14+AAR14+AAP14+AAN14+AAL14+AAJ14+AAH14+AAF14 -> 0 | ABA14: =AAY14+AAW14+AAU14+AAS14+AAQ14+AAO14+AAM14+AAK14+AAI14+AAG14 -> 0 | ABB14: =ABA14+AAZ14 -> 0 | ABW14: =ABU14+ABS14+ABQ14+ABO14+ABM14+ABK14+ABI14+ABG14+ABE14+ABC14 -> 0 | ABX14: =ABV14+ABT14+ABR14+ABP14+ABN14+ABL14+ABJ14+ABH14+ABF14+ABD14 -> 0 | ABY14: =ABX14+ABW14 -> 0 | ACT14: =ACR14+ACP14+ACN14+ACL14+ACJ14+ACH14+ACF14+ACD14+ACB14+ABZ14 -> 0 | ACU14: =ACS14+ACQ14+ACO14+ACM14+ACK14+ACI14+ACG14+ACE14+ACC14+ACA14 -> 0 | ACV14: =ACU14+ACT14 -> 0 | ADQ14: =ADO14+ADM14+ADK14+ADI14+ADG14+ADE14+ADC14+ADA14+ACY14+ACW14 -> 0 | ADR14: =ADP14+ADN14+ADL14+ADJ14+ADH14+ADF14+ADD14+ADB14+ACZ14+ACX14 -> 0 | ADS14: =ADR14+ADQ14 -> 0 | ADT14: =ACW14+ABZ14+ABC14+AAF14+ZI14+YL14+XO14+WR14+VU14+UX14+UA14+TD14+SG14+RJ14+QM14+PP14+OS14+NV14+MY14+MB14+LE14 -> 0 | ADU14: =ACX14+ACA14+ABD14+AAG14+ZJ14+YM14+XP14+WS14+VV14+UY14+UB14+TE14+SH14+RK14+QN14+PQ14+OT14+NW14+MZ14+MC14+LF14 -> 0 | ADV14: =ACY14+ACB14+ABE14+AAH14+ZK14+YN14+XQ14+WT14+VW14+UZ14+UC14+TF14+SI14+RL14+QO14+PR14+OU14+NX14+NA14+MD14+LG14 -> 0 | ADW14: =ACZ14+ACC14+ABF14+AAI14+ZL14+YO14+XR14+WU14+VX14+VA14+UD14+TG14+SJ14+RM14+QP14+PS14+OV14+NY14+NB14+ME14+LH14 -> 10 | ADX14: =ADA14+ACD14+ABG14+AAJ14+ZM14+YP14+XS14+WV14+VY14+VB14+UE14+TH14+SK14+RN14+QQ14+PT14+OW14+NZ14+NC14+MF14+LI14 -> 0 | ADY14: =ADB14+ACE14+ABH14+AAK14+ZN14+YQ14+XT14+WW14+VZ14+VC14+UF14+TI14+SL14+RO14+QR14+PU14+OX14+OA14+ND14+MG14+LJ14 -> 0 | ADZ14: =ADC14+ACF14+ABI14+AAL14+ZO14+YR14+XU14+WX14+WA14+VD14+UG14+TJ14+SM14+RP14+QS14+PV14+OY14+OB14+NE14+MH14+LK14 -> 0 | AEA14: =ADD14+ACG14+ABJ14+AAM14+ZP14+YS14+XV14+WY14+WB14+VE14+UH14+TK14+SN14+RQ14+QT14+PW14+OZ14+OC14+NF14+MI14+LL14 -> 0 | ... AEM14: =ADP14+ACS14+ABV14+AAY14+AAB14+ZE14+YH14+XK14+WN14+VQ14+UT14+TW14+SZ14+SC14+RF14+QI14+PL14+OO14+NR14+MU14+LX14 -> 0 | AEN14: =AEL14+AEJ14+AEH14+AEF14+AED14+AEB14+ADZ14+ADX14+ADV14+ADT14 -> 0 | AEO14: =AEM14+AEK14+AEI14+AEG14+AEE14+AEC14+AEA14+ADY14+ADW14+ADU14 -> 25 | AEP14: =AEO14+AEN14 -> 25 | AER14: 4 | AET14: 4 | AEV14: 9 | AEX14: 8 | AEZ14: 8 | AFB14: =AEV14+AET14+AER14+AEZ14 -> 25 | AFC14: =SUM(AFA14:AFB14) -> 25 | AFE14: 3 | AFG14: 4 | AFI14: 14 | AFK14: 4 | AFN14: =AFL14+AFJ14+AFH14+AFF14+AFD14 -> 0 | AFO14: =AFM14+AFK14+AFI14+AFG14+AFE14 -> 25 | AFP14: =SUM(AFN14:AFO14) -> 25 | AFR14: 4 | AFT14: 20 | AFX14: 1 | AFY14: =AFW14+AFU14+AFS14+AFQ14 -> 0 | AFZ14: =AFX14+AFV14+AFT14+AFR14 -> 25 | AGA14: =AFZ14+AFY14 -> 25 | AGB14: =IF((AFY14=AFN14)*AND(AFA14=AEN14)*AND(LB14=JE14),"صح","خطأ") -> صح | AGC14: =IF((AFZ14=AFO14)*AND(AFB14=AEO14)*AND(LC14=JF14),"صح","خطأ") -> صح | AGD14: =IF((AGA14=AFP14)*AND(AFC14=AEP14)*AND(LD14=JG14),"صح","خطأ") -> صح | AGF14: 1 | AGG14: =SUM(AGE14:AGF14) -> 1 | AGJ14: =AGI14+AGH14 -> 0 | AGK14: 1 | AGN14: 1 | AGP14: 1 | AGR14: 1 | AGT14: 1 | AHB14: 1 | AHE14: =AHD14+AHC14 -> 0 | AHI14: =AHH14+AHG14+AHF14 -> 0 | AHL14: =AHK14+AHJ14 -> 0 | AHN14: 1 | AHO14: 1 | AHQ14: 2009 | AHU14: 1 | AHW14: 1 | AHY14: 1 | AIA14: 6 | AIB14: 24 | AIC14: 3 | AID14: =AIC14+AIB14 -> 27 | AII14: 1 | AIJ14: 1 | AIQ14: 1 | AIT14: 1 | AIU14: 1 | AIW14: 1 | AJB14: 1 | AJD14: 1 | AJG14: 1 | AJJ14: 1 | AJM14: 1 | AJO14: 1 | AJU14: 1 | AJW14: 1 | AJY14: 1 | AKB14: 1 | AKE14: 1 | AKG14: 1 | AKJ14: 200 | AKK14: 160 | AKN14: 13 | AKP14: 1 | AKR14: 2 | AKV14: 1 | ALA14: 1 | ALD14: 1 | ALG14: 70 | ALH14: 60 | ALI14: =ALH14+ALG14 -> 130 | ALK14: 1 | ALL14: حي الشرطة مقابل بوابة جامعة الكوفة | ALM14: عالية حسن محمد رضا | ALN14: 7807281253
A16: خلاصة مركز الكوفة | F16: =SUM(F14:F15) -> 0 | G16: =SUM(G14:G15) -> 1 | H16: =SUM(H14:H15) -> 0 | I16: =SUM(I14:I15) -> 1 | J16: =SUM(J14:J15) -> 0 | K16: =SUM(K14:K15) -> 1 | L16: =SUM(L14:L15) -> 0 | M16: =SUM(M14:M15) -> 0 | ... CL16: =SUM(CL14:CL15) -> 0 | CM16: =SUM(CM12:CM15) -> 110 | CN16: =SUM(CN12:CN15) -> 179 | CO16: =SUM(CO12:CO15) -> 289 | CP16: =SUM(CP14:CP15) -> 0 | CQ16: =SUM(CQ14:CQ15) -> 9 | CR16: =SUM(CR14:CR15) -> 0 | CS16: =SUM(CS14:CS15) -> 68 | CT16: =SUM(CT14:CT15) -> 0 | CU16: =SUM(CU14:CU15) -> 8 | CV16: =SUM(CV14:CV15) -> 0 | CW16: =SUM(CW14:CW15) -> 1 | ... JK16: =SUM(JK14:JK15) -> 0 | JN16: =SUM(JN14:JN15) -> 0 | JO16: =SUM(JO14:JO15) -> 0 | JP16: =SUM(JP14:JP15) -> 0 | JQ16: =SUM(JQ14:JQ15) -> 1 | JT16: =SUM(JT14:JT15) -> 0 | JU16: =SUM(JU14:JU15) -> 1 | JV16: =SUM(JV14:JV15) -> 0 | JW16: =SUM(JW14:JW15) -> 1 | JX16: =SUM(JX14:JX15) -> 2 | JY16: =SUM(JY14:JY15) -> 3 | JZ16: =SUM(JZ14:JZ15) -> 0 | KA16: =SUM(KA14:KA15) -> 25 | ... AGA16: =SUM(AGA14:AGA15) -> 25 | AGB16: =IF((AFY16=AFN16)*AND(AFA16=AEN16)*AND(LB16=JE16),"صح","خطأ") -> صح | AGC16: =IF((AFZ16=AFO16)*AND(AFB16=AEO16)*AND(LC16=JF16),"صح","خطأ") -> صح | AGD16: =IF((AGA16=AFP16)*AND(AFC16=AEP16)*AND(LD16=JG16),"صح","خطأ") -> صح | AGE16: =SUM(AGE14:AGE15) -> 0 | AGF16: =SUM(AGF14:AGF15) -> 1 | AGG16: =SUM(AGG14:AGG15) -> 1 | AGH16: =SUM(AGH14:AGH15) -> 0 | AGI16: =SUM(AGI14:AGI15) -> 0 | AGJ16: =SUM(AGJ14:AGJ15) -> 0 | AGK16: =SUM(AGK14:AGK15) -> 1 | AGL16: =SUM(AGL14:AGL15) -> 0 | ... AHP16: =SUM(AHP14:AHP15) -> 0 | AHT16: =SUM(AHT14:AHT15) -> 0 | AHU16: =SUM(AHU14:AHU15) -> 1 | AHV16: =SUM(AHV14:AHV15) -> 0 | AHW16: =SUM(AHW14:AHW15) -> 1 | AHX16: =SUM(AHX14:AHX15) -> 0 | AHY16: =SUM(AHY14:AHY15) -> 1 | AHZ16: =SUM(AHZ14:AHZ15) -> 0 | AIA16: =SUM(AIA14:AIA15) -> 6 | ... ALK16: =SUM(ALK14:ALK15) -> 1
A19: خلاصة ناحية العباسية | F19: =SUM(F17:F18) -> 0 | G19: =SUM(G17:G18) -> 0 | H19: =SUM(H17:H18) -> 0 | I19: =SUM(I17:I18) -> 0 | J19: =SUM(J17:J18) -> 0 | K19: =SUM(K17:K18) -> 0 | L19: =SUM(L17:L18) -> 0 | M19: =SUM(M17:M18) -> 0 | ... CL19: =SUM(CL17:CL18) -> 0 | CM19: =CK19+CI19+CG19+CE19+CC19 -> 0 | CN19: =SUM(CN17:CN18) -> 0 | CO19: =SUM(CO17:CO18) -> 0 | CP19: =SUM(CP17:CP18) -> 0 | CQ19: =SUM(CQ17:CQ18) -> 0 | CR19: =SUM(CR17:CR18) -> 0 | CS19: =SUM(CS17:CS18) -> 0 | CT19: =SUM(CT17:CT18) -> 0 | CU19: =SUM(CU17:CU18) -> 0 | ... EE19: =SUM(EE17:EE18) -> 0 | EF19: =DG19+CV19+CK19 -> 0 | EG19: =SUM(EG17:EG18) -> 0 | EH19: =SUM(EH17:EH18) -> 0 | EI19: =SUM(EI17:EI18) -> 0 | EJ19: =SUM(EJ17:EJ18) -> 0 | EK19: =SUM(EK17:EK18) -> 0 | EL19: =SUM(EL17:EL18) -> 0 | EM19: =SUM(EM17:EM18) -> 0 | EN19: =SUM(EN17:EN18) -> 0 | ... JK19: =SUM(JK17:JK18) -> 0 | JN19: =SUM(JN17:JN18) -> 0 | JO19: =SUM(JO17:JO18) -> 0 | JP19: =SUM(JP17:JP18) -> 0 | JQ19: =SUM(JQ17:JQ18) -> 0 | JT19: =SUM(JT17:JT18) -> 0 | JU19: =SUM(JU17:JU18) -> 0 | JV19: =SUM(JV17:JV18) -> 0 | JW19: =SUM(JW17:JW18) -> 0 | JX19: =SUM(JX17:JX18) -> 0 | JY19: =SUM(JY17:JY18) -> 0 | JZ19: =SUM(JZ17:JZ18) -> 0 | KA19: =SUM(KA17:KA18) -> 0 | ... AEP19: =SUM(AEP17:AEP18) -> 0 | AFA19: =SUM(AFA17:AFA18) -> 0 | AFB19: =SUM(AFB17:AFB18) -> 0 | AFC19: =SUM(AFC17:AFC18) -> 0 | AFN19: =AFL19+AFJ19+AFH19+AFF19+AFD19 -> 0 | AFO19: =AFM19+AFK19+AFI19+AFG19+AFE19 -> 0 | AFP19: =SUM(AFN19:AFO19) -> 0 | AFQ19: =SUM(AFQ17:AFQ18) -> 0 | AFR19: =SUM(AFR17:AFR18) -> 0 | AFS19: =SUM(AFS17:AFS18) -> 0 | AFT19: =SUM(AFT17:AFT18) -> 0 | AFU19: =SUM(AFU17:AFU18) -> 0 | AFV19: =SUM(AFV17:AFV18) -> 0 | AFW19: =SUM(AFW17:AFW18) -> 0 | AFX19: =SUM(AFX17:AFX18) -> 0 | ... AGA19: =SUM(AGA17:AGA18) -> 0 | AGB19: =IF((AFY19=AFN19)*AND(AFA19=AEN19)*AND(LB19=JE19),"صح","خطأ") -> صح | AGC19: =IF((AFZ19=AFO19)*AND(AFB19=AEO19)*AND(LC19=JF19),"صح","خطأ") -> صح | AGD19: =IF((AGA19=AFP19)*AND(AFC19=AEP19)*AND(LD19=JG19),"صح","خطأ") -> صح | AGE19: =SUM(AGE17:AGE18) -> 0 | AGF19: =SUM(AGF17:AGF18) -> 0 | AGG19: =SUM(AGG17:AGG18) -> 0 | AGH19: =SUM(AGH17:AGH18) -> 0 | AGI19: =SUM(AGI17:AGI18) -> 0 | AGJ19: =SUM(AGJ17:AGJ18) -> 0 | AGK19: =SUM(AGK17:AGK18) -> 0 | AGL19: =SUM(AGL17:AGL18) -> 0 | ... ALK19: =SUM(ALK17:ALK18) -> 0
A22: خلاصة ناحية الحرية | F22: =SUM(F20:F21) -> 0 | G22: =SUM(G20:G21) -> 0 | H22: =SUM(H20:H21) -> 0 | I22: =SUM(I20:I21) -> 0 | J22: =SUM(J20:J21) -> 0 | K22: =SUM(K20:K21) -> 0 | L22: =SUM(L20:L21) -> 0 | M22: =SUM(M20:M21) -> 0 | ... JK22: =SUM(JK20:JK21) -> 0 | JN22: =SUM(JN20:JN21) -> 0 | JO22: =SUM(JO20:JO21) -> 0 | JP22: =SUM(JP20:JP21) -> 0 | JQ22: =SUM(JQ20:JQ21) -> 0 | JT22: =SUM(JT20:JT21) -> 0 | JU22: =SUM(JU20:JU21) -> 0 | JV22: =SUM(JV20:JV21) -> 0 | JW22: =SUM(JW20:JW21) -> 0 | JX22: =SUM(JX20:JX21) -> 0 | JY22: =SUM(JY20:JY21) -> 0 | JZ22: =SUM(JZ20:JZ21) -> 0 | KA22: =SUM(KA20:KA21) -> 0 | ... AGA22: =SUM(AGA20:AGA21) -> 0 | AGB22: =IF((AFY22=AFN22)*AND(AFA22=AEN22)*AND(LB22=JE22),"صح","خطأ") -> صح | AGC22: =IF((AFZ22=AFO22)*AND(AFB22=AEO22)*AND(LC22=JF22),"صح","خطأ") -> صح | AGD22: =IF((AGA22=AFP22)*AND(AFC22=AEP22)*AND(LD22=JG22),"صح","خطأ") -> صح | AGE22: =SUM(AGE20:AGE21) -> 0 | AGF22: =SUM(AGF20:AGF21) -> 0 | AGG22: =SUM(AGG20:AGG21) -> 0 | AGH22: =SUM(AGH20:AGH21) -> 0 | AGI22: =SUM(AGI20:AGI21) -> 0 | AGJ22: =SUM(AGJ20:AGJ21) -> 0 | AGK22: =SUM(AGK20:AGK21) -> 0 | AGL22: =SUM(AGL20:AGL21) -> 0 | ... ALK22: =SUM(ALK20:ALK21) -> 0
A23: خلاصة قضاء الكوفة | F23: =F22+F19+F16 -> 0 | G23: =G22+G19+G16 -> 1 | H23: =H22+H19+H16 -> 0 | I23: =I22+I19+I16 -> 1 | J23: =J22+J19+J16 -> 0 | K23: =K22+K19+K16 -> 1 | L23: =L22+L19+L16 -> 0 | M23: =M22+M19+M16 -> 0 | ... JK23: =JK22+JK19+JK16 -> 0 | JN23: =JN22+JN19+JN16 -> 0 | JO23: =JO22+JO19+JO16 -> 0 | JP23: =JP22+JP19+JP16 -> 0 | JQ23: =JQ22+JQ19+JQ16 -> 1 | JT23: =JT22+JT19+JT16 -> 0 | JU23: =JU22+JU19+JU16 -> 1 | JV23: =JV22+JV19+JV16 -> 0 | JW23: =JW22+JW19+JW16 -> 1 | JX23: =JX22+JX19+JX16 -> 2 | JY23: =JY22+JY19+JY16 -> 3 | JZ23: =JZ22+JZ19+JZ16 -> 0 | KA23: =KA22+KA19+KA16 -> 25 | ... AGA23: =AGA22+AGA19+AGA16 -> 25 | AGB23: =IF((AFY23=AFN23)*AND(AFA23=AEN23)*AND(LB23=JE23),"صح","خطأ") -> صح | AGC23: =IF((AFZ23=AFO23)*AND(AFB23=AEO23)*AND(LC23=JF23),"صح","خطأ") -> صح | AGD23: =IF((AGA23=AFP23)*AND(AFC23=AEP23)*AND(LD23=JG23),"صح","خطأ") -> صح | AGE23: =AGE22+AGE19+AGE16 -> 0 | AGF23: =AGF22+AGF19+AGF16 -> 1 | AGG23: =AGG22+AGG19+AGG16 -> 1 | AGH23: =AGH22+AGH19+AGH16 -> 0 | AGI23: =AGI22+AGI19+AGI16 -> 0 | AGJ23: =AGJ22+AGJ19+AGJ16 -> 0 | AGK23: =AGK22+AGK19+AGK16 -> 1 | AGL23: =AGL22+AGL19+AGL16 -> 0 | ... ALK23: =ALK22+ALK19+ALK16 -> 1
A26: مجموع مركز المناذرة | F26: =SUM(F24:F25) -> 0 | G26: =SUM(G24:G25) -> 0 | H26: =SUM(H24:H25) -> 0 | I26: =SUM(I24:I25) -> 0 | J26: =SUM(J24:J25) -> 0 | K26: =SUM(K24:K25) -> 0 | L26: =SUM(L24:L25) -> 0 | M26: =SUM(M24:M25) -> 0 | ... JK26: =SUM(JK24:JK25) -> 0 | JN26: =SUM(JN24:JN25) -> 0 | JO26: =SUM(JO24:JO25) -> 0 | JP26: =SUM(JP24:JP25) -> 0 | JQ26: =SUM(JQ24:JQ25) -> 0 | JT26: =SUM(JT24:JT25) -> 0 | JU26: =SUM(JU24:JU25) -> 0 | JV26: =SUM(JV24:JV25) -> 0 | JW26: =SUM(JW24:JW25) -> 0 | JX26: =SUM(JX24:JX25) -> 0 | JY26: =SUM(JY24:JY25) -> 0 | JZ26: =SUM(JZ24:JZ25) -> 0 | KA26: =SUM(KA24:KA25) -> 0 | ... KW26: =SUM(KW24:KW25) -> 0 | KZ26: =SUM(KZ24:KZ25) -> 0 | LA26: =SUM(LA24:LA25) -> 0 | LB26: =SUM(LB24:LB25) -> 0 | LC26: =SUM(LC24:LC25) -> 0 | LD26: =SUM(LD24:LD25) -> 0 | LE26: =SUM(LE24:LE25) -> 0 | LF26: =SUM(LF24:LF25) -> 0 | LG26: =SUM(LG24:LG25) -> 0 | ... AEP26: =SUM(AEP24:AEP25) -> 0 | AFA26: =SUM(AFA24:AFA25) -> 0 | AFB26: =SUM(AFB24:AFB25) -> 0 | AFC26: =SUM(AFA26:AFB26) -> 0 | AFN26: =AFL26+AFJ26+AFH26+AFF26+AFD26 -> 0 | AFO26: =AFM26+AFK26+AFI26+AFG26+AFE26 -> 0 | AFP26: =SUM(AFN26:AFO26) -> 0 | AFQ26: =SUM(AFQ24:AFQ25) -> 0 | AFR26: =SUM(AFR24:AFR25) -> 0 | AFS26: =SUM(AFS24:AFS25) -> 0 | AFT26: =SUM(AFT24:AFT25) -> 0 | AFU26: =SUM(AFU24:AFU25) -> 0 | AFV26: =SUM(AFV24:AFV25) -> 0 | AFW26: =SUM(AFW24:AFW25) -> 0 | AFX26: =SUM(AFX24:AFX25) -> 0 | ... AGA26: =SUM(AGA24:AGA25) -> 0 | AGB26: =IF((AFY26=AFN26)*AND(AFA26=AEN26)*AND(LB26=JE26),"صح","خطأ") -> صح | AGC26: =IF((AFZ26=AFO26)*AND(AFB26=AEO26)*AND(LC26=JF26),"صح","خطأ") -> صح | AGD26: =IF((AGA26=AFP26)*AND(AFC26=AEP26)*AND(LD26=JG26),"صح","خطأ") -> صح | AGE26: =SUM(AGE24:AGE25) -> 0 | AGF26: =SUM(AGF24:AGF25) -> 0 | AGG26: =SUM(AGG24:AGG25) -> 0 | AGH26: =SUM(AGH24:AGH25) -> 0 | AGI26: =SUM(AGI24:AGI25) -> 0 | AGJ26: =SUM(AGJ24:AGJ25) -> 0 | AGK26: =SUM(AGK24:AGK25) -> 0 | AGL26: =SUM(AGL24:AGL25) -> 0 | ... ALK26: =SUM(ALK24:ALK25) -> 0
A28: مجموع ناحية الحيرة | F28: =SUM(F27:F27) -> 0 | G28: =SUM(G27:G27) -> 0 | H28: =SUM(H27:H27) -> 0 | I28: =SUM(I27:I27) -> 0 | J28: =SUM(J27:J27) -> 0 | K28: =SUM(K27:K27) -> 0 | L28: =SUM(L27:L27) -> 0 | M28: =SUM(M27:M27) -> 0 | ... JK28: =SUM(JK27:JK27) -> 0 | JN28: =SUM(JN27:JN27) -> 0 | JO28: =SUM(JO27:JO27) -> 0 | JP28: =SUM(JP27:JP27) -> 0 | JQ28: =SUM(JQ27:JQ27) -> 0 | JT28: =SUM(JT27:JT27) -> 0 | JU28: =SUM(JU27:JU27) -> 0 | JV28: =SUM(JV27:JV27) -> 0 | JW28: =SUM(JW27:JW27) -> 0 | JX28: =SUM(JX27:JX27) -> 0 | JY28: =SUM(JY27:JY27) -> 0 | JZ28: =SUM(JZ27:JZ27) -> 0 | KA28: =SUM(KA27:KA27) -> 0 | ... KW28: =SUM(KW27:KW27) -> 0 | KZ28: =SUM(KZ27:KZ27) -> 0 | LA28: =SUM(LA27:LA27) -> 0 | LB28: =SUM(LB27:LB27) -> 0 | LC28: =SUM(LC27:LC27) -> 0 | LD28: =SUM(LD27:LD27) -> 0 | LE28: =SUM(LE27:LE27) -> 0 | LF28: =SUM(LF27:LF27) -> 0 | LG28: =SUM(LG27:LG27) -> 0 | ... AGA28: =SUM(AGA27:AGA27) -> 0 | AGB28: =IF((AFY28=AFN28)*AND(AFA28=AEN28)*AND(LB28=JE28),"صح","خطأ") -> صح | AGC28: =IF((AFZ28=AFO28)*AND(AFB28=AEO28)*AND(LC28=JF28),"صح","خطأ") -> صح | AGD28: =IF((AGA28=AFP28)*AND(AFC28=AEP28)*AND(LD28=JG28),"صح","خطأ") -> صح | AGE28: =SUM(AGE27:AGE27) -> 0 | AGF28: =SUM(AGF27:AGF27) -> 0 | AGG28: =SUM(AGG27:AGG27) -> 0 | AGH28: =SUM(AGH27:AGH27) -> 0 | AGI28: =SUM(AGI27:AGI27) -> 0 | AGJ28: =SUM(AGJ27:AGJ27) -> 0 | AGK28: =SUM(AGK27:AGK27) -> 0 | AGL28: =SUM(AGL27:AGL27) -> 0 | ... ALK28: =SUM(ALK27:ALK27) -> 0
A29: المجموع الكلي لقضاء المناذرة | F29: =F28+F26 -> 0 | G29: =G28+G26 -> 0 | H29: =H28+H26 -> 0 | I29: =I28+I26 -> 0 | J29: =J28+J26 -> 0 | K29: =K28+K26 -> 0 | L29: =L28+L26 -> 0 | M29: =M28+M26 -> 0 | ... JK29: =JK28+JK26 -> 0 | JN29: =JN28+JN26 -> 0 | JO29: =JO28+JO26 -> 0 | JP29: =JP28+JP26 -> 0 | JQ29: =JQ28+JQ26 -> 0 | JT29: =JT28+JT26 -> 0 | JU29: =JU28+JU26 -> 0 | JV29: =JV28+JV26 -> 0 | JW29: =JW28+JW26 -> 0 | JX29: =JX28+JX26 -> 0 | JY29: =JY28+JY26 -> 0 | JZ29: =JZ28+JZ26 -> 0 | KA29: =KA28+KA26 -> 0 | ... KW29: =KW28+KW26 -> 0 | KZ29: =KZ28+KZ26 -> 0 | LA29: =LA28+LA26 -> 0 | LB29: =LB28+LB26 -> 0 | LC29: =LC28+LC26 -> 0 | LD29: =LD28+LD26 -> 0 | LE29: =LE28+LE26 -> 0 | LF29: =LF28+LF26 -> 0 | LG29: =LG28+LG26 -> 0 | ... AGA29: =AGA28+AGA26 -> 0 | AGB29: =IF((AFY29=AFN29)*AND(AFA29=AEN29)*AND(LB29=JE29),"صح","خطأ") -> صح | AGC29: =IF((AFZ29=AFO29)*AND(AFB29=AEO29)*AND(LC29=JF29),"صح","خطأ") -> صح | AGD29: =IF((AGA29=AFP29)*AND(AFC29=AEP29)*AND(LD29=JG29),"صح","خطأ") -> صح | AGE29: =AGE28+AGE26 -> 0 | AGF29: =AGF28+AGF26 -> 0 | AGG29: =AGG28+AGG26 -> 0 | AGH29: =AGH28+AGH26 -> 0 | AGI29: =AGI28+AGI26 -> 0 | AGJ29: =AGJ28+AGJ26 -> 0 | AGK29: =AGK28+AGK26 -> 0 | AGL29: =AGL28+AGL26 -> 0 | ... ALK29: =ALK28+ALK26 -> 0
A31: مجموع مركز المشخاب | F31: =SUM(F30:F30) -> 0 | G31: =SUM(G30:G30) -> 0 | H31: =SUM(H30:H30) -> 0 | I31: =SUM(I30:I30) -> 0 | J31: =SUM(J30:J30) -> 0 | K31: =SUM(K30:K30) -> 0 | L31: =SUM(L30:L30) -> 0 | M31: =SUM(M30:M30) -> 0 | ... JK31: =SUM(JK30:JK30) -> 0 | JN31: =SUM(JN30:JN30) -> 0 | JO31: =SUM(JO30:JO30) -> 0 | JP31: =SUM(JP30:JP30) -> 0 | JQ31: =SUM(JQ30:JQ30) -> 0 | JT31: =SUM(JT30:JT30) -> 0 | JU31: =SUM(JU30:JU30) -> 0 | JV31: =SUM(JV30:JV30) -> 0 | JW31: =SUM(JW30:JW30) -> 0 | JX31: =SUM(JX30:JX30) -> 0 | JY31: =SUM(JY30:JY30) -> 0 | JZ31: =SUM(JZ30:JZ30) -> 0 | KA31: =SUM(KA30:KA30) -> 0 | ... AEV31: =SUM(AEV30:AEV30) -> 0 | AFA31: =SUM(AFA30:AFA30) -> 0 | AFB31: =SUM(AFB30:AFB30) -> 0 | AFC31: =SUM(AFC30:AFC30) -> 0 | AFD31: =SUM(AFD30:AFD30) -> 0 | AFE31: =SUM(AFE30:AFE30) -> 0 | AFF31: =SUM(AFF30:AFF30) -> 0 | AFG31: =SUM(AFG30:AFG30) -> 0 | AFH31: =SUM(AFH30:AFH30) -> 0 | ... AGA31: =SUM(AGA30:AGA30) -> 0 | AGB31: =IF((AFY31=AFN31)*AND(AFA31=AEN31)*AND(LB31=JE31),"صح","خطأ") -> صح | AGC31: =IF((AFZ31=AFO31)*AND(AFB31=AEO31)*AND(LC31=JF31),"صح","خطأ") -> صح | AGD31: =IF((AGA31=AFP31)*AND(AFC31=AEP31)*AND(LD31=JG31),"صح","خطأ") -> صح | AGE31: =SUM(AGE30:AGE30) -> 0 | AGF31: =SUM(AGF30:AGF30) -> 0 | AGG31: =SUM(AGG30:AGG30) -> 0 | AGH31: =SUM(AGH30:AGH30) -> 0 | AGI31: =SUM(AGI30:AGI30) -> 0 | AGJ31: =SUM(AGJ30:AGJ30) -> 0 | AGK31: =SUM(AGK30:AGK30) -> 0 | AGL31: =SUM(AGL30:AGL30) -> 0 | ... ALK31: =SUM(ALK30:ALK30) -> 0
A33: مجموع ناحية القادسية | F33: =SUM(F32:F32) -> 0 | G33: =SUM(G32:G32) -> 0 | H33: =SUM(H32:H32) -> 0 | I33: =SUM(I32:I32) -> 0 | J33: =SUM(J32:J32) -> 0 | K33: =SUM(K32:K32) -> 0 | L33: =SUM(L32:L32) -> 0 | M33: =SUM(M32:M32) -> 0 | ... JK33: =SUM(JK32:JK32) -> 0 | JN33: =SUM(JN32:JN32) -> 0 | JO33: =SUM(JO32:JO32) -> 0 | JP33: =SUM(JP32:JP32) -> 0 | JQ33: =SUM(JQ32:JQ32) -> 0 | JT33: =SUM(JT32:JT32) -> 0 | JU33: =SUM(JU32:JU32) -> 0 | JV33: =SUM(JV32:JV32) -> 0 | JW33: =SUM(JW32:JW32) -> 0 | JX33: =SUM(JX32:JX32) -> 0 | JY33: =SUM(JY32:JY32) -> 0 | JZ33: =SUM(JZ32:JZ32) -> 0 | KA33: =SUM(KA32:KA32) -> 0 | ... AGA33: =SUM(AGA32:AGA32) -> 0 | AGB33: =IF((AFY33=AFN33)*AND(AFA33=AEN33)*AND(LB33=JE33),"صح","خطأ") -> صح | AGC33: =IF((AFZ33=AFO33)*AND(AFB33=AEO33)*AND(LC33=JF33),"صح","خطأ") -> صح | AGD33: =IF((AGA33=AFP33)*AND(AFC33=AEP33)*AND(LD33=JG33),"صح","خطأ") -> صح | AGE33: =SUM(AGE32:AGE32) -> 0 | AGF33: =SUM(AGF32:AGF32) -> 0 | AGG33: =SUM(AGG32:AGG32) -> 0 | AGH33: =SUM(AGH32:AGH32) -> 0 | AGI33: =SUM(AGI32:AGI32) -> 0 | AGJ33: =SUM(AGJ32:AGJ32) -> 0 | AGK33: =SUM(AGK32:AGK32) -> 0 | AGL33: =SUM(AGL32:AGL32) -> 0 | ... ALK33: =SUM(ALK32:ALK32) -> 0
A34: المجموع الكلي لقضاء المشخاب | F34: =F33+F31 -> 0 | G34: =G33+G31 -> 0 | H34: =H33+H31 -> 0 | I34: =I33+I31 -> 0 | J34: =J33+J31 -> 0 | K34: =K33+K31 -> 0 | L34: =L33+L31 -> 0 | M34: =M33+M31 -> 0 | ... JK34: =JK33+JK31 -> 0 | JN34: =JN33+JN31 -> 0 | JO34: =JO33+JO31 -> 0 | JP34: =JP33+JP31 -> 0 | JQ34: =JQ33+JQ31 -> 0 | JT34: =JT33+JT31 -> 0 | JU34: =JU33+JU31 -> 0 | JV34: =JV33+JV31 -> 0 | JW34: =JW33+JW31 -> 0 | JX34: =JX33+JX31 -> 0 | JY34: =JY33+JY31 -> 0 | JZ34: =JZ33+JZ31 -> 0 | KA34: =KA33+KA31 -> 0 | ... AGA34: =AGA33+AGA31 -> 0 | AGB34: =IF((AFY34=AFN34)*AND(AFA34=AEN34)*AND(LB34=JE34),"صح","خطأ") -> صح | AGC34: =IF((AFZ34=AFO34)*AND(AFB34=AEO34)*AND(LC34=JF34),"صح","خطأ") -> صح | AGD34: =IF((AGA34=AFP34)*AND(AFC34=AEP34)*AND(LD34=JG34),"صح","خطأ") -> صح | AGE34: =AGE33+AGE31 -> 0 | AGF34: =AGF33+AGF31 -> 0 | AGG34: =AGG33+AGG31 -> 0 | AGH34: =AGH33+AGH31 -> 0 | AGI34: =AGI33+AGI31 -> 0 | AGJ34: =AGJ33+AGJ31 -> 0 | AGK34: =AGK33+AGK31 -> 0 | AGL34: =AGL33+AGL31 -> 0 | ... ALK34: =ALK33+ALK31 -> 0
A35: خلاصة محافظة النجف الاشرف | F35: =F29+F23+F13+F34 -> 1 | G35: =G29+G23+G13+G34 -> 2 | H35: =H29+H23+H13+H34 -> 1 | I35: =I29+I23+I13+I34 -> 3 | J35: =J29+J23+J13+J34 -> 1 | K35: =K29+K23+K13+K34 -> 3 | L35: =L29+L23+L13+L34 -> 1 | M35: =M29+M23+M13+M34 -> 0 | ... JK35: =JK29+JK23+JK13+JK34 -> 1 | JN35: =JN29+JN23+JN13+JN34 -> 0 | JO35: =JO29+JO23+JO13+JO34 -> 1 | JP35: =JP29+JP23+JP13+JP34 -> 1 | JQ35: =JQ29+JQ23+JQ13+JQ34 -> 3 | JT35: =JT29+JT23+JT13+JT34 -> 0 | JU35: =JU29+JU23+JU13+JU34 -> 1 | JV35: =JV29+JV23+JV13+JV34 -> 0 | JW35: =JW29+JW23+JW13+JW34 -> 2 | JX35: =JX29+JX23+JX13+JX34 -> 8 | JY35: =JY29+JY23+JY13+JY34 -> 10 | JZ35: =JZ29+JZ23+JZ13+JZ34 -> 33 | KA35: =KA29+KA23+KA13+KA34 -> 59 | ... AGA35: =AGA29+AGA23+AGA13+AGA34 -> 92 | AGB35: =IF((AFY35=AFN35)*AND(AFA35=AEN35)*AND(LB35=JE35),"صح","خطأ") -> صح | AGC35: =IF((AFZ35=AFO35)*AND(AFB35=AEO35)*AND(LC35=JF35),"صح","خطأ") -> صح | AGD35: =IF((AGA35=AFP35)*AND(AFC35=AEP35)*AND(LD35=JG35),"صح","خطأ") -> صح | AGE35: =AGE29+AGE23+AGE13+AGE34 -> 2 | AGF35: =AGF29+AGF23+AGF13+AGF34 -> 5 | AGG35: =AGG29+AGG23+AGG13+AGG34 -> 7 | AGH35: =AGH29+AGH23+AGH13+AGH34 -> 1 | AGI35: =AGI29+AGI23+AGI13+AGI34 -> 0 | AGJ35: =AGJ29+AGJ23+AGJ13+AGJ34 -> 1 | AGK35: =AGK29+AGK23+AGK13+AGK34 -> 1 | AGL35: =AGL29+AGL23+AGL13+AGL34 -> 3 | ... ALK35: =ALK29+ALK23+ALK13+ALK34 -> 3

Sheet حضر
A1: مدارس الابتدائي للوقف الشيعي | F1: جنس المدرسة | I1: بيئة المدرسة | K1: دوام المدرسة | O1: استقلالية المدرسة | Q1: نوع الازدواج | U1: هل المدرسة فتح جديد | V1: تحتوي على المدرسة | Y1: عدد التلامذة المستجدين حسب العمر | AN1: عدد التلامذة المسجلين في الصف الاول الابتدائي حسب العمر والجنس | BC1: عدد التلامذة المسجلين في الصف الثاني الابتدائي حسب العمر والجنس | BP1: عدد التلامذة المسجلين في الصف الثالث الابتدائي حسب العمر والجنس | CC1: عدد التلامذة المسجلين في الصف الرابع الابتدائي حسب العمر والجنس | CP1: عدد التلامذة المسجلين في الصف الخامس الابتدائي حسب العمر والجنس | DC1: عدد التلامذة المسجلين في الصف السادس الابتدائي حسب العمر والجنس | DP1: مجموع عدد التلاميذ المسجلين حسب العمر والجنس | EO1: عدد الشعب حسب الصف والجنس | FK1: عدد التلاميذ التاركين حسب الصف والجنس للعام2026 /2025 | FZ1: عدد التلاميذ الناجحين حسب الصف والجنس للعام الدراسي2024 /2025 | GO1: عدد التلاميذ الراسبين بسبب الفشل في الامتحان و حسب الصف والجنس للعام الدراسي2024 /2025 | HD1: عدد التلاميذ الراسبين بسبب تجاوز ايام الغياب وحسب الصف والجنس للعام الدراسي2024 /2025 | HS1: عدد التلاميذ الراسبين لأسباب اخرى وحسب الصف والجنس للعام الدراسي2024 /2025 | IH1: عدد التلاميذ الراسبين لجميع الاسباب وحسب الصف والجنس للعام الدراسي2024 /2025 | IW1: اعضاء الهيئة التعليمية حسب العنوان الوظيفي | JH1: الموظفون الاداريون والخدميون حسب العنوان الوظيفي | JZ1: عدد الهيئة التعليمية حسب الجنسية | KI1: عدد اعضاء الهيئة التعليمية حسب الحالة الوظيفية | LE1: عدد اعضاء الهيئة التعليمية حسب الشهادة والتخصص | MB1: عدد اعضاء الهيئة التعليمية حسب الشهادة والتخصص | MY1: عدد اعضاء الهيئة التعليمية حسب الشهادة والتخصص | NV1: عدد اعضاء الهيئة التعليمية حسب الشهادة والتخصص | OS1: عدد اعضاء الهيئة التعليمية حسب الشهادة والتخصص | PP1: عدد اعضاء الهيئة التعليمية حسب الشهادة والتخصص | QM1: عدد اعضاء الهيئة التعليمية حسب الشهادة والتخصص | RJ1: عدد اعضاء الهيئة التعليمية حسب الشهادة والتخصص | SG1: عدد اعضاء الهيئة التعليمية حسب الشهادة والتخصص | TD1: عدد اعضاء الهيئة التعليمية حسب الشهادة والتخصص | UA1: عدد اعضاء الهيئة التعليمية حسب الشهادة والتخصص | UX1: عدد اعضاء الهيئة التعليمية حسب الشهادة والتخصص | VU1: عدد اعضاء الهيئة التعليمية حسب الشهادة والتخصص | WR1: عدد اعضاء الهيئة التعليمية حسب الشهادة والتخصص | XO1: عدد اعضاء الهيئة التعليمية حسب الشهادة والتخصص | YL1: عدد اعضاء الهيئة التعليمية حسب الشهادة والتخصص | ZI1: عدد اعضاء الهيئة التعليمية حسب الشهادة والتخصص | AAF1: عدد اعضاء الهيئة التعليمية حسب الشهادة والتخصص | ABC1: عدد اعضاء الهيئة التعليمية حسب الشهادة والتخصص | ABZ1: عدد اعضاء الهيئة التعليمية حسب الشهادة والتخصص | ACW1: عدد اعضاء الهيئة التعليمية حسب الشهادة والتخصص | ADT1: عدد اعضاء الهيئة التعليمية حسب الشهادة والتخصص | AEQ1: عدد اعضاء الهيئة التعليمية حسب سنوات الخدمة | AFQ1: عدد اعضاء الهيئة التعليمية حسب الحالة الاجتماعية | AGB1: دالة التصحيح للملاك | AGE1: عدد اعضاء الهيئة التعليمية المشاركين في الدورات التدريبية للعام السابق | AGH1: عدد التلامذة المسجلين من غير العراقيين | AGK1: التطــــبــــيـــــــــــــــــقاتـــ ( هل المدرسة مشمولة بــ : ) | AHA1: المدارس المشمولة بالتربية الخاصة | ALJ1: المختبرات المدرسية | ALL1: اقرب نقطة دالة للمدرسة | ALM1: المدير | ALN1: رقم الموبايل
AFD2: عدد اعضاء الهيئة التعليمية حسب سنوات العمر | AHO2: الأبــــنــــيــــــة المـــــــــدرســـــــية | AKJ2: التجهيزات والاثاث :- | AKP2: الحاسبات :- | AKV2: هل توجد مكتبة | ALG2: عدد الكتب والمجلات
A3: التعليم الابتدائي 2025/2026 | Y3: 5 سنوات | AA3: 6 سنوات | AC3: 7 سنوات | AE3: 8 سنوات | AG3: 9 سنوات | AI3: 10 سنوات | AK3: المجموع | KI3: داخل القوة العمل | KK3: خارج القوة العمل | LB3: المجموع | LE3: التربية الاسلامية | MB3: اللغة العربية | MY3: اللغة الانكليزية | NV3: اللغة الكردية | OS3: الرياضيات | PP3: العلوم ( علوم الحياة ) | QM3: الكيمياء | RJ3: الفيزياء | SG3: اجتماعيات | TD3: التاريخ | UA3: الجغرافية | UX3: اقتصاد منزلي | VU3: تربية خاصة | WR3: تربية وعلم النفس | XO3: التربية الفنية | YL3: التربية الرياضية | ZI3: الحاسوب | AAF3: اللغة التركمانية | ABC3: اللغة السريانية | ABZ3: عــــــــــــــام | ACW3: اخــــــــــــــــرى | ADT3: المجموع الكلي | AGK3: الارشاد التربوي | AGM3: التغذية المدرسية | AGO3: خدمة الانترنت | AGQ3: الحاسوب | AGS3: اللغات الاجنبية | AGU3: الــــلــــغــات | AHA3: هل المدرسة مشمولة بالتربية الخاصة | AHC3: عدد التلامذة | AHF3: عدد الشعب | AHJ3: عدد المعلمين | AHM3: هل المدرسة مشمولة بالفنون الصناعية | AHO3: عدد الابنية المدرسية حسب :- | AIQ3: هل البناية مزودة بخدمة المجاري | AIS3: نوع الخدمة | AIU3: هل ترتبط البناية بشبكة الماء الصالح للشرب | AIW3: مصدر الماء | AJB3: هل هناك سياج حول البناية | AJD3: نوع السياج | AJG3: حالة السياج | AJJ3: هل توجد حديقة مدرسية | AJL3: هل توجد قاعة انشطة مستقلة | AJN3: هل توجد ساحة رياضية | AJP3: نوع الساحة الرياضية | AJU3: هل تتوفر في البناية مرافق صحية | AKJ3: عدد الرحلات المزدوجة (ذات المقعدين) الصالحة | AKL3: عدد الرحلات (ذات المقعد الواحد) الصالحة | AKN3: عدد لوحات الكتابة (السبورات) الصالحة | AKP3: عدد الحاسبات الالكترونية (كومبيوتر) | AKR3: عدد الطابعات | AKT3: عدد الماسحات الضوئية (سكنرات) | AKX3: المسؤول عن المكتبة | ALC3: نوعية المكتبة
AN4: 5 سنوات | AP4: 6 سنوات | AR4: 7 سنوات | AT4: 8 سنوات | AV4: 9 سنوات | AX4: 10 سنوات | AZ4: المجموع | BC4: 7 سنوات | BE4: 8 سنوات | BG4: 9 سنوات | BI4: 10 سنوات | BK4: 11 سنة | BM4: المجموع | BP4: 8 سنوات | BR4: 9 سنوات | BT4: 10 سنوات | BV4: 11 سنة | BX4: 12 سنة | BZ4: المجموع | CC4: 9 سنوات | CE4: 10 سنوات | CG4: 11 سنة | CI4: 12 سنة | CK4: 13 سنة | CM4: المجموع | CP4: 10 سنوات | CR4: 11 سنة | CT4: 12 سنة | CV4: 13سنة | CX4: 14 سنة | CZ4: المجموع | DC4: 11 سنة | DE4: 12 سنة | DG4: 13 سنة | DI4: 14 سنة | DK4: 15 سنة | DM4: المجموع | DP4: 5 سنة | DR4: 6 سنة | DT4: 7سنة | DV4: 8سنة | DX4: 9سنة | DZ4: 10سنة | EB4: 11سنة | ED4: 12سنة | EF4: 13سنة | EH4: 14سنة | EJ4: 15سنة | EL4: المجموع الكلي | EO4: الاول الابتدائي | ER4: الثاني الابتدائي | EU4: الثالث الابتدائي | EX4: الرابع الابتدائي | FA4: الخامس الابتدائي | FD4: السادس ابتدائي | FG4: المجموع | FK4: الاول الابتدائي | FM4: الثاني الابتدائي | FO4: الثالث الابتدائي | FQ4: الرابع الابتدائي | FS4: الخامس الابتدائي | FU4: السادس الابتدائي | FW4: المجموع | FZ4: الاول الابتدائي | GB4: الثاني الابتدائي | GD4: الثالث الابتدائي | GF4: الرابع الابتدائي | GH4: الخامس الابتدائي | GJ4: السادس الابتدائي | GL4: المجموع | GO4: الاول الابتدائي | GQ4: الثاني الابتدائي | GS4: الثالث الابتدائي | GU4: الرابع الابتدائي | GW4: الخامس الابتدائي | GY4: السادس الابتدائي | HA4: المجموع | HD4: الاول الابتدائي | HF4: الثاني الابتدائي | HH4: الثالث الابتدائي | HJ4: الرابع الابتدائي | HL4: الخامس الابتدائي | HN4: السادس الابتدائي | HP4: المجموع | HS4: الاول الابتدائي | HU4: الثاني الابتدائي | HW4: الثالث الابتدائي | HY4: الرابع الابتدائي | IA4: الخامس الابتدائي | IC4: السادس الابتدائي | IE4: المجموع | IH4: الاول الابتدائي | IJ4: الثاني الابتدائي | IL4: الثالث الابتدائي | IN4: الرابع الابتدائي | IP4: الخامس الابتدائي | IR4: السادس الابتدائي | IT4: المجموع | IW4: مدير | IY4: معاون | JA4: معلم | JC4: مرشد تربوي | JE4: المجموع | JH4: موظف ادارة | JJ4: محاسب | JL4: كاتب | JN4: امين مكتبة | JP4: موظف خدمات | JR4: حرفي | JT4: فلاح | JU4: حارس | JV4: سائق | JW4: المجموع | JZ4: عراقية | KB4: عربية | KD4: اجنبية | KF4: المجموع | KK4: بعثة او زمالة دراسية | KM4: اجازة دراسية | KO4: اجازة مصاحبة | KQ4: اجازة بدون راتب | KS4: اجازة مرضية طويلة | KU4: اجازة الامومة | KV4: منسب الى جهة اخرى | KX4: 5-4سنوات | KZ4: المجموع | LE4: اعدادية ومهنية ودور المعلمات (دورات تربوية) | LG4: دبلوم تعليمي لمعهد المعلمين والمعاهد المركزية | LI4: دبلوم فنون جميلة | LK4: دبلوم عام | LM4: بكلوريوس تعليمية | LO4: بكلوريوس عام | LQ4: دبلوم عالي | LS4: ماجستير | LU4: دكتوراه | LW4: اخرى | LY4: المجموع | MB4: اعدادية ومهنية ودور المعلمات | MD4: دبلوم تعليمي لمعهد المعلمين والمعاهد المركزية | MF4: دبلوم فنون جميلة | MH4: دبلوم عام | MJ4: بكلوريوس تعليمية | ML4: بكالوريوس عام | MN4: دبلوم عالي | MP4: ماجستير | MR4: دكتوراه | MT4: اخرى | MV4: المجموع | MY4: اعدادية ومهنية ودور المعلمات | NA4: دبلوم تعليمي لمعهد المعلمين والمعاهد المركزية | NC4: دبلوم فنون جميلة | NE4: دبلوم عام | NG4: بكلوريوس تعليمية | NI4: بكالوريوس عام | NK4: دبلوم عالي | NM4: ماجستير | NO4: دكتوراه | NQ4: اخرى | NS4: المجموع | NV4: اعدادية ومهنية ودور المعلمات | NX4: دبلوم تعليمي لمعهد المعلمين والمعاهد المركزية | NZ4: دبلوم فنون جميلة | OB4: دبلوم عام | OD4: بكلوريوس تعليمية | OF4: بكالوريوس عام | OH4: دبلوم عالي | OJ4: ماجستير | OL4: دكتوراه | ON4: اخرى | OP4: المجموع | OS4: اعدادية ومهنية ودور المعلمات | OU4: دبلوم تعليمي لمعهد المعلمين والمعاهد المركزية | OW4: دبلوم فنون جميلة | OY4: دبلوم عام | PA4: بكلوريوس تعليمية | PC4: بكالوريوس عام | PE4: دبلوم عالي | PG4: ماجستير | PI4: دكتوراه | PK4: اخرى | PM4: المجموع | PP4: اعدادية ومهنية ودور المعلمات | PR4: دبلوم تعليمي لمعهد المعلمين والمعاهد المركزية | PT4: دبلوم فنون جميلة | PV4: دبلوم عام | PX4: بكلوريوس تعليمية | PZ4: بكالوريوس عام | QB4: دبلوم عالي | QD4: ماجستير | QF4: دكتوراه | QH4: اخرى | QJ4: المجموع | QM4: اعدادية ومهنية ودور المعلمات | QO4: دبلوم تعليمي لمعهد المعلمين والمعاهد المركزية | QQ4: دبلوم فنون جميلة | QS4: دبلوم عام | QU4: بكلوريوس تعليمية | QW4: بكالوريوس عام | QY4: دبلوم عالي | RA4: ماجستير | RC4: دكتوراه | RE4: اخرى | RG4: المجموع | RJ4: اعدادية ومهنية ودور المعلمات | RL4: دبلوم تعليمي لمعهد المعلمين والمعاهد المركزية | RN4: دبلوم فنون جميلة | RP4: دبلوم عام | RR4: بكلوريوس تعليمية | RT4: بكالوريوس عام | RV4: دبلوم عالي | RX4: ماجستير | RZ4: دكتوراه | SB4: اخرى | SD4: المجموع | SG4: اعدادية ومهنية ودور المعلمات | SI4: دبلوم تعليمي لمعهد المعلمين والمعاهد المركزية | SK4: دبلوم فنون جميلة | SM4: دبلوم عام | SO4: بكلوريوس تعليمية | SQ4: بكالوريوس عام | SS4: دبلوم عالي | SU4: ماجستير | SW4: دكتوراه | SY4: اخرى | TA4: المجموع | TD4: اعدادية ومهنية ودور المعلمات | TF4: دبلوم تعليمي لمعهد المعلمين والمعاهد المركزية | TH4: دبلوم فنون جميلة | TJ4: دبلوم عام | TL4: بكلوريوس تعليمية | TN4: بكالوريوس عام | TP4: دبلوم عالي | TR4: ماجستير | TT4: دكتوراه | TV4: اخرى | TX4: المجموع | UA4: اعدادية ومهنية ودور المعلمات | UC4: دبلوم تعليمي لمعهد المعلمين والمعاهد المركزية | UE4: دبلوم فنون جميلة | UG4: دبلوم عام | UI4: بكلوريوس تعليمية | UK4: بكالوريوس عام | UM4: دبلوم عالي | UO4: ماجستير | UQ4: دكتوراه | US4: اخرى | UU4: المجموع | UX4: اعدادية ومهنية ودور المعلمات | UZ4: دبلوم تعليمي لمعهد المعلمين والمعاهد المركزية | VB4: دبلوم فنون جميلة | VD4: دبلوم عام | VF4: بكلوريوس تعليمية | VH4: بكالوريوس عام | VJ4: دبلوم عالي | VL4: ماجستير | VN4: دكتوراه | VP4: اخرى | VR4: المجموع | VU4: اعدادية ومهنية ودور المعلمات | VW4: دبلوم تعليمي لمعهد المعلمين والمعاهد المركزية | VY4: دبلوم فنون جميلة | WA4: دبلوم عام | WC4: بكلوريوس تعليمية | WE4: بكالوريوس عام | WG4: دبلوم عالي | WI4: ماجستير | WK4: دكتوراه | WM4: اخرى | WO4: المجموع | WR4: اعدادية ومهنية ودور المعلمات | WT4: دبلوم تعليمي لمعهد المعلمين والمعاهد المركزية | WV4: دبلوم فنون جميلة | WX4: دبلوم عام | WZ4: بكلوريوس تعليمية | XB4: بكالوريوس عام | XD4: دبلوم عالي | XF4: ماجستير | XH4: دكتوراه | XJ4: اخرى | XL4: المجموع | XO4: اعدادية ومهنية ودور المعلمات | XQ4: دبلوم تعليمي لمعهد المعلمين والمعاهد المركزية | XS4: دبلوم فنون جميلة | XU4: دبلوم عام | XW4: بكلوريوس تعليمية | XY4: بكالوريوس عام | YA4: دبلوم عالي | YC4: ماجستير | YE4: دكتوراه | YG4: اخرى | YI4: المجموع | YL4: اعدادية ومهنية ودور المعلمات | YN4: دبلوم تعليمي لمعهد المعلمين والمعاهد المركزية | YP4: دبلوم فنون جميلة | YR4: دبلوم عام | YT4: بكلوريوس تعليمية | YV4: بكالوريوس عام | YX4: دبلوم عالي | YZ4: ماجستير | ZB4: دكتوراه | ZD4: اخرى | ZF4: المجموع | ZI4: اعدادية ومهنية ودور المعلمات | ZK4: دبلوم تعليمي لمعهد المعلمين والمعاهد المركزية | ZM4: دبلوم فنون جميلة | ZO4: دبلوم عام | ZQ4: بكلوريوس تعليمية | ZS4: بكالوريوس عام | ZU4: دبلوم عالي | ZW4: ماجستير | ZY4: دكتوراه | AAA4: اخرى | AAC4: المجموع | AAF4: اعدادية ومهنية ودور المعلمات | AAH4: دبلوم تعليمي لمعهد المعلمين والمعاهد المركزية | AAJ4: دبلوم فنون جميلة | AAL4: دبلوم عام | AAN4: بكلوريوس تعليمية | AAP4: بكالوريوس عام | AAR4: دبلوم عالي | AAT4: ماجستير | AAV4: دكتوراه | AAX4: اخرى | AAZ4: المجموع | ABC4: اعدادية ومهنية ودور المعلمات | ABE4: دبلوم تعليمي لمعهد المعلمين والمعاهد المركزية | ABG4: دبلوم فنون جميلة | ABI4: دبلوم عام | ABK4: بكلوريوس تعليمية | ABM4: بكالوريوس عام | ABO4: دبلوم عالي | ABQ4: ماجستير | ABS4: دكتوراه | ABU4: اخرى | ABW4: المجموع | ABZ4: اعدادية ومهنية ودور المعلمات | ACB4: دبلوم تعليمي لمعهد المعلمين والمعاهد المركزية | ACD4: دبلوم فنون جميلة | ACF4: دبلوم عام | ACH4: بكلوريوس تعليمية | ACJ4: بكالوريوس عام | ACL4: دبلوم عالي | ACN4: ماجستير | ACP4: دكتوراه | ACR4: اخرى | ACT4: المجموع | ACW4: اعدادية ومهنية ودور المعلمات | ACY4: دبلوم تعليمي لمعهد المعلمين والمعاهد المركزية | ADA4: دبلوم فنون جميلة | ADC4: دبلوم عام | ADE4: بكلوريوس تعليمية | ADG4: بكالوريوس عام | ADI4: دبلوم عالي | ADK4: ماجستير | ADM4: دكتوراه | ADO4: اخرى | ADQ4: المجموع | ADT4: اعدادية ومهنية ودور المعلمات | ADV4: دبلوم تعليمي لمعهد المعلمين والمعاهد المركزية | ADX4: دبلوم فنون جميلة | ADZ4: دبلوم عام | AEB4: بكلوريوس تعليمية | AED4: بكالوريوس عام | AEF4: دبلوم عالي | AEH4: ماجستير | AEJ4: دكتوراه | AEL4: اخرى | AEN4: المجموع | AEQ4: خمس سنوات ـ فأقل | AES4: 6ــــ10 | AEU4: 11ــــ15 | AEW4: 11ــــ16 | AEY4: اكثرمن 16 | AFA4: المجموع | AFD4: اقل من 30 | AFF4: 30ـ 39 | AFH4: 40ــ49 | AFJ4: 50ــ59 | AFL4: 60 فأكثر ــ | AFN4: المجموع | AFQ4: اعزب | AFS4: متزوج | AFU4: ارمل | AFW4: مطلق | AFY4: المجموع | AGE4: عدد المعلمين | AGU4: فرنسي | AGV4: روسي | AGW4: اسباني | AGX4: كردي | AGY4: تركماني | AGZ4: سرياني | AHO4: نوع البناء | AHQ4: البناية | AHT4: هل توجد مساحة للتوسع | AHV4: عدد الطوابق | AHY4: هل المدرسة بحاجة الى صفوف اضافية | AIA4: عدد الصفوف التي تحتاجها المدرسة | AIB4: عدد الصفوف الكلي | AIC4: عدد الغرف الاخرى | AID4: المجموع | AIE4: حجم المدرسة | AIJ4: مادة البناء | AKA4: عدد المدارس التي تشغلها | AKD4: العائدية | AKG4: الحالة العمرانية | ALJ4: مختبر العلوم يخص المرحلة الابتدائية
A5: القضاء | B5: الناحية | C5: ت | D5: الرقم الاحصائي | E5: اسم المدرسة | F5: بنون | G5: بنات | H5: مختلط | I5: حضر | J5: ريف | K5: صباحا | L5: ظهرا | M5: صباحا وظهرا | N5: مساءا | O5: اصلية | P5: ضيف | Q5: غير مزدوجة | R5: مع نفسها | S5: مع اخرى | T5: مع نفسها ومع اخرى | U5: مدارس فتح جديد | V5: صفوف تربية خاصة | W5: صفوف يافعين | X5: فنون صناعية | Y5: بنون | Z5: بنات | AA5: بنون | AB5: بنات | AC5: بنون | AD5: بنات | AE5: بنون | AF5: بنات | AG5: بنون | AH5: بنات | AI5: بنون | AJ5: بنات | AK5: بنون | AL5: بنات | AM5: المجموع | AN5: بنون | AO5: بنات | AP5: بنون | AQ5: بنات | AR5: بنون | AS5: بنات | AT5: بنون | AU5: بنات | AV5: بنون | AW5: بنات | AX5: بنون | AY5: بنات | AZ5: بنون | BA5: بنات | BB5: المجموع | BC5: بنون | BD5: بنات | BE5: بنون | BF5: بنات | BG5: بنون | BH5: بنات | BI5: بنون | BJ5: بنات | BK5: بنون | BL5: بنات | BM5: بنون | BN5: بنات | BO5: المجموع | BP5: بنون | BQ5: بنات | BR5: بنون | BS5: بنات | BT5: بنون | BU5: بنات | BV5: بنون | BW5: بنات | BX5: بنون | BY5: بنات | BZ5: بنون | CA5: بنات | CB5: المجموع | CC5: بنون | CD5: بنات | CE5: بنون | CF5: بنات | CG5: بنون | CH5: بنات | CI5: بنون | CJ5: بنات | CK5: بنون | CL5: بنات | CM5: بنون | CN5: بنات | CO5: المجموع | CP5: بنون | CQ5: بنات | CR5: بنون | CS5: بنات | CT5: بنون | CU5: بنات | CV5: بنون | CW5: بنات | CX5: بنون | CY5: بنات | CZ5: بنون | DA5: بنات | DB5: المجموع | DC5: بنون | DD5: بنات | DE5: بنون | DF5: بنات | DG5: بنون | DH5: بنات | DI5: بنون | DJ5: بنات | DK5: بنون | DL5: بنات | DM5: بنون | DN5: بنات | DO5: المجموع | DP5: بنون | DQ5: بنات | DR5: بنون | DS5: بنات | DT5: بنون | DU5: بنات | DV5: بنون | DW5: بنات | DX5: بنون | DY5: بنات | DZ5: بنون | EA5: بنات | EB5: بنون | EC5: بنات | EE5: بنات | EF5: بنون | EG5: بنات | EH5: بنون | EI5: بنات | EJ5: بنون | EK5: بنات | EL5: بنون | EM5: بنات | EN5: المجموع | EO5: بنون | EP5: بنات | EQ5: مختلط | ER5: بنون | ES5: بنات | ET5: مختلط | EU5: بنون | EV5: بنات | EW5: مختلط | EX5: بنون | EY5: بنات | EZ5: مختلط | FA5: بنون | FB5: بنات | FC5: مختلط | FD5: بنون | FE5: بنات | FF5: مختلط | FG5: بنون | FH5: بنات | FI5: مختلط | FJ5: المجموع | FK5: بنون | FL5: بنات | FM5: بنون | FN5: بنات | FO5: بنون | FP5: بنات | FQ5: بنون | FR5: بنات | FS5: بنون | FT5: بنات | FU5: بنون | FV5: بنات | FW5: بنون | FX5: بنات | FY5: المجموع | FZ5: بنون | GA5: بنات | GB5: بنون | GC5: بنات | GD5: بنون | GE5: بنات | GF5: بنون | GG5: بنات | GH5: بنون | GI5: بنات | GJ5: بنون | GK5: بنات | GL5: بنون | GM5: بنات | GN5: المجموع | GO5: بنون | GP5: بنات | GQ5: بنون | GR5: بنات | GS5: بنون | GT5: بنات | GU5: بنون | GV5: بنات | GW5: بنون | GX5: بنات | GY5: بنون | GZ5: بنات | HA5: بنون | HB5: بنات | HC5: المجموع | HD5: بنون | HE5: بنات | HF5: بنون | HG5: بنات | HH5: بنون | HI5: بنات | HJ5: بنون | HK5: بنات | HL5: بنون | HM5: بنات | HN5: بنون | HO5: بنات | HP5: بنون | HQ5: بنات | HR5: المجموع | HS5: بنون | HT5: بنات | HU5: بنون | HV5: بنات | HW5: بنون | HX5: بنات | HY5: بنون | HZ5: بنات | IA5: بنون | IB5: بنات | IC5: بنون | ID5: بنات | IE5: بنون | IF5: بنات | IG5: المجموع | IH5: بنون | II5: بنات | IJ5: بنون | IK5: بنات | IL5: بنون | IM5: بنات | IN5: بنون | IO5: بنات | IP5: بنون | IQ5: بنات | IR5: بنون | IS5: بنات | IT5: بنون | IU5: بنات | IV5: المجموع | IW5: ذكور | IX5: اناث | IY5: ذكور | IZ5: اناث | JA5: ذكور | JB5: اناث | JC5: ذكور | JD5: اناث | JE5: ذكور | JF5: اناث | JG5: المجموع | JH5: ذكور | JI5: اناث | JJ5: ذكور | JK5: اناث | JL5: ذكور | JM5: اناث | JN5: ذكور | JO5: اناث | JP5: ذكور | JQ5: اناث | JR5: ذكور | JS5: اناث | JT5: ذكور | JU5: ذكور | JV5: ذكور | JW5: ذكور | JX5: اناث | JY5: المجموع | JZ5: ذكور | KA5: اناث | KB5: ذكور | KC5: اناث | KD5: ذكور | KE5: اناث | KF5: ذكور | KG5: اناث | KH5: المجموع | KI5: ذكور | KJ5: اناث | KK5: ذكور | KL5: اناث | KM5: ذكور | KN5: اناث | KO5: ذكور | KP5: اناث | KQ5: ذكور | KR5: اناث | KS5: ذكور | KT5: اناث | KU5: اناث | KV5: ذكور | KW5: اناث | KX5: ذكور | KY5: اناث | KZ5: ذكور | LA5: اناث | LB5: ذكور | LC5: اناث | LD5: المجموع | LE5: ذكور | LF5: اناث | LG5: ذكور | LH5: اناث | LI5: ذكور | LJ5: اناث | LK5: ذكور | LL5: اناث | LM5: ذكور | LN5: اناث | LO5: ذكور | LP5: اناث | LQ5: ذكور | LR5: اناث | LS5: ذكور | LT5: اناث | LU5: ذكور | LV5: اناث | LW5: ذكور | LX5: اناث | LY5: ذكور | LZ5: اناث | MA5: المجموع | MB5: ذكور | MC5: اناث | MD5: ذكور | ME5: اناث | MF5: ذكور | MG5: اناث | MH5: ذكور | MI5: اناث | MJ5: ذكور | MK5: اناث | ML5: ذكور | MM5: اناث | MN5: ذكور | MO5: اناث | MP5: ذكور | MQ5: اناث | MR5: ذكور | MS5: اناث | MT5: ذكور | MU5: اناث | MV5: ذكور | MW5: اناث | MX5: المجموع | MY5: ذكور | MZ5: اناث | NA5: ذكور | NB5: اناث | NC5: ذكور | ND5: اناث | NE5: ذكور | NF5: اناث | NG5: ذكور | NH5: اناث | NI5: ذكور | NJ5: اناث | NK5: ذكور | NL5: اناث | NM5: ذكور | NN5: اناث | NO5: ذكور | NP5: اناث | NQ5: ذكور | NR5: اناث | NS5: ذكور | NT5: اناث | NU5: المجموع | NV5: ذكور | NW5: اناث | NX5: ذكور | NY5: اناث | NZ5: ذكور | OA5: اناث | OB5: ذكور | OC5: اناث | OD5: ذكور | OE5: اناث | OF5: ذكور | OG5: اناث | OH5: ذكور | OI5: اناث | OJ5: ذكور | OK5: اناث | OL5: ذكور | OM5: اناث | ON5: ذكور | OO5: اناث | OP5: ذكور | OQ5: اناث | OR5: المجموع | OS5: ذكور | OT5: اناث | OU5: ذكور | OV5: اناث | OW5: ذكور | OX5: اناث | OY5: ذكور | OZ5: اناث | PA5: ذكور | PB5: اناث | PC5: ذكور | PD5: اناث | PE5: ذكور | PF5: اناث | PG5: ذكور | PH5: اناث | PI5: ذكور | PJ5: اناث | PK5: ذكور | PL5: اناث | PM5: ذكور | PN5: اناث | PO5: المجموع | PP5: ذكور | PQ5: اناث | PR5: ذكور | PS5: اناث | PT5: ذكور | PU5: اناث | PV5: ذكور | PW5: اناث | PX5: ذكور | PY5: اناث | PZ5: ذكور | QA5: اناث | QB5: ذكور | QC5: اناث | QD5: ذكور | QE5: اناث | QF5: ذكور | QG5: اناث | QH5: ذكور | QI5: اناث | QJ5: ذكور | QK5: اناث | QL5: المجموع | QM5: ذكور | QN5: اناث | QO5: ذكور | QP5: اناث | QQ5: ذكور | QR5: اناث | QS5: ذكور | QT5: اناث | QU5: ذكور | QV5: اناث | QW5: ذكور | QX5: اناث | QY5: ذكور | QZ5: اناث | RA5: ذكور | RB5: اناث | RC5: ذكور | RD5: اناث | RE5: ذكور | RF5: اناث | RG5: ذكور | RH5: اناث | RI5: المجموع | RJ5: ذكور | RK5: اناث | RL5: ذكور | RM5: اناث | RN5: ذكور | RO5: اناث | RP5: ذكور | RQ5: اناث | RR5: ذكور | RS5: اناث | RT5: ذكور | RU5: اناث | RV5: ذكور | RW5: اناث | RX5: ذكور | RY5: اناث | RZ5: ذكور | SA5: اناث | SB5: ذكور | SC5: اناث | SD5: ذكور | SE5: اناث | SF5: المجموع | SG5: ذكور | SH5: اناث | SI5: ذكور | SJ5: اناث | SK5: ذكور | SL5: اناث | SM5: ذكور | SN5: اناث | SO5: ذكور | SP5: اناث | SQ5: ذكور | SR5: اناث | SS5: ذكور | ST5: اناث | SU5: ذكور | SV5: اناث | SW5: ذكور | SX5: اناث | SY5: ذكور | SZ5: اناث | TA5: ذكور | TB5: اناث | TC5: المجموع | TD5: ذكور | TE5: اناث | TF5: ذكور | TG5: اناث | TH5: ذكور | TI5: اناث | TJ5: ذكور | TK5: اناث | TL5: ذكور | TM5: اناث | TN5: ذكور | TO5: اناث | TP5: ذكور | TQ5: اناث | TR5: ذكور | TS5: اناث | TT5: ذكور | TU5: اناث | TV5: ذكور | TW5: اناث | TX5: ذكور | TY5: اناث | TZ5: المجموع | UA5: ذكور | UB5: اناث | UC5: ذكور | UD5: اناث | UE5: ذكور | UF5: اناث | UG5: ذكور | UH5: اناث | UI5: ذكور | UJ5: اناث | UK5: ذكور | UL5: اناث | UM5: ذكور | UN5: اناث | UO5: ذكور | UP5: اناث | UQ5: ذكور | UR5: اناث | US5: ذكور | UT5: اناث | UU5: ذكور | UV5: اناث | UW5: المجموع | UX5: ذكور | UY5: اناث | UZ5: ذكور | VA5: اناث | VB5: ذكور | VC5: اناث | VD5: ذكور | VE5: اناث | VF5: ذكور | VG5: اناث | VH5: ذكور | VI5: اناث | VJ5: ذكور | VK5: اناث | VL5: ذكور | VM5: اناث | VN5: ذكور | VO5: اناث | VP5: ذكور | VQ5: اناث | VR5: ذكور | VS5: اناث | VT5: المجموع | VU5: ذكور | VV5: اناث | VW5: ذكور | VX5: اناث | VY5: ذكور | VZ5: اناث | WA5: ذكور | WB5: اناث | WC5: ذكور | WD5: اناث | WE5: ذكور | WF5: اناث | WG5: ذكور | WH5: اناث | WI5: ذكور | WJ5: اناث | WK5: ذكور | WL5: اناث | WM5: ذكور | WN5: اناث | WO5: ذكور | WP5: اناث | WQ5: المجموع | WR5: ذكور | WS5: اناث | WT5: ذكور | WU5: اناث | WV5: ذكور | WW5: اناث | WX5: ذكور | WY5: اناث | WZ5: ذكور | XA5: اناث | XB5: ذكور | XC5: اناث | XD5: ذكور | XE5: اناث | XF5: ذكور | XG5: اناث | XH5: ذكور | XI5: اناث | XJ5: ذكور | XK5: اناث | XL5: ذكور | XM5: اناث | XN5: المجموع | XO5: ذكور | XP5: اناث | XQ5: ذكور | XR5: اناث | XS5: ذكور | XT5: اناث | XU5: ذكور | XV5: اناث | XW5: ذكور | XX5: اناث | XY5: ذكور | XZ5: اناث | YA5: ذكور | YB5: اناث | YC5: ذكور | YD5: اناث | YE5: ذكور | YF5: اناث | YG5: ذكور | YH5: اناث | YI5: ذكور | YJ5: اناث | YK5: المجموع | YL5: ذكور | YM5: اناث | YN5: ذكور | YO5: اناث | YP5: ذكور | YQ5: اناث | YR5: ذكور | YS5: اناث | YT5: ذكور | YU5: اناث | YV5: ذكور | YW5: اناث | YX5: ذكور | YY5: اناث | YZ5: ذكور | ZA5: اناث | ZB5: ذكور | ZC5: اناث | ZD5: ذكور | ZE5: اناث | ZF5: ذكور | ZG5: اناث | ZH5: المجموع | ZI5: ذكور | ZJ5: اناث | ZK5: ذكور | ZL5: اناث | ZM5: ذكور | ZN5: اناث | ZO5: ذكور | ZP5: اناث | ZQ5: ذكور | ZR5: اناث | ZS5: ذكور | ZT5: اناث | ZU5: ذكور | ZV5: اناث | ZW5: ذكور | ZX5: اناث | ZY5: ذكور | ZZ5: اناث | AAA5: ذكور | AAB5: اناث | AAC5: ذكور | AAD5: اناث | AAE5: المجموع | AAF5: ذكور | AAG5: اناث | AAH5: ذكور | AAI5: اناث | AAJ5: ذكور | AAK5: اناث | AAL5: ذكور | AAM5: اناث | AAN5: ذكور | AAO5: اناث | AAP5: ذكور | AAQ5: اناث | AAR5: ذكور | AAS5: اناث | AAT5: ذكور | AAU5: اناث | AAV5: ذكور | AAW5: اناث | AAX5: ذكور | AAY5: اناث | AAZ5: ذكور | ABA5: اناث | ABB5: المجموع | ABC5: ذكور | ABD5: اناث | ABE5: ذكور | ABF5: اناث | ABG5: ذكور | ABH5: اناث | ABI5: ذكور | ABJ5: اناث | ABK5: ذكور | ABL5: اناث | ABM5: ذكور | ABN5: اناث | ABO5: ذكور | ABP5: اناث | ABQ5: ذكور | ABR5: اناث | ABS5: ذكور | ABT5: اناث | ABU5: ذكور | ABV5: اناث | ABW5: ذكور | ABX5: اناث | ABY5: المجموع | ABZ5: ذكور | ACA5: اناث | ACB5: ذكور | ACC5: اناث | ACD5: ذكور | ACE5: اناث | ACF5: ذكور | ACG5: اناث | ACH5: ذكور | ACI5: اناث | ACJ5: ذكور | ACK5: اناث | ACL5: ذكور | ACM5: اناث | ACN5: ذكور | ACO5: اناث | ACP5: ذكور | ACQ5: اناث | ACR5: ذكور | ACS5: اناث | ACT5: ذكور | ACU5: اناث | ACV5: المجموع | ACW5: ذكور | ACX5: اناث | ACY5: ذكور | ACZ5: اناث | ADA5: ذكور | ADB5: اناث | ADC5: ذكور | ADD5: اناث | ADE5: ذكور | ADF5: اناث | ADG5: ذكور | ADH5: اناث | ADI5: ذكور | ADJ5: اناث | ADK5: ذكور | ADL5: اناث | ADM5: ذكور | ADN5: اناث | ADO5: ذكور | ADP5: اناث | ADQ5: ذكور | ADR5: اناث | ADS5: المجموع | ADT5: ذكور | ADU5: اناث | ADV5: ذكور | ADW5: اناث | ADX5: ذكور | ADY5: اناث | ADZ5: ذكور | AEA5: اناث | AEB5: ذكور | AEC5: اناث | AED5: ذكور | AEE5: اناث | AEF5: ذكور | AEG5: اناث | AEH5: ذكور | AEI5: اناث | AEJ5: ذكور | AEK5: اناث | AEL5: ذكور | AEM5: اناث | AEN5: ذكور | AEO5: اناث | AEP5: المجموع الكلي | AEQ5: ذكور | AER5: اناث | AES5: ذكور | AET5: اناث | AEU5: ذكور | AEV5: اناث | AEW5: ذكور | AEX5: اناث | AEY5: ذكور | AEZ5: اناث | AFA5: ذكور | AFB5: اناث | AFC5: المجموع الكلي | AFD5: ذكور | AFE5: اناث | AFF5: ذكور | AFG5: اناث | AFH5: ذكور | AFI5: اناث | AFJ5: ذكور | AFK5: اناث | AFL5: ذكور | AFM5: اناث | AFN5: ذكور | AFO5: اناث | AFP5: المجموع الكلي | AFQ5: ذكور | AFR5: اناث | AFS5: ذكور | AFT5: اناث | AFU5: ذكور | AFV5: اناث | AFW5: ذكور | AFX5: اناث | AFY5: ذكور | AFZ5: اناث | AGA5: المجموع | AGB5: ذكور | AGC5: اناث | AGD5: المجموع | AGE5: ذكور | AGF5: اناث | AGG5: المجموع | AGH5: بنون | AGI5: بنات | AGJ5: المجموع | AGK5: نعم | AGL5: كلا | AGM5: نعم | AGN5: كلا | AGO5: نعم | AGP5: كلا | AGQ5: نعم | AGR5: كلا | AGS5: نعم | AGT5: كلا | AHA5: نعم | AHB5: كلا | AHC5: بنون | AHD5: بنات | AHE5: مجموع | AHF5: بنون | AHG5: بنات | AHH5: مختلط | AHI5: مجموع | AHJ5: ذكور | AHK5: اناث | AHL5: مجموع | AHM5: نعم | AHN5: كلا | AHO5: مدرسي | AHP5: غير مدرسي | AHQ5: سنة البناء | AHR5: رقم القطعة | AHS5: رقم المقاطعة | AHT5: نعم | AHU5: كلا | AHV5: طابق واحد | AHW5: طابقين | AHX5: ثلاث طوابق | AHY5: نعم | AHZ5: كلا | AIE5: 6صف | AIF5: 9صف | AIG5: 12صف | AIH5: 18صف | AII5: 24صف | AIJ5: طابوق او حجر او بلوك | AIK5: طين | AIL5: صريفة او خيمة | AIM5: هياكل حديدية | AIN5: بناء جاهز | AIO5: كرفان | AIP5: اخرى | AIQ5: نعم | AIR5: كلا | AIS5: شبكة المجاري | AIT5: خزانات | AIU5: نعم | AIV5: كلا | AIW5: بلدية | AIX5: بئر عميق | AIY5: نهر | AIZ5: صهاريج | AJA5: اخرى | AJB5: نعم | AJC5: كلا | AJD5: بناء | AJE5: اسلاك | AJF5: اخرى | AJG5: جيد | AJH5: متصدع | AJI5: غيرامن | AJJ5: نعم | AJK5: كلا | AJL5: نعم | AJM5: كلا | AJN5: نعم | AJO5: كلا | AJP5: كرة قدم | AJQ5: كرة سلة | AJR5: كرة طائرة | AJS5: ساحة رياضية | AJT5: اخرى | AJU5: نعم | AJV5: كلا | AJW5: صالحة | AJX5: غير صالحة | AJY5: كافية | AJZ5: غير كافية | AKA5: مدرسة واحدة | AKB5: مدرستان | AKC5: ثلاث مدارس | AKD5: حكومية تابعة لوزارة التربية | AKE5: حكومية تابعة لجهات اخرى | AKF5: مستأجرة | AKG5: صالحة | AKH5: بحاجة الى ترميم | AKI5: غير صالحة | AKJ5: صالحة | AKK5: غيرصالحة | AKL5: صالحة | AKM5: غيرصالحة | AKN5: صالحة | AKO5: غيرصالحة | AKP5: صالحة | AKQ5: عاطلة | AKR5: صالحة | AKS5: عاطلة | AKT5: صالحة | AKU5: عاطلة | AKV5: نعم | AKW5: كلا | AKX5: مدير | AKY5: معاون | AKZ5: معلم او مدرس | ALA5: امين المكتبة | ALB5: موظف ادارة | ALC5: قاعة مستقلة | ALD5: غرفة | ALE5: خزانة | ALF5: رفوف عارضة | ALG5: عدد الكتب | ALH5: عدد المجلات والقصص | ALI5: المجموع | ALJ5: نعم | ALK5: كلا
A6: النجف | B6: المركز | C6: 1 | D6: 1400902 | E6: سيدة النساء الابتدائية للبنات | G6: 1 | I6: 1 | L6: 1 | P6: 1 | S6: 1 | Z6: 3 | AB6: 49 | AD6: 3 | AK6: =AI6+AG6+AE6+AC6+AA6+Y6 -> 0 | AL6: =AJ6+AH6+AF6+AD6+AB6+Z6 -> 55 | AM6: =AL6+AK6 -> 55 | AN6: =Y6 -> 0 | AO6: =Z6 -> 3 | AP6: =AA6 -> 0 | AQ6: =AB6 -> 49 | AS6: 3 | AZ6: =AX6+AV6+AT6+AR6+AP6+AN6 -> 0 | BA6: =AY6+AW6+AU6+AS6+AQ6+AO6 -> 55 | BB6: =BA6+AZ6 -> 55 | BD6: 80 | BF6: 4 | BM6: =BK6+BI6+BG6+BE6+BC6 -> 0 | BN6: =BL6+BJ6+BH6+BF6+BD6 -> 84 | BO6: =BN6+BM6 -> 84 | BQ6: 65 | BS6: 6 | BZ6: =BX6+BV6+BT6+BR6+BP6 -> 0 | CA6: =BY6+BW6+BU6+BS6+BQ6 -> 71 | CB6: =CA6+BZ6 -> 71 | CD6: 62 | CF6: 6 | CM6: =CK6+CI6+CG6+CE6+CC6 -> 0 | CN6: =CL6+CJ6+CH6+CF6+CD6 -> 68 | CO6: =CN6+CM6 -> 68 | CQ6: 65 | CS6: 6 | CZ6: =CX6+CV6+CT6+CR6+CP6 -> 0 | DA6: =CY6+CW6+CU6+CS6+CQ6 -> 71 | DB6: =DA6+CZ6 -> 71 | DD6: 57 | DF6: 3 | DH6: 1 | DM6: =DK6+DI6+DG6+DE6+DC6 -> 0 | DN6: =DL6+DJ6+DH6+DF6+DD6 -> 61 | DO6: =DN6+DM6 -> 61 | DP6: =AN6 -> 0 | DQ6: =AO6 -> 3 | DR6: =AP6 -> 0 | DS6: =AQ6 -> 49 | DT6: =AR6+BC6 -> 0 | DU6: =AS6+BD6 -> 83 | DV6: =AT6+BE6+BP6 -> 0 | DW6: =AU6+BF6+BQ6 -> 69 | DX6: =AV6+BG6+BR6+CC6 -> 0 | DY6: =AW6+BH6+BS6+CD6 -> 68 | DZ6: =AX6+BI6+BT6+CE6+CP6 -> 0 | EA6: =AY6+BJ6+BU6+CF6+CQ6 -> 71 | EB6: =BK6+BV6+CG6+CR6+DC6 -> 0 | EC6: =BL6+BW6+CH6+CS6+DD6 -> 63 | ED6: =BX6+CI6+CT6+DE6 -> 0 | EE6: =BY6+CJ6+CU6+DF6 -> 3 | EF6: =CK6+CV6+DG6 -> 0 | EG6: =CL6+CW6+DH6 -> 1 | EH6: =CX6+DI6 -> 0 | EI6: =CY6+DJ6 -> 0 | EJ6: =DK6 -> 0 | EK6: =DL6 -> 0 | EL6: =EJ6+EH6+EF6+ED6+EB6+DZ6+DX6+DV6+DT6+DR6+DP6 -> 0 | EM6: =EK6+EI6+EG6+EE6+EC6+EA6+DY6+DW6+DU6+DS6+DQ6 -> 410 | EN6: =EM6+EL6 -> 410 | EP6: 2 | ES6: 2 | EV6: 2 | EY6: 2 | FB6: 2 | FE6: 2 | FG6: =FD6+FA6+EX6+EU6+ER6+EO6 -> 0 | FH6: =FE6+FB6+EY6+EV6+ES6+EP6 -> 12 | FI6: =FF6+FC6+EZ6+EW6+ET6+EQ6 -> 0 | FJ6: =FI6+FH6+FG6 -> 12 | FW6: =FU6+FS6+FQ6+FO6+FM6+FK6 -> 0 | FX6: =FV6+FT6+FR6+FP6+FN6+FL6 -> 0 | FY6: =FX6+FW6 -> 0 | GA6: 81 | GC6: 70 | GE6: 67 | GG6: 70 | GI6: 61 | GK6: 65 | GL6: =GJ6+GH6+GF6+GD6+GB6+FZ6 -> 0 | GM6: =GK6+GI6+GG6+GE6+GC6+GA6 -> 414 | GN6: =GM6+GL6 -> 414 | GP6: 3 | GR6: 1 | GT6: 5 | GX6: 1 | HA6: =GY6+GW6+GU6+GS6+GQ6+GO6 -> 0 | HB6: =GZ6+GX6+GV6+GT6+GR6+GP6 -> 10 | HC6: =HB6+HA6 -> 10 | HP6: =HN6+HL6+HJ6+HH6+HF6+HD6 -> 0 | HQ6: =HO6+HM6+HK6+HI6+HG6+HE6 -> 0 | HR6: =HQ6+HP6 -> 0 | IE6: =IC6+IA6+HY6+HW6+HU6+HS6 -> 0 | IF6: =ID6+IB6+HZ6+HX6+HV6+HT6 -> 0 | IG6: =IF6+IE6 -> 0 | IH6: =HS6+GO6+HD6 -> 0 | II6: =HT6+HE6+GP6 -> 3 | IJ6: =HU6+HF6+GQ6 -> 0 | IK6: =HV6+HG6+GR6 -> 1 | IL6: =HW6+HH6+GS6 -> 0 | IM6: =HX6+HI6+GT6 -> 5 | IN6: =HY6+HJ6+GU6 -> 0 | IO6: =HZ6+HK6+GV6 -> 0 | IP6: =IA6+HL6+GW6 -> 0 | ... IS6: =ID6+HO6+GZ6 -> 0 | IT6: =IR6+IP6+IN6+IL6+IJ6+IH6 -> 0 | IU6: =IS6+IQ6+IO6+IM6+IK6+II6 -> 10 | IV6: =IU6+IT6 -> 10 | IX6: 1 | IZ6: 1 | JB6: 21 | JE6: =JC6+JA6+IY6+IW6 -> 0 | JF6: =JD6+JB6+IZ6+IX6 -> 23 | JG6: =JF6+JE6 -> 23 | JI6: 1 | JQ6: 1 | JW6: =JV6+JU6+JT6+JP6+JN6+JJ6+JH6+JR6+JL6 -> 0 | JX6: =JQ6+JO6+JK6+JI6+JM6+JS6 -> 2 | JY6: =JX6+JW6 -> 2 | KA6: 23 | KF6: =KD6+KB6+JZ6 -> 0 | KG6: =KE6+KC6+KA6 -> 23 | KH6: =KG6+KF6 -> 23 | KJ6: 20 | KN6: 2 | KT6: 1 | KZ6: =KV6+KS6+KQ6+KO6+KM6+KK6 -> 0 | LA6: =KW6+KU6+KT6+KR6+KP6+KN6+KL6 -> 3 | LB6: =KZ6+KI6 -> 0 | LC6: =LA6+KJ6 -> 23 | LD6: =LC6+LB6 -> 23 | LH6: 6 | LN6: 1 | LY6: =LW6+LU6+LS6+LQ6+LO6+LM6+LK6+LI6+LG6+LE6 -> 0 | LZ6: =LX6+LV6+LT6+LR6+LP6+LN6+LL6+LJ6+LH6+LF6 -> 7 | MA6: =LZ6+LY6 -> 7 | ME6: 2 | MK6: 2 | MM6: 1 | MV6: =MT6+MR6+MP6+MN6+ML6+MJ6+MH6+MF6+MD6+MB6 -> 0 | MW6: =MU6+MS6+MQ6+MO6+MM6+MK6+MI6+MG6+ME6+MC6 -> 5 | MX6: =MW6+MV6 -> 5 | NB6: 1 | NH6: 2 | NS6: =NQ6+NO6+NM6+NK6+NI6+NG6+NE6+NC6+NA6+MY6 -> 0 | NT6: =NR6+NP6+NN6+NL6+NJ6+NH6+NF6+ND6+NB6+MZ6 -> 3 | NU6: =NT6+NS6 -> 3 | OP6: =ON6+OL6+OJ6+OH6+OF6+OD6+OB6+NZ6+NX6+NV6 -> 0 | OQ6: =OO6+OM6+OK6+OI6+OG6+OE6+OC6+OA6+NY6+NW6 -> 0 | OR6: =OQ6+OP6 -> 0 | PB6: 6 | PM6: =PK6+PI6+PG6+PE6+PC6+PA6+OY6+OW6+OU6+OS6 -> 0 | PN6: =PL6+PJ6+PH6+PF6+PD6+PB6+OZ6+OX6+OV6+OT6 -> 6 | PO6: =PN6+PM6 -> 6 | PY6: 1 | QJ6: =QH6+QF6+QD6+QB6+PZ6+PX6+PV6+PT6+PR6+PP6 -> 0 | QK6: =QI6+QG6+QE6+QC6+QA6+PY6+PW6+PU6+PS6+PQ6 -> 1 | QL6: =QK6+QJ6 -> 1 | RG6: =RE6+RC6+RA6+QY6+QW6+QU6+QS6+QQ6+QO6+QM6 -> 0 | RH6: =RF6+RD6+RB6+QZ6+QX6+QV6+QT6+QR6+QP6+QN6 -> 0 | RI6: =RH6+RG6 -> 0 | SD6: =SB6+RZ6+RX6+RV6+RT6+RR6+RP6+RN6+RL6+RJ6 -> 0 | SE6: =SC6+SA6+RY6+RW6+RU6+RS6+RQ6+RO6+RM6+RK6 -> 0 | SF6: =SE6+SD6 -> 0 | TA6: =SY6+SW6+SU6+SS6+SQ6+SO6+SM6+SK6+SI6+SG6 -> 0 | TB6: =SZ6+SX6+SV6+ST6+SR6+SP6+SN6+SL6+SJ6+SH6 -> 0 | TC6: =TB6+TA6 -> 0 | TX6: =TV6+TT6+TR6+TP6+TN6+TL6+TJ6+TH6+TF6+TD6 -> 0 | TY6: =TW6+TU6+TS6+TQ6+TO6+TM6+TK6+TI6+TG6+TE6 -> 0 | TZ6: =TY6+TX6 -> 0 | UU6: =US6+UQ6+UO6+UM6+UK6+UI6+UG6+UE6+UC6+UA6 -> 0 | UV6: =UT6+UR6+UP6+UN6+UL6+UJ6+UH6+UF6+UD6+UB6 -> 0 | UW6: =UV6+UU6 -> 0 | VR6: =VP6+VN6+VL6+VJ6+VH6+VF6+VD6+VB6+UZ6+UX6 -> 0 | VS6: =VQ6+VO6+VM6+VK6+VI6+VG6+VE6+VC6+VA6+UY6 -> 0 | VT6: =VS6+VR6 -> 0 | WO6: =WM6+WK6+WI6+WG6+WE6+WC6+WA6+VY6+VW6+VU6 -> 0 | WP6: =WN6+WL6+WJ6+WH6+WF6+WD6+WB6+VZ6+VX6+VV6 -> 0 | WQ6: =WP6+WO6 -> 0 | XL6: =XJ6+XH6+XF6+XD6+XB6+WZ6+WX6+WV6+WT6+WR6 -> 0 | XM6: =XK6+XI6+XG6+XE6+XC6+XA6+WY6+WW6+WU6+WS6 -> 0 | XN6: =XM6+XL6 -> 0 | XX6: 1 | YI6: =YG6+YE6+YC6+YA6+XY6+XW6+XU6+XS6+XQ6+XO6 -> 0 | YJ6: =YH6+YF6+YD6+YB6+XZ6+XX6+XV6+XT6+XR6+XP6 -> 1 | YK6: =YJ6+YI6 -> 1 | ZF6: =ZD6+ZB6+YZ6+YX6+YV6+YT6+YR6+YP6+YN6+YL6 -> 0 | ZG6: =ZE6+ZC6+ZA6+YY6+YW6+YU6+YS6+YQ6+YO6+YM6 -> 0 | ZH6: =ZG6+ZF6 -> 0 | AAC6: =AAA6+ZY6+ZW6+ZU6+ZS6+ZQ6+ZO6+ZM6+ZK6+ZI6 -> 0 | AAD6: =AAB6+ZZ6+ZX6+ZV6+ZT6+ZR6+ZP6+ZN6+ZL6+ZJ6 -> 0 | AAE6: =AAD6+AAC6 -> 0 | AAZ6: =AAX6+AAV6+AAT6+AAR6+AAP6+AAN6+AAL6+AAJ6+AAH6+AAF6 -> 0 | ABA6: =AAY6+AAW6+AAU6+AAS6+AAQ6+AAO6+AAM6+AAK6+AAI6+AAG6 -> 0 | ABB6: =ABA6+AAZ6 -> 0 | ABW6: =ABU6+ABS6+ABQ6+ABO6+ABM6+ABK6+ABI6+ABG6+ABE6+ABC6 -> 0 | ABX6: =ABV6+ABT6+ABR6+ABP6+ABN6+ABL6+ABJ6+ABH6+ABF6+ABD6 -> 0 | ABY6: =ABX6+ABW6 -> 0 | ACT6: =ACR6+ACP6+ACN6+ACL6+ACJ6+ACH6+ACF6+ACD6+ACB6+ABZ6 -> 0 | ACU6: =ACS6+ACQ6+ACO6+ACM6+ACK6+ACI6+ACG6+ACE6+ACC6+ACA6 -> 0 | ACV6: =ACU6+ACT6 -> 0 | ADQ6: =ADO6+ADM6+ADK6+ADI6+ADG6+ADE6+ADC6+ADA6+ACY6+ACW6 -> 0 | ADR6: =ADP6+ADN6+ADL6+ADJ6+ADH6+ADF6+ADD6+ADB6+ACZ6+ACX6 -> 0 | ADS6: =ADR6+ADQ6 -> 0 | ADT6: =ACW6+ABZ6+ABC6+AAF6+ZI6+YL6+XO6+WR6+VU6+UX6+UA6+TD6+SG6+RJ6+QM6+PP6+OS6+NV6+MY6+MB6+LE6 -> 0 | ADU6: =ACX6+ACA6+ABD6+AAG6+ZJ6+YM6+XP6+WS6+VV6+UY6+UB6+TE6+SH6+RK6+QN6+PQ6+OT6+NW6+MZ6+MC6+LF6 -> 0 | ADV6: =ACY6+ACB6+ABE6+AAH6+ZK6+YN6+XQ6+WT6+VW6+UZ6+UC6+TF6+SI6+RL6+QO6+PR6+OU6+NX6+NA6+MD6+LG6 -> 0 | ADW6: =ACZ6+ACC6+ABF6+AAI6+ZL6+YO6+XR6+WU6+VX6+VA6+UD6+TG6+SJ6+RM6+QP6+PS6+OV6+NY6+NB6+ME6+LH6 -> 9 | ADX6: =ADA6+ACD6+ABG6+AAJ6+ZM6+YP6+XS6+WV6+VY6+VB6+UE6+TH6+SK6+RN6+QQ6+PT6+OW6+NZ6+NC6+MF6+LI6 -> 0 | ADY6: =ADB6+ACE6+ABH6+AAK6+ZN6+YQ6+XT6+WW6+VZ6+VC6+UF6+TI6+SL6+RO6+QR6+PU6+OX6+OA6+ND6+MG6+LJ6 -> 0 | ADZ6: =ADC6+ACF6+ABI6+AAL6+ZO6+YR6+XU6+WX6+WA6+VD6+UG6+TJ6+SM6+RP6+QS6+PV6+OY6+OB6+NE6+MH6+LK6 -> 0 | AEA6: =ADD6+ACG6+ABJ6+AAM6+ZP6+YS6+XV6+WY6+WB6+VE6+UH6+TK6+SN6+RQ6+QT6+PW6+OZ6+OC6+NF6+MI6+LL6 -> 0 | ... AEM6: =ADP6+ACS6+ABV6+AAY6+AAB6+ZE6+YH6+XK6+WN6+VQ6+UT6+TW6+SZ6+SC6+RF6+QI6+PL6+OO6+NR6+MU6+LX6 -> 0 | AEN6: =AEL6+AEJ6+AEH6+AEF6+AED6+AEB6+ADZ6+ADX6+ADV6+ADT6 -> 0 | AEO6: =AEM6+AEK6+AEI6+AEG6+AEE6+AEC6+AEA6+ADY6+ADW6+ADU6 -> 23 | AEP6: =AEO6+AEN6 -> 23 | AER6: 1 | AET6: 7 | AEV6: 2 | AEX6: 13 | AFA6: =AEU6+AES6+AEQ6+AEY6+AEW6 -> 0 | AFB6: =AEV6+AET6+AER6+AEZ6+AEX6 -> 23 | AFC6: =SUM(AFA6:AFB6) -> 23 | AFE6: 1 | AFG6: 8 | AFI6: 11 | AFK6: 3 | AFN6: =AFL6+AFJ6+AFH6+AFF6+AFD6 -> 0 | AFO6: =AFM6+AFK6+AFI6+AFG6+AFE6 -> 23 | AFP6: =SUM(AFN6:AFO6) -> 23 | AFR6: 3 | AFT6: 19 | AFX6: 1 | AFY6: =AFW6+AFU6+AFS6+AFQ6 -> 0 | AFZ6: =AFX6+AFV6+AFT6+AFR6 -> 23 | AGA6: =AFZ6+AFY6 -> 23 | AGB6: =IF((AFY6=AFN6)*AND(AFA6=AEN6)*AND(LB6=JE6),"صح","خطأ") -> صح | AGC6: =IF((AFZ6=AFO6)*AND(AFB6=AEO6)*AND(LC6=JF6),"صح","خطأ") -> صح | AGD6: =IF((AGA6=AFP6)*AND(AFC6=AEP6)*AND(LD6=JG6),"صح","خطأ") -> صح | AGF6: 2 | AGG6: =SUM(AGE6:AGF6) -> 2 | AGJ6: =AGI6+AGH6 -> 0 | AGL6: 1 | AGN6: 1 | AGP6: 1 | AGR6: 1 | AGT6: 1 | AHB6: 1 | AHE6: =AHD6+AHC6 -> 0 | AHI6: =AHH6+AHG6+AHF6 -> 0 | AHL6: =AHK6+AHJ6 -> 0 | AHN6: 1 | AID6: =AIC6+AIB6 -> 0 | AKP6: 1 | AKR6: 1 | AKV6: 1 | AKZ6: 1 | ALD6: 1 | ALG6: 100 | ALH6: 50 | ALI6: =ALH6+ALG6 -> 150 | ALJ6: 1 | ALL6: مجمع الوقف الشيعي بجانب قرية الغدير | ALM6: حلا زغير كريم | ALN6: 7819222082
A7: النجف | B7: المركز | C7: 2 | D7: 1400903 | E7: وليد الكعبة الابتدائية للبنين | F7: 1 | I7: 1 | K7: 1 | O7: 1 | S7: 1 | Y7: 10 | AA7: 70 | AG7: 1 | AK7: =AI7+AG7+AE7+AC7+AA7+Y7 -> 81 | AL7: =AJ7+AH7+AF7+AD7+AB7+Z7 -> 0 | AM7: =AL7+AK7 -> 81 | AN7: =Y7 -> 10 | AO7: =Z7 -> 0 | AP7: =AA7 -> 70 | AQ7: =AB7 -> 0 | AV7: 1 | AZ7: =AX7+AV7+AT7+AR7+AP7+AN7 -> 81 | BA7: =AY7+AW7+AU7+AS7+AQ7+AO7 -> 0 | BB7: =BA7+AZ7 -> 81 | BC7: 90 | BE7: 3 | BM7: =BK7+BI7+BG7+BE7+BC7 -> 93 | BN7: =BL7+BJ7+BH7+BF7+BD7 -> 0 | BO7: =BN7+BM7 -> 93 | BP7: 62 | BR7: 3 | BT7: 2 | BZ7: =BX7+BV7+BT7+BR7+BP7 -> 67 | CA7: =BY7+BW7+BU7+BS7+BQ7 -> 0 | CB7: =CA7+BZ7 -> 67 | CC7: 74 | CE7: 6 | CG7: 2 | CK7: 1 | CM7: =CK7+CI7+CG7+CE7+CC7 -> 83 | CN7: =CL7+CJ7+CH7+CF7+CD7 -> 0 | CO7: =CN7+CM7 -> 83 | CP7: 70 | CR7: 14 | CT7: 7 | CX7: 3 | CZ7: =CX7+CV7+CT7+CR7+CP7 -> 94 | DA7: =CY7+CW7+CU7+CS7+CQ7 -> 0 | DB7: =DA7+CZ7 -> 94 | DC7: 66 | DE7: 11 | DG7: 2 | DI7: 1 | DM7: =DK7+DI7+DG7+DE7+DC7 -> 80 | DN7: =DL7+DJ7+DH7+DF7+DD7 -> 0 | DO7: =DN7+DM7 -> 80 | DP7: =AN7 -> 10 | DQ7: =AO7 -> 0 | DR7: =AP7 -> 70 | DS7: =AQ7 -> 0 | DT7: =AR7+BC7 -> 90 | DU7: =AS7+BD7 -> 0 | DV7: =AT7+BE7+BP7 -> 65 | DW7: =AU7+BF7+BQ7 -> 0 | DX7: =AV7+BG7+BR7+CC7 -> 78 | DY7: =AW7+BH7+BS7+CD7 -> 0 | DZ7: =AX7+BI7+BT7+CE7+CP7 -> 78 | EA7: =AY7+BJ7+BU7+CF7+CQ7 -> 0 | EB7: =BK7+BV7+CG7+CR7+DC7 -> 82 | EC7: =BL7+BW7+CH7+CS7+DD7 -> 0 | ED7: =BX7+CI7+CT7+DE7 -> 18 | EE7: =BY7+CJ7+CU7+DF7 -> 0 | EF7: =CK7+CV7+DG7 -> 3 | EG7: =CL7+CW7+DH7 -> 0 | EH7: =CX7+DI7 -> 4 | EI7: =CY7+DJ7 -> 0 | EJ7: =DK7 -> 0 | EK7: =DL7 -> 0 | EL7: =EJ7+EH7+EF7+ED7+EB7+DZ7+DX7+DV7+DT7+DR7+DP7 -> 498 | EM7: =EK7+EI7+EG7+EE7+EC7+EA7+DY7+DW7+DU7+DS7+DQ7 -> 0 | EN7: =EM7+EL7 -> 498 | EO7: 2 | ER7: 2 | EU7: 2 | EX7: 2 | FA7: 2 | FD7: 2 | FG7: =FD7+FA7+EX7+EU7+ER7+EO7 -> 12 | FH7: =FE7+FB7+EY7+EV7+ES7+EP7 -> 0 | FI7: =FF7+FC7+EZ7+EW7+ET7+EQ7 -> 0 | FJ7: =FI7+FH7+FG7 -> 12 | FK7: 1 | FM7: 2 | FS7: 1 | FW7: =FU7+FS7+FQ7+FO7+FM7+FK7 -> 4 | FX7: =FV7+FT7+FR7+FP7+FN7+FL7 -> 0 | FY7: =FX7+FW7 -> 4 | FZ7: 95 | GB7: 66 | GD7: 81 | GF7: 71 | GH7: 82 | GJ7: 78 | GL7: =GJ7+GH7+GF7+GD7+GB7+FZ7 -> 473 | GM7: =GK7+GI7+GG7+GE7+GC7+GA7 -> 0 | GN7: =GM7+GL7 -> 473 | GO7: 2 | GQ7: 1 | GS7: 4 | GU7: 5 | GW7: 2 | HA7: =GY7+GW7+GU7+GS7+GQ7+GO7 -> 14 | HB7: =GZ7+GX7+GV7+GT7+GR7+GP7 -> 0 | HC7: =HB7+HA7 -> 14 | HP7: =HN7+HL7+HJ7+HH7+HF7+HD7 -> 0 | HQ7: =HO7+HM7+HK7+HI7+HG7+HE7 -> 0 | HR7: =HQ7+HP7 -> 0 | IE7: =IC7+IA7+HY7+HW7+HU7+HS7 -> 0 | IF7: =ID7+IB7+HZ7+HX7+HV7+HT7 -> 0 | IG7: =IF7+IE7 -> 0 | IH7: =HS7+GO7+HD7 -> 2 | II7: =HT7+HE7+GP7 -> 0 | IJ7: =HU7+HF7+GQ7 -> 1 | IK7: =HV7+HG7+GR7 -> 0 | IL7: =HW7+HH7+GS7 -> 4 | IM7: =HX7+HI7+GT7 -> 0 | IN7: =HY7+HJ7+GU7 -> 5 | IO7: =HZ7+HK7+GV7 -> 0 | IP7: =IA7+HL7+GW7 -> 2 | ... IS7: =ID7+HO7+GZ7 -> 0 | IT7: =IR7+IP7+IN7+IL7+IJ7+IH7 -> 14 | IU7: =IS7+IQ7+IO7+IM7+IK7+II7 -> 0 | IV7: =IU7+IT7 -> 14 | IW7: 1 | IY7: 2 | JA7: 22 | JB7: 2 | JC7: 1 | JE7: =JC7+JA7+IY7+IW7 -> 26 | JF7: =JD7+JB7+IZ7+IX7 -> 2 | JG7: =JF7+JE7 -> 28 | JO7: 1 | JW7: =JV7+JU7+JT7+JP7+JN7+JJ7+JH7+JR7+JL7 -> 0 | JX7: =JQ7+JO7+JK7+JI7+JM7+JS7 -> 1 | JY7: =JX7+JW7 -> 1 | JZ7: 26 | KA7: 2 | KF7: =KD7+KB7+JZ7 -> 26 | KG7: =KE7+KC7+KA7 -> 2 | KH7: =KG7+KF7 -> 28 | KI7: 24 | KJ7: 1 | KS7: 2 | KU7: 1 | KZ7: =KV7+KS7+KQ7+KO7+KM7+KK7 -> 2 | LA7: =KW7+KU7+KT7+KR7+KP7+KN7+KL7 -> 1 | LB7: =KZ7+KI7 -> 26 | LC7: =LA7+KJ7 -> 2 | LD7: =LC7+LB7 -> 28 | LG7: 3 | LM7: 8 | LY7: =LW7+LU7+LS7+LQ7+LO7+LM7+LK7+LI7+LG7+LE7 -> 11 | LZ7: =LX7+LV7+LT7+LR7+LP7+LN7+LL7+LJ7+LH7+LF7 -> 0 | MA7: =LZ7+LY7 -> 11 | MD7: 2 | MJ7: 1 | ML7: 1 | MV7: =MT7+MR7+MP7+MN7+ML7+MJ7+MH7+MF7+MD7+MB7 -> 4 | MW7: =MU7+MS7+MQ7+MO7+MM7+MK7+MI7+MG7+ME7+MC7 -> 0 | MX7: =MW7+MV7 -> 4 | NA7: 1 | NG7: 1 | NS7: =NQ7+NO7+NM7+NK7+NI7+NG7+NE7+NC7+NA7+MY7 -> 2 | NT7: =NR7+NP7+NN7+NL7+NJ7+NH7+NF7+ND7+NB7+MZ7 -> 0 | NU7: =NT7+NS7 -> 2 | OP7: =ON7+OL7+OJ7+OH7+OF7+OD7+OB7+NZ7+NX7+NV7 -> 0 | OQ7: =OO7+OM7+OK7+OI7+OG7+OE7+OC7+OA7+NY7+NW7 -> 0 | OR7: =OQ7+OP7 -> 0 | OU7: 4 | OV7: 1 | PM7: =PK7+PI7+PG7+PE7+PC7+PA7+OY7+OW7+OU7+OS7 -> 4 | PN7: =PL7+PJ7+PH7+PF7+PD7+PB7+OZ7+OX7+OV7+OT7 -> 1 | PO7: =PN7+PM7 -> 5 | QA7: 1 | QJ7: =QH7+QF7+QD7+QB7+PZ7+PX7+PV7+PT7+PR7+PP7 -> 0 | QK7: =QI7+QG7+QE7+QC7+QA7+PY7+PW7+PU7+PS7+PQ7 -> 1 | QL7: =QK7+QJ7 -> 1 | RG7: =RE7+RC7+RA7+QY7+QW7+QU7+QS7+QQ7+QO7+QM7 -> 0 | RH7: =RF7+RD7+RB7+QZ7+QX7+QV7+QT7+QR7+QP7+QN7 -> 0 | RI7: =RH7+RG7 -> 0 | SD7: =SB7+RZ7+RX7+RV7+RT7+RR7+RP7+RN7+RL7+RJ7 -> 0 | SE7: =SC7+SA7+RY7+RW7+RU7+RS7+RQ7+RO7+RM7+RK7 -> 0 | SF7: =SE7+SD7 -> 0 | TA7: =SY7+SW7+SU7+SS7+SQ7+SO7+SM7+SK7+SI7+SG7 -> 0 | TB7: =SZ7+SX7+SV7+ST7+SR7+SP7+SN7+SL7+SJ7+SH7 -> 0 | TC7: =TB7+TA7 -> 0 | TX7: =TV7+TT7+TR7+TP7+TN7+TL7+TJ7+TH7+TF7+TD7 -> 0 | TY7: =TW7+TU7+TS7+TQ7+TO7+TM7+TK7+TI7+TG7+TE7 -> 0 | TZ7: =TY7+TX7 -> 0 | UU7: =US7+UQ7+UO7+UM7+UK7+UI7+UG7+UE7+UC7+UA7 -> 0 | UV7: =UT7+UR7+UP7+UN7+UL7+UJ7+UH7+UF7+UD7+UB7 -> 0 | UW7: =UV7+UU7 -> 0 | VR7: =VP7+VN7+VL7+VJ7+VH7+VF7+VD7+VB7+UZ7+UX7 -> 0 | VS7: =VQ7+VO7+VM7+VK7+VI7+VG7+VE7+VC7+VA7+UY7 -> 0 | VT7: =VS7+VR7 -> 0 | WO7: =WM7+WK7+WI7+WG7+WE7+WC7+WA7+VY7+VW7+VU7 -> 0 | WP7: =WN7+WL7+WJ7+WH7+WF7+WD7+WB7+VZ7+VX7+VV7 -> 0 | WQ7: =WP7+WO7 -> 0 | WZ7: 2 | XL7: =XJ7+XH7+XF7+XD7+XB7+WZ7+WX7+WV7+WT7+WR7 -> 2 | XM7: =XK7+XI7+XG7+XE7+XC7+XA7+WY7+WW7+WU7+WS7 -> 0 | XN7: =XM7+XL7 -> 2 | YI7: =YG7+YE7+YC7+YA7+XY7+XW7+XU7+XS7+XQ7+XO7 -> 0 | YJ7: =YH7+YF7+YD7+YB7+XZ7+XX7+XV7+XT7+XR7+XP7 -> 0 | YK7: =YJ7+YI7 -> 0 | YN7: 2 | ZF7: =ZD7+ZB7+YZ7+YX7+YV7+YT7+YR7+YP7+YN7+YL7 -> 2 | ZG7: =ZE7+ZC7+ZA7+YY7+YW7+YU7+YS7+YQ7+YO7+YM7 -> 0 | ZH7: =ZG7+ZF7 -> 2 | AAC7: =AAA7+ZY7+ZW7+ZU7+ZS7+ZQ7+ZO7+ZM7+ZK7+ZI7 -> 0 | AAD7: =AAB7+ZZ7+ZX7+ZV7+ZT7+ZR7+ZP7+ZN7+ZL7+ZJ7 -> 0 | AAE7: =AAD7+AAC7 -> 0 | AAZ7: =AAX7+AAV7+AAT7+AAR7+AAP7+AAN7+AAL7+AAJ7+AAH7+AAF7 -> 0 | ABA7: =AAY7+AAW7+AAU7+AAS7+AAQ7+AAO7+AAM7+AAK7+AAI7+AAG7 -> 0 | ABB7: =ABA7+AAZ7 -> 0 | ABW7: =ABU7+ABS7+ABQ7+ABO7+ABM7+ABK7+ABI7+ABG7+ABE7+ABC7 -> 0 | ABX7: =ABV7+ABT7+ABR7+ABP7+ABN7+ABL7+ABJ7+ABH7+ABF7+ABD7 -> 0 | ABY7: =ABX7+ABW7 -> 0 | ACT7: =ACR7+ACP7+ACN7+ACL7+ACJ7+ACH7+ACF7+ACD7+ACB7+ABZ7 -> 0 | ACU7: =ACS7+ACQ7+ACO7+ACM7+ACK7+ACI7+ACG7+ACE7+ACC7+ACA7 -> 0 | ACV7: =ACU7+ACT7 -> 0 | ADG7: 1 | ADQ7: =ADO7+ADM7+ADK7+ADI7+ADG7+ADE7+ADC7+ADA7+ACY7+ACW7 -> 1 | ADR7: =ADP7+ADN7+ADL7+ADJ7+ADH7+ADF7+ADD7+ADB7+ACZ7+ACX7 -> 0 | ADS7: =ADR7+ADQ7 -> 1 | ADT7: =ACW7+ABZ7+ABC7+AAF7+ZI7+YL7+XO7+WR7+VU7+UX7+UA7+TD7+SG7+RJ7+QM7+PP7+OS7+NV7+MY7+MB7+LE7 -> 0 | ADU7: =ACX7+ACA7+ABD7+AAG7+ZJ7+YM7+XP7+WS7+VV7+UY7+UB7+TE7+SH7+RK7+QN7+PQ7+OT7+NW7+MZ7+MC7+LF7 -> 0 | ADV7: =ACY7+ACB7+ABE7+AAH7+ZK7+YN7+XQ7+WT7+VW7+UZ7+UC7+TF7+SI7+RL7+QO7+PR7+OU7+NX7+NA7+MD7+LG7 -> 12 | ADW7: =ACZ7+ACC7+ABF7+AAI7+ZL7+YO7+XR7+WU7+VX7+VA7+UD7+TG7+SJ7+RM7+QP7+PS7+OV7+NY7+NB7+ME7+LH7 -> 1 | ADX7: =ADA7+ACD7+ABG7+AAJ7+ZM7+YP7+XS7+WV7+VY7+VB7+UE7+TH7+SK7+RN7+QQ7+PT7+OW7+NZ7+NC7+MF7+LI7 -> 0 | ADY7: =ADB7+ACE7+ABH7+AAK7+ZN7+YQ7+XT7+WW7+VZ7+VC7+UF7+TI7+SL7+RO7+QR7+PU7+OX7+OA7+ND7+MG7+LJ7 -> 0 | ADZ7: =ADC7+ACF7+ABI7+AAL7+ZO7+YR7+XU7+WX7+WA7+VD7+UG7+TJ7+SM7+RP7+QS7+PV7+OY7+OB7+NE7+MH7+LK7 -> 0 | AEA7: =ADD7+ACG7+ABJ7+AAM7+ZP7+YS7+XV7+WY7+WB7+VE7+UH7+TK7+SN7+RQ7+QT7+PW7+OZ7+OC7+NF7+MI7+LL7 -> 0 | ... AEM7: =ADP7+ACS7+ABV7+AAY7+AAB7+ZE7+YH7+XK7+WN7+VQ7+UT7+TW7+SZ7+SC7+RF7+QI7+PL7+OO7+NR7+MU7+LX7 -> 0 | AEN7: =AEL7+AEJ7+AEH7+AEF7+AED7+AEB7+ADZ7+ADX7+ADV7+ADT7 -> 26 | AEO7: =AEM7+AEK7+AEI7+AEG7+AEE7+AEC7+AEA7+ADY7+ADW7+ADU7 -> 2 | AEP7: =AEO7+AEN7 -> 28 | AEQ7: 4 | AER7: 2 | AES7: 4 | AEU7: 5 | AEW7: 13 | AFA7: =AEU7+AES7+AEQ7+AEY7+AEW7 -> 26 | AFB7: =AEV7+AET7+AER7+AEZ7+AEX7 -> 2 | AFC7: =SUM(AFA7:AFB7) -> 28 | AFE7: 1 | AFF7: 10 | AFG7: 1 | AFH7: 11 | AFJ7: 4 | AFL7: 1 | AFN7: =AFL7+AFJ7+AFH7+AFF7+AFD7 -> 26 | AFO7: =AFM7+AFK7+AFI7+AFG7+AFE7 -> 2 | AFP7: =SUM(AFN7:AFO7) -> 28 | AFQ7: 1 | AFS7: 24 | AFT7: 2 | AFW7: 1 | AFY7: =AFW7+AFU7+AFS7+AFQ7 -> 26 | AFZ7: =AFX7+AFV7+AFT7+AFR7 -> 2 | AGA7: =AFZ7+AFY7 -> 28 | AGB7: =IF((AFY7=AFN7)*AND(AFA7=AEN7)*AND(LB7=JE7),"صح","خطأ") -> صح | AGC7: =IF((AFZ7=AFO7)*AND(AFB7=AEO7)*AND(LC7=JF7),"صح","خطأ") -> صح | AGD7: =IF((AGA7=AFP7)*AND(AFC7=AEP7)*AND(LD7=JG7),"صح","خطأ") -> صح | AGG7: =SUM(AGE7:AGF7) -> 0 | AGJ7: =AGI7+AGH7 -> 0 | AGL7: 1 | AGN7: 1 | AGP7: 1 | AGR7: 1 | AGT7: 1 | AHB7: 1 | AHE7: =AHD7+AHC7 -> 0 | AHI7: =AHH7+AHG7+AHF7 -> 0 | AHL7: =AHK7+AHJ7 -> 0 | AHN7: 1 | AHO7: 1 | AHQ7: 2015 | AHU7: 1 | AHW7: 1 | AHZ7: 1 | AIB7: 18 | AIC7: 2 | AID7: =AIC7+AIB7 -> 20 | AIH7: 1 | AIJ7: 1 | AIQ7: 1 | AIT7: 1 | AIU7: 1 | AIW7: 1 | AJB7: 1 | AJD7: 1 | AJG7: 1 | AJK7: 1 | AJM7: 1 | AJN7: 1 | AJQ7: 1 | AJU7: 1 | AJW7: 1 | AJY7: 1 | AKB7: 1 | AKE7: 1 | AKG7: 1 | AKJ7: 150 | AKN7: 12 | AKP7: 1 | AKR7: 1 | AKT7: 1 | AKV7: 1 | ALA7: 1 | ALD7: 1 | ALG7: 84 | ALH7: 80 | ALI7: =ALH7+ALG7 -> 164 | ALK7: 1 | ALL7: مجمع الوقف الشيعي بجانب قرية الغدير | ALM7: احمد عبد الرضا هادي | ALN7: 7726020029
A9: خلاصة مركز النجف | F9: =SUM(F6:F8) -> 1 | G9: =SUM(G6:G8) -> 1 | H9: =SUM(H6:H8) -> 0 | I9: =SUM(I6:I8) -> 2 | J9: =SUM(J6:J8) -> 0 | K9: =SUM(K6:K8) -> 1 | L9: =SUM(L6:L8) -> 1 | M9: =SUM(M6:M8) -> 0 | ... ALG9: =SUM(ALG6:ALG8) -> 184
A11: خلاصة ناحية الحيدرية | F11: =SUM(F10:F10) -> 0 | G11: =SUM(G10:G10) -> 0 | H11: =SUM(H10:H10) -> 0 | I11: =SUM(I10:I10) -> 0 | J11: =SUM(J10:J10) -> 0 | K11: =SUM(K10:K10) -> 0 | L11: =SUM(L10:L10) -> 0 | M11: =SUM(M10:M10) -> 0 | ... ALG11: =SUM(ALG10:ALG10) -> 0
A13: خلاصة الشبكة | F13: =SUM(F12) -> 0 | G13: =SUM(G12) -> 0 | H13: =SUM(H12) -> 0 | I13: =SUM(I12) -> 0 | J13: =SUM(J12) -> 0 | K13: =SUM(K12) -> 0 | L13: =SUM(L12) -> 0 | M13: =SUM(M12) -> 0 | ... ALH13: =SUM(ALH12) -> 0
A14: خلاصة قضاء النجف الاشرف | F14: =F11+F9+F13 -> 1 | G14: =G11+G9+G13 -> 1 | H14: =H11+H9+H13 -> 0 | I14: =I11+I9+I13 -> 2 | J14: =J11+J9+J13 -> 0 | K14: =K11+K9+K13 -> 1 | L14: =L11+L9+L13 -> 1 | M14: =M11+M9+M13 -> 0 | ... ALH14: =ALH11+ALH9+ALH13 -> 0
A15: الكوفة | B15: المركز | C15: 1 | D15: 1400905 | E15: فدك الابتدائية للبنات | G15: 1 | I15: 1 | K15: 1 | O15: 1 | S15: 1 | Z15: 6 | AB15: 71 | AD15: 5 | AK15: =AI15+AG15+AE15+AC15+AA15+Y15 -> 0 | AL15: =AJ15+AH15+AF15+AD15+AB15+Z15 -> 82 | AM15: =AL15+AK15 -> 82 | AN15: =Y15 -> 0 | AO15: =Z15 -> 6 | AP15: =AA15 -> 0 | AQ15: =AB15 -> 71 | AS15: 5 | AZ15: =AX15+AV15+AT15+AR15+AP15+AN15 -> 0 | BA15: =AY15+AW15+AU15+AS15+AQ15+AO15 -> 82 | BB15: =BA15+AZ15 -> 82 | BD15: 12 | BF15: 91 | BH15: 1 | BJ15: 1 | BM15: =BK15+BI15+BG15+BE15+BC15 -> 0 | BN15: =BL15+BJ15+BH15+BF15+BD15 -> 105 | BO15: =BN15+BM15 -> 105 | BQ15: 6 | BS15: 87 | BU15: 1 | BZ15: =BX15+BV15+BT15+BR15+BP15 -> 0 | CA15: =BY15+BW15+BU15+BS15+BQ15 -> 94 | CB15: =CA15+BZ15 -> 94 | CD15: 10 | CF15: 68 | CH15: 4 | CM15: =CK15+CI15+CG15+CE15 -> 0 | CN15: =CL15+CJ15+CH15+CF15+CD15 -> 82 | CO15: =CN15+CM15 -> 82 | CQ15: 9 | CS15: 68 | CU15: 8 | CW15: 1 | CY15: 1 | CZ15: =CX15+CV15+CT15+CR15+CP15 -> 0 | DA15: =CY15+CW15+CU15+CS15+CQ15 -> 87 | DB15: =DA15+CZ15 -> 87 | DD15: 6 | DF15: 69 | DH15: 5 | DM15: =DK15+DI15+DG15+DE15+DC15 -> 0 | DN15: =DL15+DJ15+DH15+DF15+DD15 -> 80 | DO15: =DN15+DM15 -> 80 | DP15: =AN15 -> 0 | DQ15: =AO15 -> 6 | DR15: =AP15 -> 0 | DS15: =AQ15 -> 71 | DT15: =AR15+BC15 -> 0 | DU15: =AS15+BD15 -> 17 | DV15: =AT15+BE15+BP15 -> 0 | DW15: =AU15+BF15+BQ15 -> 97 | DX15: =AV15+BG15+BR15+CC15 -> 0 | DY15: =AW15+BH15+BS15+CD15 -> 98 | DZ15: =AX15+BI15+BT15+CE15+CP15 -> 0 | EA15: =AY15+BJ15+BU15+CF15+CQ15 -> 79 | EB15: =BK15+BV15+CG15+CR15+DC15 -> 0 | EC15: =BL15+BW15+CH15+CS15+DD15 -> 78 | ED15: =BX15+CI15+CT15+DE15 -> 0 | EE15: =BY15+CJ15+CU15+DF15 -> 77 | EF15: =CK15+CV15+DG15 -> 0 | EG15: =CL15+CW15+DH15 -> 6 | EH15: =CX15+DI15 -> 0 | EI15: =CY15+DJ15 -> 1 | EJ15: =DK15 -> 0 | EK15: =DL15 -> 0 | EL15: =EJ15+EH15+EF15+ED15+EB15+DZ15+DX15+DV15+DT15+DR15+DP15 -> 0 | EM15: =EK15+EI15+EG15+EE15+EC15+EA15+DY15+DW15+DU15+DS15+DQ15 -> 530 | EN15: =EM15+EL15 -> 530 | EP15: 2 | ES15: 3 | EV15: 2 | EY15: 2 | FB15: 2 | FE15: 2 | FG15: =FD15+FA15+EX15+EU15+ER15+EO15 -> 0 | FH15: =FE15+FB15+EY15+EV15+ES15+EP15 -> 13 | FI15: =FF15+FC15+EZ15+EW15+ET15+EQ15 -> 0 | FJ15: =FI15+FH15+FG15 -> 13 | FT15: 1 | FW15: =FU15+FS15+FQ15+FO15+FM15+FK15 -> 0 | FX15: =FV15+FT15+FR15+FP15+FN15+FL15 -> 1 | FY15: =FX15+FW15 -> 1 | GA15: 109 | GC15: 98 | GE15: 81 | GG15: 87 | GI15: 81 | GK15: 81 | GL15: =GJ15+GH15+GF15+GD15+GB15+FZ15 -> 0 | GM15: =GK15+GI15+GG15+GE15+GC15+GA15 -> 537 | GN15: =GM15+GL15 -> 537 | HA15: =GY15+GW15+GU15+GS15+GQ15+GO15 -> 0 | HB15: =GZ15+GX15+GV15+GT15+GR15+GP15 -> 0 | HC15: =HB15+HA15 -> 0 | HP15: =HN15+HL15+HJ15+HH15+HF15+HD15 -> 0 | HQ15: =HO15+HM15+HK15+HI15+HG15+HE15 -> 0 | HR15: =HQ15+HP15 -> 0 | IE15: =IC15+IA15+HY15+HW15+HU15+HS15 -> 0 | IF15: =ID15+IB15+HZ15+HX15+HV15+HT15 -> 0 | IG15: =IF15+IE15 -> 0 | IH15: =HS15+GO15+HD15 -> 0 | II15: =HT15+HE15+GP15 -> 0 | IJ15: =HU15+HF15+GQ15 -> 0 | IK15: =HV15+HG15+GR15 -> 0 | IL15: =HW15+HH15+GS15 -> 0 | IM15: =HX15+HI15+GT15 -> 0 | IN15: =HY15+HJ15+GU15 -> 0 | IO15: =HZ15+HK15+GV15 -> 0 | IP15: =IA15+HL15+GW15 -> 0 | ... IS15: =ID15+HO15+GZ15 -> 0 | IT15: =IR15+IP15+IN15+IL15+IJ15+IH15 -> 0 | IU15: =IS15+IQ15+IO15+IM15+IK15+II15 -> 0 | IV15: =IU15+IT15 -> 0 | IX15: 1 | IZ15: 1 | JB15: 22 | JD15: 1 | JE15: =JC15+JA15+IY15+IW15 -> 0 | JF15: =JD15+JB15+IZ15+IX15 -> 25 | JG15: =JF15+JE15 -> 25 | JI15: 1 | JQ15: 1 | JU15: 1 | JW15: =JV15+JU15+JT15+JP15+JN15+JJ15+JH15 -> 1 | JX15: =JQ15+JO15+JK15+JI15 -> 2 | JY15: =JX15+JW15 -> 3 | KA15: 25 | KF15: =KD15+KB15+JZ15 -> 0 | KG15: =KE15+KC15+KA15 -> 25 | KH15: =KG15+KF15 -> 25 | KJ15: 20 | KT15: 1 | KU15: 2 | KY15: 2 | KZ15: =KV15+KS15+KQ15+KO15+KM15+KK15+KX15 -> 0 | LA15: =KW15+KT15+KR15+KP15+KN15+KL15+KY15+KU15 -> 5 | LB15: =KZ15+KI15 -> 0 | LC15: =LA15+KJ15 -> 25 | LD15: =LC15+LB15 -> 25 | LP15: 1 | LY15: =LW15+LU15+LS15+LQ15+LO15+LM15+LK15+LI15+LG15+LE15 -> 0 | LZ15: =LX15+LV15+LT15+LR15+LP15+LN15+LL15+LJ15+LH15+LF15 -> 1 | MA15: =LZ15+LY15 -> 1 | ME15: 1 | MK15: 10 | MV15: =MT15+MR15+MP15+MN15+ML15+MJ15+MH15+MF15+MD15+MB15 -> 0 | MW15: =MU15+MS15+MQ15+MO15+MM15+MK15+MI15+MG15+ME15+MC15 -> 11 | MX15: =MW15+MV15 -> 11 | NB15: 1 | NH15: 1 | NS15: =NQ15+NO15+NM15+NK15+NI15+NG15+NE15+NC15+NA15+MY15 -> 0 | NT15: =NR15+NP15+NN15+NL15+NJ15+NH15+NF15+ND15+NB15+MZ15 -> 2 | NU15: =NT15+NS15 -> 2 | OP15: =ON15+OL15+OJ15+OH15+OF15+OD15+OB15+NZ15+NX15+NV15 -> 0 | OQ15: =OO15+OM15+OK15+OI15+OG15+OE15+OC15+OA15+NY15+NW15 -> 0 | OR15: =OQ15+OP15 -> 0 | OV15: 6 | PD15: 1 | PM15: =PK15+PI15+PG15+PE15+PC15+PA15+OY15+OW15+OU15+OS15 -> 0 | PN15: =PL15+PJ15+PH15+PF15+PD15+PB15+OZ15+OX15+OV15+OT15 -> 7 | PO15: =PN15+PM15 -> 7 | QJ15: =QH15+QF15+QD15+QB15+PZ15+PX15+PV15+PT15+PR15+PP15 -> 0 | QK15: =QI15+QG15+QE15+QC15+QA15+PY15+PW15+PU15+PS15+PQ15 -> 0 | QL15: =QK15+QJ15 -> 0 | RG15: =RE15+RC15+RA15+QY15+QW15+QU15+QS15+QQ15+QO15+QM15 -> 0 | RH15: =RF15+RD15+RB15+QZ15+QX15+QV15+QT15+QR15+QP15+QN15 -> 0 | RI15: =RH15+RG15 -> 0 | SD15: =SB15+RZ15+RX15+RV15+RT15+RR15+RP15+RN15+RL15+RJ15 -> 0 | SE15: =SC15+SA15+RY15+RW15+RU15+RS15+RQ15+RO15+RM15+RK15 -> 0 | SF15: =SE15+SD15 -> 0 | TA15: =SY15+SW15+SU15+SS15+SQ15+SO15+SM15+SK15+SI15+SG15 -> 0 | TB15: =SZ15+SX15+SV15+ST15+SR15+SP15+SN15+SL15+SJ15+SH15 -> 0 | TC15: =TB15+TA15 -> 0 | TX15: =TV15+TT15+TR15+TP15+TN15+TL15+TJ15+TH15+TF15+TD15 -> 0 | TY15: =TW15+TU15+TS15+TQ15+TO15+TM15+TK15+TI15+TG15+TE15 -> 0 | TZ15: =TY15+TX15 -> 0 | UD15: 1 | UU15: =US15+UQ15+UO15+UM15+UK15+UI15+UG15+UE15+UC15+UA15 -> 0 | UV15: =UT15+UR15+UP15+UN15+UL15+UJ15+UH15+UF15+UD15+UB15 -> 1 | UW15: =UV15+UU15 -> 1 | VR15: =VP15+VN15+VL15+VJ15+VH15+VF15+VD15+VB15+UZ15+UX15 -> 0 | VS15: =VQ15+VO15+VM15+VK15+VI15+VG15+VE15+VC15+VA15+UY15 -> 0 | VT15: =VS15+VR15 -> 0 | WO15: =WM15+WK15+WI15+WG15+WE15+WC15+WA15+VY15+VW15+VU15 -> 0 | WP15: =WN15+WL15+WJ15+WH15+WF15+WD15+WB15+VZ15+VX15+VV15 -> 0 | WQ15: =WP15+WO15 -> 0 | XA15: 1 | XL15: =XJ15+XH15+XF15+XD15+XB15+WZ15+WX15+WV15+WT15+WR15 -> 0 | XM15: =XK15+XI15+XG15+XE15+XC15+XA15+WY15+WW15+WU15+WS15 -> 1 | XN15: =XM15+XL15 -> 1 | YI15: =YG15+YE15+YC15+YA15+XY15+XW15+XU15+XS15+XQ15+XO15 -> 0 | YJ15: =YH15+YF15+YD15+YB15+XZ15+XX15+XV15+XT15+XR15+XP15 -> 0 | YK15: =YJ15+YI15 -> 0 | YO15: 1 | ZF15: =ZD15+ZB15+YZ15+YX15+YV15+YT15+YR15+YP15+YN15+YL15 -> 0 | ZG15: =ZE15+ZC15+ZA15+YY15+YW15+YU15+YS15+YQ15+YO15+YM15 -> 1 | ZH15: =ZG15+ZF15 -> 1 | ZR15: 1 | AAC15: =AAA15+ZY15+ZW15+ZU15+ZS15+ZQ15+ZO15+ZM15+ZK15+ZI15 -> 0 | AAD15: =AAB15+ZZ15+ZX15+ZV15+ZT15+ZR15+ZP15+ZN15+ZL15+ZJ15 -> 1 | AAE15: =AAD15+AAC15 -> 1 | AAZ15: =AAX15+AAV15+AAT15+AAR15+AAP15+AAN15+AAL15+AAJ15+AAH15+AAF15 -> 0 | ABA15: =AAY15+AAW15+AAU15+AAS15+AAQ15+AAO15+AAM15+AAK15+AAI15+AAG15 -> 0 | ABB15: =ABA15+AAZ15 -> 0 | ABW15: =ABU15+ABS15+ABQ15+ABO15+ABM15+ABK15+ABI15+ABG15+ABE15+ABC15 -> 0 | ABX15: =ABV15+ABT15+ABR15+ABP15+ABN15+ABL15+ABJ15+ABH15+ABF15+ABD15 -> 0 | ABY15: =ABX15+ABW15 -> 0 | ACT15: =ACR15+ACP15+ACN15+ACL15+ACJ15+ACH15+ACF15+ACD15+ACB15+ABZ15 -> 0 | ACU15: =ACS15+ACQ15+ACO15+ACM15+ACK15+ACI15+ACG15+ACE15+ACC15+ACA15 -> 0 | ACV15: =ACU15+ACT15 -> 0 | ADQ15: =ADO15+ADM15+ADK15+ADI15+ADG15+ADE15+ADC15+ADA15+ACY15+ACW15 -> 0 | ADR15: =ADP15+ADN15+ADL15+ADJ15+ADH15+ADF15+ADD15+ADB15+ACZ15+ACX15 -> 0 | ADS15: =ADR15+ADQ15 -> 0 | ADT15: =ACW15+ABZ15+ABC15+AAF15+ZI15+YL15+XO15+WR15+VU15+UX15+UA15+TD15+SG15+RJ15+QM15+PP15+OS15+NV15+MY15+MB15+LE15 -> 0 | ADU15: =ACX15+ACA15+ABD15+AAG15+ZJ15+YM15+XP15+WS15+VV15+UY15+UB15+TE15+SH15+RK15+QN15+PQ15+OT15+NW15+MZ15+MC15+LF15 -> 0 | ADV15: =ACY15+ACB15+ABE15+AAH15+ZK15+YN15+XQ15+WT15+VW15+UZ15+UC15+TF15+SI15+RL15+QO15+PR15+OU15+NX15+NA15+MD15+LG15 -> 0 | ADW15: =ACZ15+ACC15+ABF15+AAI15+ZL15+YO15+XR15+WU15+VX15+VA15+UD15+TG15+SJ15+RM15+QP15+PS15+OV15+NY15+NB15+ME15+LH15 -> 10 | ADX15: =ADA15+ACD15+ABG15+AAJ15+ZM15+YP15+XS15+WV15+VY15+VB15+UE15+TH15+SK15+RN15+QQ15+PT15+OW15+NZ15+NC15+MF15+LI15 -> 0 | ADY15: =ADB15+ACE15+ABH15+AAK15+ZN15+YQ15+XT15+WW15+VZ15+VC15+UF15+TI15+SL15+RO15+QR15+PU15+OX15+OA15+ND15+MG15+LJ15 -> 0 | ADZ15: =ADC15+ACF15+ABI15+AAL15+ZO15+YR15+XU15+WX15+WA15+VD15+UG15+TJ15+SM15+RP15+QS15+PV15+OY15+OB15+NE15+MH15+LK15 -> 0 | AEA15: =ADD15+ACG15+ABJ15+AAM15+ZP15+YS15+XV15+WY15+WB15+VE15+UH15+TK15+SN15+RQ15+QT15+PW15+OZ15+OC15+NF15+MI15+LL15 -> 0 | ... AEM15: =ADP15+ACS15+ABV15+AAY15+AAB15+ZE15+YH15+XK15+WN15+VQ15+UT15+TW15+SZ15+SC15+RF15+QI15+PL15+OO15+NR15+MU15+LX15 -> 0 | AEN15: =AEL15+AEJ15+AEH15+AEF15+AED15+AEB15+ADZ15+ADX15+ADV15+ADT15 -> 0 | AEO15: =AEM15+AEK15+AEI15+AEG15+AEE15+AEC15+AEA15+ADY15+ADW15+ADU15 -> 25 | AEP15: =AEO15+AEN15 -> 25 | AER15: 4 | AET15: 4 | AEV15: 9 | AEX15: 8 | AEZ15: 8 | AFB15: =AEV15+AET15+AER15+AEZ15 -> 25 | AFC15: =SUM(AFA15:AFB15) -> 25 | AFE15: 3 | AFG15: 4 | AFI15: 14 | AFK15: 4 | AFN15: =AFL15+AFJ15+AFH15+AFF15+AFD15 -> 0 | AFO15: =AFM15+AFK15+AFI15+AFG15+AFE15 -> 25 | AFP15: =SUM(AFN15:AFO15) -> 25 | AFR15: 4 | AFT15: 20 | AFX15: 1 | AFY15: =AFW15+AFU15+AFS15+AFQ15 -> 0 | AFZ15: =AFX15+AFV15+AFT15+AFR15 -> 25 | AGA15: =AFZ15+AFY15 -> 25 | AGB15: =IF((AFY15=AFN15)*AND(AFA15=AEN15)*AND(LB15=JE15),"صح","خطأ") -> صح | AGC15: =IF((AFZ15=AFO15)*AND(AFB15=AEO15)*AND(LC15=JF15),"صح","خطأ") -> صح | AGD15: =IF((AGA15=AFP15)*AND(AFC15=AEP15)*AND(LD15=JG15),"صح","خطأ") -> صح | AGF15: 1 | AGG15: =SUM(AGE15:AGF15) -> 1 | AGJ15: =AGI15+AGH15 -> 0 | AGK15: 1 | AGN15: 1 | AGP15: 1 | AGR15: 1 | AGT15: 1 | AHB15: 1 | AHE15: =AHD15+AHC15 -> 0 | AHI15: =AHH15+AHG15+AHF15 -> 0 | AHL15: =AHK15+AHJ15 -> 0 | AHN15: 1 | AHO15: 1 | AHQ15: 2009 | AHU15: 1 | AHW15: 1 | AHY15: 1 | AIA15: 6 | AIB15: 24 | AIC15: 3 | AID15: =AIC15+AIB15 -> 27 | AII15: 1 | AIJ15: 1 | AIQ15: 1 | AIT15: 1 | AIU15: 1 | AIW15: 1 | AJB15: 1 | AJD15: 1 | AJG15: 1 | AJJ15: 1 | AJM15: 1 | AJO15: 1 | AJU15: 1 | AJW15: 1 | AJY15: 1 | AKB15: 1 | AKE15: 1 | AKG15: 1 | AKJ15: 200 | AKK15: 160 | AKN15: 13 | AKP15: 1 | AKR15: 2 | AKV15: 1 | ALA15: 1 | ALD15: 1 | ALG15: 70 | ALH15: 60 | ALI15: =ALH15+ALG15 -> 130 | ALK15: 1 | ALL15: حي الشرطة مقابل بوابة جامعة الكوفة | ALM15: عالية حسن محمد رضا | ALN15: 7807281253
A16: خلاصة مركز الكوفة | F16: =SUM(F15:F15) -> 0 | G16: =SUM(G15:G15) -> 1 | H16: =SUM(H15:H15) -> 0 | I16: =SUM(I15:I15) -> 1 | J16: =SUM(J15:J15) -> 0 | K16: =SUM(K15:K15) -> 1 | L16: =SUM(L15:L15) -> 0 | M16: =SUM(M15:M15) -> 0 | ... ALG16: =SUM(ALG15:ALG15) -> 70
A18: خلاصة ناحية العباسية | F18: =SUM(F17:F17) -> 0 | G18: =SUM(G17:G17) -> 0 | H18: =SUM(H17:H17) -> 0 | I18: =SUM(I17:I17) -> 0 | J18: =SUM(J17:J17) -> 0 | K18: =SUM(K17:K17) -> 0 | L18: =SUM(L17:L17) -> 0 | M18: =SUM(M17:M17) -> 0 | ... ALH18: =SUM(ALH17:ALH17) -> 0
A20: خلاصة ناحية الحرية | F20: =SUM(F19:F19) -> 0 | G20: =SUM(G19:G19) -> 0 | H20: =SUM(H19:H19) -> 0 | I20: =SUM(I19:I19) -> 0 | J20: =SUM(J19:J19) -> 0 | K20: =SUM(K19:K19) -> 0 | L20: =SUM(L19:L19) -> 0 | M20: =SUM(M19:M19) -> 0 | ... ALH20: =SUM(ALH19:ALH19) -> 0
A21: خلاصة قضاء الكوفة | F21: =F20+F18+F16 -> 0 | G21: =G20+G18+G16 -> 1 | H21: =H20+H18+H16 -> 0 | I21: =I20+I18+I16 -> 1 | J21: =J20+J18+J16 -> 0 | K21: =K20+K18+K16 -> 1 | L21: =L20+L18+L16 -> 0 | M21: =M20+M18+M16 -> 0 | ... ALH21: =ALH20+ALH18+ALH16 -> 0
A23: مجموع مركز المناذرة | F23: =SUM(F22:F22) -> 0 | G23: =SUM(G22:G22) -> 0 | H23: =SUM(H22:H22) -> 0 | I23: =SUM(I22:I22) -> 0 | J23: =SUM(J22:J22) -> 0 | K23: =SUM(K22:K22) -> 0 | L23: =SUM(L22:L22) -> 0 | M23: =SUM(M22:M22) -> 0 | ... ALH23: =SUM(ALH22:ALH22) -> 0
A25: مجموع ناحية الحيرة | F25: =SUM(F24:F24) -> 0 | G25: =SUM(G24:G24) -> 0 | H25: =SUM(H24:H24) -> 0 | I25: =SUM(I24:I24) -> 0 | J25: =SUM(J24:J24) -> 0 | K25: =SUM(K24:K24) -> 0 | L25: =SUM(L24:L24) -> 0 | M25: =SUM(M24:M24) -> 0 | ... ALH25: =SUM(ALH24:ALH24) -> 0
A26: المجموع الكلي لقضاء المناذرة | F26: =F25+F23 -> 0 | G26: =G25+G23 -> 0 | H26: =H25+H23 -> 0 | I26: =I25+I23 -> 0 | J26: =J25+J23 -> 0 | K26: =K25+K23 -> 0 | L26: =L25+L23 -> 0 | M26: =M25+M23 -> 0 | ... ALH26: =ALH25+ALH23 -> 0
A28: مجموع مركز المشخاب | F28: =SUM(F27:F27) -> 0 | G28: =SUM(G27:G27) -> 0 | H28: =SUM(H27:H27) -> 0 | I28: =SUM(I27:I27) -> 0 | J28: =SUM(J27:J27) -> 0 | K28: =SUM(K27:K27) -> 0 | L28: =SUM(L27:L27) -> 0 | M28: =SUM(M27:M27) -> 0 | ... ALH28: =SUM(ALH27:ALH27) -> 0
A30: مجموع ناحية القادسية | F30: =SUM(F29:F29) -> 0 | G30: =SUM(G29:G29) -> 0 | H30: =SUM(H29:H29) -> 0 | I30: =SUM(I29:I29) -> 0 | J30: =SUM(J29:J29) -> 0 | K30: =SUM(K29:K29) -> 0 | L30: =SUM(L29:L29) -> 0 | M30: =SUM(M29:M29) -> 0 | ... ALH30: =SUM(ALH29:ALH29) -> 0
A31: المجموع الكلي لقضاء المشخاب | F31: =F30+F28 -> 0 | G31: =G30+G28 -> 0 | H31: =H30+H28 -> 0 | I31: =I30+I28 -> 0 | J31: =J30+J28 -> 0 | K31: =K30+K28 -> 0 | L31: =L30+L28 -> 0 | M31: =M30+M28 -> 0 | ... ALH31: =ALH30+ALH28 -> 0
A32: خلاصة محافظة النجف الاشرف | F32: =F31+F21+F14+F26 -> 1 | G32: =G31+G21+G14+G26 -> 2 | H32: =H31+H21+H14+H26 -> 0 | I32: =I31+I21+I14+I26 -> 3 | J32: =J31+J21+J14+J26 -> 0 | K32: =K31+K21+K14+K26 -> 2 | L32: =L31+L21+L14+L26 -> 1 | M32: =M31+M21+M14+M26 -> 0 | ... ALH32: =ALH31+ALH21+ALH14+ALH26 -> 0

Sheet ريف
A1: مدارس الابتدائي للوقف الشيعي | F1: جنس المدرسة | I1: بيئة المدرسة | K1: دوام المدرسة | O1: استقلالية المدرسة | Q1: نوع الازدواج | U1: هل المدرسة فتح جديد | V1: تحتوي على المدرسة | Y1: عدد التلامذة المستجدين حسب العمر | AN1: عدد التلامذة المسجلين في الصف الاول الابتدائي حسب العمر والجنس | BC1: عدد التلامذة المسجلين في الصف الثاني الابتدائي حسب العمر والجنس | BP1: عدد التلامذة المسجلين في الصف الثالث الابتدائي حسب العمر والجنس | CC1: عدد التلامذة المسجلين في الصف الرابع الابتدائي حسب العمر والجنس | CP1: عدد التلامذة المسجلين في الصف الخامس الابتدائي حسب العمر والجنس | DC1: عدد التلامذة المسجلين في الصف السادس الابتدائي حسب العمر والجنس | DP1: مجموع عدد التلاميذ المسجلين حسب العمر والجنس | EO1: عدد الشعب حسب الصف والجنس | FK1: عدد التلاميذ التاركين حسب الصف والجنس للعام2026 /2025 | FZ1: عدد التلاميذ الناجحين حسب الصف والجنس للعام الدراسي2024 /2025 | GO1: عدد التلاميذ الراسبين بسبب الفشل في الامتحان و حسب الصف والجنس للعام الدراسي2024 /2025 | HD1: عدد التلاميذ الراسبين بسبب تجاوز ايام الغياب وحسب الصف والجنس للعام الدراسي2024 /2025 | HS1: عدد التلاميذ الراسبين لأسباب اخرى وحسب الصف والجنس للعام الدراسي2024 /2025 | IH1: عدد التلاميذ الراسبين لجميع الاسباب وحسب الصف والجنس للعام الدراسي2024 /2025 | IW1: اعضاء الهيئة التعليمية حسب العنوان الوظيفي | JH1: الموظفون الاداريون والخدميون حسب العنوان الوظيفي | JZ1: عدد الهيئة التعليمية حسب الجنسية | KI1: عدد اعضاء الهيئة التعليمية حسب الحالة الوظيفية | LE1: عدد اعضاء الهيئة التعليمية حسب الشهادة والتخصص | MB1: عدد اعضاء الهيئة التعليمية حسب الشهادة والتخصص | MY1: عدد اعضاء الهيئة التعليمية حسب الشهادة والتخصص | NV1: عدد اعضاء الهيئة التعليمية حسب الشهادة والتخصص | OS1: عدد اعضاء الهيئة التعليمية حسب الشهادة والتخصص | PP1: عدد اعضاء الهيئة التعليمية حسب الشهادة والتخصص | QM1: عدد اعضاء الهيئة التعليمية حسب الشهادة والتخصص | RJ1: عدد اعضاء الهيئة التعليمية حسب الشهادة والتخصص | SG1: عدد اعضاء الهيئة التعليمية حسب الشهادة والتخصص | TD1: عدد اعضاء الهيئة التعليمية حسب الشهادة والتخصص | UA1: عدد اعضاء الهيئة التعليمية حسب الشهادة والتخصص | UX1: عدد اعضاء الهيئة التعليمية حسب الشهادة والتخصص | VU1: عدد اعضاء الهيئة التعليمية حسب الشهادة والتخصص | WR1: عدد اعضاء الهيئة التعليمية حسب الشهادة والتخصص | XO1: عدد اعضاء الهيئة التعليمية حسب الشهادة والتخصص | YL1: عدد اعضاء الهيئة التعليمية حسب الشهادة والتخصص | ZI1: عدد اعضاء الهيئة التعليمية حسب الشهادة والتخصص | AAF1: عدد اعضاء الهيئة التعليمية حسب الشهادة والتخصص | ABC1: عدد اعضاء الهيئة التعليمية حسب الشهادة والتخصص | ABZ1: عدد اعضاء الهيئة التعليمية حسب الشهادة والتخصص | ACW1: عدد اعضاء الهيئة التعليمية حسب الشهادة والتخصص | ADT1: عدد اعضاء الهيئة التعليمية حسب الشهادة والتخصص | AEQ1: عدد اعضاء الهيئة التعليمية حسب سنوات الخدمة | AFQ1: عدد اعضاء الهيئة التعليمية حسب الحالة الاجتماعية | AGB1: دالة التصحيح للملاك | AGE1: عدد اعضاء الهيئة التعليمية المشاركين في الدورات التدريبية للعام السابق | AGH1: عدد التلامذة المسجلين من غير العراقيين | AGK1: التطــــبــــيـــــــــــــــــقاتـــ ( هل المدرسة مشمولة بــ : ) | AHA1: المدارس المشمولة بالتربية الخاصة | ALJ1: المختبرات المدرسية | ALL1: اقرب نقطة دالة للمدرسة | ALM1: المدير | ALN1: رقم الموبايل
AFD2: عدد اعضاء الهيئة التعليمية حسب سنوات العمر | AHO2: الأبــــنــــيــــــة المـــــــــدرســـــــية | AKJ2: التجهيزات والاثاث :- | AKP2: الحاسبات :- | AKV2: هل توجد مكتبة | ALG2: عدد الكتب والمجلات
A3: التعليم الابتدائي 2025/2026 | Y3: 5 سنوات | AA3: 6 سنوات | AC3: 7 سنوات | AE3: 8 سنوات | AG3: 9 سنوات | AI3: 10 سنوات | AK3: المجموع | KI3: داخل القوة العمل | KK3: خارج القوة العمل | LB3: المجموع | LE3: التربية الاسلامية | MB3: اللغة العربية | MY3: اللغة الانكليزية | NV3: اللغة الكردية | OS3: الرياضيات | PP3: العلوم ( علوم الحياة ) | QM3: الكيمياء | RJ3: الفيزياء | SG3: اجتماعيات | TD3: التاريخ | UA3: الجغرافية | UX3: اقتصاد منزلي | VU3: تربية خاصة | WR3: تربية وعلم النفس | XO3: التربية الفنية | YL3: التربية الرياضية | ZI3: الحاسوب | AAF3: اللغة التركمانية | ABC3: اللغة السريانية | ABZ3: عــــــــــــــام | ACW3: اخــــــــــــــــرى | ADT3: المجموع الكلي | AGK3: الارشاد التربوي | AGM3: التغذية المدرسية | AGO3: خدمة الانترنت | AGQ3: الحاسوب | AGS3: اللغات الاجنبية | AGU3: الــــلــــغــات | AHA3: هل المدرسة مشمولة بالتربية الخاصة | AHC3: عدد التلامذة | AHF3: عدد الشعب | AHJ3: عدد المعلمين | AHM3: هل المدرسة مشمولة بالفنون الصناعية | AHO3: عدد الابنية المدرسية حسب :- | AIQ3: هل البناية مزودة بخدمة المجاري | AIS3: نوع الخدمة | AIU3: هل ترتبط البناية بشبكة الماء الصالح للشرب | AIW3: مصدر الماء | AJB3: هل هناك سياج حول البناية | AJD3: نوع السياج | AJG3: حالة السياج | AJJ3: هل توجد حديقة مدرسية | AJL3: هل توجد قاعة انشطة مستقلة | AJN3: هل توجد ساحة رياضية | AJP3: نوع الساحة الرياضية | AJU3: هل تتوفر في البناية مرافق صحية | AKJ3: عدد الرحلات المزدوجة (ذات المقعدين) الصالحة | AKL3: عدد الرحلات (ذات المقعد الواحد) الصالحة | AKN3: عدد لوحات الكتابة (السبورات) الصالحة | AKP3: عدد الحاسبات الالكترونية (كومبيوتر) | AKR3: عدد الطابعات | AKT3: عدد الماسحات الضوئية (سكنرات) | AKX3: المسؤول عن المكتبة | ALC3: نوعية المكتبة
AN4: 5 سنوات | AP4: 6 سنوات | AR4: 7 سنوات | AT4: 8 سنوات | AV4: 9 سنوات | AX4: 10 سنوات | AZ4: المجموع | BC4: 7 سنوات | BE4: 8 سنوات | BG4: 9 سنوات | BI4: 10 سنوات | BK4: 11 سنة | BM4: المجموع | BP4: 8 سنوات | BR4: 9 سنوات | BT4: 10 سنوات | BV4: 11 سنة | BX4: 12 سنة | BZ4: المجموع | CC4: 9 سنوات | CE4: 10 سنوات | CG4: 11 سنة | CI4: 12 سنة | CK4: 13 سنة | CM4: المجموع | CP4: 10 سنوات | CR4: 11 سنة | CT4: 12 سنة | CV4: 13سنة | CX4: 14 سنة | CZ4: المجموع | DC4: 11 سنة | DE4: 12 سنة | DG4: 13 سنة | DI4: 14 سنة | DK4: 15 سنة | DM4: المجموع | DP4: 5 سنة | DR4: 6 سنة | DT4: 7سنة | DV4: 8سنة | DX4: 9سنة | DZ4: 10سنة | EB4: 11سنة | ED4: 12سنة | EF4: 13سنة | EH4: 14سنة | EJ4: 15سنة | EL4: المجموع الكلي | EO4: الاول الابتدائي | ER4: الثاني الابتدائي | EU4: الثالث الابتدائي | EX4: الرابع الابتدائي | FA4: الخامس الابتدائي | FD4: السادس ابتدائي | FG4: المجموع | FK4: الاول الابتدائي | FM4: الثاني الابتدائي | FO4: الثالث الابتدائي | FQ4: الرابع الابتدائي | FS4: الخامس الابتدائي | FU4: السادس الابتدائي | FW4: المجموع | FZ4: الاول الابتدائي | GB4: الثاني الابتدائي | GD4: الثالث الابتدائي | GF4: الرابع الابتدائي | GH4: الخامس الابتدائي | GJ4: السادس الابتدائي | GL4: المجموع | GO4: الاول الابتدائي | GQ4: الثاني الابتدائي | GS4: الثالث الابتدائي | GU4: الرابع الابتدائي | GW4: الخامس الابتدائي | GY4: السادس الابتدائي | HA4: المجموع | HD4: الاول الابتدائي | HF4: الثاني الابتدائي | HH4: الثالث الابتدائي | HJ4: الرابع الابتدائي | HL4: الخامس الابتدائي | HN4: السادس الابتدائي | HP4: المجموع | HS4: الاول الابتدائي | HU4: الثاني الابتدائي | HW4: الثالث الابتدائي | HY4: الرابع الابتدائي | IA4: الخامس الابتدائي | IC4: السادس الابتدائي | IE4: المجموع | IH4: الاول الابتدائي | IJ4: الثاني الابتدائي | IL4: الثالث الابتدائي | IN4: الرابع الابتدائي | IP4: الخامس الابتدائي | IR4: السادس الابتدائي | IT4: المجموع | IW4: مدير | IY4: معاون | JA4: معلم | JC4: مرشد تربوي | JE4: المجموع | JH4: موظف ادارة | JJ4: محاسب | JL4: كاتب | JN4: امين مكتبة | JP4: موظف خدمات | JR4: حرفي | JT4: فلاح | JU4: حارس | JV4: سائق | JW4: المجموع | JZ4: عراقية | KB4: عربية | KD4: اجنبية | KF4: المجموع | KK4: بعثة او زمالة دراسية | KM4: اجازة دراسية | KO4: اجازة مصاحبة | KQ4: اجازة بدون راتب | KS4: اجازة مرضية طويلة | KU4: اجازة الامومة | KV4: منسب الى جهة اخرى | KX4: 5-4سنوات | KZ4: المجموع | LE4: اعدادية ومهنية ودور المعلمات (دورات تربوية) | LG4: دبلوم تعليمي لمعهد المعلمين والمعاهد المركزية | LI4: دبلوم فنون جميلة | LK4: دبلوم عام | LM4: بكلوريوس تعليمية | LO4: بكلوريوس عام | LQ4: دبلوم عالي | LS4: ماجستير | LU4: دكتوراه | LW4: اخرى | LY4: المجموع | MB4: اعدادية ومهنية ودور المعلمات | MD4: دبلوم تعليمي لمعهد المعلمين والمعاهد المركزية | MF4: دبلوم فنون جميلة | MH4: دبلوم عام | MJ4: بكلوريوس تعليمية | ML4: بكالوريوس عام | MN4: دبلوم عالي | MP4: ماجستير | MR4: دكتوراه | MT4: اخرى | MV4: المجموع | MY4: اعدادية ومهنية ودور المعلمات | NA4: دبلوم تعليمي لمعهد المعلمين والمعاهد المركزية | NC4: دبلوم فنون جميلة | NE4: دبلوم عام | NG4: بكلوريوس تعليمية | NI4: بكالوريوس عام | NK4: دبلوم عالي | NM4: ماجستير | NO4: دكتوراه | NQ4: اخرى | NS4: المجموع | NV4: اعدادية ومهنية ودور المعلمات | NX4: دبلوم تعليمي لمعهد المعلمين والمعاهد المركزية | NZ4: دبلوم فنون جميلة | OB4: دبلوم عام | OD4: بكلوريوس تعليمية | OF4: بكالوريوس عام | OH4: دبلوم عالي | OJ4: ماجستير | OL4: دكتوراه | ON4: اخرى | OP4: المجموع | OS4: اعدادية ومهنية ودور المعلمات | OU4: دبلوم تعليمي لمعهد المعلمين والمعاهد المركزية | OW4: دبلوم فنون جميلة | OY4: دبلوم عام | PA4: بكلوريوس تعليمية | PC4: بكالوريوس عام | PE4: دبلوم عالي | PG4: ماجستير | PI4: دكتوراه | PK4: اخرى | PM4: المجموع | PP4: اعدادية ومهنية ودور المعلمات | PR4: دبلوم تعليمي لمعهد المعلمين والمعاهد المركزية | PT4: دبلوم فنون جميلة | PV4: دبلوم عام | PX4: بكلوريوس تعليمية | PZ4: بكالوريوس عام | QB4: دبلوم عالي | QD4: ماجستير | QF4: دكتوراه | QH4: اخرى | QJ4: المجموع | QM4: اعدادية ومهنية ودور المعلمات | QO4: دبلوم تعليمي لمعهد المعلمين والمعاهد المركزية | QQ4: دبلوم فنون جميلة | QS4: دبلوم عام | QU4: بكلوريوس تعليمية | QW4: بكالوريوس عام | QY4: دبلوم عالي | RA4: ماجستير | RC4: دكتوراه | RE4: اخرى | RG4: المجموع | RJ4: اعدادية ومهنية ودور المعلمات | RL4: دبلوم تعليمي لمعهد المعلمين والمعاهد المركزية | RN4: دبلوم فنون جميلة | RP4: دبلوم عام | RR4: بكلوريوس تعليمية | RT4: بكالوريوس عام | RV4: دبلوم عالي | RX4: ماجستير | RZ4: دكتوراه | SB4: اخرى | SD4: المجموع | SG4: اعدادية ومهنية ودور المعلمات | SI4: دبلوم تعليمي لمعهد المعلمين والمعاهد المركزية | SK4: دبلوم فنون جميلة | SM4: دبلوم عام | SO4: بكلوريوس تعليمية | SQ4: بكالوريوس عام | SS4: دبلوم عالي | SU4: ماجستير | SW4: دكتوراه | SY4: اخرى | TA4: المجموع | TD4: اعدادية ومهنية ودور المعلمات | TF4: دبلوم تعليمي لمعهد المعلمين والمعاهد المركزية | TH4: دبلوم فنون جميلة | TJ4: دبلوم عام | TL4: بكلوريوس تعليمية | TN4: بكالوريوس عام | TP4: دبلوم عالي | TR4: ماجستير | TT4: دكتوراه | TV4: اخرى | TX4: المجموع | UA4: اعدادية ومهنية ودور المعلمات | UC4: دبلوم تعليمي لمعهد المعلمين والمعاهد المركزية | UE4: دبلوم فنون جميلة | UG4: دبلوم عام | UI4: بكلوريوس تعليمية | UK4: بكالوريوس عام | UM4: دبلوم عالي | UO4: ماجستير | UQ4: دكتوراه | US4: اخرى | UU4: المجموع | UX4: اعدادية ومهنية ودور المعلمات | UZ4: دبلوم تعليمي لمعهد المعلمين والمعاهد المركزية | VB4: دبلوم فنون جميلة | VD4: دبلوم عام | VF4: بكلوريوس تعليمية | VH4: بكالوريوس عام | VJ4: دبلوم عالي | VL4: ماجستير | VN4: دكتوراه | VP4: اخرى | VR4: المجموع | VU4: اعدادية ومهنية ودور المعلمات | VW4: دبلوم تعليمي لمعهد المعلمين والمعاهد المركزية | VY4: دبلوم فنون جميلة | WA4: دبلوم عام | WC4: بكلوريوس تعليمية | WE4: بكالوريوس عام | WG4: دبلوم عالي | WI4: ماجستير | WK4: دكتوراه | WM4: اخرى | WO4: المجموع | WR4: اعدادية ومهنية ودور المعلمات | WT4: دبلوم تعليمي لمعهد المعلمين والمعاهد المركزية | WV4: دبلوم فنون جميلة | WX4: دبلوم عام | WZ4: بكلوريوس تعليمية | XB4: بكالوريوس عام | XD4: دبلوم عالي | XF4: ماجستير | XH4: دكتوراه | XJ4: اخرى | XL4: المجموع | XO4: اعدادية ومهنية ودور المعلمات | XQ4: دبلوم تعليمي لمعهد المعلمين والمعاهد المركزية | XS4: دبلوم فنون جميلة | XU4: دبلوم عام | XW4: بكلوريوس تعليمية | XY4: بكالوريوس عام | YA4: دبلوم عالي | YC4: ماجستير | YE4: دكتوراه | YG4: اخرى | YI4: المجموع | YL4: اعدادية ومهنية ودور المعلمات | YN4: دبلوم تعليمي لمعهد المعلمين والمعاهد المركزية | YP4: دبلوم فنون جميلة | YR4: دبلوم عام | YT4: بكلوريوس تعليمية | YV4: بكالوريوس عام | YX4: دبلوم عالي | YZ4: ماجستير | ZB4: دكتوراه | ZD4: اخرى | ZF4: المجموع | ZI4: اعدادية ومهنية ودور المعلمات | ZK4: دبلوم تعليمي لمعهد المعلمين والمعاهد المركزية | ZM4: دبلوم فنون جميلة | ZO4: دبلوم عام | ZQ4: بكلوريوس تعليمية | ZS4: بكالوريوس عام | ZU4: دبلوم عالي | ZW4: ماجستير | ZY4: دكتوراه | AAA4: اخرى | AAC4: المجموع | AAF4: اعدادية ومهنية ودور المعلمات | AAH4: دبلوم تعليمي لمعهد المعلمين والمعاهد المركزية | AAJ4: دبلوم فنون جميلة | AAL4: دبلوم عام | AAN4: بكلوريوس تعليمية | AAP4: بكالوريوس عام | AAR4: دبلوم عالي | AAT4: ماجستير | AAV4: دكتوراه | AAX4: اخرى | AAZ4: المجموع | ABC4: اعدادية ومهنية ودور المعلمات | ABE4: دبلوم تعليمي لمعهد المعلمين والمعاهد المركزية | ABG4: دبلوم فنون جميلة | ABI4: دبلوم عام | ABK4: بكلوريوس تعليمية | ABM4: بكالوريوس عام | ABO4: دبلوم عالي | ABQ4: ماجستير | ABS4: دكتوراه | ABU4: اخرى | ABW4: المجموع | ABZ4: اعدادية ومهنية ودور المعلمات | ACB4: دبلوم تعليمي لمعهد المعلمين والمعاهد المركزية | ACD4: دبلوم فنون جميلة | ACF4: دبلوم عام | ACH4: بكلوريوس تعليمية | ACJ4: بكالوريوس عام | ACL4: دبلوم عالي | ACN4: ماجستير | ACP4: دكتوراه | ACR4: اخرى | ACT4: المجموع | ACW4: اعدادية ومهنية ودور المعلمات | ACY4: دبلوم تعليمي لمعهد المعلمين والمعاهد المركزية | ADA4: دبلوم فنون جميلة | ADC4: دبلوم عام | ADE4: بكلوريوس تعليمية | ADG4: بكالوريوس عام | ADI4: دبلوم عالي | ADK4: ماجستير | ADM4: دكتوراه | ADO4: اخرى | ADQ4: المجموع | ADT4: اعدادية ومهنية ودور المعلمات | ADV4: دبلوم تعليمي لمعهد المعلمين والمعاهد المركزية | ADX4: دبلوم فنون جميلة | ADZ4: دبلوم عام | AEB4: بكلوريوس تعليمية | AED4: بكالوريوس عام | AEF4: دبلوم عالي | AEH4: ماجستير | AEJ4: دكتوراه | AEL4: اخرى | AEN4: المجموع | AEQ4: خمس سنوات ـ فأقل | AES4: 6ــــ10 | AEU4: 11ــــ15 | AEW4: 11ــــ16 | AEY4: اكثرمن 16 | AFA4: المجموع | AFD4: اقل من 30 | AFF4: 30ـ 39 | AFH4: 40ــ49 | AFJ4: 50ــ59 | AFL4: 60 فأكثر ــ | AFN4: المجموع | AFQ4: اعزب | AFS4: متزوج | AFU4: ارمل | AFW4: مطلق | AFY4: المجموع | AGE4: عدد المعلمين | AGU4: فرنسي | AGV4: روسي | AGW4: اسباني | AGX4: كردي | AGY4: تركماني | AGZ4: سرياني | AHO4: نوع البناء | AHQ4: البناية | AHT4: هل توجد مساحة للتوسع | AHV4: عدد الطوابق | AHY4: هل المدرسة بحاجة الى صفوف اضافية | AIA4: عدد الصفوف التي تحتاجها المدرسة | AIB4: عدد الصفوف الكلي | AIC4: عدد الغرف الاخرى | AID4: المجموع | AIE4: حجم المدرسة | AIJ4: مادة البناء | AKA4: عدد المدارس التي تشغلها | AKD4: العائدية | AKG4: الحالة العمرانية | ALJ4: مختبر العلوم يخص المرحلة الابتدائية
A5: القضاء | B5: الناحية | C5: ت | D5: الرقم الاحصائي | E5: اسم المدرسة | F5: بنون | G5: بنات | H5: مختلط | I5: حضر | J5: ريف | K5: صباحا | L5: ظهرا | M5: صباحا وظهرا | N5: مساءا | O5: اصلية | P5: ضيف | Q5: غير مزدوجة | R5: مع نفسها | S5: مع اخرى | T5: مع نفسها ومع اخرى | U5: مدارس فتح جديد | V5: صفوف تربية خاصة | W5: صفوف يافعين | X5: فنون صناعية | Y5: بنون | Z5: بنات | AA5: بنون | AB5: بنات | AC5: بنون | AD5: بنات | AE5: بنون | AF5: بنات | AG5: بنون | AH5: بنات | AI5: بنون | AJ5: بنات | AK5: بنون | AL5: بنات | AM5: المجموع | AN5: بنون | AO5: بنات | AP5: بنون | AQ5: بنات | AR5: بنون | AS5: بنات | AT5: بنون | AU5: بنات | AV5: بنون | AW5: بنات | AX5: بنون | AY5: بنات | AZ5: بنون | BA5: بنات | BB5: المجموع | BC5: بنون | BD5: بنات | BE5: بنون | BF5: بنات | BG5: بنون | BH5: بنات | BI5: بنون | BJ5: بنات | BK5: بنون | BL5: بنات | BM5: بنون | BN5: بنات | BO5: المجموع | BP5: بنون | BQ5: بنات | BR5: بنون | BS5: بنات | BT5: بنون | BU5: بنات | BV5: بنون | BW5: بنات | BX5: بنون | BY5: بنات | BZ5: بنون | CA5: بنات | CB5: المجموع | CC5: بنون | CD5: بنات | CE5: بنون | CF5: بنات | CG5: بنون | CH5: بنات | CI5: بنون | CJ5: بنات | CK5: بنون | CL5: بنات | CM5: بنون | CN5: بنات | CO5: المجموع | CP5: بنون | CQ5: بنات | CR5: بنون | CS5: بنات | CT5: بنون | CU5: بنات | CV5: بنون | CW5: بنات | CX5: بنون | CY5: بنات | CZ5: بنون | DA5: بنات | DB5: المجموع | DC5: بنون | DD5: بنات | DE5: بنون | DF5: بنات | DG5: بنون | DH5: بنات | DI5: بنون | DJ5: بنات | DK5: بنون | DL5: بنات | DM5: بنون | DN5: بنات | DO5: المجموع | DP5: بنون | DQ5: بنات | DR5: بنون | DS5: بنات | DT5: بنون | DU5: بنات | DV5: بنون | DW5: بنات | DX5: بنون | DY5: بنات | DZ5: بنون | EA5: بنات | EB5: بنون | EC5: بنات | EE5: بنات | EF5: بنون | EG5: بنات | EH5: بنون | EI5: بنات | EJ5: بنون | EK5: بنات | EL5: بنون | EM5: بنات | EN5: المجموع | EO5: بنون | EP5: بنات | EQ5: مختلط | ER5: بنون | ES5: بنات | ET5: مختلط | EU5: بنون | EV5: بنات | EW5: مختلط | EX5: بنون | EY5: بنات | EZ5: مختلط | FA5: بنون | FB5: بنات | FC5: مختلط | FD5: بنون | FE5: بنات | FF5: مختلط | FG5: بنون | FH5: بنات | FI5: مختلط | FJ5: المجموع | FK5: بنون | FL5: بنات | FM5: بنون | FN5: بنات | FO5: بنون | FP5: بنات | FQ5: بنون | FR5: بنات | FS5: بنون | FT5: بنات | FU5: بنون | FV5: بنات | FW5: بنون | FX5: بنات | FY5: المجموع | FZ5: بنون | GA5: بنات | GB5: بنون | GC5: بنات | GD5: بنون | GE5: بنات | GF5: بنون | GG5: بنات | GH5: بنون | GI5: بنات | GJ5: بنون | GK5: بنات | GL5: بنون | GM5: بنات | GN5: المجموع | GO5: بنون | GP5: بنات | GQ5: بنون | GR5: بنات | GS5: بنون | GT5: بنات | GU5: بنون | GV5: بنات | GW5: بنون | GX5: بنات | GY5: بنون | GZ5: بنات | HA5: بنون | HB5: بنات | HC5: المجموع | HD5: بنون | HE5: بنات | HF5: بنون | HG5: بنات | HH5: بنون | HI5: بنات | HJ5: بنون | HK5: بنات | HL5: بنون | HM5: بنات | HN5: بنون | HO5: بنات | HP5: بنون | HQ5: بنات | HR5: المجموع | HS5: بنون | HT5: بنات | HU5: بنون | HV5: بنات | HW5: بنون | HX5: بنات | HY5: بنون | HZ5: بنات | IA5: بنون | IB5: بنات | IC5: بنون | ID5: بنات | IE5: بنون | IF5: بنات | IG5: المجموع | IH5: بنون | II5: بنات | IJ5: بنون | IK5: بنات | IL5: بنون | IM5: بنات | IN5: بنون | IO5: بنات | IP5: بنون | IQ5: بنات | IR5: بنون | IS5: بنات | IT5: بنون | IU5: بنات | IV5: المجموع | IW5: ذكور | IX5: اناث | IY5: ذكور | IZ5: اناث | JA5: ذكور | JB5: اناث | JC5: ذكور | JD5: اناث | JE5: ذكور | JF5: اناث | JG5: المجموع | JH5: ذكور | JI5: اناث | JJ5: ذكور | JK5: اناث | JL5: ذكور | JM5: اناث | JN5: ذكور | JO5: اناث | JP5: ذكور | JQ5: اناث | JR5: ذكور | JS5: اناث | JT5: ذكور | JU5: ذكور | JV5: ذكور | JW5: ذكور | JX5: اناث | JY5: المجموع | JZ5: ذكور | KA5: اناث | KB5: ذكور | KC5: اناث | KD5: ذكور | KE5: اناث | KF5: ذكور | KG5: اناث | KH5: المجموع | KI5: ذكور | KJ5: اناث | KK5: ذكور | KL5: اناث | KM5: ذكور | KN5: اناث | KO5: ذكور | KP5: اناث | KQ5: ذكور | KR5: اناث | KS5: ذكور | KT5: اناث | KU5: اناث | KV5: ذكور | KW5: اناث | KX5: ذكور | KY5: اناث | KZ5: ذكور | LA5: اناث | LB5: ذكور | LC5: اناث | LD5: المجموع | LE5: ذكور | LF5: اناث | LG5: ذكور | LH5: اناث | LI5: ذكور | LJ5: اناث | LK5: ذكور | LL5: اناث | LM5: ذكور | LN5: اناث | LO5: ذكور | LP5: اناث | LQ5: ذكور | LR5: اناث | LS5: ذكور | LT5: اناث | LU5: ذكور | LV5: اناث | LW5: ذكور | LX5: اناث | LY5: ذكور | LZ5: اناث | MA5: المجموع | MB5: ذكور | MC5: اناث | MD5: ذكور | ME5: اناث | MF5: ذكور | MG5: اناث | MH5: ذكور | MI5: اناث | MJ5: ذكور | MK5: اناث | ML5: ذكور | MM5: اناث | MN5: ذكور | MO5: اناث | MP5: ذكور | MQ5: اناث | MR5: ذكور | MS5: اناث | MT5: ذكور | MU5: اناث | MV5: ذكور | MW5: اناث | MX5: المجموع | MY5: ذكور | MZ5: اناث | NA5: ذكور | NB5: اناث | NC5: ذكور | ND5: اناث | NE5: ذكور | NF5: اناث | NG5: ذكور | NH5: اناث | NI5: ذكور | NJ5: اناث | NK5: ذكور | NL5: اناث | NM5: ذكور | NN5: اناث | NO5: ذكور | NP5: اناث | NQ5: ذكور | NR5: اناث | NS5: ذكور | NT5: اناث | NU5: المجموع | NV5: ذكور | NW5: اناث | NX5: ذكور | NY5: اناث | NZ5: ذكور | OA5: اناث | OB5: ذكور | OC5: اناث | OD5: ذكور | OE5: اناث | OF5: ذكور | OG5: اناث | OH5: ذكور | OI5: اناث | OJ5: ذكور | OK5: اناث | OL5: ذكور | OM5: اناث | ON5: ذكور | OO5: اناث | OP5: ذكور | OQ5: اناث | OR5: المجموع | OS5: ذكور | OT5: اناث | OU5: ذكور | OV5: اناث | OW5: ذكور | OX5: اناث | OY5: ذكور | OZ5: اناث | PA5: ذكور | PB5: اناث | PC5: ذكور | PD5: اناث | PE5: ذكور | PF5: اناث | PG5: ذكور | PH5: اناث | PI5: ذكور | PJ5: اناث | PK5: ذكور | PL5: اناث | PM5: ذكور | PN5: اناث | PO5: المجموع | PP5: ذكور | PQ5: اناث | PR5: ذكور | PS5: اناث | PT5: ذكور | PU5: اناث | PV5: ذكور | PW5: اناث | PX5: ذكور | PY5: اناث | PZ5: ذكور | QA5: اناث | QB5: ذكور | QC5: اناث | QD5: ذكور | QE5: اناث | QF5: ذكور | QG5: اناث | QH5: ذكور | QI5: اناث | QJ5: ذكور | QK5: اناث | QL5: المجموع | QM5: ذكور | QN5: اناث | QO5: ذكور | QP5: اناث | QQ5: ذكور | QR5: اناث | QS5: ذكور | QT5: اناث | QU5: ذكور | QV5: اناث | QW5: ذكور | QX5: اناث | QY5: ذكور | QZ5: اناث | RA5: ذكور | RB5: اناث | RC5: ذكور | RD5: اناث | RE5: ذكور | RF5: اناث | RG5: ذكور | RH5: اناث | RI5: المجموع | RJ5: ذكور | RK5: اناث | RL5: ذكور | RM5: اناث | RN5: ذكور | RO5: اناث | RP5: ذكور | RQ5: اناث | RR5: ذكور | RS5: اناث | RT5: ذكور | RU5: اناث | RV5: ذكور | RW5: اناث | RX5: ذكور | RY5: اناث | RZ5: ذكور | SA5: اناث | SB5: ذكور | SC5: اناث | SD5: ذكور | SE5: اناث | SF5: المجموع | SG5: ذكور | SH5: اناث | SI5: ذكور | SJ5: اناث | SK5: ذكور | SL5: اناث | SM5: ذكور | SN5: اناث | SO5: ذكور | SP5: اناث | SQ5: ذكور | SR5: اناث | SS5: ذكور | ST5: اناث | SU5: ذكور | SV5: اناث | SW5: ذكور | SX5: اناث | SY5: ذكور | SZ5: اناث | TA5: ذكور | TB5: اناث | TC5: المجموع | TD5: ذكور | TE5: اناث | TF5: ذكور | TG5: اناث | TH5: ذكور | TI5: اناث | TJ5: ذكور | TK5: اناث | TL5: ذكور | TM5: اناث | TN5: ذكور | TO5: اناث | TP5: ذكور | TQ5: اناث | TR5: ذكور | TS5: اناث | TT5: ذكور | TU5: اناث | TV5: ذكور | TW5: اناث | TX5: ذكور | TY5: اناث | TZ5: المجموع | UA5: ذكور | UB5: اناث | UC5: ذكور | UD5: اناث | UE5: ذكور | UF5: اناث | UG5: ذكور | UH5: اناث | UI5: ذكور | UJ5: اناث | UK5: ذكور | UL5: اناث | UM5: ذكور | UN5: اناث | UO5: ذكور | UP5: اناث | UQ5: ذكور | UR5: اناث | US5: ذكور | UT5: اناث | UU5: ذكور | UV5: اناث | UW5: المجموع | UX5: ذكور | UY5: اناث | UZ5: ذكور | VA5: اناث | VB5: ذكور | VC5: اناث | VD5: ذكور | VE5: اناث | VF5: ذكور | VG5: اناث | VH5: ذكور | VI5: اناث | VJ5: ذكور | VK5: اناث | VL5: ذكور | VM5: اناث | VN5: ذكور | VO5: اناث | VP5: ذكور | VQ5: اناث | VR5: ذكور | VS5: اناث | VT5: المجموع | VU5: ذكور | VV5: اناث | VW5: ذكور | VX5: اناث | VY5: ذكور | VZ5: اناث | WA5: ذكور | WB5: اناث | WC5: ذكور | WD5: اناث | WE5: ذكور | WF5: اناث | WG5: ذكور | WH5: اناث | WI5: ذكور | WJ5: اناث | WK5: ذكور | WL5: اناث | WM5: ذكور | WN5: اناث | WO5: ذكور | WP5: اناث | WQ5: المجموع | WR5: ذكور | WS5: اناث | WT5: ذكور | WU5: اناث | WV5: ذكور | WW5: اناث | WX5: ذكور | WY5: اناث | WZ5: ذكور | XA5: اناث | XB5: ذكور | XC5: اناث | XD5: ذكور | XE5: اناث | XF5: ذكور | XG5: اناث | XH5: ذكور | XI5: اناث | XJ5: ذكور | XK5: اناث | XL5: ذكور | XM5: اناث | XN5: المجموع | XO5: ذكور | XP5: اناث | XQ5: ذكور | XR5: اناث | XS5: ذكور | XT5: اناث | XU5: ذكور | XV5: اناث | XW5: ذكور | XX5: اناث | XY5: ذكور | XZ5: اناث | YA5: ذكور | YB5: اناث | YC5: ذكور | YD5: اناث | YE5: ذكور | YF5: اناث | YG5: ذكور | YH5: اناث | YI5: ذكور | YJ5: اناث | YK5: المجموع | YL5: ذكور | YM5: اناث | YN5: ذكور | YO5: اناث | YP5: ذكور | YQ5: اناث | YR5: ذكور | YS5: اناث | YT5: ذكور | YU5: اناث | YV5: ذكور | YW5: اناث | YX5: ذكور | YY5: اناث | YZ5: ذكور | ZA5: اناث | ZB5: ذكور | ZC5: اناث | ZD5: ذكور | ZE5: اناث | ZF5: ذكور | ZG5: اناث | ZH5: المجموع | ZI5: ذكور | ZJ5: اناث | ZK5: ذكور | ZL5: اناث | ZM5: ذكور | ZN5: اناث | ZO5: ذكور | ZP5: اناث | ZQ5: ذكور | ZR5: اناث | ZS5: ذكور | ZT5: اناث | ZU5: ذكور | ZV5: اناث | ZW5: ذكور | ZX5: اناث | ZY5: ذكور | ZZ5: اناث | AAA5: ذكور | AAB5: اناث | AAC5: ذكور | AAD5: اناث | AAE5: المجموع | AAF5: ذكور | AAG5: اناث | AAH5: ذكور | AAI5: اناث | AAJ5: ذكور | AAK5: اناث | AAL5: ذكور | AAM5: اناث | AAN5: ذكور | AAO5: اناث | AAP5: ذكور | AAQ5: اناث | AAR5: ذكور | AAS5: اناث | AAT5: ذكور | AAU5: اناث | AAV5: ذكور | AAW5: اناث | AAX5: ذكور | AAY5: اناث | AAZ5: ذكور | ABA5: اناث | ABB5: المجموع | ABC5: ذكور | ABD5: اناث | ABE5: ذكور | ABF5: اناث | ABG5: ذكور | ABH5: اناث | ABI5: ذكور | ABJ5: اناث | ABK5: ذكور | ABL5: اناث | ABM5: ذكور | ABN5: اناث | ABO5: ذكور | ABP5: اناث | ABQ5: ذكور | ABR5: اناث | ABS5: ذكور | ABT5: اناث | ABU5: ذكور | ABV5: اناث | ABW5: ذكور | ABX5: اناث | ABY5: المجموع | ABZ5: ذكور | ACA5: اناث | ACB5: ذكور | ACC5: اناث | ACD5: ذكور | ACE5: اناث | ACF5: ذكور | ACG5: اناث | ACH5: ذكور | ACI5: اناث | ACJ5: ذكور | ACK5: اناث | ACL5: ذكور | ACM5: اناث | ACN5: ذكور | ACO5: اناث | ACP5: ذكور | ACQ5: اناث | ACR5: ذكور | ACS5: اناث | ACT5: ذكور | ACU5: اناث | ACV5: المجموع | ACW5: ذكور | ACX5: اناث | ACY5: ذكور | ACZ5: اناث | ADA5: ذكور | ADB5: اناث | ADC5: ذكور | ADD5: اناث | ADE5: ذكور | ADF5: اناث | ADG5: ذكور | ADH5: اناث | ADI5: ذكور | ADJ5: اناث | ADK5: ذكور | ADL5: اناث | ADM5: ذكور | ADN5: اناث | ADO5: ذكور | ADP5: اناث | ADQ5: ذكور | ADR5: اناث | ADS5: المجموع | ADT5: ذكور | ADU5: اناث | ADV5: ذكور | ADW5: اناث | ADX5: ذكور | ADY5: اناث | ADZ5: ذكور | AEA5: اناث | AEB5: ذكور | AEC5: اناث | AED5: ذكور | AEE5: اناث | AEF5: ذكور | AEG5: اناث | AEH5: ذكور | AEI5: اناث | AEJ5: ذكور | AEK5: اناث | AEL5: ذكور | AEM5: اناث | AEN5: ذكور | AEO5: اناث | AEP5: المجموع الكلي | AEQ5: ذكور | AER5: اناث | AES5: ذكور | AET5: اناث | AEU5: ذكور | AEV5: اناث | AEW5: ذكور | AEX5: اناث | AEY5: ذكور | AEZ5: اناث | AFA5: ذكور | AFB5: اناث | AFC5: المجموع الكلي | AFD5: ذكور | AFE5: اناث | AFF5: ذكور | AFG5: اناث | AFH5: ذكور | AFI5: اناث | AFJ5: ذكور | AFK5: اناث | AFL5: ذكور | AFM5: اناث | AFN5: ذكور | AFO5: اناث | AFP5: المجموع الكلي | AFQ5: ذكور | AFR5: اناث | AFS5: ذكور | AFT5: اناث | AFU5: ذكور | AFV5: اناث | AFW5: ذكور | AFX5: اناث | AFY5: ذكور | AFZ5: اناث | AGA5: المجموع | AGB5: ذكور | AGC5: اناث | AGD5: المجموع | AGE5: ذكور | AGF5: اناث | AGG5: المجموع | AGH5: بنون | AGI5: بنات | AGJ5: المجموع | AGK5: نعم | AGL5: كلا | AGM5: نعم | AGN5: كلا | AGO5: نعم | AGP5: كلا | AGQ5: نعم | AGR5: كلا | AGS5: نعم | AGT5: كلا | AHA5: نعم | AHB5: كلا | AHC5: بنون | AHD5: بنات | AHE5: مجموع | AHF5: بنون | AHG5: بنات | AHH5: مختلط | AHI5: مجموع | AHJ5: ذكور | AHK5: اناث | AHL5: مجموع | AHM5: نعم | AHN5: كلا | AHO5: مدرسي | AHP5: غير مدرسي | AHQ5: سنة البناء | AHR5: رقم القطعة | AHS5: رقم المقاطعة | AHT5: نعم | AHU5: كلا | AHV5: طابق واحد | AHW5: طابقين | AHX5: ثلاث طوابق | AHY5: نعم | AHZ5: كلا | AIE5: 6صف | AIF5: 9صف | AIG5: 12صف | AIH5: 18صف | AII5: 24صف | AIJ5: طابوق او حجر او بلوك | AIK5: طين | AIL5: صريفة او خيمة | AIM5: هياكل حديدية | AIN5: بناء جاهز | AIO5: كرفان | AIP5: اخرى | AIQ5: نعم | AIR5: كلا | AIS5: شبكة المجاري | AIT5: خزانات | AIU5: نعم | AIV5: كلا | AIW5: بلدية | AIX5: بئر عميق | AIY5: نهر | AIZ5: صهاريج | AJA5: اخرى | AJB5: نعم | AJC5: كلا | AJD5: بناء | AJE5: اسلاك | AJF5: اخرى | AJG5: جيد | AJH5: متصدع | AJI5: غيرامن | AJJ5: نعم | AJK5: كلا | AJL5: نعم | AJM5: كلا | AJN5: نعم | AJO5: كلا | AJP5: كرة قدم | AJQ5: كرة سلة | AJR5: كرة طائرة | AJS5: ساحة رياضية | AJT5: اخرى | AJU5: نعم | AJV5: كلا | AJW5: صالحة | AJX5: غير صالحة | AJY5: كافية | AJZ5: غير كافية | AKA5: مدرسة واحدة | AKB5: مدرستان | AKC5: ثلاث مدارس | AKD5: حكومية تابعة لوزارة التربية | AKE5: حكومية تابعة لجهات اخرى | AKF5: مستأجرة | AKG5: صالحة | AKH5: بحاجة الى ترميم | AKI5: غير صالحة | AKJ5: صالحة | AKK5: غيرصالحة | AKL5: صالحة | AKM5: غيرصالحة | AKN5: صالحة | AKO5: غيرصالحة | AKP5: صالحة | AKQ5: عاطلة | AKR5: صالحة | AKS5: عاطلة | AKT5: صالحة | AKU5: عاطلة | AKV5: نعم | AKW5: كلا | AKX5: مدير | AKY5: معاون | AKZ5: معلم او مدرس | ALA5: امين المكتبة | ALB5: موظف ادارة | ALC5: قاعة مستقلة | ALD5: غرفة | ALE5: خزانة | ALF5: رفوف عارضة | ALG5: عدد الكتب | ALH5: عدد المجلات والقصص | ALI5: المجموع | ALJ5: نعم | ALK5: كلا
A7: خلاصة مركز النجف | F7: =SUM(F6:F6) -> 0 | G7: =SUM(G6:G6) -> 0 | H7: =SUM(H6:H6) -> 0 | I7: =SUM(I6:I6) -> 0 | J7: =SUM(J6:J6) -> 0 | K7: =SUM(K6:K6) -> 0 | L7: =SUM(L6:L6) -> 0 | M7: =SUM(M6:M6) -> 0 | ... ALH7: =SUM(ALH6:ALH6) -> 0
A8: النجف | B8: الحيدرية | C8: 3 | D8: 1401184 | E8: العترة الطاهرة المختلطة | H8: 1 | J8: 1 | K8: 1 | O8: 1 | Q8: 1 | AA8: 27 | AB8: 28 | AC8: 5 | AD8: 2 | AE8: 2 | AF8: 1 | AH8: 1 | AK8: =AI8+AG8+AE8+AC8+AA8+Y8 -> 34 | AL8: =AJ8+AH8+AF8+AD8+AB8+Z8 -> 32 | AM8: =AL8+AK8 -> 66 | AN8: =Y8 -> 0 | AO8: =Z8 -> 0 | AP8: =AA8 -> 27 | AQ8: =AB8 -> 28 | AR8: 5 | AS8: 2 | AT8: 2 | AU8: 1 | AW8: 1 | AZ8: =AX8+AV8+AT8+AR8+AP8+AN8 -> 34 | BA8: =AY8+AW8+AU8+AS8+AQ8+AO8 -> 32 | BB8: =BA8+AZ8 -> 66 | BC8: 21 | BD8: 14 | BE8: 6 | BF8: 10 | BG8: 3 | BH8: 1 | BI8: 1 | BK8: 1 | BL8: 1 | BM8: =BK8+BI8+BG8+BE8+BC8 -> 32 | BN8: =BL8+BJ8+BH8+BF8+BD8 -> 26 | BO8: =BN8+BM8 -> 58 | BP8: 15 | BQ8: 18 | BR8: 9 | BS8: 4 | BT8: 6 | BU8: 1 | BV8: 1 | BW8: 3 | BX8: 1 | BZ8: =BX8+BV8+BT8+BR8+BP8 -> 32 | CA8: =BY8+BW8+BU8+BS8+BQ8 -> 26 | CB8: =CA8+BZ8 -> 58 | CC8: 11 | CD8: 16 | CE8: 8 | CF8: 6 | CG8: 3 | CH8: 5 | CI8: 2 | CJ8: 1 | CK8: 3 | CL8: 1 | CM8: =CC8+CE8+CG8+CI8+CK9 -> 24 | CN8: =CD8+CF8+CH8+CJ8+CL8 -> 29 | CO8: =CN8+CM8 -> 53 | CP8: 17 | CQ8: 10 | CR8: 10 | CS8: 1 | CT8: 3 | CU8: 1 | CX8: 1 | CZ8: =CX8+CV8+CT8+CR8+CP8 -> 31 | DA8: =CY8+CW8+CU8+CS8+CQ8 -> 12 | DB8: =DA8+CZ8 -> 43 | DC8: 11 | DD8: 12 | DE8: 5 | DF8: 5 | DG8: 4 | DI8: 4 | DM8: =DK8+DI8+DG8+DE8+DC8 -> 24 | DN8: =DL8+DJ8+DH8+DF8+DD8 -> 17 | DO8: =DN8+DM8 -> 41 | DP8: =AN8 -> 0 | DQ8: =AO8 -> 0 | DR8: =AP8 -> 27 | DS8: =AQ8 -> 28 | DT8: =AR8+BC8 -> 26 | DU8: =AS8+BD8 -> 16 | DV8: =AT8+BE8+BP8 -> 23 | DW8: =AU8+BF8+BQ8 -> 29 | DX8: =AV8+BG8+BR8+CC8 -> 23 | DY8: =AW8+BH8+BS8+CD8 -> 22 | DZ8: =AX8+BI8+BT8+CE8+CP8 -> 32 | EA8: =AY8+BJ8+BU8+CF8+CQ8 -> 17 | EB8: =BK8+BV8+CG8+CR8+DC8 -> 26 | EC8: =BL8+BW8+CH8+CS8+DD8 -> 22 | ED8: =BX8+CI8+CT8+DE8 -> 11 | EE8: =BY8+CJ8+CU8+DF8 -> 7 | EF8: =CK8+CV8+DG8 -> 7 | EG8: =CL8+CW8+DH8 -> 1 | EH8: =CX8+DI8 -> 5 | EI8: =CY8+DJ8 -> 0 | EJ8: =DK8 -> 0 | EK8: =DL8 -> 0 | EL8: =EJ8+EH8+EF8+ED8+EB8+DZ8+DX8+DV8+DT8+DR8+DP8 -> 180 | EM8: =EK8+EI8+EG8+EE8+EC8+EA8+DY8+DW8+DU8+DS8+DQ8 -> 142 | EN8: =EM8+EL8 -> 322 | EQ8: 2 | ER8: 1 | ES8: 1 | EU8: 1 | EV8: 1 | EX8: 1 | EY8: 1 | FC8: 1 | FD8: 1 | FE8: 1 | FG8: =FD8+FA8+EX8+EU8+ER8+EO8 -> 4 | FH8: =FE8+FB8+EY8+EV8+ES8+EP8 -> 4 | FI8: =FF8+FC8+EZ8+EW8+ET8+EQ8 -> 3 | FJ8: =FI8+FH8+FG8 -> 11 | FK8: 1 | FM8: 2 | FO8: 2 | FU8: 1 | FW8: =FU8+FS8+FQ8+FO8+FM8+FK8 -> 6 | FX8: =FV8+FT8+FR8+FP8+FN8+FL8 -> 0 | FY8: =FX8+FW8 -> 6 | FZ8: 25 | GA8: 16 | GB8: 23 | GC8: 20 | GD8: 19 | GE8: 20 | GF8: 19 | GG8: 25 | GH8: 19 | GI8: 9 | GJ8: 13 | GK8: 17 | GL8: =GJ8+GH8+GF8+GD8+GB8+FZ8 -> 118 | GM8: =GK8+GI8+GG8+GE8+GC8+GA8 -> 107 | GN8: =GM8+GL8 -> 225 | GO8: 2 | GP8: 1 | GQ8: 1 | GR8: 1 | GS8: 2 | GW8: 3 | HA8: =GY8+GW8+GU8+GS8+GQ8+GO8 -> 8 | HB8: =GZ8+GX8+GV8+GT8+GR8+GP8 -> 2 | HC8: =HB8+HA8 -> 10 | HD8: 1 | HF8: 2 | HH8: 2 | HN8: 1 | HP8: =HD8+HF8+HH8+HJ8+HL8+HN8 -> 6 | HQ8: =HO8+HM8+HK8+HI8+HG8+HE8 -> 0 | HR8: =HQ8+HP8 -> 6 | IE8: =IC8+IA8+HY8+HW8+HU8+HS8 -> 0 | IF8: =ID8+IB8+HZ8+HX8+HV8+HT8 -> 0 | IG8: =IF8+IE8 -> 0 | IH8: =HS8+GO8+HD8 -> 3 | II8: =HT8+HE8+GP8 -> 1 | IJ8: =HU8+HF8+GQ8 -> 3 | IK8: =HV8+HG8+GR8 -> 1 | IL8: =HW8+HH8+GS8 -> 4 | IM8: =HX8+HI8+GT8 -> 0 | IN8: =HY8+HJ8+GU8 -> 0 | IO8: =HZ8+HK8+GV8 -> 0 | IP8: =IA8+HL8+GW8 -> 3 | ... IS8: =ID8+HO8+GZ8 -> 0 | IT8: =IR8+IP8+IN8+IL8+IJ8+IH8 -> 14 | IU8: =IS8+IQ8+IO8+IM8+IK8+II8 -> 2 | IV8: =IU8+IT8 -> 16 | IW8: 1 | IZ8: 1 | JA8: 6 | JB8: 8 | JE8: =JC8+JA8+IY8+IW8 -> 7 | JF8: =JD8+JB8+IZ8+IX8 -> 9 | JG8: =JF8+JE8 -> 16 | JI8: 1 | JK8: 1 | JP8: 1 | JQ8: 1 | JW8: =JV8+JU8+JT8+JP8+JN8+JJ8+JH8+JR8+JL8 -> 1 | JX8: =JQ8+JO8+JK8+JI8+JM8+JS8 -> 3 | JY8: =JX8+JW8 -> 4 | JZ8: 7 | KA8: 9 | KF8: =KD8+KB8+JZ8 -> 7 | KG8: =KE8+KC8+KA8 -> 9 | KH8: =KG8+KF8 -> 16 | KI8: 7 | KJ8: 9 | KZ8: =KV8+KS8+KQ8+KO8+KM8+KK8 -> 0 | LA8: =KW8+KU8+KT8+KR8+KP8+KN8+KL8 -> 0 | LB8: =KZ8+KI8 -> 7 | LC8: =LA8+KJ8 -> 9 | LD8: =LC8+LB8 -> 16 | LM8: 2 | LN8: 1 | LS8: 2 | LT8: 1 | LY8: =LW8+LU8+LS8+LQ8+LO8+LM8+LK8+LI8+LG8+LE8 -> 4 | LZ8: =LX8+LV8+LT8+LR8+LP8+LN8+LL8+LJ8+LH8+LF8 -> 2 | MA8: =LZ8+LY8 -> 6 | MJ8: 1 | MK8: 1 | MP8: 1 | MV8: =MT8+MR8+MP8+MN8+ML8+MJ8+MH8+MF8+MD8+MB8 -> 2 | MW8: =MU8+MS8+MQ8+MO8+MM8+MK8+MI8+MG8+ME8+MC8 -> 1 | MX8: =MW8+MV8 -> 3 | NS8: =NQ8+NO8+NM8+NK8+NI8+NG8+NE8+NC8+NA8+MY8 -> 0 | NT8: =NR8+NP8+NN8+NL8+NJ8+NH8+NF8+ND8+NB8+MZ8 -> 0 | NU8: =NT8+NS8 -> 0 | OP8: =ON8+OL8+OJ8+OH8+OF8+OD8+OB8+NZ8+NX8+NV8 -> 0 | OQ8: =OO8+OM8+OK8+OI8+OG8+OE8+OC8+OA8+NY8+NW8 -> 0 | OR8: =OQ8+OP8 -> 0 | OV8: 3 | PB8: 1 | PM8: =PK8+PI8+PG8+PE8+PC8+PA8+OY8+OW8+OU8+OS8 -> 0 | PN8: =PL8+PJ8+PH8+PF8+PD8+PB8+OZ8+OX8+OV8+OT8 -> 4 | PO8: =PN8+PM8 -> 4 | QA8: 2 | QJ8: =QH8+QF8+QD8+QB8+PZ8+PX8+PV8+PT8+PR8+PP8 -> 0 | QK8: =QI8+QG8+QE8+QC8+QA8+PY8+PW8+PU8+PS8+PQ8 -> 2 | QL8: =QK8+QJ8 -> 2 | RG8: =RE8+RC8+RA8+QY8+QW8+QU8+QS8+QQ8+QO8+QM8 -> 0 | RH8: =RF8+RD8+RB8+QZ8+QX8+QV8+QT8+QR8+QP8+QN8 -> 0 | RI8: =RH8+RG8 -> 0 | SD8: =SB8+RZ8+RX8+RV8+RT8+RR8+RP8+RN8+RL8+RJ8 -> 0 | SE8: =SC8+SA8+RY8+RW8+RU8+RS8+RQ8+RO8+RM8+RK8 -> 0 | SF8: =SE8+SD8 -> 0 | TA8: =SY8+SW8+SU8+SS8+SQ8+SO8+SM8+SK8+SI8+SG8 -> 0 | TB8: =SZ8+SX8+SV8+ST8+SR8+SP8+SN8+SL8+SJ8+SH8 -> 0 | TC8: =TB8+TA8 -> 0 | TX8: =TV8+TT8+TR8+TP8+TN8+TL8+TJ8+TH8+TF8+TD8 -> 0 | TY8: =TW8+TU8+TS8+TQ8+TO8+TM8+TK8+TI8+TG8+TE8 -> 0 | TZ8: =TY8+TX8 -> 0 | UI8: 1 | UU8: =US8+UQ8+UO8+UM8+UK8+UI8+UG8+UE8+UC8+UA8 -> 1 | UV8: =UT8+UR8+UP8+UN8+UL8+UJ8+UH8+UF8+UD8+UB8 -> 0 | UW8: =UV8+UU8 -> 1 | VR8: =VP8+VN8+VL8+VJ8+VH8+VF8+VD8+VB8+UZ8+UX8 -> 0 | VS8: =VQ8+VO8+VM8+VK8+VI8+VG8+VE8+VC8+VA8+UY8 -> 0 | VT8: =VS8+VR8 -> 0 | WO8: =WM8+WK8+WI8+WG8+WE8+WC8+WA8+VY8+VW8+VU8 -> 0 | WP8: =WN8+WL8+WJ8+WH8+WF8+WD8+WB8+VZ8+VX8+VV8 -> 0 | WQ8: =WP8+WO8 -> 0 | XL8: =XJ8+XH8+XF8+XD8+XB8+WZ8+WX8+WV8+WT8+WR8 -> 0 | XM8: =XK8+XI8+XG8+XE8+XC8+XA8+WY8+WW8+WU8+WS8 -> 0 | XN8: =XM8+XL8 -> 0 | YI8: =YG8+YE8+YC8+YA8+XY8+XW8+XU8+XS8+XQ8+XO8 -> 0 | YJ8: =YH8+YF8+YD8+YB8+XZ8+XX8+XV8+XT8+XR8+XP8 -> 0 | YK8: =YJ8+YI8 -> 0 | ZF8: =ZD8+ZB8+YZ8+YX8+YV8+YT8+YR8+YP8+YN8+YL8 -> 0 | ZG8: =ZE8+ZC8+ZA8+YY8+YW8+YU8+YS8+YQ8+YO8+YM8 -> 0 | ZH8: =ZG8+ZF8 -> 0 | AAC8: =AAA8+ZY8+ZW8+ZU8+ZS8+ZQ8+ZO8+ZM8+ZK8+ZI8 -> 0 | AAD8: =AAB8+ZZ8+ZX8+ZV8+ZT8+ZR8+ZP8+ZN8+ZL8+ZJ8 -> 0 | AAE8: =AAD8+AAC8 -> 0 | AAZ8: =AAX8+AAV8+AAT8+AAR8+AAP8+AAN8+AAL8+AAJ8+AAH8+AAF8 -> 0 | ABA8: =AAY8+AAW8+AAU8+AAS8+AAQ8+AAO8+AAM8+AAK8+AAI8+AAG8 -> 0 | ABB8: =ABA8+AAZ8 -> 0 | ABW8: =ABU8+ABS8+ABQ8+ABO8+ABM8+ABK8+ABI8+ABG8+ABE8+ABC8 -> 0 | ABX8: =ABV8+ABT8+ABR8+ABP8+ABN8+ABL8+ABJ8+ABH8+ABF8+ABD8 -> 0 | ABY8: =ABX8+ABW8 -> 0 | ACT8: =ACR8+ACP8+ACN8+ACL8+ACJ8+ACH8+ACF8+ACD8+ACB8+ABZ8 -> 0 | ACU8: =ACS8+ACQ8+ACO8+ACM8+ACK8+ACI8+ACG8+ACE8+ACC8+ACA8 -> 0 | ACV8: =ACU8+ACT8 -> 0 | ADQ8: =ADO8+ADM8+ADK8+ADI8+ADG8+ADE8+ADC8+ADA8+ACY8+ACW8 -> 0 | ADR8: =ADP8+ADN8+ADL8+ADJ8+ADH8+ADF8+ADD8+ADB8+ACZ8+ACX8 -> 0 | ADS8: =ADR8+ADQ8 -> 0 | ADT8: =ACW8+ABZ8+ABC8+AAF8+ZI8+YL8+XO8+WR8+VU8+UX8+UA8+TD8+SG8+RJ8+QM8+PP8+OS8+NV8+MY8+MB8+LE8 -> 0 | ADU8: =ACX8+ACA8+ABD8+AAG8+ZJ8+YM8+XP8+WS8+VV8+UY8+UB8+TE8+SH8+RK8+QN8+PQ8+OT8+NW8+MZ8+MC8+LF8 -> 0 | ADV8: =ACY8+ACB8+ABE8+AAH8+ZK8+YN8+XQ8+WT8+VW8+UZ8+UC8+TF8+SI8+RL8+QO8+PR8+OU8+NX8+NA8+MD8+LG8 -> 0 | ADW8: =ACZ8+ACC8+ABF8+AAI8+ZL8+YO8+XR8+WU8+VX8+VA8+UD8+TG8+SJ8+RM8+QP8+PS8+OV8+NY8+NB8+ME8+LH8 -> 3 | ADX8: =ADA8+ACD8+ABG8+AAJ8+ZM8+YP8+XS8+WV8+VY8+VB8+UE8+TH8+SK8+RN8+QQ8+PT8+OW8+NZ8+NC8+MF8+LI8 -> 0 | ADY8: =ADB8+ACE8+ABH8+AAK8+ZN8+YQ8+XT8+WW8+VZ8+VC8+UF8+TI8+SL8+RO8+QR8+PU8+OX8+OA8+ND8+MG8+LJ8 -> 0 | ADZ8: =ADC8+ACF8+ABI8+AAL8+ZO8+YR8+XU8+WX8+WA8+VD8+UG8+TJ8+SM8+RP8+QS8+PV8+OY8+OB8+NE8+MH8+LK8 -> 0 | AEA8: =ADD8+ACG8+ABJ8+AAM8+ZP8+YS8+XV8+WY8+WB8+VE8+UH8+TK8+SN8+RQ8+QT8+PW8+OZ8+OC8+NF8+MI8+LL8 -> 0 | ... AEM8: =ADP8+ACS8+ABV8+AAY8+AAB8+ZE8+YH8+XK8+WN8+VQ8+UT8+TW8+SZ8+SC8+RF8+QI8+PL8+OO8+NR8+MU8+LX8 -> 0 | AEN8: =AEL8+AEJ8+AEH8+AEF8+AED8+AEB8+ADZ8+ADX8+ADV8+ADT8 -> 7 | AEO8: =AEM8+AEK8+AEI8+AEG8+AEE8+AEC8+AEA8+ADY8+ADW8+ADU8 -> 9 | AEP8: =AEO8+AEN8 -> 16 | AEQ8: 2 | AER8: 1 | AES8: 5 | AET8: 8 | AFA8: =AEU8+AES8+AEQ8+AEY8 -> 7 | AFB8: =AEV8+AET8+AER8+AEZ8 -> 9 | AFC8: =SUM(AFA8:AFB8) -> 16 | AFF8: 2 | AFG8: 3 | AFH8: 5 | AFI8: 6 | AFN8: =AFL8+AFJ8+AFH8+AFF8+AFD8 -> 7 | AFO8: =AFM8+AFK8+AFI8+AFG8+AFE8 -> 9 | AFP8: =SUM(AFN8:AFO8) -> 16 | AFS8: 7 | AFT8: 7 | AFV8: 1 | AFX8: 1 | AFY8: =AFW8+AFU8+AFS8+AFQ8 -> 7 | AFZ8: =AFX8+AFV8+AFT8+AFR8 -> 9 | AGA8: =AFZ8+AFY8 -> 16 | AGB8: =IF((AFY8=AFN8)*AND(AFA8=AEN8)*AND(LB8=JE8),"صح","خطأ") -> صح | AGC8: =IF((AFZ8=AFO8)*AND(AFB8=AEO8)*AND(LC8=JF8),"صح","خطأ") -> صح | AGD8: =IF((AGA8=AFP8)*AND(AFC8=AEP8)*AND(LD8=JG8),"صح","خطأ") -> صح | AGE8: 2 | AGF8: 2 | AGG8: =SUM(AGE8:AGF8) -> 4 | AGH8: 1 | AGJ8: =AGI8+AGH8 -> 1 | AGL8: 1 | AGN8: 1 | AGO8: 1 | AGR8: 1 | AGT8: 1 | AHB8: 1 | AHE8: =AHD8+AHC8 -> 0 | AHI8: =AHH8+AHG8+AHF8 -> 0 | AHL8: =AHK8+AHJ8 -> 0 | AHN8: 1 | AHO8: 1 | AHQ8: 2015 | AHT8: 1 | AHV8: 1 | AHY8: 1 | AIB8: 11 | AIC8: 4 | AID8: =AIC8+AIB8 -> 15 | AIG8: 1 | AIO8: 1 | AIQ8: 1 | AIT8: 1 | AIU8: 1 | AIW8: 1 | AJB8: 1 | AJD8: 1 | AJG8: 1 | AJJ8: 1 | AJM8: 1 | AJN8: 1 | AJT8: 1 | AJU8: 1 | AJW8: 1 | AJY8: 1 | AKA8: 1 | AKE8: 1 | AKG8: 1 | AKJ8: 120 | AKK8: 10 | AKL8: 10 | AKN8: 11 | AKO8: 2 | AKP8: 2 | AKQ8: 1 | AKR8: 2 | AKS8: 2 | AKW8: 1 | ALI8: =ALH8+ALG8 -> 0 | ALK8: 1 | ALL8: طريق ياحسين عمود143 | ALM8: امير محمد كريم الطائي | ALN8: 7832453411
A10: خلاصة ناحية الحيدرية | F10: =SUM(F8:F9) -> 0 | G10: =SUM(G8:G9) -> 0 | H10: =SUM(H8:H9) -> 1 | I10: =SUM(I8:I9) -> 0 | J10: =SUM(J8:J9) -> 1 | K10: =SUM(K8:K9) -> 1 | L10: =SUM(L8:L9) -> 0 | M10: =SUM(M8:M9) -> 0 | ... ALH10: =SUM(ALH8:ALH9) -> 0
A12: الشبكة | F12: =F11 -> 0 | G12: =G11 -> 0 | H12: =H11 -> 0 | I12: =I11 -> 0 | J12: =J11 -> 0 | K12: =K11 -> 0 | L12: =L11 -> 0 | M12: =M11 -> 0 | ... ALG12: =ALG11 -> 0
A13: خلاصة قضاء النجف الاشرف | F13: =F10+F7+F12 -> 0 | G13: =G10+G7+G12 -> 0 | H13: =H10+H7+H12 -> 1 | I13: =I10+I7+I12 -> 0 | J13: =J10+J7+J12 -> 1 | K13: =K10+K7+K12 -> 1 | L13: =L10+L7+L12 -> 0 | M13: =M10+M7+M12 -> 0 | ... ALG13: =ALG10+ALG7+ALG12 -> 0
A16: خلاصة مركز الكوفة | F16: =SUM(F14:F15) -> 0 | G16: =SUM(G14:G15) -> 0 | H16: =SUM(H14:H15) -> 0 | I16: =SUM(I14:I15) -> 0 | J16: =SUM(J14:J15) -> 0 | K16: =SUM(K14:K15) -> 0 | L16: =SUM(L14:L15) -> 0 | M16: =SUM(M14:M15) -> 0 | ... ALH16: =SUM(ALH14:ALH15) -> 0
A19: خلاصة ناحية العباسية | F19: =SUM(F17:F18) -> 0 | G19: =SUM(G17:G18) -> 0 | H19: =SUM(H17:H18) -> 0 | I19: =SUM(I17:I18) -> 0 | J19: =SUM(J17:J18) -> 0 | K19: =SUM(K17:K18) -> 0 | L19: =SUM(L17:L18) -> 0 | M19: =SUM(M17:M18) -> 0 | ... ALH19: =SUM(ALH17:ALH18) -> 0
A21: خلاصة ناحية الحرية | F21: =SUM(F20:F20) -> 0 | G21: =SUM(G20:G20) -> 0 | H21: =SUM(H20:H20) -> 0 | I21: =SUM(I20:I20) -> 0 | J21: =SUM(J20:J20) -> 0 | K21: =SUM(K20:K20) -> 0 | L21: =SUM(L20:L20) -> 0 | M21: =SUM(M20:M20) -> 0 | ... ALH21: =SUM(ALH20:ALH20) -> 0
A22: خلاصة قضاء الكوفة | F22: =F21+F19+F16 -> 0 | G22: =G21+G19+G16 -> 0 | H22: =H21+H19+H16 -> 0 | I22: =I21+I19+I16 -> 0 | J22: =J21+J19+J16 -> 0 | K22: =K21+K19+K16 -> 0 | L22: =L21+L19+L16 -> 0 | M22: =M21+M19+M16 -> 0 | ... ALH22: =ALH21+ALH19+ALH16 -> 0
A24: مجموع مركز المناذرة | F24: =SUM(F23:F23) -> 0 | G24: =SUM(G23:G23) -> 0 | H24: =SUM(H23:H23) -> 0 | I24: =SUM(I23:I23) -> 0 | J24: =SUM(J23:J23) -> 0 | K24: =SUM(K23:K23) -> 0 | L24: =SUM(L23:L23) -> 0 | M24: =SUM(M23:M23) -> 0 | ... ALH24: =SUM(ALH23:ALH23) -> 0
A27: مجموع ناحية الحيرة | F27: =SUM(F25:F26) -> 0 | G27: =SUM(G25:G26) -> 0 | H27: =SUM(H25:H26) -> 0 | I27: =SUM(I25:I26) -> 0 | J27: =SUM(J25:J26) -> 0 | K27: =SUM(K25:K26) -> 0 | L27: =SUM(L25:L26) -> 0 | M27: =SUM(M25:M26) -> 0 | ... ALH27: =SUM(ALH25:ALH26) -> 0 | ALL27: =SUM(ALL25:ALL26) -> 0 | ALM27: =SUM(ALM25:ALM26) -> 0 | ALN27: =SUM(ALN25:ALN26) -> 0 | ALO27: =SUM(ALO25:ALO26) -> 0 | ALP27: =SUM(ALP25:ALP26) -> 0 | ALQ27: =SUM(ALQ25:ALQ26) -> 0 | ALR27: =SUM(ALR25:ALR26) -> 0 | ALS27: =SUM(ALS25:ALS26) -> 0
A28: المجموع الكلي لقضاء المناذرة | F28: =F27+F24 -> 0 | G28: =G27+G24 -> 0 | H28: =H27+H24 -> 0 | I28: =I27+I24 -> 0 | J28: =J27+J24 -> 0 | K28: =K27+K24 -> 0 | L28: =L27+L24 -> 0 | M28: =M27+M24 -> 0 | ... ALH28: =ALH27+ALH24 -> 0 | ALL28: =ALL27+ALL24 -> 0 | ALM28: =ALM27+ALM24 -> 0 | ALN28: =ALN27+ALN24 -> 0 | ALO28: =ALO27+ALO24 -> 0 | ALP28: =ALP27+ALP24 -> 0 | ALQ28: =ALQ27+ALQ24 -> 0 | ALR28: =ALR27+ALR24 -> 0 | ALS28: =ALS27+ALS24 -> 0
A31: مجموع ناحية المشخاب | F31: =SUM(F28:F30) -> 0 | G31: =SUM(G28:G30) -> 0 | H31: =SUM(H28:H30) -> 0 | I31: =SUM(I28:I30) -> 0 | J31: =SUM(J28:J30) -> 0 | K31: =SUM(K28:K30) -> 0 | L31: =SUM(L28:L30) -> 0 | M31: =SUM(M28:M30) -> 0 | ... ALG31: =SUM(ALG28:ALG30) -> 0
A34: مجموع ناحية القادسية | F34: =SUM(F32:F33) -> 0 | G34: =SUM(G32:G33) -> 0 | H34: =SUM(H32:H33) -> 0 | I34: =SUM(I32:I33) -> 0 | J34: =SUM(J32:J33) -> 0 | K34: =SUM(K32:K33) -> 0 | L34: =SUM(L32:L33) -> 0 | M34: =SUM(M32:M33) -> 0 | ... ALG34: =SUM(ALG32:ALG33) -> 0 | ALL34: =SUM(ALL32:ALL33) -> 0 | ALM34: =SUM(ALM32:ALM33) -> 0 | ALN34: =SUM(ALN32:ALN33) -> 0 | ALO34: =SUM(ALO32:ALO33) -> 0 | ALP34: =SUM(ALP32:ALP33) -> 0 | ALQ34: =SUM(ALQ32:ALQ33) -> 0 | ALR34: =SUM(ALR32:ALR33) -> 0 | ALS34: =SUM(ALS32:ALS33) -> 0
A35: المجموع الكلي لقضاء المشخاب | F35: =F34+F31 -> 0 | G35: =G34+G31 -> 0 | H35: =H34+H31 -> 0 | I35: =I34+I31 -> 0 | J35: =J34+J31 -> 0 | K35: =K34+K31 -> 0 | L35: =L34+L31 -> 0 | M35: =M34+M31 -> 0 | ... ALG35: =ALG34+ALG31 -> 0 | ALL35: =ALL34+ALL31 -> 0 | ALM35: =ALM34+ALM31 -> 0 | ALN35: =ALN34+ALN31 -> 0 | ALO35: =ALO34+ALO31 -> 0 | ALP35: =ALP34+ALP31 -> 0 | ALQ35: =ALQ34+ALQ31 -> 0 | ALR35: =ALR34+ALR31 -> 0 | ALS35: =ALS34+ALS31 -> 0
A36: خلاصة محافظة النجف الاشرف | F36: =F35+F22+F13+F28 -> 0 | G36: =G35+G22+G13+G28 -> 0 | H36: =H35+H22+H13+H28 -> 1 | I36: =I35+I22+I13+I28 -> 0 | J36: =J35+J22+J13+J28 -> 1 | K36: =K35+K22+K13+K28 -> 1 | L36: =L35+L22+L13+L28 -> 0 | M36: =M35+M22+M13+M28 -> 0 | ... ALG36: =ALG35+ALG22+ALG13+ALG28 -> 0 | ALL36: =ALL35+ALL22+ALL13+ALL28 -> 0 | ALM36: =ALM35+ALM22+ALM13+ALM28 -> 0 | ALN36: =ALN35+ALN22+ALN13+ALN28 -> 0 | ALO36: =ALO35+ALO22+ALO13+ALO28 -> 0 | ALP36: =ALP35+ALP22+ALP13+ALP28 -> 0 | ALQ36: =ALQ35+ALQ22+ALQ13+ALQ28 -> 0 | ALR36: =ALR35+ALR22+ALR13+ALR28 -> 0 | ALS36: =ALS35+ALS22+ALS13+ALS28 -> 0

Sheet ج 1
A1: المديرية العامة للتربية في محافظة النجف الاشرف | S1: خلاصة محافظة النجف الاشرف
A2: قسم التخطيط التربوي | S2: التعليم الابتدائي ( الوقـف الشيـعـي )
B4: جدول رقم (( 1 ))
B5: التعليم الابتدائي ( الوقـف الشيـعـي ) للعام الدراسي2025/2026
B6: عدد المدارس والتلامذة الموجودين والمقبولين الجدد وعدد اعضاء الهيئة التعليمية واستقلالية المدرسة ( الصباحي والمسائي )
A9: الموقع البيئي | B9: عدد المدارس | F9: عدد التلامذة المقبولين ( الجدد ) | I9: عدد التلامذة الموجودين | L9: عدد اعضاء الهيئة التعليمية | O9: عدد المدارس حسب الاستقلالية | Q9: عدد المدارس حسب الدوام | V9: مدارس الفتح الجديد
F10: في الصف الاول
B11: بنون | C11: بنات | D11: مختلطة | E11: المجموع | F11: بنون | G11: بنات | H11: المجموع | I11: بنون | J11: بنات | K11: المجموع | L11: ذكور | M11: اناث | N11: المجموع | O11: اصلية | P11: ضيف | Q11: صباحاً | R11: ظهرا | S11: صباحا وظهرا | T11: مساءاً | U11: المجموع
A12: حضـــر | B12: =حضر!F32 -> 1 | C12: =حضر!G32 -> 2 | D12: =حضر!H32 -> 0 | E12: =D12+C12+B12 -> 3 | F12: =حضر!AK32 -> 81 | G12: =حضر!AL32 -> 137 | H12: =G12+F12 -> 218 | I12: =حضر!EL32 -> 498 | J12: =حضر!EM32 -> 940 | K12: =J12+I12 -> 1438 | L12: =حضر!JE32 -> 26 | M12: =حضر!JF32 -> 50 | N12: =M12+L12 -> 76 | O12: =حضر!O32 -> 2 | P12: =حضر!P32 -> 1 | Q12: =حضر!K32 -> 2 | R12: =حضر!L32 -> 1 | S12: =حضر!M32 -> 0 | T12: =حضر!N32 -> 0 | U12: =T12+S12+R12+Q12 -> 3 | V12: =حضر!U32 -> 0
A14: ريـــــف | B14: =ريف!F36 -> 0 | C14: =ريف!G36 -> 0 | D14: =ريف!H36 -> 1 | E14: =D14+C14+B14 -> 1 | F14: =ريف!AK36 -> 34 | G14: =ريف!AL36 -> 32 | H14: =G14+F14 -> 66 | I14: =ريف!EL36 -> 180 | J14: =ريف!EM36 -> 142 | K14: =J14+I14 -> 322 | L14: =ريف!JE36 -> 7 | M14: =ريف!JF36 -> 9 | N14: =M14+L14 -> 16 | O14: =ريف!O36 -> 1 | P14: =ريف!P36 -> 0 | Q14: =ريف!K36 -> 1 | R14: =ريف!L36 -> 0 | S14: =ريف!M36 -> 0 | T14: =ريف!N36 -> 0 | U14: =T14+S14+R14+Q14 -> 1 | V14: =ريف!U36 -> 0
A16: المجموع | B16: =SUM(B12:B15) -> 1 | C16: =SUM(C12:C15) -> 2 | D16: =SUM(D12:D15) -> 1 | E16: =SUM(E12:E15) -> 4 | F16: =SUM(F12:F15) -> 115 | G16: =SUM(G12:G15) -> 169 | H16: =SUM(H12:H15) -> 284 | I16: =SUM(I12:I15) -> 678 | ... U16: =SUM(U12:U15) -> 4 | V16: =V14+V12 -> 0
A18: المديرية العامة للتربية في محافظة النجف الاشرف | S18: قضاء النجف
A19: قسم التخطيط التربوي | S19: التعليم الابتدائي ( الوقـف الشيـعـي )
B21: جدول رقم (( 1 ))
B22: التعليم الابتدائي ( الوقـف الشيـعـي ) للعام الدراسي2025/2026
B23: عدد المدارس والتلامذة الموجودين والمقبولين الجدد وعدد اعضاء الهيئة التعليمية واستقلالية المدرسة ( الصباحي والمسائي )
A26: الموقع البيئي | B26: عدد المدارس | F26: عدد التلامذة المقبولين ( الجدد ) | I26: عدد التلامذة الموجودين | L26: عدد اعضاء الهيئة التعليمية | O26: استقلالية المدرسة | Q26: عدد المدارس حسب الدوام | V26: مدارس الفتح الجديد
F27: في الصف الاول
B28: بنون | C28: بنات | D28: مختلطة | E28: المجموع | F28: بنون | G28: بنات | H28: المجموع | I28: بنون | J28: بنات | K28: المجموع | L28: ذكور | M28: اناث | N28: المجموع | O28: اصلية | P28: ضيف | Q28: صباحاً | R28: ظهرا | S28: صباحا وظهرا | T28: مساءاً | U28: المجموع
A29: حضـــر | B29: =حضر!F14 -> 1 | C29: =حضر!G14 -> 1 | D29: =حضر!H14 -> 0 | E29: =D29+C29+B29 -> 2 | F29: =حضر!AK14 -> 81 | G29: =حضر!AL14 -> 55 | H29: =G29+F29 -> 136 | I29: =حضر!EL14 -> 498 | J29: =حضر!EM14 -> 410 | K29: =J29+I29 -> 908 | L29: =حضر!JE14 -> 26 | M29: =حضر!JF14 -> 25 | N29: =M29+L29 -> 51 | O29: =حضر!O14 -> 1 | P29: =حضر!P14 -> 1 | Q29: =حضر!K14 -> 1 | R29: =حضر!L14 -> 1 | S29: =حضر!M14 -> 0 | T29: =حضر!N14 -> 0 | U29: =T29+S29+R29+Q29 -> 2 | V29: =حضر!U14 -> 0
A31: ريـــــف | B31: =ريف!F13 -> 0 | C31: =ريف!G13 -> 0 | D31: =ريف!H13 -> 1 | E31: =D31+C31+B31 -> 1 | F31: =ريف!AK13 -> 34 | G31: =ريف!AL13 -> 32 | H31: =G31+F31 -> 66 | I31: =ريف!EL13 -> 180 | J31: =ريف!EM13 -> 142 | K31: =J31+I31 -> 322 | L31: =ريف!JE13 -> 7 | M31: =ريف!JF13 -> 9 | N31: =M31+L31 -> 16 | O31: =ريف!O13 -> 1 | P31: =ريف!P13 -> 0 | Q31: =ريف!K13 -> 1 | R31: =ريف!P13 -> 0 | S31: =ريف!M13 -> 0 | T31: =ريف!N13 -> 0 | U31: =T31+S31+R31+Q31 -> 1 | V31: =ريف!U13 -> 0
A33: المجموع | B33: =SUM(B29:B32) -> 1 | C33: =SUM(C29:C32) -> 1 | D33: =SUM(D29:D32) -> 1 | E33: =SUM(E29:E32) -> 3 | F33: =SUM(F29:F32) -> 115 | G33: =SUM(G29:G32) -> 87 | H33: =SUM(H29:H32) -> 202 | I33: =SUM(I29:I32) -> 678 | J33: =SUM(J29:J32) -> 552 | K33: =J33+I33 -> 1230 | L33: =SUM(L29:L32) -> 33 | M33: =SUM(M29:M32) -> 34 | N33: =SUM(N29:N32) -> 67 | O33: =SUM(O29:O32) -> 2 | P33: =SUM(P29:P32) -> 1 | Q33: =SUM(Q29:Q32) -> 2 | R33: =SUM(R29:R32) -> 1 | S33: =SUM(S29:S32) -> 0 | ... U33: =SUM(U29:U32) -> 3 | V33: =V31+V29 -> 0
A35: المديرية العامة للتربية في محافظة النجف الاشرف | R35: مركز النجف
A36: قسم التخطيط التربوي | R36: التعليم الابتدائي ( الوقـف الشيـعـي )
B38: جدول رقم (( 1 ))
B39: التعليم الابتدائي ( الوقـف الشيـعـي ) للعام الدراسي2025/2026
B40: عدد المدارس والتلامذة الموجودين والمقبولين الجدد وعدد اعضاء الهيئة التعليمية واستقلالية المدرسة ( الصباحي والمسائي )
A43: الموقع البيئي | B43: عدد المدارس | F43: عدد التلامذة المقبولين ( الجدد ) | I43: عدد التلامذة الموجودين | L43: عدد اعضاء الهيئة التعليمية | O43: استقلالية المدرسة | Q43: عدد المدارس حسب الدوام | V43: مدارس الفتح الجديد
F44: في الصف الاول
B45: بنون | C45: بنات | D45: مختلطة | E45: المجموع | F45: بنون | G45: بنات | H45: المجموع | I45: بنون | J45: بنات | K45: المجموع | L45: ذكور | M45: اناث | N45: المجموع | O45: اصلية | P45: ضيف | Q45: صباحاً | R45: ظهرا | S45: صباحا وظهرا | T45: مساءاً | U45: المجموع
A46: حضـــر | B46: =حضر!F9 -> 1 | C46: =حضر!G9 -> 1 | D46: =حضر!H9 -> 0 | E46: =D46+C46+B46 -> 2 | F46: =حضر!AK9 -> 81 | G46: =حضر!AL9 -> 55 | H46: =G46+F46 -> 136 | I46: =حضر!EL9 -> 498 | J46: =حضر!EM9 -> 410 | K46: =J46+I46 -> 908 | L46: =حضر!JE9 -> 26 | M46: =حضر!JF9 -> 25 | N46: =M46+L46 -> 51 | O46: =حضر!O9 -> 1 | P46: =حضر!P9 -> 1 | Q46: =حضر!K9 -> 1 | R46: =حضر!L9 -> 1 | S46: =حضر!M9 -> 0 | T46: =حضر!N9 -> 0 | U46: =T46+S46+R46+Q46 -> 2 | V46: =حضر!U9 -> 0
A48: ريـــــف | B48: =ريف!F7 -> 0 | C48: =ريف!G7 -> 0 | D48: =ريف!H7 -> 0 | E48: =D48+C48+B48 -> 0 | F48: =ريف!AK7 -> 0 | G48: =ريف!AL7 -> 0 | H48: =G48+F48 -> 0 | I48: =ريف!EL7 -> 0 | J48: =ريف!EM7 -> 0 | K48: =J48+I48 -> 0 | L48: =ريف!JT7 -> 0 | M48: =ريف!JU7 -> 0 | N48: =M48+L48 -> 0 | O48: =ريف!O7 -> 0 | P48: =ريف!P7 -> 0 | Q48: =ريف!K7 -> 0 | R48: =ريف!L7 -> 0 | S48: =ريف!M7 -> 0 | T48: 0 | U48: =T48+S48+R48+Q48 -> 0 | V48: =ريف!U7 -> 0
A50: المجموع | B50: =SUM(B46:B49) -> 1 | C50: =SUM(C46:C49) -> 1 | D50: =SUM(D46:D49) -> 0 | E50: =SUM(E46:E49) -> 2 | F50: =SUM(F46:F49) -> 81 | G50: =SUM(G46:G49) -> 55 | H50: =SUM(H46:H49) -> 136 | I50: =SUM(I46:I49) -> 498 | J50: =SUM(J46:J49) -> 410 | K50: =J50+I50 -> 908 | L50: =SUM(L46:L49) -> 26 | M50: =SUM(M46:M49) -> 25 | N50: =SUM(N46:N49) -> 51 | O50: =SUM(O46:O49) -> 1 | P50: =SUM(P46:P49) -> 1 | Q50: =SUM(Q46:Q49) -> 1 | R50: =SUM(R46:R49) -> 1 | S50: =SUM(S46:S49) -> 0 | ... U50: =SUM(U46:U49) -> 2 | V50: =V48+V46 -> 0
A52: المديرية العامة للتربية في محافظة النجف الاشرف | R52: ناحية الحيدرية
A53: قسم التخطيط التربوي | R53: التعليم الابتدائي ( الوقـف الشيـعـي )
B55: جدول رقم (( 1 ))
B56: التعليم الابتدائي ( الوقـف الشيـعـي ) للعام الدراسي2025/2026
B57: عدد المدارس والتلامذة الموجودين والمقبولين الجدد وعدد اعضاء الهيئة التعليمية واستقلالية المدرسة ( الصباحي والمسائي )
A59: الموقع البيئي | B59: عدد المدارس | F59: عدد التلامذة المقبولين ( الجدد ) | I59: عدد التلامذة الموجودين | L59: عدد اعضاء الهيئة التعليمية | O59: استقلالية المدرسة | Q59: عدد المدارس حسب الدوام | V59: مدارس الفتح الجديد
F60: في الصف الاول
B61: بنون | C61: بنات | D61: مختلطة | E61: المجموع | F61: بنون | G61: بنات | H61: المجموع | I61: بنون | J61: بنات | K61: المجموع | L61: ذكور | M61: اناث | N61: المجموع | O61: اصلية | P61: ضيف | Q61: صباحاً | R61: ظهرا | S61: صباحا وظهرا | T61: مساءاً | U61: المجموع
A62: حضـــر | B62: =حضر!F11 -> 0 | C62: =حضر!G11 -> 0 | D62: =حضر!H11 -> 0 | E62: =D62+C62+B62 -> 0 | F62: =حضر!AK11 -> 0 | G62: =حضر!AL11 -> 0 | H62: =G62+F62 -> 0 | I62: =حضر!EL11 -> 0 | J62: =حضر!EM11 -> 0 | K62: =J62+I62 -> 0 | L62: =حضر!JT11 -> 0 | M62: =حضر!JU11 -> 0 | N62: =M62+L62 -> 0 | O62: =حضر!O11 -> 0 | P62: =حضر!P11 -> 0 | Q62: =حضر!K11 -> 0 | R62: =حضر!L11 -> 0 | S62: =حضر!M11 -> 0 | T62: =حضر!N11 -> 0 | U62: =T62+S62+R62+Q62 -> 0 | V62: =حضر!U11 -> 0
A64: ريـــــف | B64: =ريف!F10 -> 0 | C64: =ريف!G10 -> 0 | D64: =ريف!H10 -> 1 | E64: =D64+C64+B64 -> 1 | F64: =ريف!AK10 -> 34 | G64: =ريف!AL10 -> 32 | H64: =G64+F64 -> 66 | I64: =ريف!EL10 -> 180 | J64: =ريف!EM10 -> 142 | K64: =J64+I64 -> 322 | L64: =ريف!JE10 -> 7 | M64: =ريف!JF10 -> 9 | N64: =M64+L64 -> 16 | O64: =ريف!O10 -> 1 | P64: =ريف!P10 -> 0 | Q64: =ريف!K10 -> 1 | R64: =ريف!L10 -> 0 | S64: =ريف!M10 -> 0 | T64: =ريف!N10 -> 0 | U64: =T64+S64+R64+Q64 -> 1 | V64: =ريف!U10 -> 0
A66: المجموع | B66: =SUM(B62:B65) -> 0 | C66: =SUM(C62:C65) -> 0 | D66: =SUM(D62:D65) -> 1 | E66: =SUM(E62:E65) -> 1 | F66: =SUM(F62:F65) -> 34 | G66: =SUM(G62:G65) -> 32 | H66: =SUM(H62:H65) -> 66 | I66: =SUM(I62:I65) -> 180 | J66: =SUM(J62:J65) -> 142 | K66: =J66+I66 -> 322 | L66: =SUM(L62:L65) -> 7 | M66: =SUM(M62:M65) -> 9 | N66: =SUM(N62:N65) -> 16 | O66: =SUM(O62:O65) -> 1 | P66: =SUM(P62:P65) -> 0 | Q66: =SUM(Q62:Q65) -> 1 | R66: =SUM(R62:R65) -> 0 | S66: =SUM(S62:S65) -> 0 | ... U66: =SUM(U62:U65) -> 1 | V66: =V64+V62 -> 0
A68: المديرية العامة للتربية في محافظة النجف الاشرف | R68: قضاء الكوفة
A69: قسم التخطيط التربوي | R69: التعليم الابتدائي ( الوقـف الشيـعـي )
B71: جدول رقم (( 1 ))
B72: التعليم الابتدائي ( الوقـف الشيـعـي ) للعام الدراسي2025/2026
B73: عدد المدارس والتلامذة الموجودين والمقبولين الجدد وعدد اعضاء الهيئة التعليمية واستقلالية المدرسة ( الصباحي والمسائي )
A76: الموقع البيئي | B76: عدد المدارس | F76: عدد التلامذة المقبولين ( الجدد ) | I76: عدد التلامذة الموجودين | L76: عدد اعضاء الهيئة التعليمية | O76: استقلالية المدرسة | Q76: عدد المدارس حسب الدوام | V76: مدارس الفتح الجديد
F77: في الصف الاول
B78: بنون | C78: بنات | D78: مختلطة | E78: المجموع | F78: بنون | G78: بنات | H78: المجموع | I78: بنون | J78: بنات | K78: المجموع | L78: ذكور | M78: اناث | N78: المجموع | O78: اصلية | P78: ضيف | Q78: صباحاً | R78: ظهرا | S78: صباحا وظهرا | T78: مساءاً | U78: المجموع
A79: حضـــر | B79: =حضر!F21 -> 0 | C79: =حضر!G21 -> 1 | D79: =حضر!H21 -> 0 | E79: =D79+C79+B79 -> 1 | F79: =حضر!AK21 -> 0 | G79: =حضر!AL21 -> 82 | H79: =G79+F79 -> 82 | I79: =حضر!EL21 -> 0 | J79: =حضر!EM21 -> 530 | K79: =J79+I79 -> 530 | L79: =حضر!JE21 -> 0 | M79: =حضر!JF21 -> 25 | N79: =M79+L79 -> 25 | O79: =حضر!O21 -> 1 | P79: =حضر!P21 -> 0 | Q79: =حضر!K21 -> 1 | R79: =حضر!L21 -> 0 | S79: =حضر!M21 -> 0 | T79: 0 | U79: =T79+S79+R79+Q79 -> 1 | V79: =حضر!U21 -> 0
A81: ريـــــف | B81: =ريف!F22 -> 0 | C81: =ريف!G22 -> 0 | D81: =ريف!H22 -> 0 | E81: =D81+C81+B81 -> 0 | F81: =ريف!AK22 -> 0 | G81: =ريف!AL22 -> 0 | H81: =G81+F81 -> 0 | I81: =ريف!EL22 -> 0 | J81: =ريف!EM22 -> 0 | K81: =J81+I81 -> 0 | L81: =ريف!JT22 -> 0 | M81: =ريف!JU22 -> 0 | N81: =M81+L81 -> 0 | O81: =ريف!O22 -> 0 | P81: =ريف!P22 -> 0 | Q81: =ريف!K22 -> 0 | R81: =ريف!L22 -> 0 | S81: =ريف!M22 -> 0 | T81: =ريف!N22 -> 0 | U81: =T81+S81+R81+Q81 -> 0 | V81: =ريف!U22 -> 0
A83: المجموع | B83: =SUM(B79:B82) -> 0 | C83: =SUM(C79:C82) -> 1 | D83: =SUM(D79:D82) -> 0 | E83: =SUM(E79:E82) -> 1 | F83: =SUM(F79:F82) -> 0 | G83: =SUM(G79:G82) -> 82 | H83: =SUM(H79:H82) -> 82 | I83: =SUM(I79:I82) -> 0 | J83: =SUM(J79:J82) -> 530 | K83: =J83+I83 -> 530 | L83: =SUM(L79:L82) -> 0 | M83: =SUM(M79:M82) -> 25 | N83: =SUM(N79:N82) -> 25 | O83: =SUM(O79:O82) -> 1 | P83: =SUM(P79:P82) -> 0 | Q83: =SUM(Q79:Q82) -> 1 | R83: =SUM(R79:R82) -> 0 | S83: =SUM(S79:S82) -> 0 | ... U83: =SUM(U79:U82) -> 1 | V83: =V81+V79 -> 0
A85: المديرية العامة للتربية في محافظة النجف الاشرف | R85: مركز الكوفة
A86: قسم التخطيط التربوي | R86: التعليم الابتدائي ( الوقـف الشيـعـي )
B88: جدول رقم (( 1 ))
B89: التعليم الابتدائي ( الوقـف الشيـعـي ) للعام الدراسي2025/2026
B90: عدد المدارس والتلامذة الموجودين والمقبولين الجدد وعدد اعضاء الهيئة التعليمية واستقلالية المدرسة ( الصباحي والمسائي )
A93: الموقع البيئي | B93: عدد المدارس | F93: عدد التلامذة المقبولين ( الجدد ) | I93: عدد التلامذة الموجودين | L93: عدد اعضاء الهيئة التعليمية | O93: استقلالية المدرسة | Q93: عدد المدارس حسب الدوام | V93: مدارس الفتح الجديد
F94: في الصف الاول
B95: بنون | C95: بنات | D95: مختلطة | E95: المجموع | F95: بنون | G95: بنات | H95: المجموع | I95: بنون | J95: بنات | K95: المجموع | L95: ذكور | M95: اناث | N95: المجموع | O95: اصلية | P95: ضيف | Q95: صباحاً | R95: ظهرا | S95: صباحا وظهرا | T95: مساءاً | U95: المجموع
A96: حضـــر | B96: =حضر!F16 -> 0 | C96: =حضر!G16 -> 1 | D96: =حضر!H16 -> 0 | E96: =D96+C96+B96 -> 1 | F96: =حضر!AK16 -> 0 | G96: =حضر!AL16 -> 82 | H96: =G96+F96 -> 82 | I96: =حضر!EL16 -> 0 | J96: =حضر!EM16 -> 530 | K96: =J96+I96 -> 530 | L96: =حضر!JE21 -> 0 | M96: =حضر!JF21 -> 25 | N96: =M96+L96 -> 25 | O96: =حضر!O16 -> 1 | P96: =حضر!P16 -> 0 | Q96: =حضر!K16 -> 1 | R96: =حضر!L16 -> 0 | S96: =حضر!M16 -> 0 | T96: =حضر!N16 -> 0 | U96: =T96+S96+R96+Q96 -> 1 | V96: =حضر!U16 -> 0
A98: ريـــــف | B98: =ريف!F16 -> 0 | C98: =ريف!G16 -> 0 | D98: =ريف!H16 -> 0 | E98: =D98+C98+B98 -> 0 | F98: =ريف!AK16 -> 0 | G98: =ريف!AL16 -> 0 | H98: =G98+F98 -> 0 | I98: =ريف!EL16 -> 0 | J98: =ريف!EM16 -> 0 | K98: =J98+I98 -> 0 | L98: =ريف!JT16 -> 0 | M98: =ريف!JU16 -> 0 | N98: =M98+L98 -> 0 | O98: =ريف!O16 -> 0 | P98: =ريف!P16 -> 0 | Q98: =ريف!K16 -> 0 | R98: =ريف!L16 -> 0 | S98: =ريف!M16 -> 0 | T98: =ريف!N16 -> 0 | U98: =T98+S98+R98+Q98 -> 0 | V98: =ريف!U16 -> 0
A100: المجموع | B100: =SUM(B96:B99) -> 0 | C100: =SUM(C96:C99) -> 1 | D100: =SUM(D96:D99) -> 0 | E100: =SUM(E96:E99) -> 1 | F100: =SUM(F96:F99) -> 0 | G100: =SUM(G96:G99) -> 82 | H100: =SUM(H96:H99) -> 82 | I100: =SUM(I96:I99) -> 0 | J100: =SUM(J96:J99) -> 530 | K100: =J100+I100 -> 530 | L100: =SUM(L96:L99) -> 0 | M100: =SUM(M96:M99) -> 25 | N100: =SUM(N96:N99) -> 25 | O100: =SUM(O96:O99) -> 1 | P100: =SUM(P96:P99) -> 0 | Q100: =SUM(Q96:Q99) -> 1 | R100: =SUM(R96:R99) -> 0 | S100: =SUM(S96:S99) -> 0 | ... U100: =SUM(U96:U99) -> 1 | V100: =V98+V96 -> 0

Sheet ج 4 و 5
A1: المديرية العامة للتربية في محافظة النجف الاشرف | N1: خلاصة محافظة النجف الاشرف
A2: قسم التخطيط التربوي | N2: التعليم الابتدائي ( الوقـف الشيـعـي )
A3: جدول رقم ((4))
A4: التعليم الابتدائي ( الوقـف الشيـعـي ) للعام الدراسي2026 / 2025
A5: عدد التلامذة الجدد حسب العمر والجنس
B7: عمر 5 | D7: عمر6 | F7: عمر 7 | H7: عمر 8 | J7: عمر 9 | L7: عمر 10 | N7: المجموع
A9: بنــــــــون | B9: ='التعليم الابتدائي'!Y35 -> 10 | D9: ='التعليم الابتدائي'!AA35 -> 97 | F9: ='التعليم الابتدائي'!AC35 -> 5 | H9: ='التعليم الابتدائي'!AE35 -> 2 | J9: ='التعليم الابتدائي'!AG35 -> 1 | L9: ='التعليم الابتدائي'!AI35 -> 0 | N9: =L9+J9+H9+F9+D9+B9 -> 115
A10: بنــــــــات | B10: ='التعليم الابتدائي'!Z35 -> 9 | D10: ='التعليم الابتدائي'!AB35 -> 148 | F10: ='التعليم الابتدائي'!AD35 -> 10 | H10: ='التعليم الابتدائي'!AF35 -> 1 | J10: ='التعليم الابتدائي'!AH35 -> 1 | L10: ='التعليم الابتدائي'!AJ35 -> 0 | N10: =L10+J10+H10+F10+D10+B10 -> 169
A11: المجمــــــــوع | B11: =SUM(B9:B10) -> 19 | D11: =SUM(D9:D10) -> 245 | F11: =SUM(F9:F10) -> 15 | H11: =SUM(H9:H10) -> 3 | J11: =SUM(J9:J10) -> 2 | L11: =SUM(L9:L10) -> 0 | N11: =L11+J11+H11+F11+D11+B11 -> 284
G12: `
G13: (( 5 )) جدول رقم
F14: التعليم الابتدائي ( الوقـف الشيـعـي ) للعام الدراسي2026 / 2025
F15: عدد التلامذة المسجلين حسب الصف والعمروالجنس
B17: الأول | D17: الثاني | F17: الثالث | H17: الرابع | J17: الخامس | L17: السادس | N17: المجموع
B18: بنون | C18: بنات | D18: بنون | E18: بنات | F18: بنون | G18: بنات | H18: بنون | I18: بنات | J18: بنون | K18: بنات | L18: بنون | M18: بنات | N18: بنون | O18: بنات | P18: المجموع
A19: عمر 5 | B19: ='التعليم الابتدائي'!AN35 -> 10 | C19: ='التعليم الابتدائي'!AO35 -> 9 | N19: =B19 -> 10 | O19: =C19 -> 9 | P19: =O19+N19 -> 19
A20: عمر6 | B20: ='التعليم الابتدائي'!AP35 -> 97 | C20: ='التعليم الابتدائي'!AQ35 -> 148 | N20: =B20 -> 97 | O20: =C20 -> 148 | P20: =O20+N20 -> 245
A21: عمر 7 | B21: ='التعليم الابتدائي'!AR35 -> 5 | C21: ='التعليم الابتدائي'!AS35 -> 10 | D21: ='التعليم الابتدائي'!BC35 -> 111 | E21: ='التعليم الابتدائي'!BD35 -> 106 | N21: =D21+B21 -> 116 | O21: =E21+C21 -> 116 | P21: =O21+N21 -> 232
A22: عمر 8 | B22: ='التعليم الابتدائي'!AT35 -> 2 | C22: ='التعليم الابتدائي'!AU35 -> 1 | D22: ='التعليم الابتدائي'!BE35 -> 9 | E22: ='التعليم الابتدائي'!BF35 -> 105 | F22: ='التعليم الابتدائي'!BP35 -> 77 | G22: ='التعليم الابتدائي'!BQ35 -> 89 | N22: =F22+D22+B22 -> 88 | O22: =G22+E22+C22 -> 195 | P22: =O22+N22 -> 283
A23: عمر 9 | B23: ='التعليم الابتدائي'!AV35 -> 1 | C23: ='التعليم الابتدائي'!AW35 -> 1 | D23: ='التعليم الابتدائي'!BG35 -> 3 | E23: ='التعليم الابتدائي'!BH35 -> 2 | F23: ='التعليم الابتدائي'!BR35 -> 12 | G23: ='التعليم الابتدائي'!BS35 -> 97 | H23: ='التعليم الابتدائي'!CC35 -> 85 | I23: ='التعليم الابتدائي'!CD35 -> 88 | N23: =B23+D23+F23+H23 -> 101 | O23: =I23+G23+E23+C23 -> 188 | P23: =O23+N23 -> 289
A24: عمر 10 | B24: ='التعليم الابتدائي'!AX35 -> 0 | C24: ='التعليم الابتدائي'!AY35 -> 0 | D24: ='التعليم الابتدائي'!BI35 -> 1 | E24: ='التعليم الابتدائي'!BJ35 -> 1 | F24: ='التعليم الابتدائي'!BT35 -> 8 | G24: ='التعليم الابتدائي'!BU35 -> 2 | H24: ='التعليم الابتدائي'!CE35 -> 14 | I24: ='التعليم الابتدائي'!CF35 -> 80 | J24: ='التعليم الابتدائي'!CP35 -> 87 | K24: ='التعليم الابتدائي'!CQ35 -> 84 | N24: =B24+D24+F24+H24+J24 -> 110 | O24: =K24+I24+G24+E24+C24 -> 167 | P24: =O24+N24 -> 277
A25: عمر 11 | D25: ='التعليم الابتدائي'!BK35 -> 1 | E25: ='التعليم الابتدائي'!BL35 -> 1 | F25: ='التعليم الابتدائي'!BV35 -> 1 | G25: ='التعليم الابتدائي'!BW35 -> 3 | H25: ='التعليم الابتدائي'!CG35 -> 5 | I25: ='التعليم الابتدائي'!CH35 -> 9 | J25: ='التعليم الابتدائي'!CR35 -> 24 | K25: ='التعليم الابتدائي'!CS35 -> 75 | L25: ='التعليم الابتدائي'!DC35 -> 77 | M25: ='التعليم الابتدائي'!DD35 -> 75 | N25: =D25+F25+H25+J25+L25 -> 108 | O25: =M25+K25+I25+G25+E25 -> 163 | P25: =O25+N25 -> 271
A26: عمر 12 | F26: ='التعليم الابتدائي'!BX35 -> 1 | G26: ='التعليم الابتدائي'!BY35 -> 0 | H26: ='التعليم الابتدائي'!CI35 -> 2 | I26: ='التعليم الابتدائي'!CJ35 -> 1 | J26: ='التعليم الابتدائي'!CT35 -> 10 | K26: ='التعليم الابتدائي'!CU35 -> 9 | L26: ='التعليم الابتدائي'!DE35 -> 16 | M26: ='التعليم الابتدائي'!DF35 -> 77 | N26: =L26+J26+H26+F26 -> 29 | O26: =M26+K26+I26+G26 -> 87 | P26: =O26+N26 -> 116
A27: عمر 13 | H27: ='التعليم الابتدائي'!CK35 -> 4 | I27: ='التعليم الابتدائي'!CL35 -> 1 | J27: ='التعليم الابتدائي'!CV35 -> 0 | K27: ='التعليم الابتدائي'!CW35 -> 1 | L27: ='التعليم الابتدائي'!DG35 -> 6 | M27: ='التعليم الابتدائي'!DH35 -> 6 | N27: =L27+J27+H27 -> 10 | O27: =M27+K27+I27 -> 8 | P27: =O27+N27 -> 18
A28: عمر14 | J28: ='التعليم الابتدائي'!CX35 -> 4 | K28: ='التعليم الابتدائي'!CY35 -> 1 | L28: ='التعليم الابتدائي'!DI35 -> 5 | M28: ='التعليم الابتدائي'!DJ35 -> 0 | N28: =L28+J28 -> 9 | O28: =M28+K28 -> 1 | P28: =O28+N28 -> 10
A29: عمر 15 فأكثر | L29: ='التعليم الابتدائي'!DK35 -> 0 | M29: ='التعليم الابتدائي'!DL35 -> 0 | N29: =L29 -> 0 | O29: =M29 -> 0 | P29: =O29+N29 -> 0
A30: المجموع | B30: =SUM(B19:B29) -> 115 | C30: =SUM(C19:C29) -> 169 | D30: =D25+D24+D23+D22+D21 -> 125 | E30: =SUM(E19:E29) -> 215 | F30: =SUM(F19:F29) -> 99 | G30: =SUM(G19:G29) -> 191 | H30: =SUM(H19:H29) -> 110 | I30: =SUM(I19:I29) -> 179 | J30: =SUM(J19:J29) -> 125 | K30: =SUM(K19:K29) -> 170 | L30: =SUM(L19:L29) -> 104 | ... P30: =SUM(P19:P29) -> 1760
A32: المديرية العامة للتربية في محافظة النجف الاشرف | O32: قضاء النجف
A33: قسم التخطيط التربوي | O33: التعليم الابتدائي
A34: جدول رقم ((4))
A35: التعليم الابتدائي ( الوقـف الشيـعـي ) للعام الدراسي2026 / 2025
A36: عدد التلامذة الجدد حسب العمر والجنس
