Workbook

Sheet مدارس اليافعين
A1: المديرية العامة لتربية في محافظة النجف الاشرف | V1: عدد التلامذة المسجلين في المرحلة الاولى حسب العمر والجنس | AQ1: عدد التلامذة المسجلين في المرحلة الثانية حسب العمر والجنس | BL1: عدد التلامذة المسجلين في المرحلة الثالثة حسب العمر والجنس | CG1: عدد التلامذة المسجلين في المرحلة الرابعة حسب العمر والجنس | DB1: المجموع الكلي للطلبة اليافعين | DE1: عدد الشعب حسب الصف والجنس | FX1: اعضاء الهيئة التعليمية حسب العنوان الوظيفي | GI1: عدد المحاضرين
J2: بيئة المدرسة | L2: دوام المدرسة | P2: الاستقلالية | R2: بيئة المدرسة | DU2: عدد الطلبة التاركين للعام 2026 ـ 2025 | EF2: عدد الطلبة الناجحين للعام 2025 ـ 2024 | EQ2: عدد الطلبة الراسبين ( الفشل بالامتحان ) للعام 2025 ـ 2024 | FB2: عدد الطلبة الراسبين (تجاوز ايام الغياب ) للعام 2025 ـ 2024 | FM2: عدد الطلبة الراسبين ( الاسباب الاخرى ) للعام 2025 ـ 2024 | GL2: الموظفون الاداريون والخدميون | GZ2: عدداعضاء الهيئة التعليمية حسب الخدمة | HM2: عدداعضاء الهيئة التعليمية حسب العمر | IU2: عدد اعضاء الهيئة التعليمية حسب الحالة الاجتماعية | JF2: عددالدورات المشاركين بها للعام الماضي | JH2: عدد التلاميذ غير العراقيين | JK2: الارشاد التربوي | JM2: التغذية المدرسي | JO2: خدمة الانترنت | JQ2: تدريس الحاسوب | JS2: تدريس اللغات غيرالانكليزية | JU2: التربية الخاصة | JW2: عدد الشعب التربية الخاصة | JZ2: عدد التلاميذ التربية الخاصة | KB2: عدد معلمي التربية الخاصة | KD2: نوع العوق فيزياوي | KF2: نوع العوق بطيء التعلم | KH2: الفنون الصناعية | KJ2: عددالرحلات ذات المقعدين | KL2: عددالرحلات ذات المقعد | KN2: عدد لوحات السبورات | KP2: عددالحاسبات | KR2: عددالطابعات | KT2: عددالماسح الضوئي | KV2: المكتبة | KX2: المختبر
A3: مدارس اليافعين 2026-2025 | G3: جنس المدرسة | T3: المدرسة | HZ3: داخل القوة
V4: 10 سنوات | X4: 11 سنة | Z4: 12 سنة | AB4: 13 سنة | AD4: 14 سنة | AF4: 15 سنة | AH4: 16 سنة | AJ4: 17 سنة | AL4: 18 سنة | AN4: المجموع | AQ4: 10 سنوات | AS4: 11 سنة | AU4: 12 سنة | AW4: 13 سنة | AY4: 14 سنة | BA4: 15 سنة | BC4: 16 سنة | BE4: 17 سنة | BG4: 18 سنة | BI4: المجموع | BL4: 10 سنوات | BN4: 11 سنة | BP4: 12 سنة | BR4: 13 سنة | BT4: 14 سنة | BV4: 15 سنة | BX4: 16 سنة | BZ4: 17 سنة | CB4: 18 سنة | CD4: المجموع | CG4: 10 سنوات | CI4: 11 سنة | CK4: 12 سنة | CM4: 13 سنة | CO4: 14 سنة | CQ4: 15 سنة | CS4: 16 سنة | CU4: 17 سنة | CW4: 18 سنة | CY4: المجموع | DB4: المجموع | DE4: المرحلة الاولى | DH4: المرحلة الثانية | DK4: المرحلة الثالثة | DN4: المرحلة الرابعة | DQ4: المجموع | DU4: المرحلة 1 | DW4: المرحلة 2 | DY4: المرحلة 3 | EA4: المرحلة 4 | EC4: المجموع | EF4: المرحلة 1 | EH4: المرحلة 2 | EJ4: المرحلة 3 | EL4: المرحلة 4 | EN4: المجموع | EQ4: المرحلة 1 | ES4: المرحلة 2 | EU4: المرحلة 3 | EW4: المرحلة 4 | EY4: المجموع | FB4: المرحلة 1 | FD4: المرحلة 2 | FF4: المرحلة 3 | FH4: المرحلة 4 | FJ4: المجموع | FM4: المرحلة 1 | FO4: المرحلة 2 | FQ4: المرحلة 3 | FS4: المرحلة 4 | FU4: المجموع | FX4: مدير | FZ4: معاون | GB4: معلم | GD4: مرشد تربوي | GF4: المجموع | GL4: موظف اداري | GN4: محاسب | GP4: موظف خدمي | GR4: حرفي | GT4: فلاح | GU4: حارس | GV4: سائق | GW4: المجموع | GZ4: 5سنوات فاقل | HB4: 6ـ 10 | HD4: 11ـ15 | HF4: 16-20 | HH4: اكثر21 | HJ4: المجموع | HM4: اقل من 30 | HO4: 30ـ39 | HQ4: 40ـ49 | HS4: 50ـ59 | HU4: اكثر من 59 | HW4: المجموع | IB4: بعثة | ID4: اجازة دراسية | IF4: اجازة مصاحبة | IH4: اجازة بدون راتب | IJ4: اجازة مرضية | IL4: امومة | IN4: منسب الى جهات اخرى | IP4: 4-5سنوات | IR4: مجموع الكلي | IU4: اعزب | IW4: متزوج | IY4: ارمل | JA4: مطلق | JC4: المجموع | JF4: عددالمعلمين
A5: القضاء | B5: الناحية | C5: ت | D5: الرقم الاحصائي | E5: اسم المدرسة | F5: الموقع | G5: بنون | H5: بنات | I5: مختلط | J5: حضر | K5: ريف | L5: صباحا | M5: ظهرا | N5: صباحا وظهرا | O5: مساءا | P5: اصلية | Q5: ضيف | R5: حضر | S5: ريف | T5: مخصصة لليافعين | U5: صفوف لليافعين | V5: بنون | W5: بنات | X5: بنون | Y5: بنات | Z5: بنون | AA5: بنات | AB5: بنون | AC5: بنات | AD5: بنون | AE5: بنات | AF5: بنون | AG5: بنات | AH5: بنون | AI5: بنات | AJ5: بنون | AK5: بنات | AL5: بنون | AM5: بنات | AN5: بنون | AO5: بنات | AP5: المجموع | AQ5: بنون | AR5: بنات | AS5: بنون | AT5: بنات | AU5: بنون | AV5: بنات | AW5: بنون | AX5: بنات | AY5: بنون | AZ5: بنات | BA5: بنون | BB5: بنات | BC5: بنون | BD5: بنات | BE5: بنون | BF5: بنات | BG5: بنون | BH5: بنات | BI5: بنون | BJ5: بنات | BK5: المجموع | BL5: بنون | BM5: بنات | BN5: بنون | BO5: بنات | BP5: بنون | BQ5: بنات | BR5: بنون | BS5: بنات | BT5: بنون | BU5: بنات | BV5: بنون | BW5: بنات | BX5: بنون | BY5: بنات | BZ5: بنون | CA5: بنات | CB5: بنون | CC5: بنات | CD5: بنون | CE5: بنات | CF5: المجموع | CG5: بنون | CH5: بنات | CI5: بنون | CJ5: بنات | CK5: بنون | CL5: بنات | CM5: بنون | CN5: بنات | CO5: بنون | CP5: بنات | CQ5: بنون | CR5: بنات | CS5: بنون | CT5: بنات | CU5: بنون | CV5: بنات | CW5: بنون | CX5: بنات | CY5: بنون | CZ5: بنات | DA5: المجموع | DB5: بنون | DC5: بنات | DD5: المجموع | DE5: بنون | DF5: بنات | DG5: مختلط | DH5: بنون | DI5: بنات | DJ5: مختلط | DK5: بنون | DL5: بنات | DM5: مختلط | DN5: بنون | DO5: بنات | DP5: مختلط | DQ5: بنون | DR5: بنات | DS5: مختلط | DT5: المجموع | DU5: بنين | DV5: بنات | DW5: بنين | DX5: بنات | DY5: بنين | DZ5: بنات | EA5: بنين | EB5: بنات | EC5: بنين | ED5: بنات | EE5: المجموع | EF5: بنين | EG5: بنات | EH5: بنين | EI5: بنات | EJ5: بنين | EK5: بنات | EL5: بنين | EM5: بنات | EN5: بنين | EO5: بنات | EP5: المجموع | EQ5: بنين | ER5: بنات | ES5: بنين | ET5: بنات | EU5: بنين | EV5: بنات | EW5: بنين | EX5: بنات | EY5: بنين | EZ5: بنات | FA5: المجموع | FB5: بنين | FC5: بنات | FD5: بنين | FE5: بنات | FF5: بنين | FG5: بنات | FH5: بنين | FI5: بنات | FJ5: بنين | FK5: بنات | FL5: المجموع | FM5: بنين | FN5: بنات | FO5: بنين | FP5: بنات | FQ5: بنين | FR5: بنات | FS5: بنين | FT5: بنات | FU5: بنين | FV5: بنات | FW5: المجموع | FX5: ذكور | FY5: اناث | FZ5: ذكور | GA5: اناث | GB5: ذكور | GC5: اناث | GD5: ذكور | GE5: اناث | GF5: ذكور | GG5: اناث | GH5: المجموع | GI5: ذكور | GJ5: اناث | GK5: المجموع | GL5: ذكور | GM5: اناث | GN5: ذكور | GO5: اناث | GP5: ذكور | GQ5: اناث | GR5: ذكور | GS5: اناث | GT5: ذكور | GU5: ذكور | GV5: ذكور | GW5: ذكور | GX5: اناث | GY5: المجموع | GZ5: ذكور | HA5: اناث | HB5: ذكور | HC5: اناث | HD5: ذكور | HE5: اناث | HF5: ذكور | HG5: اناث | HH5: ذكور | HI5: اناث | HJ5: ذكور | HK5: اناث | HL5: المجموع | HM5: ذكور | HN5: اناث | HO5: ذكور | HP5: اناث | HQ5: ذكور | HR5: اناث | HS5: ذكور | HT5: اناث | HU5: ذكور | HV5: اناث | HW5: ذكور | HX5: اناث | HY5: المجموع | HZ5: ذكور | IA5: اناث | IB5: ذكور | IC5: اناث | ID5: ذكور | IE5: اناث | IF5: ذكور | IG5: اناث | IH5: ذكور | II5: اناث | IJ5: ذكور | IK5: اناث | IL5: ذكور | IM5: اناث | IN5: ذكور | IO5: اناث | IP5: ذكور | IQ5: اناث | IR5: ذكور | IS5: اناث | IT5: المجموع | IU5: ذكور | IV5: اناث | IW5: ذكور | IX5: اناث | IY5: ذكور | IZ5: اناث | JA5: ذكور | JB5: اناث | JC5: ذكور | JD5: اناث | JE5: المجموع | JF5: ذكور | JG5: اناث | JH5: بنين | JI5: بنات | JJ5: المجموع | JK5: نعم | JL5: كلا | JM5: نعم | JN5: كلا | JO5: نعم | JP5: كلا | JQ5: نعم | JR5: كلا | JS5: نعم | JT5: كلا | JU5: نعم | JV5: كلا | JW5: بنون | JX5: بنات | JY5: مختلط | JZ5: بنون | KA5: بنات | KB5: ذكور | KC5: اناث | KD5: بنون | KE5: بنات | KF5: بنون | KG5: بنات | KH5: نعم | KI5: كلا | KJ5: الصالح | KK5: غيرالصالح | KL5: الصالح | KM5: غيرالصالح | KN5: الصالح | KO5: غيرالصالح | KP5: الصالح | KQ5: غيرالصالح | KR5: الصالح | KS5: غيرالصالح | KT5: الصالح | KU5: غيرالصالح | KV5: نعم | KW5: كلا | KX5: نعم | KY5: كلا
A6: النجف | B6: المركز | C6: 1 | D6: 1400688 | E6: الخشوع لليافعين | F6: الجديدة الثانية | G6: 1 | J6: 1 | M6: 1 | Q6: 1 | R6: 1 | T6: 1 | V6: 5 | X6: 14 | Z6: 4 | AB6: 3 | AD6: 1 | AN6: =AL6+AJ6+AH6+AF6+AD6+AB6+Z6+X6+V6 -> 27 | AO6: =AM6+AK6+AI6+AG6+AE6+AC6+AA6+Y6+W6 -> 0 | AP6: =AO6+AN6 -> 27 | AQ6: 1 | AS6: 5 | AU6: 9 | AW6: 9 | AY6: 1 | BA6: 1 | BI6: =BG6+BE6+BC6+BA6+AY6+AW6+AU6+AS6+AQ6 -> 26 | BJ6: =BH6+BF6+BD6+BB6+AZ6+AX6+AV6+AT6+AR6 -> 0 | BK6: =BJ6+BI6 -> 26 | BN6: 1 | BP6: 4 | BR6: 13 | BT6: 8 | BV6: 1 | CD6: =CB6+BZ6+BX6+BV6+BT6+BR6+BP6+BN6+BL6 -> 27 | CE6: =CC6+CA6+BY6+BW6+BU6+BS6+BQ6+BO6+BM6 -> 0 | CF6: =CE6+CD6 -> 27 | CM6: 4 | CO6: 1 | CQ6: 6 | CY6: =CW6+CU6+CS6+CQ6+CO6+CM6+CK6+CI6+CG6 -> 11 | CZ6: =CX6+CV6+CT6+CR6+CP6+CN6+CL6+CJ6+CH6 -> 0 | DA6: =CZ6+CY6 -> 11 | DB6: =CY6+CD6+BI6+AN6 -> 91 | DC6: =CZ6+AO6+BJ6+CE6 -> 0 | DD6: =DC6+DB6 -> 91 | DE6: 1 | DH6: 1 | DK6: 1 | DN6: 1 | DQ6: =DN6+DK6+DH6+DE6 -> 4 | DR6: =DO6+DL6+DI6+DF6 -> 0 | DS6: =DP6+DM6+DJ6+DG6 -> 0 | DT6: =DS6+DR6+DQ6 -> 4 | DU6: 5 | DW6: 6 | DY6: 4 | EA6: 2 | EC6: =EA6+DY6+DW6+DU6 -> 17 | ED6: =EB6+DZ6+DX6+DV6 -> 0 | EE6: =SUM(EC6:ED6) -> 17 | EF6: 23 | EH6: 23 | EJ6: 10 | EL6: 13 | EN6: =EL6+EJ6+EH6+EF6 -> 69 | EO6: =EM6+EK6+EI6+EG6 -> 0 | EP6: =SUM(EN6:EO6) -> 69 | EQ6: 27 | ES6: 16 | EU6: 20 | EW6: 11 | EY6: =EW6+EU6+ES6+EQ6 -> 74 | EZ6: =EX6+EV6+ET6+ER6 -> 0 | FA6: =SUM(EY6:EZ6) -> 74 | FJ6: =FH6+FF6+FD6+FB6 -> 0 | FK6: =FI6+FG6+FE6+FC6 -> 0 | FL6: =SUM(FJ6:FK6) -> 0 | FU6: =FS6+FQ6+FO6+FM6 -> 0 | FV6: =FT6+FR6+FP6+FN6 -> 0 | FW6: =SUM(FU6:FV6) -> 0 | FX6: 1 | GB6: 9 | GF6: =GD6+GB6+FZ6+FX6 -> 10 | GG6: =GE6+GC6+GA6+FY6 -> 0 | GH6: =GG6+GF6 -> 10 | GK6: =GJ6+GI6 -> 0 | GP6: 1 | GW6: =GV6+GU6+GT6+GP6+GN6+GL6+GR6 -> 1 | GX6: =GQ6+GO6+GM6+GS6 -> 0 | GY6: =SUM(GW6:GX6) -> 1 | HB6: 1 | HD6: 2 | HF6: 7 | HJ6: =HD6+HB6+GZ6+HF6+HH6 -> 10 | HK6: =HE6+HC6+HA6+HG6+HI6 -> 0 | HL6: =SUM(HJ6:HK6) -> 10 | HO6: 2 | HQ6: 3 | HS6: 5 | HW6: =HU6+HS6+HQ6+HO6+HM6 -> 10 | HX6: =HV6+HT6+HR6+HP6+HN6 -> 0 | HY6: =SUM(HW6:HX6) -> 10 | HZ6: 9 | IH6: 1 | IR6: =IP6+HZ6+IN6+IJ6+IH6+IF6+ID6+IB6 -> 10 | IS6: =IQ6+IA6+IO6+IM6+IK6+II6+IG6+IE6+IC6 -> 0 | IT6: =SUM(IR6:IS6) -> 10 | IW6: 10 | JC6: =JA6+IY6+IW6+IU6 -> 10 | JD6: =JB6+IZ6+IX6+IV6 -> 0 | JE6: =SUM(JC6:JD6) -> 10 | JF6: 3 | JH6: 3 | JJ6: =JI6+JH6 -> 3 | JL6: 1 | JN6: 1 | JP6: 1 | JR6: 1 | JT6: 1 | JV6: 1 | KI6: 1 | KN6: 6 | KO6: 12 | KP6: 1 | KR6: 1 | KS6: 2 | KW6: 1 | KY6: 1
A7: النجف | B7: المركز | E7: مدينة العلم للمسرع | F7: العلماء | U7: 1 | V7: 2 | X7: 4 | Z7: 3 | AN7: =AL7+AJ7+AH7+AF7+AD7+AB7+Z7+X7+V7 -> 9 | AO7: =AM7+AK7+AI7+AG7+AE7+AC7+AA7+Y7+W7 -> 0 | AP7: =AO7+AN7 -> 9 | AS7: 4 | AU7: 9 | AW7: 1 | BI7: =BG7+BE7+BC7+BA7+AY7+AW7+AU7+AS7+AQ7 -> 14 | BJ7: =BH7+BF7+BD7+BB7+AZ7+AX7+AV7+AT7+AR7 -> 0 | BK7: =BJ7+BI7 -> 14 | BP7: 2 | BR7: 6 | BT7: 2 | CD7: =CB7+BZ7+BX7+BV7+BT7+BR7+BP7+BN7+BL7 -> 10 | CE7: =CC7+CA7+BY7+BW7+BU7+BS7+BQ7+BO7+BM7 -> 0 | CF7: =CE7+CD7 -> 10 | CM7: 8 | CO7: 3 | CY7: =CW7+CU7+CS7+CQ7+CO7+CM7+CK7+CI7+CG7 -> 11 | CZ7: =CX7+CV7+CT7+CR7+CP7+CN7+CL7+CJ7+CH7 -> 0 | DA7: =CZ7+CY7 -> 11 | DB7: =CY7+CD7+BI7+AN7 -> 44 | DC7: =CZ7+AO7+BJ7+CE7 -> 0 | DD7: =DC7+DB7 -> 44 | DE7: 1 | DH7: 1 | DK7: 1 | DN7: 1 | DQ7: =DN7+DK7+DH7+DE7 -> 4 | DR7: =DO7+DL7+DI7+DF7 -> 0 | DS7: =DP7+DM7+DJ7+DG7 -> 0 | DT7: =DS7+DR7+DQ7 -> 4 | EC7: =EA7+DY7+DW7+DU7 -> 0 | ED7: =EB7+DZ7+DX7+DV7 -> 0 | EE7: =SUM(EC7:ED7) -> 0 | EF7: 12 | EH7: 9 | EJ7: 11 | EN7: =EL7+EJ7+EH7+EF7 -> 32 | EO7: =EM7+EK7+EI7+EG7 -> 0 | EP7: =SUM(EN7:EO7) -> 32 | EQ7: 7 | ES7: 1 | EY7: =EW7+EU7+ES7+EQ7 -> 8 | EZ7: =EX7+EV7+ET7+ER7 -> 0 | FA7: =SUM(EY7:EZ7) -> 8 | FJ7: =FH7+FF7+FD7+FB7 -> 0 | FK7: =FI7+FG7+FE7+FC7 -> 0 | FL7: =SUM(FJ7:FK7) -> 0 | FU7: =FS7+FQ7+FO7+FM7 -> 0 | FV7: =FT7+FR7+FP7+FN7 -> 0 | FW7: =SUM(FU7:FV7) -> 0 | GF7: =GD7+GB7+FZ7+FX7 -> 0 | GG7: =GE7+GC7+GA7+FY7 -> 0 | GH7: =GG7+GF7 -> 0 | GK7: =GJ7+GI7 -> 0 | GW7: =GV7+GU7+GT7+GP7+GN7+GL7+GR7 -> 0 | GX7: =GQ7+GO7+GM7+GS7 -> 0 | GY7: =SUM(GW7:GX7) -> 0 | HJ7: =HD7+HB7+GZ7+HF7+HH7 -> 0 | HK7: =HE7+HC7+HA7+HG7+HI7 -> 0 | HL7: =SUM(HJ7:HK7) -> 0 | HW7: =HU7+HS7+HQ7+HO7+HM7 -> 0 | HX7: =HV7+HT7+HR7+HP7+HN7 -> 0 | HY7: =SUM(HW7:HX7) -> 0 | IR7: =IP7+HZ7+IN7+IJ7+IH7+IF7+ID7+IB7 -> 0 | IS7: =IQ7+IA7+IO7+IM7+IK7+II7+IG7+IE7+IC7 -> 0 | IT7: =SUM(IR7:IS7) -> 0 | JC7: =JA7+IY7+IW7+IU7 -> 0 | JD7: =JB7+IZ7+IX7+IV7 -> 0 | JE7: =SUM(JC7:JD7) -> 0 | JJ7: =JI7+JH7 -> 0
A8: النجف | B8: المركز | E8: الاقمار المنيرة | F8: السلام | U8: 1 | AN8: =AL8+AJ8+AH8+AF8+AD8+AB8+Z8+X8+V8 -> 0 | AO8: =AM8+AK8+AI8+AG8+AE8+AC8+AA8+Y8+W8 -> 0 | AP8: =AO8+AN8 -> 0 | BI8: =BG8+BE8+BC8+BA8+AY8+AW8+AU8+AS8+AQ8 -> 0 | BJ8: =BH8+BF8+BD8+BB8+AZ8+AX8+AV8+AT8+AR8 -> 0 | BK8: =BJ8+BI8 -> 0 | CD8: =CB8+BZ8+BX8+BV8+BT8+BR8+BP8+BN8+BL8 -> 0 | CE8: =CC8+CA8+BY8+BW8+BU8+BS8+BQ8+BO8+BM8 -> 0 | CF8: =CE8+CD8 -> 0 | CY8: =CW8+CU8+CS8+CQ8+CO8+CM8+CK8+CI8+CG8 -> 0 | CZ8: =CX8+CV8+CT8+CR8+CP8+CN8+CL8+CJ8+CH8 -> 0 | DA8: =CZ8+CY8 -> 0 | DB8: =CY8+CD8+BI8+AN8 -> 0 | DC8: =CZ8+AO8+BJ8+CE8 -> 0 | DD8: =DC8+DB8 -> 0 | DQ8: =DN8+DK8+DH8+DE8 -> 0 | DR8: =DO8+DL8+DI8+DF8 -> 0 | DS8: =DP8+DM8+DJ8+DG8 -> 0 | DT8: =DS8+DR8+DQ8 -> 0 | EC8: =EA8+DY8+DW8+DU8 -> 0 | ED8: =EB8+DZ8+DX8+DV8 -> 0 | EE8: =SUM(EC8:ED8) -> 0 | EI8: 2 | EN8: =EL8+EJ8+EH8+EF8 -> 0 | EO8: =EM8+EK8+EI8+EG8 -> 2 | EP8: =SUM(EN8:EO8) -> 2 | EY8: =EW8+EU8+ES8+EQ8 -> 0 | EZ8: =EX8+EV8+ET8+ER8 -> 0 | FA8: =SUM(EY8:EZ8) -> 0 | FJ8: =FH8+FF8+FD8+FB8 -> 0 | FK8: =FI8+FG8+FE8+FC8 -> 0 | FL8: =SUM(FJ8:FK8) -> 0 | FU8: =FS8+FQ8+FO8+FM8 -> 0 | FV8: =FT8+FR8+FP8+FN8 -> 0 | FW8: =SUM(FU8:FV8) -> 0 | GF8: =GD8+GB8+FZ8+FX8 -> 0 | GG8: =GE8+GC8+GA8+FY8 -> 0 | GH8: =GG8+GF8 -> 0 | GK8: =GJ8+GI8 -> 0 | GW8: =GV8+GU8+GT8+GP8+GN8+GL8+GR8 -> 0 | GX8: =GQ8+GO8+GM8+GS8 -> 0 | GY8: =SUM(GW8:GX8) -> 0 | HJ8: =HD8+HB8+GZ8+HF8+HH8 -> 0 | HK8: =HE8+HC8+HA8+HG8+HI8 -> 0 | HL8: =SUM(HJ8:HK8) -> 0 | HW8: =HU8+HS8+HQ8+HO8+HM8 -> 0 | HX8: =HV8+HT8+HR8+HP8+HN8 -> 0 | HY8: =SUM(HW8:HX8) -> 0 | IR8: =IP8+HZ8+IN8+IJ8+IH8+IF8+ID8+IB8 -> 0 | IS8: =IQ8+IA8+IO8+IM8+IK8+II8+IG8+IE8+IC8 -> 0 | IT8: =SUM(IR8:IS8) -> 0 | JC8: =JA8+IY8+IW8+IU8 -> 0 | JD8: =JB8+IZ8+IX8+IV8 -> 0 | JE8: =SUM(JC8:JD8) -> 0 | JJ8: =JI8+JH8 -> 0
A9: النجف | B9: المركز | E9: اعلام الدين للمسرع | U9: 1 | V9: 3 | X9: 6 | AN9: =AL9+AJ9+AH9+AF9+AD9+AB9+Z9+X9+V9 -> 9 | AO9: =AM9+AK9+AI9+AG9+AE9+AC9+AA9+Y9+W9 -> 0 | AP9: =AO9+AN9 -> 9 | AS9: 4 | AU9: 6 | BI9: =BG9+BE9+BC9+BA9+AY9+AW9+AU9+AS9+AQ9 -> 10 | BJ9: =BH9+BF9+BD9+BB9+AZ9+AX9+AV9+AT9+AR9 -> 0 | BK9: =BJ9+BI9 -> 10 | BN9: 2 | BP9: 2 | CD9: =CB9+BZ9+BX9+BV9+BT9+BR9+BP9+BN9+BL9 -> 4 | CE9: =CC9+CA9+BY9+BW9+BU9+BS9+BQ9+BO9+BM9 -> 0 | CF9: =CE9+CD9 -> 4 | CY9: =CW9+CU9+CS9+CQ9+CO9+CM9+CK9+CI9+CG9 -> 0 | CZ9: =CX9+CV9+CT9+CR9+CP9+CN9+CL9+CJ9+CH9 -> 0 | DA9: =CZ9+CY9 -> 0 | DB9: =CY9+CD9+BI9+AN9 -> 23 | DC9: =CZ9+AO9+BJ9+CE9 -> 0 | DD9: =DC9+DB9 -> 23 | DE9: 1 | DH9: 1 | DK9: 1 | DQ9: =DN9+DK9+DH9+DE9 -> 3 | DR9: =DO9+DL9+DI9+DF9 -> 0 | DS9: =DP9+DM9+DJ9+DG9 -> 0 | DT9: =DS9+DR9+DQ9 -> 3 | DU9: 7 | DW9: 1 | DY9: 2 | EC9: =EA9+DY9+DW9+DU9 -> 10 | ED9: =EB9+DZ9+DX9+DV9 -> 0 | EE9: =SUM(EC9:ED9) -> 10 | EF9: 10 | EH9: 6 | EJ9: 8 | EN9: =EL9+EJ9+EH9+EF9 -> 24 | EO9: =EM9+EK9+EI9+EG9 -> 0 | EP9: =SUM(EN9:EO9) -> 24 | EQ9: 4 | ES9: 5 | EU9: 2 | EY9: =EW9+EU9+ES9+EQ9 -> 11 | EZ9: =EX9+EV9+ET9+ER9 -> 0 | FA9: =SUM(EY9:EZ9) -> 11 | FJ9: =FH9+FF9+FD9+FB9 -> 0 | FK9: =FI9+FG9+FE9+FC9 -> 0 | FL9: =SUM(FJ9:FK9) -> 0 | FU9: =FS9+FQ9+FO9+FM9 -> 0 | FV9: =FT9+FR9+FP9+FN9 -> 0 | FW9: =SUM(FU9:FV9) -> 0 | GF9: =GD9+GB9+FZ9+FX9 -> 0 | GG9: =GE9+GC9+GA9+FY9 -> 0 | GH9: =GG9+GF9 -> 0 | GK9: =GJ9+GI9 -> 0 | GW9: =GV9+GU9+GT9+GP9+GN9+GL9+GR9 -> 0 | GX9: =GQ9+GO9+GM9+GS9 -> 0 | GY9: =SUM(GW9:GX9) -> 0 | HJ9: =HD9+HB9+GZ9+HF9+HH9 -> 0 | HK9: =HE9+HC9+HA9+HG9+HI9 -> 0 | HL9: =SUM(HJ9:HK9) -> 0 | HW9: =HU9+HS9+HQ9+HO9+HM9 -> 0 | HX9: =HV9+HT9+HR9+HP9+HN9 -> 0 | HY9: =SUM(HW9:HX9) -> 0 | IR9: =IP9+HZ9+IN9+IJ9+IH9+IF9+ID9+IB9 -> 0 | IS9: =IQ9+IA9+IO9+IM9+IK9+II9+IG9+IE9+IC9 -> 0 | IT9: =SUM(IR9:IS9) -> 0 | JC9: =JA9+IY9+IW9+IU9 -> 0 | JD9: =JB9+IZ9+IX9+IV9 -> 0 | JE9: =SUM(JC9:JD9) -> 0 | JJ9: =JI9+JH9 -> 0
A10: النجف | B10: المركز | E10: البيت المعمور | F10: الجديدة الرابعة | U10: 1 | AN10: =AL10+AJ10+AH10+AF10+AD10+AB10+Z10+X10+V10 -> 0 | AO10: =AM10+AK10+AI10+AG10+AE10+AC10+AA10+Y10+W10 -> 0 | AP10: =AO10+AN10 -> 0 | BI10: =BG10+BE10+BC10+BA10+AY10+AW10+AU10+AS10+AQ10 -> 0 | BJ10: =BH10+BF10+BD10+BB10+AZ10+AX10+AV10+AT10+AR10 -> 0 | BK10: =BJ10+BI10 -> 0 | CD10: =CB10+BZ10+BX10+BV10+BT10+BR10+BP10+BN10+BL10 -> 0 | CE10: =CC10+CA10+BY10+BW10+BU10+BS10+BQ10+BO10+BM10 -> 0 | CF10: =CE10+CD10 -> 0 | CY10: =CW10+CU10+CS10+CQ10+CO10+CM10+CK10+CI10+CG10 -> 0 | CZ10: =CX10+CV10+CT10+CR10+CP10+CN10+CL10+CJ10+CH10 -> 0 | DA10: =CZ10+CY10 -> 0 | DB10: =CY10+CD10+BI10+AN10 -> 0 | DC10: =CZ10+AO10+BJ10+CE10 -> 0 | DD10: =DC10+DB10 -> 0 | DQ10: =DN10+DK10+DH10+DE10 -> 0 | DR10: =DO10+DL10+DI10+DF10 -> 0 | DS10: =DP10+DM10+DJ10+DG10 -> 0 | DT10: =DS10+DR10+DQ10 -> 0 | EC10: =EA10+DY10+DW10+DU10 -> 0 | ED10: =EB10+DZ10+DX10+DV10 -> 0 | EE10: =SUM(EC10:ED10) -> 0 | EG10: 13 | EN10: =EL10+EJ10+EH10+EF10 -> 0 | EO10: =EM10+EK10+EI10+EG10 -> 13 | EP10: =SUM(EN10:EO10) -> 13 | ER10: 3 | EY10: =EW10+EU10+ES10+EQ10 -> 0 | EZ10: =EX10+EV10+ET10+ER10 -> 3 | FA10: =SUM(EY10:EZ10) -> 3 | FC10: 3 | FJ10: =FH10+FF10+FD10+FB10 -> 0 | FK10: =FI10+FG10+FE10+FC10 -> 3 | FL10: =SUM(FJ10:FK10) -> 3 | FU10: =FS10+FQ10+FO10+FM10 -> 0 | FV10: =FT10+FR10+FP10+FN10 -> 0 | FW10: =SUM(FU10:FV10) -> 0 | GF10: =GD10+GB10+FZ10+FX10 -> 0 | GG10: =GE10+GC10+GA10+FY10 -> 0 | GH10: =GG10+GF10 -> 0 | GK10: =GJ10+GI10 -> 0 | GW10: =GV10+GU10+GT10+GP10+GN10+GL10+GR10 -> 0 | GX10: =GQ10+GO10+GM10+GS10 -> 0 | GY10: =SUM(GW10:GX10) -> 0 | HJ10: =HD10+HB10+GZ10+HF10+HH10 -> 0 | HK10: =HE10+HC10+HA10+HG10+HI10 -> 0 | HL10: =SUM(HJ10:HK10) -> 0 | HW10: =HU10+HS10+HQ10+HO10+HM10 -> 0 | HX10: =HV10+HT10+HR10+HP10+HN10 -> 0 | HY10: =SUM(HW10:HX10) -> 0 | IR10: =IP10+HZ10+IN10+IJ10+IH10+IF10+ID10+IB10 -> 0 | IS10: =IQ10+IA10+IO10+IM10+IK10+II10+IG10+IE10+IC10 -> 0 | IT10: =SUM(IR10:IS10) -> 0 | JC10: =JA10+IY10+IW10+IU10 -> 0 | JD10: =JB10+IZ10+IX10+IV10 -> 0 | JE10: =SUM(JC10:JD10) -> 0
A11: النجف | B11: المركز | D11: 1400812 | E11: الحزام الاخضر | F11: الميلاد | U11: 1 | W11: 5 | Y11: 4 | AA11: 5 | AN11: =AL11+AJ11+AH11+AF11+AD11+AB11+Z11+X11+V11 -> 0 | AO11: =AM11+AK11+AI11+AG11+AE11+AC11+AA11+Y11+W11 -> 14 | AP11: =AO11+AN11 -> 14 | AT11: 1 | AV11: 1 | AX11: 2 | BI11: =BG11+BE11+BC11+BA11+AY11+AW11+AU11+AS11+AQ11 -> 0 | BJ11: =BH11+BF11+BD11+BB11+AZ11+AX11+AV11+AT11+AR11 -> 4 | BK11: =BJ11+BI11 -> 4 | CD11: =CB11+BZ11+BX11+BV11+BT11+BR11+BP11+BN11+BL11 -> 0 | CE11: =CC11+CA11+BY11+BW11+BU11+BS11+BQ11+BO11+BM11 -> 0 | CF11: =CE11+CD11 -> 0 | CY11: =CW11+CU11+CS11+CQ11+CO11+CM11+CK11+CI11+CG11 -> 0 | CZ11: =CX11+CV11+CT11+CR11+CP11+CN11+CL11+CJ11+CH11 -> 0 | DA11: =CZ11+CY11 -> 0 | DB11: =CY11+CD11+BI11+AN11 -> 0 | DC11: =CZ11+AO11+BJ11+CE11 -> 18 | DD11: =DC11+DB11 -> 18 | DF11: 1 | DI11: 1 | DQ11: =DN11+DK11+DH11+DE11 -> 0 | DR11: =DO11+DL11+DI11+DF11 -> 2 | DS11: =DP11+DM11+DJ11+DG11 -> 0 | DT11: =DS11+DR11+DQ11 -> 2 | DV11: 2 | DX11: 1 | EC11: =EA11+DY11+DW11+DU11 -> 0 | ED11: =EB11+DZ11+DX11+DV11 -> 3 | EE11: =SUM(EC11:ED11) -> 3 | EG11: 2 | EI11: 6 | EN11: =EL11+EJ11+EH11+EF11 -> 0 | EO11: =EM11+EK11+EI11+EG11 -> 8 | EP11: =SUM(EN11:EO11) -> 8 | ER11: 11 | ET11: 2 | EY11: =EW11+EU11+ES11+EQ11 -> 0 | EZ11: =EX11+EV11+ET11+ER11 -> 13 | FA11: =SUM(EY11:EZ11) -> 13 | FJ11: =FH11+FF11+FD11+FB11 -> 0 | FK11: =FI11+FG11+FE11+FC11 -> 0 | FL11: =SUM(FJ11:FK11) -> 0 | FU11: =FS11+FQ11+FO11+FM11 -> 0 | FV11: =FT11+FR11+FP11+FN11 -> 0 | FW11: =SUM(FU11:FV11) -> 0 | GF11: =GD11+GB11+FZ11+FX11 -> 0 | GG11: =GE11+GC11+GA11+FY11 -> 0 | GH11: =GG11+GF11 -> 0 | GK11: =GJ11+GI11 -> 0 | GW11: =GV11+GU11+GT11+GP11+GN11+GL11+GR11 -> 0 | GX11: =GQ11+GO11+GM11+GS11 -> 0 | GY11: =SUM(GW11:GX11) -> 0 | HJ11: =HD11+HB11+GZ11+HF11+HH11 -> 0 | HK11: =HE11+HC11+HA11+HG11+HI11 -> 0 | HL11: =SUM(HJ11:HK11) -> 0 | HW11: =HU11+HS11+HQ11+HO11+HM11 -> 0 | HX11: =HV11+HT11+HR11+HP11+HN11 -> 0 | HY11: =SUM(HW11:HX11) -> 0 | IR11: =IP11+HZ11+IN11+IJ11+IH11+IF11+ID11+IB11 -> 0 | IS11: =IQ11+IA11+IO11+IM11+IK11+II11+IG11+IE11+IC11 -> 0 | IT11: =SUM(IR11:IS11) -> 0 | JC11: =JA11+IY11+IW11+IU11 -> 0 | JD11: =JB11+IZ11+IX11+IV11 -> 0 | JE11: =SUM(JC11:JD11) -> 0 | JJ11: =JI11+JH11 -> 0
A12: النجف | B12: مركز | D12: 1400962 | E12: الجواهر | F12: ابي طالب | U12: 1 | AN12: =AL12+AJ12+AH12+AF12+AD12+AB12+Z12+X12+V12 -> 0 | AO12: =AM12+AK12+AI12+AG12+AE12+AC12+AA12+Y12+W12 -> 0 | AP12: =AO12+AN12 -> 0 | BI12: =BG12+BE12+BC12+BA12+AY12+AW12+AU12+AS12+AQ12 -> 0 | BJ12: =BH12+BF12+BD12+BB12+AZ12+AX12+AV12+AT12+AR12 -> 0 | BK12: =BJ12+BI12 -> 0 | CD12: =CB12+BZ12+BX12+BV12+BT12+BR12+BP12+BN12+BL12 -> 0 | CE12: =CC12+CA12+BY12+BW12+BU12+BS12+BQ12+BO12+BM12 -> 0 | CF12: =CE12+CD12 -> 0 | CY12: =CW12+CU12+CS12+CQ12+CO12+CM12+CK12+CI12+CG12 -> 0 | CZ12: =CX12+CV12+CT12+CR12+CP12+CN12+CL12+CJ12+CH12 -> 0 | DA12: =CZ12+CY12 -> 0 | DB12: =CY12+CD12+BI12+AN12 -> 0 | DC12: =CZ12+AO12+BJ12+CE12 -> 0 | DD12: =DC12+DB12 -> 0 | DQ12: =DN12+DK12+DH12+DE12 -> 0 | DR12: =DO12+DL12+DI12+DF12 -> 0 | DS12: =DP12+DM12+DJ12+DG12 -> 0 | DT12: =DS12+DR12+DQ12 -> 0 | EC12: =EA12+DY12+DW12+DU12 -> 0 | ED12: =EB12+DZ12+DX12+DV12 -> 0 | EE12: =SUM(EC12:ED12) -> 0 | EI12: 10 | EN12: =EL12+EJ12+EH12+EF12 -> 0 | EO12: =EM12+EK12+EI12+EG12 -> 10 | EP12: =SUM(EN12:EO12) -> 10 | ET12: 3 | EY12: =EW12+EU12+ES12+EQ12 -> 0 | EZ12: =EX12+EV12+ET12+ER12 -> 3 | FA12: =SUM(EY12:EZ12) -> 3 | FJ12: =FH12+FF12+FD12+FB12 -> 0 | FK12: =FI12+FG12+FE12+FC12 -> 0 | FL12: =SUM(FJ12:FK12) -> 0 | FU12: =FS12+FQ12+FO12+FM12 -> 0 | FV12: =FT12+FR12+FP12+FN12 -> 0 | FW12: =SUM(FU12:FV12) -> 0 | GF12: =GD12+GB12+FZ12+FX12 -> 0 | GG12: =GE12+GC12+GA12+FY12 -> 0 | GH12: =GG12+GF12 -> 0 | GK12: =GJ12+GI12 -> 0 | GW12: =GV12+GU12+GT12+GP12+GN12+GL12+GR12 -> 0 | GX12: =GQ12+GO12+GM12+GS12 -> 0 | GY12: =SUM(GW12:GX12) -> 0 | HJ12: =HD12+HB12+GZ12+HF12+HH12 -> 0 | HK12: =HE12+HC12+HA12+HG12+HI12 -> 0 | HL12: =SUM(HJ12:HK12) -> 0 | HW12: =HU12+HS12+HQ12+HO12+HM12 -> 0 | HX12: =HV12+HT12+HR12+HP12+HN12 -> 0 | HY12: =SUM(HW12:HX12) -> 0 | IR12: =IP12+HZ12+IN12+IJ12+IH12+IF12+ID12+IB12 -> 0 | IS12: =IQ12+IA12+IO12+IM12+IK12+II12+IG12+IE12+IC12 -> 0 | IT12: =SUM(IR12:IS12) -> 0 | JC12: =JA12+IY12+IW12+IU12 -> 0 | JD12: =JB12+IZ12+IX12+IV12 -> 0 | JE12: =SUM(JC12:JD12) -> 0 | JJ12: =JI12+JH12 -> 0
A13: النجف | B13: المركز | E13: السمو | F13: الوفاء | U13: 1 | V13: 1 | X13: 4 | AN13: =AL13+AJ13+AH13+AF13+AD13+AB13+Z13+X13+V13 -> 5 | AO13: =AM13+AK13+AI13+AG13+AE13+AC13+AA13+Y13+W13 -> 0 | AP13: =AO13+AN13 -> 5 | AS13: 2 | AU13: 3 | BI13: =BG13+BE13+BC13+BA13+AY13+AW13+AU13+AS13+AQ13 -> 5 | BJ13: =BH13+BF13+BD13+BB13+AZ13+AX13+AV13+AT13+AR13 -> 0 | BK13: =BJ13+BI13 -> 5 | CD13: =CB13+BZ13+BX13+BV13+BT13+BR13+BP13+BN13+BL13 -> 0 | CE13: =CC13+CA13+BY13+BW13+BU13+BS13+BQ13+BO13+BM13 -> 0 | CF13: =CE13+CD13 -> 0 | CY13: =CW13+CU13+CS13+CQ13+CO13+CM13+CK13+CI13+CG13 -> 0 | CZ13: =CX13+CV13+CT13+CR13+CP13+CN13+CL13+CJ13+CH13 -> 0 | DA13: =CZ13+CY13 -> 0 | DB13: =CY13+CD13+BI13+AN13 -> 10 | DC13: =CZ13+AO13+BJ13+CE13 -> 0 | DD13: =DC13+DB13 -> 10 | DE13: 1 | DH13: 1 | DQ13: =DN13+DK13+DH13+DE13 -> 2 | DR13: =DO13+DL13+DI13+DF13 -> 0 | DS13: =DP13+DM13+DJ13+DG13 -> 0 | DT13: =DS13+DR13+DQ13 -> 2 | EC13: =EA13+DY13+DW13+DU13 -> 0 | ED13: =EB13+DZ13+DX13+DV13 -> 0 | EE13: =SUM(EC13:ED13) -> 0 | EF13: 5 | EH13: 4 | EN13: =EL13+EJ13+EH13+EF13 -> 9 | EO13: =EM13+EK13+EI13+EG13 -> 0 | EP13: =SUM(EN13:EO13) -> 9 | EQ13: 3 | EY13: =EW13+EU13+ES13+EQ13 -> 3 | EZ13: =EX13+EV13+ET13+ER13 -> 0 | FA13: =SUM(EY13:EZ13) -> 3 | FJ13: =FH13+FF13+FD13+FB13 -> 0 | FK13: =FI13+FG13+FE13+FC13 -> 0 | FL13: =SUM(FJ13:FK13) -> 0 | FU13: =FS13+FQ13+FO13+FM13 -> 0 | FV13: =FT13+FR13+FP13+FN13 -> 0 | FW13: =SUM(FU13:FV13) -> 0 | GF13: =GD13+GB13+FZ13+FX13 -> 0 | GG13: =GE13+GC13+GA13+FY13 -> 0 | GH13: =GG13+GF13 -> 0 | GK13: =GJ13+GI13 -> 0 | GW13: =GV13+GU13+GT13+GP13+GN13+GL13+GR13 -> 0 | GX13: =GQ13+GO13+GM13+GS13 -> 0 | GY13: =SUM(GW13:GX13) -> 0 | HJ13: =HD13+HB13+GZ13+HF13+HH13 -> 0 | HK13: =HE13+HC13+HA13+HG13+HI13 -> 0 | HL13: =SUM(HJ13:HK13) -> 0 | HW13: =HU13+HS13+HQ13+HO13+HM13 -> 0 | HX13: =HV13+HT13+HR13+HP13+HN13 -> 0 | HY13: =SUM(HW13:HX13) -> 0 | IR13: =IP13+HZ13+IN13+IJ13+IH13+IF13+ID13+IB13 -> 0 | IS13: =IQ13+IA13+IO13+IM13+IK13+II13+IG13+IE13+IC13 -> 0 | IT13: =SUM(IR13:IS13) -> 0 | JC13: =JA13+IY13+IW13+IU13 -> 0 | JD13: =JB13+IZ13+IX13+IV13 -> 0 | JE13: =SUM(JC13:JD13) -> 0 | JJ13: =JI13+JH13 -> 0
A14: النجف | B14: المركز | E14: حياة شرارة للمسرع | U14: 1 | W14: 6 | Y14: 2 | AA14: 3 | AN14: =AL14+AJ14+AH14+AF14+AD14+AB14+Z14+X14+V14 -> 0 | AO14: =AM14+AK14+AI14+AG14+AE14+AC14+AA14+Y14+W14 -> 11 | AP14: =AO14+AN14 -> 11 | AT14: 1 | AV14: 8 | AX14: 5 | BI14: =BG14+BE14+BC14+BA14+AY14+AW14+AU14+AS14+AQ14 -> 0 | BJ14: =BH14+BF14+BD14+BB14+AZ14+AX14+AV14+AT14+AR14 -> 14 | BK14: =BJ14+BI14 -> 14 | BS14: 6 | CD14: =CB14+BZ14+BX14+BV14+BT14+BR14+BP14+BN14+BL14 -> 0 | CE14: =CC14+CA14+BY14+BW14+BU14+BS14+BQ14+BO14+BM14 -> 6 | CF14: =CE14+CD14 -> 6 | CY14: =CW14+CU14+CS14+CQ14+CO14+CM14+CK14+CI14+CG14 -> 0 | CZ14: =CX14+CV14+CT14+CR14+CP14+CN14+CL14+CJ14+CH14 -> 0 | DA14: =CZ14+CY14 -> 0 | DB14: =CY14+CD14+BI14+AN14 -> 0 | DC14: =CZ14+AO14+BJ14+CE14 -> 31 | DD14: =DC14+DB14 -> 31 | DF14: 1 | DI14: 1 | DL14: 1 | DQ14: =DN14+DK14+DH14+DE14 -> 0 | DR14: =DO14+DL14+DI14+DF14 -> 3 | DS14: =DP14+DM14+DJ14+DG14 -> 0 | DT14: =DS14+DR14+DQ14 -> 3 | DV14: 1 | DX14: 1 | EC14: =EA14+DY14+DW14+DU14 -> 0 | ED14: =EB14+DZ14+DX14+DV14 -> 2 | EE14: =SUM(EC14:ED14) -> 2 | EG14: 13 | EI14: 6 | EN14: =EL14+EJ14+EH14+EF14 -> 0 | EO14: =EM14+EK14+EI14+EG14 -> 19 | EP14: =SUM(EN14:EO14) -> 19 | ER14: 7 | ET14: 4 | EY14: =EW14+EU14+ES14+EQ14 -> 0 | EZ14: =EX14+EV14+ET14+ER14 -> 11 | FA14: =SUM(EY14:EZ14) -> 11 | FJ14: =FH14+FF14+FD14+FB14 -> 0 | FK14: =FI14+FG14+FE14+FC14 -> 0 | FL14: =SUM(FJ14:FK14) -> 0 | FU14: =FS14+FQ14+FO14+FM14 -> 0 | FV14: =FT14+FR14+FP14+FN14 -> 0 | FW14: =SUM(FU14:FV14) -> 0 | GF14: =GD14+GB14+FZ14+FX14 -> 0 | GG14: =GE14+GC14+GA14+FY14 -> 0 | GH14: =GG14+GF14 -> 0 | GK14: =GJ14+GI14 -> 0 | GW14: =GV14+GU14+GT14+GP14+GN14+GL14+GR14 -> 0 | GX14: =GQ14+GO14+GM14+GS14 -> 0 | GY14: =SUM(GW14:GX14) -> 0 | HJ14: =HD14+HB14+GZ14+HF14+HH14 -> 0 | HK14: =HE14+HC14+HA14+HG14+HI14 -> 0 | HL14: =SUM(HJ14:HK14) -> 0 | HW14: =HU14+HS14+HQ14+HO14+HM14 -> 0 | HX14: =HV14+HT14+HR14+HP14+HN14 -> 0 | HY14: =SUM(HW14:HX14) -> 0 | IR14: =IP14+HZ14+IN14+IJ14+IH14+IF14+ID14+IB14 -> 0 | IS14: =IQ14+IA14+IO14+IM14+IK14+II14+IG14+IE14+IC14 -> 0 | IT14: =SUM(IR14:IS14) -> 0 | JC14: =JA14+IY14+IW14+IU14 -> 0 | JD14: =JB14+IZ14+IX14+IV14 -> 0 | JE14: =SUM(JC14:JD14) -> 0 | JJ14: =JI14+JH14 -> 0
A15: النجف | B15: المركز | E15: وطن السلام | U15: 1 | W15: 4 | Y15: 3 | AA15: 1 | AC15: 1 | AN15: =AL15+AJ15+AH15+AF15+AD15+AB15+Z15+X15+V15 -> 0 | AO15: =AM15+AK15+AI15+AG15+AE15+AC15+AA15+Y15+W15 -> 9 | AP15: =AO15+AN15 -> 9 | AT15: 3 | AV15: 4 | BI15: =BG15+BE15+BC15+BA15+AY15+AW15+AU15+AS15+AQ15 -> 0 | BJ15: =BH15+BF15+BD15+BB15+AZ15+AX15+AV15+AT15+AR15 -> 7 | BK15: =BJ15+BI15 -> 7 | CD15: =CB15+BZ15+BX15+BV15+BT15+BR15+BP15+BN15+BL15 -> 0 | CE15: =CC15+CA15+BY15+BW15+BU15+BS15+BQ15+BO15+BM15 -> 0 | CF15: =CE15+CD15 -> 0 | CY15: =CW15+CU15+CS15+CQ15+CO15+CM15+CK15+CI15+CG15 -> 0 | CZ15: =CX15+CV15+CT15+CR15+CP15+CN15+CL15+CJ15+CH15 -> 0 | DA15: =CZ15+CY15 -> 0 | DB15: =CY15+CD15+BI15+AN15 -> 0 | DC15: =CZ15+AO15+BJ15+CE15 -> 16 | DD15: =DC15+DB15 -> 16 | DF15: 1 | DI15: 1 | DQ15: =DN15+DK15+DH15+DE15 -> 0 | DR15: =DO15+DL15+DI15+DF15 -> 2 | DS15: =DP15+DM15+DJ15+DG15 -> 0 | DT15: =DS15+DR15+DQ15 -> 2 | DV15: 5 | DX15: 1 | EC15: =EA15+DY15+DW15+DU15 -> 0 | ED15: =EB15+DZ15+DX15+DV15 -> 6 | EE15: =SUM(EC15:ED15) -> 6 | EG15: 8 | EI15: 1 | EN15: =EL15+EJ15+EH15+EF15 -> 0 | EO15: =EM15+EK15+EI15+EG15 -> 9 | EP15: =SUM(EN15:EO15) -> 9 | ER15: 9 | ET15: 2 | EY15: =EW15+EU15+ES15+EQ15 -> 0 | EZ15: =EX15+EV15+ET15+ER15 -> 11 | FA15: =SUM(EY15:EZ15) -> 11 | FJ15: =FH15+FF15+FD15+FB15 -> 0 | FK15: =FI15+FG15+FE15+FC15 -> 0 | FL15: =SUM(FJ15:FK15) -> 0 | FU15: =FS15+FQ15+FO15+FM15 -> 0 | FV15: =FT15+FR15+FP15+FN15 -> 0 | FW15: =SUM(FU15:FV15) -> 0 | GF15: =GD15+GB15+FZ15+FX15 -> 0 | GG15: =GE15+GC15+GA15+FY15 -> 0 | GH15: =GG15+GF15 -> 0 | GK15: =GJ15+GI15 -> 0 | GW15: =GV15+GU15+GT15+GP15+GN15+GL15+GR15 -> 0 | GX15: =GQ15+GO15+GM15+GS15 -> 0 | GY15: =SUM(GW15:GX15) -> 0 | HJ15: =HD15+HB15+GZ15+HF15+HH15 -> 0 | HK15: =HE15+HC15+HA15+HG15+HI15 -> 0 | HL15: =SUM(HJ15:HK15) -> 0 | HW15: =HU15+HS15+HQ15+HO15+HM15 -> 0 | HX15: =HV15+HT15+HR15+HP15+HN15 -> 0 | HY15: =SUM(HW15:HX15) -> 0 | IR15: =IP15+HZ15+IN15+IJ15+IH15+IF15+ID15+IB15 -> 0 | IS15: =IQ15+IA15+IO15+IM15+IK15+II15+IG15+IE15+IC15 -> 0 | IT15: =SUM(IR15:IS15) -> 0 | JC15: =JA15+IY15+IW15+IU15 -> 0 | JD15: =JB15+IZ15+IX15+IV15 -> 0 | JE15: =SUM(JC15:JD15) -> 0 | JJ15: =JI15+JH15 -> 0
A16: النجف | B16: المركز | E16: الشيخ الكرباسي | F16: اليرموك | U16: 1 | V16: 6 | X16: 13 | AN16: =AL16+AJ16+AH16+AF16+AD16+AB16+Z16+X16+V16 -> 19 | AO16: =AM16+AK16+AI16+AG16+AE16+AC16+AA16+Y16+W16 -> 0 | AP16: =AO16+AN16 -> 19 | BI16: =BG16+BE16+BC16+BA16+AY16+AW16+AU16+AS16+AQ16 -> 0 | BJ16: =BH16+BF16+BD16+BB16+AZ16+AX16+AV16+AT16+AR16 -> 0 | BK16: =BJ16+BI16 -> 0 | CD16: =CB16+BZ16+BX16+BV16+BT16+BR16+BP16+BN16+BL16 -> 0 | CE16: =CC16+CA16+BY16+BW16+BU16+BS16+BQ16+BO16+BM16 -> 0 | CF16: =CE16+CD16 -> 0 | CY16: =CW16+CU16+CS16+CQ16+CO16+CM16+CK16+CI16+CG16 -> 0 | CZ16: =CX16+CV16+CT16+CR16+CP16+CN16+CL16+CJ16+CH16 -> 0 | DA16: =CZ16+CY16 -> 0 | DB16: =CY16+CD16+BI16+AN16 -> 19 | DC16: =CZ16+AO16+BJ16+CE16 -> 0 | DD16: =DC16+DB16 -> 19 | DE16: 1 | DQ16: =DN16+DK16+DH16+DE16 -> 1 | DR16: =DO16+DL16+DI16+DF16 -> 0 | DS16: =DP16+DM16+DJ16+DG16 -> 0 | DT16: =DS16+DR16+DQ16 -> 1 | EC16: =EA16+DY16+DW16+DU16 -> 0 | ED16: =EB16+DZ16+DX16+DV16 -> 0 | EE16: =SUM(EC16:ED16) -> 0 | EN16: =EL16+EJ16+EH16+EF16 -> 0 | EO16: =EM16+EK16+EI16+EG16 -> 0 | EP16: =SUM(EN16:EO16) -> 0 | EY16: =EW16+EU16+ES16+EQ16 -> 0 | EZ16: =EX16+EV16+ET16+ER16 -> 0 | FA16: =SUM(EY16:EZ16) -> 0 | FJ16: =FH16+FF16+FD16+FB16 -> 0 | FK16: =FI16+FG16+FE16+FC16 -> 0 | FL16: =SUM(FJ16:FK16) -> 0 | FU16: =FS16+FQ16+FO16+FM16 -> 0 | FV16: =FT16+FR16+FP16+FN16 -> 0 | FW16: =SUM(FU16:FV16) -> 0 | GF16: =GD16+GB16+FZ16+FX16 -> 0 | GG16: =GE16+GC16+GA16+FY16 -> 0 | GH16: =GG16+GF16 -> 0 | GK16: =GJ16+GI16 -> 0 | GW16: =GV16+GU16+GT16+GP16+GN16+GL16+GR16 -> 0 | GX16: =GQ16+GO16+GM16+GS16 -> 0 | GY16: =SUM(GW16:GX16) -> 0 | HJ16: =HD16+HB16+GZ16+HF16+HH16 -> 0 | HK16: =HE16+HC16+HA16+HG16+HI16 -> 0 | HL16: =SUM(HJ16:HK16) -> 0 | HW16: =HU16+HS16+HQ16+HO16+HM16 -> 0 | HX16: =HV16+HT16+HR16+HP16+HN16 -> 0 | HY16: =SUM(HW16:HX16) -> 0 | IR16: =IP16+HZ16+IN16+IJ16+IH16+IF16+ID16+IB16 -> 0 | IS16: =IQ16+IA16+IO16+IM16+IK16+II16+IG16+IE16+IC16 -> 0 | IT16: =SUM(IR16:IS16) -> 0 | JC16: =JA16+IY16+IW16+IU16 -> 0 | JD16: =JB16+IZ16+IX16+IV16 -> 0 | JE16: =SUM(JC16:JD16) -> 0 | JJ16: =JI16+JH16 -> 0
A17: النجف | B17: الحيدرية | D17: 1400729 | E17: ام ابيها للمسرع | U17: 1 | X17: 3 | Z17: 1 | AN17: =AL17+AJ17+AH17+AF17+AD17+AB17+Z17+X17+V17 -> 4 | AO17: =AM17+AK17+AI17+AG17+AE17+AC17+AA17+Y17+W17 -> 0 | AP17: =AO17+AN17 -> 4 | AU17: 7 | BI17: =BG17+BE17+BC17+BA17+AY17+AW17+AU17+AS17+AQ17 -> 7 | BJ17: =BH17+BF17+BD17+BB17+AZ17+AX17+AV17+AT17+AR17 -> 0 | BK17: =BJ17+BI17 -> 7 | CD17: =CB17+BZ17+BX17+BV17+BT17+BR17+BP17+BN17+BL17 -> 0 | CE17: =CC17+CA17+BY17+BW17+BU17+BS17+BQ17+BO17+BM17 -> 0 | CF17: =CE17+CD17 -> 0 | CY17: =CW17+CU17+CS17+CQ17+CO17+CM17+CK17+CI17+CG17 -> 0 | CZ17: =CX17+CV17+CT17+CR17+CP17+CN17+CL17+CJ17+CH17 -> 0 | DA17: =CZ17+CY17 -> 0 | DB17: =CY17+CD17+BI17+AN17 -> 11 | DC17: =CZ17+AO17+BJ17+CE17 -> 0 | DD17: =DC17+DB17 -> 11 | DE17: 1 | DH17: 1 | DQ17: =DN17+DK17+DH17+DE17 -> 2 | DR17: =DO17+DL17+DI17+DF17 -> 0 | DS17: =DP17+DM17+DJ17+DG17 -> 0 | DT17: =DS17+DR17+DQ17 -> 2 | EC17: =EA17+DY17+DW17+DU17 -> 0 | ED17: =EB17+DZ17+DX17+DV17 -> 0 | EE17: =SUM(EC17:ED17) -> 0 | EF17: 4 | EH17: 3 | EJ17: 9 | EN17: =EL17+EJ17+EH17+EF17 -> 16 | EO17: =EM17+EK17+EI17+EG17 -> 0 | EP17: =SUM(EN17:EO17) -> 16 | EQ17: 4 | ES17: 8 | EY17: =EW17+EU17+ES17+EQ17 -> 12 | EZ17: =EX17+EV17+ET17+ER17 -> 0 | FA17: =SUM(EY17:EZ17) -> 12 | FJ17: =FH17+FF17+FD17+FB17 -> 0 | FK17: =FI17+FG17+FE17+FC17 -> 0 | FL17: =SUM(FJ17:FK17) -> 0 | FU17: =FS17+FQ17+FO17+FM17 -> 0 | FV17: =FT17+FR17+FP17+FN17 -> 0 | FW17: =SUM(FU17:FV17) -> 0 | GF17: =GD17+GB17+FZ17+FX17 -> 0 | GG17: =GE17+GC17+GA17+FY17 -> 0 | GH17: =GG17+GF17 -> 0 | GK17: =GJ17+GI17 -> 0 | GW17: =GV17+GU17+GT17+GP17+GN17+GL17+GR17 -> 0 | GX17: =GQ17+GO17+GM17+GS17 -> 0 | GY17: =SUM(GW17:GX17) -> 0 | HJ17: =HD17+HB17+GZ17+HF17+HH17 -> 0 | HK17: =HE17+HC17+HA17+HG17+HI17 -> 0 | HL17: =SUM(HJ17:HK17) -> 0 | HW17: =HU17+HS17+HQ17+HO17+HM17 -> 0 | HX17: =HV17+HT17+HR17+HP17+HN17 -> 0 | HY17: =SUM(HW17:HX17) -> 0 | IR17: =IP17+HZ17+IN17+IJ17+IH17+IF17+ID17+IB17 -> 0 | IS17: =IQ17+IA17+IO17+IM17+IK17+II17+IG17+IE17+IC17 -> 0 | IT17: =SUM(IR17:IS17) -> 0 | JC17: =JA17+IY17+IW17+IU17 -> 0 | JD17: =JB17+IZ17+IX17+IV17 -> 0 | JE17: =SUM(JC17:JD17) -> 0 | JJ17: =JI17+JH17 -> 0
A18: النجف | B18: الحيدرية | D18: 1400728 | E18: النبراس | F18: الحيدرية | U18: 1 | Y18: 1 | AN18: =AL18+AJ18+AH18+AF18+AD18+AB18+Z18+X18+V18 -> 0 | AO18: =AM18+AK18+AI18+AG18+AE18+AC18+AA18+Y18+W18 -> 1 | AP18: =AO18+AN18 -> 1 | AV18: 2 | BI18: =BG18+BE18+BC18+BA18+AY18+AW18+AU18+AS18+AQ18 -> 0 | BJ18: =BH18+BF18+BD18+BB18+AZ18+AX18+AV18+AT18+AR18 -> 2 | BK18: =BJ18+BI18 -> 2 | CD18: =CB18+BZ18+BX18+BV18+BT18+BR18+BP18+BN18+BL18 -> 0 | CE18: =CC18+CA18+BY18+BW18+BU18+BS18+BQ18+BO18+BM18 -> 0 | CF18: =CE18+CD18 -> 0 | CY18: =CW18+CU18+CS18+CQ18+CO18+CM18+CK18+CI18+CG18 -> 0 | CZ18: =CX18+CV18+CT18+CR18+CP18+CN18+CL18+CJ18+CH18 -> 0 | DA18: =CZ18+CY18 -> 0 | DB18: =CY18+CD18+BI18+AN18 -> 0 | DC18: =CZ18+AO18+BJ18+CE18 -> 3 | DD18: =DC18+DB18 -> 3 | DQ18: =DN18+DK18+DH18+DE18 -> 0 | DR18: =DO18+DL18+DI18+DF18 -> 0 | DS18: =DP18+DM18+DJ18+DG18 -> 0 | DT18: =DS18+DR18+DQ18 -> 0 | EC18: =EA18+DY18+DW18+DU18 -> 0 | ED18: =EB18+DZ18+DX18+DV18 -> 0 | EE18: =SUM(EC18:ED18) -> 0 | EG18: 2 | EI18: 1 | EN18: =EL18+EJ18+EH18+EF18 -> 0 | EO18: =EM18+EK18+EI18+EG18 -> 3 | EP18: =SUM(EN18:EO18) -> 3 | ER18: 9 | ET18: 1 | EY18: =EW18+EU18+ES18+EQ18 -> 0 | EZ18: =EX18+EV18+ET18+ER18 -> 10 | FA18: =SUM(EY18:EZ18) -> 10 | FJ18: =FH18+FF18+FD18+FB18 -> 0 | FK18: =FI18+FG18+FE18+FC18 -> 0 | FL18: =SUM(FJ18:FK18) -> 0 | FU18: =FS18+FQ18+FO18+FM18 -> 0 | FV18: =FT18+FR18+FP18+FN18 -> 0 | FW18: =SUM(FU18:FV18) -> 0 | GF18: =GD18+GB18+FZ18+FX18 -> 0 | GG18: =GE18+GC18+GA18+FY18 -> 0 | GH18: =GG18+GF18 -> 0 | GK18: =GJ18+GI18 -> 0 | GW18: =GV18+GU18+GT18+GP18+GN18+GL18+GR18 -> 0 | GX18: =GQ18+GO18+GM18+GS18 -> 0 | GY18: =SUM(GW18:GX18) -> 0 | HJ18: =HD18+HB18+GZ18+HF18+HH18 -> 0 | HK18: =HE18+HC18+HA18+HG18+HI18 -> 0 | HL18: =SUM(HJ18:HK18) -> 0 | HW18: =HU18+HS18+HQ18+HO18+HM18 -> 0 | HX18: =HV18+HT18+HR18+HP18+HN18 -> 0 | HY18: =SUM(HW18:HX18) -> 0 | IR18: =IP18+HZ18+IN18+IJ18+IH18+IF18+ID18+IB18 -> 0 | IS18: =IQ18+IA18+IO18+IM18+IK18+II18+IG18+IE18+IC18 -> 0 | IT18: =SUM(IR18:IS18) -> 0 | JC18: =JA18+IY18+IW18+IU18 -> 0 | JD18: =JB18+IZ18+IX18+IV18 -> 0 | JE18: =SUM(JC18:JD18) -> 0 | JJ18: =JI18+JH18 -> 0
A19: الكوفة | B19: مركز | D19: 1400738 | E19: الشهب الثاقبة | F19: ميسان | U19: 1 | W19: 3 | Y19: 6 | AA19: 4 | AC19: 1 | AN19: =AL19+AJ19+AH19+AF19+AD19+AB19+Z19+X19+V19 -> 0 | AO19: =AM19+AK19+AI19+AG19+AE19+AC19+AA19+Y19+W19 -> 14 | AP19: =AO19+AN19 -> 14 | AT19: 3 | AV19: 1 | BI19: =BG19+BE19+BC19+BA19+AY19+AW19+AU19+AS19+AQ19 -> 0 | BJ19: =BH19+BF19+BD19+BB19+AZ19+AX19+AV19+AT19+AR19 -> 4 | BK19: =BJ19+BI19 -> 4 | CD19: 0 | CE19: 0 | CF19: 0 | CY19: 0 | CZ19: 0 | DA19: 0 | DB19: 0 | DC19: 18 | DD19: 18 | DQ19: 0 | DR19: 0 | DS19: 0 | DT19: 0 | DV19: 5 | EC19: 0 | ED19: 5 | EE19: 5 | EG19: 5 | EI19: 6 | EN19: 0 | EO19: 11 | EP19: 11 | ER19: 9 | EY19: 0 | EZ19: 9 | FA19: 9 | FJ19: 0 | FK19: 0 | FL19: 0 | FU19: 0 | FV19: 0 | FW19: 0 | GF19: 0 | GG19: 0 | GH19: 0 | GK19: 0 | GW19: 0 | GX19: 0 | GY19: 0 | HJ19: 0 | HK19: 0 | HL19: 0 | HW19: 0 | HX19: 0 | HY19: 0 | IR19: 0 | IS19: 0 | IT19: 0 | JC19: 0 | JD19: 0 | JE19: 0 | JJ19: 0
A20: الكوفة | B20: مركز | E20: الرحيق | F20: الجمهورية | U20: 1 | V20: 8 | X20: 4 | AB20: 1 | AN20: =AL20+AJ20+AH20+AF20+AD20+AB20+Z20+X20+V20 -> 13 | AO20: =AM20+AK20+AI20+AG20+AE20+AC20+AA20+Y20+W20 -> 0 | AP20: =AO20+AN20 -> 13 | AS20: 2 | AU20: 3 | BI20: =BG20+BE20+BC20+BA20+AY20+AW20+AU20+AS20+AQ20 -> 5 | BJ20: =BH20+BF20+BD20+BB20+AZ20+AX20+AV20+AT20+AR20 -> 0 | BK20: =BJ20+BI20 -> 5 | CD20: 0 | CE20: 0 | CF20: 0 | CY20: 0 | CZ20: 0 | DA20: 0 | DB20: 18 | DC20: 0 | DD20: 18 | DE20: 1 | DH20: 1 | DQ20: 2 | DR20: 0 | DS20: 0 | DT20: 2 | EC20: 0 | ED20: 0 | EE20: 0 | EF20: 5 | EN20: 5 | EO20: 0 | EP20: 5 | EQ20: 4 | EY20: 4 | EZ20: 0 | FA20: 4 | FJ20: 0 | FK20: 0 | FL20: 0 | FU20: 0 | FV20: 0 | FW20: 0 | GF20: 0 | GG20: 0 | GH20: 0 | GK20: 0 | GW20: 0 | GX20: 0 | GY20: 0 | HJ20: 0 | HK20: 0 | HL20: 0 | HW20: 0 | HX20: 0 | HY20: 0 | IR20: 0 | IS20: 0 | IT20: 0 | JC20: 0 | JD20: 0 | JE20: 0 | JJ20: 0
A21: الكوفة | B21: مركز | E21: الوادي المقدس | U21: 1 | W21: 5 | Y21: 4 | AN21: =AL21+AJ21+AH21+AF21+AD21+AB21+Z21+X21+V21 -> 0 | AO21: =AM21+AK21+AI21+AG21+AE21+AC21+AA21+Y21+W21 -> 9 | AP21: =AO21+AN21 -> 9 | AT21: 2 | AV21: 1 | AX21: 1 | BI21: =BG21+BE21+BC21+BA21+AY21+AW21+AU21+AS21+AQ21 -> 0 | BJ21: =BH21+BF21+BD21+BB21+AZ21+AX21+AV21+AT21+AR21 -> 4 | BK21: =BJ21+BI21 -> 4 | CD21: 0 | CE21: 0 | CF21: 0 | CY21: 0 | CZ21: 0 | DA21: 0 | DB21: 0 | DC21: 13 | DD21: 13 | DF21: 1 | DI21: 1 | DQ21: 0 | DR21: 2 | DS21: 0 | DT21: 2 | DV21: 2 | EC21: 0 | ED21: 2 | EE21: 2 | EG21: 5 | EI21: 9 | EN21: 0 | EO21: 14 | EP21: 14 | ER21: 1 | ET21: 1 | EY21: 0 | EZ21: 2 | FA21: 2 | FC21: 8 | FE21: 3 | FJ21: 0 | FK21: 11 | FL21: 11 | FU21: 0 | FV21: 0 | FW21: 0 | GF21: 0 | GG21: 0 | GH21: 0 | GK21: 0 | GW21: 0 | GX21: 0 | GY21: 0 | HJ21: 0 | HK21: 0 | HL21: 0 | HW21: 0 | HX21: 0 | HY21: 0 | IR21: 0 | IS21: 0 | IT21: 0 | JC21: 0 | JD21: 0 | JE21: 0 | JJ21: 0
B22: المجموع الكلي لليافعين | G22: =SUM(G6:G21) -> 1 | H22: =SUM(H6:H21) -> 0 | I22: =SUM(I6:I21) -> 0 | J22: =SUM(J6:J21) -> 1 | K22: =SUM(K6:K21) -> 0 | L22: =SUM(L6:L21) -> 0 | M22: =SUM(M6:M21) -> 1 | N22: =SUM(N6:N21) -> 0 | ... HG22: =SUM(HG6:HG21) -> 0 | HJ22: =SUM(HJ6:HJ21) -> 10 | HK22: =SUM(HK6:HK21) -> 0 | HL22: =SUM(HL6:HL21) -> 10 | HM22: =SUM(HM6:HM21) -> 0 | HN22: =SUM(HN6:HN21) -> 0 | HO22: =SUM(HO6:HO21) -> 2 | HP22: =SUM(HP6:HP21) -> 0 | HQ22: =SUM(HQ6:HQ21) -> 3 | ... KY22: =SUM(KY6:KY21) -> 1

Sheet استمارة اليافعين
D1: وزارة التربية | M1: المديرية العامة للتربية في محافظة النجف الاشرف
C2: المديرية العامة للتخطيط التربوي | M2: قسم التخطيط التربوي
D3: مديرية الاحصاء | M3: شعبة الاحصاء
C4: الاستمارة الاحصائية لمدارس اليافعين للعام الدراسي ( 2026 - 2025 )
C5: موقع المدرسة : | E5: المحافظة : النجف الاشرف | I5: القضاء : النجف - الكوفة - المناذرة | L5: الناحية : المركز
C7: الموقع البيئي للمدرسة | E7: جنس المدرسة | H7: المدرسة
C8: حضر | D8: ريف | E8: بنون | F8: بنات | G8: مختلطة | H8: مخصصة لليافعين | J8: صفوف مخصصة لليافعين
C9: ='مدارس اليافعين'!J22 -> 1 | D9: ='مدارس اليافعين'!K22 -> 0 | E9: ='مدارس اليافعين'!G22 -> 1 | F9: ='مدارس اليافعين'!H22 -> 0 | G9: ='مدارس اليافعين'!I22 -> 0 | H9: ='مدارس اليافعين'!T22 -> 1 | J9: ='مدارس اليافعين'!U22 -> 15
C10: ملاحظة : يوجد طلبة يافعين في اربعة عشر مدارس للتعليم المسرع .
C11: عدد التلامذة حسب المرحلة والجنس والعمر
C12: الاعمار بالسنين | D12: المرحلة الاولى | F12: المرحلة الثانية | H12: المرحلة الثالثة | J12: المرحلة الرابعة | L12: المجموع الكلي
D13: بنون | E13: بنات | F13: بنون | G13: بنات | H13: بنون | I13: بنات | J13: بنون | K13: بنات | L13: بنون | M13: بنات | N13: المجموع
C14: 10 | D14: ='مدارس اليافعين'!V22 -> 25 | E14: ='مدارس اليافعين'!W22 -> 23 | F14: ='مدارس اليافعين'!AQ22 -> 1 | G14: ='مدارس اليافعين'!AR22 -> 0 | H14: ='مدارس اليافعين'!BL22 -> 0 | I14: ='مدارس اليافعين'!BM22 -> 0 | J14: ='مدارس اليافعين'!CG22 -> 0 | K14: ='مدارس اليافعين'!CH22 -> 0 | L14: =J14+H14+F14+D14 -> 26 | M14: =K14+I14+G14+E14 -> 23 | N14: =SUM(L14:M14) -> 49
C15: 11 | D15: ='مدارس اليافعين'!X22 -> 48 | E15: ='مدارس اليافعين'!Y22 -> 20 | F15: ='مدارس اليافعين'!AS22 -> 17 | G15: ='مدارس اليافعين'!AT22 -> 10 | H15: ='مدارس اليافعين'!BN22 -> 3 | I15: ='مدارس اليافعين'!BO22 -> 0 | J15: ='مدارس اليافعين'!CI22 -> 0 | K15: ='مدارس اليافعين'!CJ22 -> 0 | L15: =J15+H15+F15+D15 -> 68 | M15: =K15+I15+G15+E15 -> 30 | N15: =SUM(L15:M15) -> 98
C16: 12 | D16: ='مدارس اليافعين'!Z22 -> 8 | E16: ='مدارس اليافعين'!AA22 -> 13 | F16: ='مدارس اليافعين'!AU22 -> 37 | G16: ='مدارس اليافعين'!AV22 -> 17 | H16: ='مدارس اليافعين'!BP22 -> 8 | I16: ='مدارس اليافعين'!BQ22 -> 0 | J16: ='مدارس اليافعين'!CK22 -> 0 | K16: ='مدارس اليافعين'!CL22 -> 0 | L16: =J16+H16+F16+D16 -> 53 | M16: =K16+I16+G16+E16 -> 30 | N16: =SUM(L16:M16) -> 83
C17: 13 | D17: ='مدارس اليافعين'!AB22 -> 4 | E17: ='مدارس اليافعين'!AC22 -> 2 | F17: ='مدارس اليافعين'!AW22 -> 10 | G17: ='مدارس اليافعين'!AX22 -> 8 | H17: ='مدارس اليافعين'!BR22 -> 19 | I17: ='مدارس اليافعين'!BS22 -> 6 | J17: ='مدارس اليافعين'!CM22 -> 12 | K17: ='مدارس اليافعين'!CN22 -> 0 | L17: =J17+H17+F17+D17 -> 45 | M17: =K17+I17+G17+E17 -> 16 | N17: =SUM(L17:M17) -> 61
C18: 14 | D18: ='مدارس اليافعين'!AD22 -> 1 | E18: ='مدارس اليافعين'!AE22 -> 0 | F18: ='مدارس اليافعين'!AY22 -> 1 | G18: ='مدارس اليافعين'!AZ22 -> 0 | H18: ='مدارس اليافعين'!BT22 -> 10 | I18: ='مدارس اليافعين'!BU22 -> 0 | J18: ='مدارس اليافعين'!CO22 -> 4 | K18: ='مدارس اليافعين'!CP22 -> 0 | L18: =J18+H18+F18+D18 -> 16 | M18: =K18+I18+G18+E18 -> 0 | N18: =SUM(L18:M18) -> 16
C19: 15 | D19: ='مدارس اليافعين'!AF22 -> 0 | E19: ='مدارس اليافعين'!AG22 -> 0 | F19: ='مدارس اليافعين'!BA22 -> 1 | G19: ='مدارس اليافعين'!BB22 -> 0 | H19: ='مدارس اليافعين'!BV22 -> 1 | I19: ='مدارس اليافعين'!BW22 -> 0 | J19: ='مدارس اليافعين'!CQ22 -> 6 | K19: ='مدارس اليافعين'!CR22 -> 0 | L19: =J19+H19+F19+D19 -> 8 | M19: =K19+I19+G19+E19 -> 0 | N19: =SUM(L19:M19) -> 8
C20: المجموع | D20: =SUM(D14:D19) -> 86 | E20: =SUM(E14:E19) -> 58 | F20: =SUM(F14:F19) -> 67 | G20: =SUM(G14:G19) -> 35 | H20: =SUM(H14:H19) -> 41 | I20: =SUM(I14:I19) -> 6 | J20: =SUM(J14:J19) -> 22 | K20: =SUM(K14:K19) -> 0 | L20: =J20+H20+F20+D20 -> 216 | M20: =K20+I20+G20+E20 -> 99 | N20: =SUM(L20:M20) -> 315
B22: المرحلة | D22: التاركون للعام الدراسي 2024 - 2025 | G22: الناجحون للعام الدراسي 2024- 2025 | J22: الراسبون لجميع الاسباب للعام 2024 ـ 2025 | P22: مجموع الراسبين
J23: الفشل في الامتحان | L23: تجاوز ايام الغياب | N23: الاسباب الاخرى
D24: بنون | E24: بنات | F24: المجموع | G24: بنون | H24: بنات | I24: المجموع | J24: بنون | K24: بنات | L24: بنون | M24: بنات | N24: بنون | O24: بنات | P24: بنون | Q24: بنات | R24: المجموع
B25: المرحلة الاولى | D25: ='مدارس اليافعين'!DU22 -> 12 | E25: ='مدارس اليافعين'!DV22 -> 15 | F25: =SUM(D25:E25) -> 27 | G25: ='مدارس اليافعين'!EF22 -> 59 | H25: ='مدارس اليافعين'!EG22 -> 48 | I25: =SUM(G25:H25) -> 107 | J25: ='مدارس اليافعين'!EQ22 -> 49 | K25: ='مدارس اليافعين'!ER22 -> 49 | L25: ='مدارس اليافعين'!FB22 -> 0 | M25: ='مدارس اليافعين'!FC22 -> 11 | N25: ='مدارس اليافعين'!FM22 -> 0 | O25: ='مدارس اليافعين'!FN22 -> 0 | P25: =N25+L25+J25 -> 49 | Q25: =O25+M25+K25 -> 60 | R25: =SUM(P25:Q25) -> 109
B26: المرحلة الثانية | D26: ='مدارس اليافعين'!DW22 -> 7 | E26: ='مدارس اليافعين'!DX22 -> 3 | F26: =SUM(D26:E26) -> 10 | G26: ='مدارس اليافعين'!EH22 -> 45 | H26: ='مدارس اليافعين'!EI22 -> 41 | I26: =SUM(G26:H26) -> 86 | J26: ='مدارس اليافعين'!ES22 -> 30 | K26: ='مدارس اليافعين'!ET22 -> 13 | L26: ='مدارس اليافعين'!FD22 -> 0 | M26: ='مدارس اليافعين'!FE22 -> 3 | N26: ='مدارس اليافعين'!FO22 -> 0 | O26: ='مدارس اليافعين'!FP22 -> 0 | P26: =N26+L26+J26 -> 30 | Q26: =O26+M26+K26 -> 16 | R26: =SUM(P26:Q26) -> 46
B27: المرحلة الثالثة | D27: ='مدارس اليافعين'!DY22 -> 6 | E27: ='مدارس اليافعين'!DZ22 -> 0 | F27: =SUM(D27:E27) -> 6 | G27: ='مدارس اليافعين'!EJ22 -> 38 | H27: ='مدارس اليافعين'!EK22 -> 0 | I27: =SUM(G27:H27) -> 38 | J27: ='مدارس اليافعين'!EU22 -> 22 | K27: ='مدارس اليافعين'!EV22 -> 0 | L27: ='مدارس اليافعين'!FF22 -> 0 | M27: ='مدارس اليافعين'!FG22 -> 0 | N27: ='مدارس اليافعين'!FQ22 -> 0 | O27: ='مدارس اليافعين'!FR22 -> 0 | P27: =N27+L27+J27 -> 22 | Q27: =O27+M27+K27 -> 0 | R27: =SUM(P27:Q27) -> 22
B28: المرحلة الرابعة | D28: ='مدارس اليافعين'!EA22 -> 2 | E28: ='مدارس اليافعين'!EB22 -> 0 | F28: =SUM(D28:E28) -> 2 | G28: ='مدارس اليافعين'!EL22 -> 13 | H28: ='مدارس اليافعين'!EM22 -> 0 | I28: =SUM(G28:H28) -> 13 | J28: ='مدارس اليافعين'!EW22 -> 11 | K28: ='مدارس اليافعين'!EX22 -> 0 | L28: ='مدارس اليافعين'!FH22 -> 0 | M28: ='مدارس اليافعين'!FI22 -> 0 | N28: ='مدارس اليافعين'!FS22 -> 0 | O28: ='مدارس اليافعين'!FT22 -> 0 | P28: =N28+L28+J28 -> 11 | Q28: =O28+M28+K28 -> 0 | R28: =SUM(P28:Q28) -> 11
B29: المجموع | D29: =SUM(D25:D28) -> 27 | E29: =SUM(E25:E28) -> 18 | F29: =SUM(F25:F28) -> 45 | G29: =SUM(G25:G28) -> 155 | H29: =SUM(H25:H28) -> 89 | I29: =SUM(I25:I28) -> 244 | J29: =SUM(J25:J28) -> 112 | K29: =SUM(K25:K28) -> 62 | ... R29: =SUM(R25:R28) -> 188
B32: عدد الشعب | C32: المرحلة الاولى | F32: المرحلة الثانية | I32: المرحلة الثالثة | L32: المرحلة الرابعة | O32: المجموع
C33: بنون | D33: بنات | E33: مختلط | F33: بنون | G33: بنات | H33: مختلط | I33: بنون | J33: بنات | K33: مختلط | L33: بنون | M33: بنات | N33: مختلط | O33: بنون | P33: بنات | Q33: مختلط | R33: المجموع
C34: ='مدارس اليافعين'!DE22 -> 7 | D34: ='مدارس اليافعين'!DF22 -> 4 | E34: ='مدارس اليافعين'!DG22 -> 0 | F34: ='مدارس اليافعين'!DH22 -> 6 | G34: ='مدارس اليافعين'!DI22 -> 4 | H34: ='مدارس اليافعين'!DJ22 -> 0 | I34: ='مدارس اليافعين'!DK22 -> 3 | J34: ='مدارس اليافعين'!DL22 -> 1 | ... N34: ='مدارس اليافعين'!DP22 -> 0 | O34: =L34+I34+F34+C34 -> 18 | P34: =M34+J34+G34+D34 -> 9 | Q34: =N34+K34+H34+E34 -> 0 | R34: =SUM(O34:Q34) -> 27
C36: ملاك المدرسة الاداري والتعليمي | J36: عدد المحاضرين
C37: الجنس | D37: مدير | E37: معاون | F37: معلم | G37: مرشد | H37: المجموع | J37: الجنس | K37: العدد
C38: ذكور | D38: ='مدارس اليافعين'!FX22 -> 1 | E38: ='مدارس اليافعين'!FZ22 -> 0 | F38: ='مدارس اليافعين'!GB22 -> 9 | G38: ='مدارس اليافعين'!GD22 -> 0 | H38: =G38+F38+E38+D38 -> 10 | J38: ذكور | K38: ='مدارس اليافعين'!GI22 -> 0
C39: اناث | D39: 0 | E39: 0 | F39: ='مدارس اليافعين'!GC22 -> 0 | G39: ='مدارس اليافعين'!GE22 -> 0 | H39: =G39+F39+E39+D39 -> 0 | J39: اناث | K39: ='مدارس اليافعين'!GJ22 -> 0
C40: المجموع | D40: =SUM(D38:D39) -> 1 | E40: =SUM(E38:E39) -> 0 | F40: =SUM(F38:F39) -> 9 | G40: =SUM(G38:G39) -> 0 | H40: =G40+F40+E40+D40 -> 10 | J40: المجموع | K40: =K39+K38 -> 0

Sheet استمارة 11
G1: جدول رقم (( 2 ))
F2: التعليم الابتدائي ( اليافعين ) للعام الدراسي 2025 /2026
B3: عدد المدارس المشمولة : | K3: هل المدرسة :
B4: الارشاد التربوي | C4: تدريس الحاسوب | D4: خدمة الانترنت | E4: تدريس اللغات الاجنبية عدا اللغة الانكليزية | F4: تدريس اللغات المحلية | I4: التغذية المدرسية | K4: غيرمزدوجة | L4: مزدوجة على نفسها | M4: مزدوجة مع اخرى | N4: مزدوجة مع نفسها ومع اخرى
B5: ='مدارس اليافعين'!JK22 -> 0 | C5: ='مدارس اليافعين'!JQ22 -> 0 | D5: ='مدارس اليافعين'!JO22 -> 0 | E5: ='مدارس اليافعين'!JS22 -> 0 | F5: الكردي | G5: التركماني | H5: السرياني | I5: ='مدارس اليافعين'!JM22 -> 0 | M5: 1
F6: 0 | G6: 0 | H6: 0
B8: عدد اعضاء الهيئة التعليمية حسب الحالة الوظيفية : | I8: عدد اعضاء الهيئة التعليمية المشاركين في الدورات التدريبية للعام السابق :
B9: الحالة الوظيفية | E9: ذكور | F9: اناث | G9: المجموع
B10: داخل قوة العمل | E10: ='مدارس اليافعين'!HZ22 -> 9 | F10: ='مدارس اليافعين'!IA22 -> 0 | G10: =SUM(E10:F10) -> 9 | I10: الجنس | K10: عددالمعلمين
B11: خارج قوة العمل | C11: بعثة او زمالة دراسية | E11: ='مدارس اليافعين'!IB22 -> 0 | F11: ='مدارس اليافعين'!IC22 -> 0 | G11: =SUM(E11:F11) -> 0 | I11: ذكور | K11: ='مدارس اليافعين'!JF22 -> 3
C12: اجازة دراسية | E12: ='مدارس اليافعين'!ID22 -> 0 | F12: ='مدارس اليافعين'!IE22 -> 0 | G12: =SUM(E12:F12) -> 0 | I12: اناث | K12: ='مدارس اليافعين'!JG22 -> 0
C13: اجازة مصاحبة | E13: ='مدارس اليافعين'!IF22 -> 0 | F13: ='مدارس اليافعين'!IG22 -> 0 | G13: =SUM(E13:F13) -> 0 | I13: المجموع | K13: =K11+K12 -> 3
C14: اجازة بدون راتب | E14: ='مدارس اليافعين'!IH22 -> 1 | F14: ='مدارس اليافعين'!II22 -> 0 | G14: =SUM(E14:F14) -> 1
C15: اجازة مرضية طويلة | E15: ='مدارس اليافعين'!IJ22 -> 0 | F15: ='مدارس اليافعين'!IK22 -> 0 | G15: =SUM(E15:F15) -> 0
C16: اجازة امومة | F16: ='مدارس اليافعين'!IM22 -> 0 | G16: =SUM(E16:F16) -> 0
C17: تنسيب الى جهات اخرى | E17: ='مدارس اليافعين'!IN22 -> 0 | F17: ='مدارس اليافعين'!IO22 -> 0 | G17: =SUM(E17:F17) -> 0
C18: 4-5سنوات | E18: ='مدارس اليافعين'!IP22 -> 0 | F18: ='مدارس اليافعين'!IQ22 -> 0 | G18: =SUM(E18:F18) -> 0
B19: المجموع الكلي | E19: =E18+E10+E17+E15+E14+E13+E12+E11 -> 10 | F19: =F18+F10+F17+F15+F14+F13+F12+F11 -> 0 | G19: =G18+G10+G17+G15+G14+G13+G12+G11 -> 10
B21: عدد اعضاء الهيئة التعليمية حسب سنوات الخدمة :
B22: خمس سنوات - فأقل | D22: 6ـ 10 | F22: 11ـ15 | H22: 16-20 | J22: اكثر21 | L22: المجموع
B23: ذكور | C23: اناث | D23: ذكور | E23: اناث | F23: ذكور | G23: اناث | H23: ذكور | I23: اناث | J23: ذكور | K23: اناث | L23: ذكور | M23: اناث | N23: المجموع
B24: ='مدارس اليافعين'!GZ22 -> 0 | C24: ='مدارس اليافعين'!HA22 -> 0 | D24: ='مدارس اليافعين'!HB22 -> 1 | E24: ='مدارس اليافعين'!HC22 -> 0 | F24: ='مدارس اليافعين'!HD22 -> 2 | G24: ='مدارس اليافعين'!HE22 -> 0 | H24: ='مدارس اليافعين'!HF22 -> 7 | I24: ='مدارس اليافعين'!HG22 -> 0 | ... K24: ='مدارس اليافعين'!HI22 -> 0 | L24: =F24+D24+B24+H24+J24 -> 10 | M24: =G24+E24+C24+I24+K24 -> 0 | N24: =SUM(L24:M24) -> 10
B26: عدد اعضاء الهيئة التعليمية حسب سنوات العمر :
B27: اقل من 30 | D27: 30ـ 39 | F27: 40ـ49 | H27: 50ـ 59 | J27: 60ـ فأكثر | L27: المجموع
B28: ذكور | C28: اناث | D28: ذكور | E28: اناث | F28: ذكور | G28: اناث | H28: ذكور | I28: اناث | J28: ذكور | K28: اناث | L28: ذكور | M28: اناث | N28: المجموع
B29: ='مدارس اليافعين'!HM22 -> 0 | C29: ='مدارس اليافعين'!HN22 -> 0 | D29: ='مدارس اليافعين'!HO22 -> 2 | E29: ='مدارس اليافعين'!HP22 -> 0 | F29: ='مدارس اليافعين'!HQ22 -> 3 | G29: ='مدارس اليافعين'!HR22 -> 0 | H29: ='مدارس اليافعين'!HS22 -> 5 | I29: ='مدارس اليافعين'!HT22 -> 0 | ... K29: ='مدارس اليافعين'!HV22 -> 0 | L29: =J29+H29+F29+D29+B29 -> 10 | M29: =K29+I29+G29+E29+C29 -> 0 | N29: =SUM(L29:M29) -> 10

Sheet ورقة1
D1: وزارة التربية | M1: المديرية العامة للتربية في محافظة النجف الاشرف
C2: المديرية العامة للتخطيط التربوي | M2: قسم التخطيط التربوي
D3: مديرية الاحصاء | M3: شعبة الاحصاء
C4: الاستمارة الاحصائية لمدارس اليافعين للعام الدراسي ( 2024 - 2025 )
C5: موقع المدرسة : | E5: المحافظة : النجف الاشرف | I5: القضاء : | L5: الناحية :
C7: الموقع البيئي للمدرسة | E7: جنس المدرسة | H7: المدرسة
C8: حضر | D8: ريف | E8: بنون | F8: بنات | G8: مختلطة | H8: مخصصة لليافعين | J8: صفوف مخصصة لليافعين
C10: عدد التلامذة حسب المرحلة والجنس والعمر
C11: الاعمار بالسنين | D11: المرحلة الاولى | F11: المرحلة الثانية | H11: المرحلة الثالثة | J11: المرحلة الرابعة | L11: المجموع الكلي
D12: بنون | E12: بنات | F12: بنون | G12: بنات | H12: بنون | I12: بنات | J12: بنون | K12: بنات | L12: بنون | M12: بنات | N12: المجموع
C13: 10
C14: 11
C15: 12
C16: 13
C17: 14
C18: 15
C19: المجموع
B21: المرحلة | D21: التاركون للعام الدراسي 2024 - 2025 | G21: الناجحون للعام الدراسي 2023- 2024 | J21: الراسبون لجميع الاسباب للعام 2023 ـ 2024 | P21: مجموع الراسبين
J22: الفشل في الامتحان | L22: تجاوز ايام الغياب | N22: الاسباب الاخرى
D23: بنون | E23: بنات | F23: المجموع | G23: بنون | H23: بنات | I23: المجموع | J23: بنون | K23: بنات | L23: بنون | M23: بنات | N23: بنون | O23: بنات | P23: بنون | Q23: بنات | R23: المجموع
B24: المرحلة الاولى
B25: المرحلة الثانية
B26: المرحلة الثالثة
B27: المرحلة الرابعة
B28: المجموع
B31: عدد الشعب | C31: المرحلة الاولى | F31: المرحلة الثانية | I31: المرحلة الثالثة | L31: المرحلة الرابعة | O31: المجموع
C32: بنون | D32: بنات | E32: مختلط | F32: بنون | G32: بنات | H32: مختلط | I32: بنون | J32: بنات | K32: مختلط | L32: بنون | M32: بنات | N32: مختلط | O32: بنون | P32: بنات | Q32: مختلط | R32: المجموع
C35: ملاك المدرسة الاداري والتعليمي | J35: عدد المحاضرين
C36: الجنس | D36: مدير | E36: معاون | F36: معلم | G36: مرشد | H36: المجموع | J36: الجنس | K36: العدد
C37: ذكور | J37: ذكور
C38: اناث | J38: اناث
C39: المجموع | J39: المجموع
