Workbook

Sheet الفنون الصناعية
A1: المديرية العامة للتربية في محافظة النجف الاشرف | F1: بناية الاقسام | I1: نظام الاقسام | K1: هل البناية صممت لتكون ورشة | M1: هل يمكن باضافة ورش جديدة اخرى | O1: عدد اعضاء الهيئة التدريسية المشاركين بالدورات | Q1: عدد الطلبة المسجلين حسب الصف والجنس | Y1: عدد الشعب | AL1: ملاك الاقسام حسب الاختصاص والشهادة | AX1: ملاك الاقسام حسب الاختصاص والشهادة | BJ1: ملاك الاقسام حسب الاختصاص والشهادة | BV1: ملاك الاقسام حسب الاختصاص والشهادة | CH1: ملاك الاقسام حسب الاختصاص والشهادة | CT1: المجموع الكلي
A2: الفنون الصناعية | AL2: بكالوريوس | AX2: دبلوم | BJ2: اعدادية صناعة | BV2: دورات | CH2: المجموع الكلي
A3: ت | B3: اسم المدرسة | C3: المحافظة | D3: القضاء | E3: الناحية | Q3: الصف الاول | S3: الصف الثاني | U3: الصف الثالث | W3: المجموع | Y3: الاول | AB3: الثاني | AE3: الثالث | AH3: المجموع | AL3: كهرباء | AN3: ميكانيك | AP3: معادن | AR3: رسم هندسي | AT3: سيراميك | AV3: نجارة | AX3: كهرباء | AZ3: ميكانيك | BB3: معادن | BD3: رسم هندسي | BF3: سيراميك | BH3: نجارة | BJ3: كهرباء | BL3: ميكانيك | BN3: معادن | BP3: رسم هندسي | BR3: سيراميك | BT3: نجارة | BV3: كهرباء | BX3: ميكانيك | BZ3: معادن | CB3: رسم هندسي | CD3: سيراميك | CF3: نجارة | CH3: كهرباء | CJ3: ميكانيك | CL3: معادن | CN3: رسم هندسي | CP3: سيراميك | CR3: نجارة
F4: صالحة | G4: غير صالحة | H4: بحاجة الى ترميم | I4: الورش الخمس | J4: متعدد الاغراض | K4: نعم | L4: لا | M4: نعم | N4: لا | O4: تأهيلية | P4: تطويرية | Q4: بنون | R4: بنات | S4: بنون | T4: بنات | U4: بنون | V4: بنات | W4: بنون | X4: بنات | Y4: بنون | Z4: بنات | AA4: مختلط | AB4: بنون | AC4: بنات | AD4: مختلط | AE4: بنون | AF4: بنات | AG4: مختلط | AH4: بنون | AI4: بنات | AJ4: مختلط | AK4: المجموع | AL4: ذكور | AM4: اناث | AN4: ذكور | AO4: اناث | AP4: ذكور | AQ4: اناث | AR4: ذكور | AS4: اناث | AT4: ذكور | AU4: اناث | AV4: ذكور | AW4: اناث | AX4: ذكور | AY4: اناث | AZ4: ذكور | BA4: اناث | BB4: ذكور | BC4: اناث | BD4: ذكور | BE4: اناث | BF4: ذكور | BG4: اناث | BH4: ذكور | BI4: اناث | BJ4: ذكور | BK4: اناث | BL4: ذكور | BM4: اناث | BN4: ذكور | BO4: اناث | BP4: ذكور | BQ4: اناث | BR4: ذكور | BS4: اناث | BT4: ذكور | BU4: اناث | BV4: ذكور | BW4: اناث | BX4: ذكور | BY4: اناث | BZ4: ذكور | CA4: اناث | CB4: ذكور | CC4: اناث | CD4: ذكور | CE4: اناث | CF4: ذكور | CG4: اناث | CH4: ذكور | CI4: اناث | CJ4: ذكور | CK4: اناث | CL4: ذكور | CM4: اناث | CN4: ذكور | CO4: اناث | CP4: ذكور | CQ4: اناث | CR4: ذكور | CS4: اناث
A5: 1 | B5: متوسطة السدير للتعليم الاساسي | C5: النجف | D5: النجف | E5: المركز | F5: 1 | J5: 1 | K5: 1 | N5: 1 | W5: =U5+S5+Q5 -> 0 | X5: =V5+T5+R5 -> 0 | AH5: =AE5+AB5+Y5 -> 0 | AI5: =AF5+AC5+Z5 -> 0 | AJ5: =AG5+AD5+AA5 -> 0 | AK5: =AJ5+AI5+AH5 -> 0 | CH5: =BV5+BJ5+AX5+AL5 -> 0 | CI5: =BW5+BK5+AY5+AM5 -> 0 | CJ5: =BX5+BL5+AZ5+AN5 -> 0 | CK5: =BY5+BM5+BA5+AO5 -> 0 | CL5: =BZ5+BN5+BB5+AP5 -> 0 | CM5: =CA5+BO5+BC5+AQ5 -> 0 | CN5: =CB5+BP5+BD5+AR5 -> 0 | CO5: =CC5+BQ5+BE5+AS5 -> 0 | ... CS5: =CG5+BU5+BI5+AW5 -> 0 | CT5: =SUM(CH5:CS5) -> 0
A6: 2 | B6: متوسطة دمشق للتعليم الاساسي | C6: النجف | D6: النجف | E6: المركز | G6: 1 | I6: 1 | L6: 1 | N6: 1 | W6: =U6+S6+Q6 -> 0 | X6: =V6+T6+R6 -> 0 | AH6: =AE6+AB6+Y6 -> 0 | AI6: =AF6+AC6+Z6 -> 0 | AJ6: =AG6+AD6+AA6 -> 0 | AK6: =AJ6+AI6+AH6 -> 0 | CH6: =BV6+BJ6+AX6+AL6 -> 0 | CI6: =BW6+BK6+AY6+AM6 -> 0 | CJ6: =BX6+BL6+AZ6+AN6 -> 0 | CK6: =BY6+BM6+BA6+AO6 -> 0 | CL6: =BZ6+BN6+BB6+AP6 -> 0 | CM6: =CA6+BO6+BC6+AQ6 -> 0 | CN6: =CB6+BP6+BD6+AR6 -> 0 | CO6: =CC6+BQ6+BE6+AS6 -> 0 | ... CS6: =CG6+BU6+BI6+AW6 -> 0 | CT6: =SUM(CH6:CS6) -> 0
A7: 3 | B7: متوسطة بغداد للتعليم الاساسي | C7: النجف | D7: النجف | E7: المركز | F7: 1 | J7: 1 | K7: 1 | N7: 1 | W7: =U7+S7+Q7 -> 0 | X7: =V7+T7+R7 -> 0 | AH7: =AE7+AB7+Y7 -> 0 | AI7: =AF7+AC7+Z7 -> 0 | AJ7: =AG7+AD7+AA7 -> 0 | AK7: =AJ7+AI7+AH7 -> 0 | CH7: =BV7+BJ7+AX7+AL7 -> 0 | CI7: =BW7+BK7+AY7+AM7 -> 0 | CJ7: =BX7+BL7+AZ7+AN7 -> 0 | CK7: =BY7+BM7+BA7+AO7 -> 0 | CL7: =BZ7+BN7+BB7+AP7 -> 0 | CM7: =CA7+BO7+BC7+AQ7 -> 0 | CN7: =CB7+BP7+BD7+AR7 -> 0 | CO7: =CC7+BQ7+BE7+AS7 -> 0 | ... CS7: =CG7+BU7+BI7+AW7 -> 0 | CT7: =SUM(CH7:CS7) -> 0
A8: 4 | B8: متوسطة الامام الهادي للتعليم الاساسي | C8: النجف | D8: النجف | E8: المركز | F8: 1 | J8: 1 | L8: 1 | M8: 1 | W8: =U8+S8+Q8 -> 0 | X8: =V8+T8+R8 -> 0 | AH8: =AE8+AB8+Y8 -> 0 | AI8: =AF8+AC8+Z8 -> 0 | AJ8: =AG8+AD8+AA8 -> 0 | AK8: =AJ8+AI8+AH8 -> 0 | CH8: =BV8+BJ8+AX8+AL8 -> 0 | CI8: =BW8+BK8+AY8+AM8 -> 0 | CJ8: =BX8+BL8+AZ8+AN8 -> 0 | CK8: =BY8+BM8+BA8+AO8 -> 0 | CL8: =BZ8+BN8+BB8+AP8 -> 0 | CM8: =CA8+BO8+BC8+AQ8 -> 0 | CN8: =CB8+BP8+BD8+AR8 -> 0 | CO8: =CC8+BQ8+BE8+AS8 -> 0 | ... CS8: =CG8+BU8+BI8+AW8 -> 0 | CT8: =SUM(CH8:CS8) -> 0
A9: 5 | B9: متوسطة بلقيس للتعليم الاساسي | C9: النجف | D9: النجف | E9: المركز | G9: 1 | J9: 1 | L9: 1 | N9: 1 | W9: =U9+S9+Q9 -> 0 | X9: =V9+T9+R9 -> 0 | AH9: =AE9+AB9+Y9 -> 0 | AI9: =AF9+AC9+Z9 -> 0 | AJ9: =AG9+AD9+AA9 -> 0 | AK9: =AJ9+AI9+AH9 -> 0 | CH9: =BV9+BJ9+AX9+AL9 -> 0 | CI9: =BW9+BK9+AY9+AM9 -> 0 | CJ9: =BX9+BL9+AZ9+AN9 -> 0 | CK9: =BY9+BM9+BA9+AO9 -> 0 | CL9: =BZ9+BN9+BB9+AP9 -> 0 | CM9: =CA9+BO9+BC9+AQ9 -> 0 | CN9: =CB9+BP9+BD9+AR9 -> 0 | CO9: =CC9+BQ9+BE9+AS9 -> 0 | ... CS9: =CG9+BU9+BI9+AW9 -> 0 | CT9: =SUM(CH9:CS9) -> 0
A10: قضاء النجف | F10: =F9+F8+F7+F6+F5 -> 3 | G10: =G9+G8+G7+G6+G5 -> 2 | H10: =H9+H8+H7+H6+H5 -> 0 | I10: =I9+I8+I7+I6+I5 -> 1 | J10: =J9+J8+J7+J6+J5 -> 4 | K10: =K9+K8+K7+K6+K5 -> 2 | L10: =L9+L8+L7+L6+L5 -> 3 | M10: =M9+M8+M7+M6+M5 -> 1 | ... CS10: =CS9+CS8+CS7+CS6+CS5 -> 0 | CT10: =SUM(CH10:CS10) -> 0
A11: 1 | B11: متوسطة المصطفى للتعليم الاساسي | C11: النجف | D11: الكوفة | E11: المركز | H11: 1 | I11: 1 | K11: 1 | M11: 1 | W11: =U11+S11+Q11 -> 0 | X11: =V11+T11+R11 -> 0 | AH11: =AE11+AB11+Y11 -> 0 | AI11: =AF11+AC11+Z11 -> 0 | AJ11: =AG11+AD11+AA11 -> 0 | AK11: =AJ11+AI11+AH11 -> 0 | CH11: =BV11+BJ11+AX11+AL11 -> 0 | CI11: =BW11+BK11+AY11+AM11 -> 0 | CJ11: =BX11+BL11+AZ11+AN11 -> 0 | CK11: =BY11+BM11+BA11+AO11 -> 0 | CL11: =BZ11+BN11+BB11+AP11 -> 0 | CM11: =CA11+BO11+BC11+AQ11 -> 0 | CN11: =CB11+BP11+BD11+AR11 -> 0 | CO11: =CC11+BQ11+BE11+AS11 -> 0 | ... CS11: =CG11+BU11+BI11+AW11 -> 0 | CT11: =SUM(CH11:CS11) -> 0
A12: قضاء الكوفة | F12: =F11 -> 0 | G12: =G11 -> 0 | H12: =H11 -> 1 | I12: =I11 -> 1 | J12: =J11 -> 0 | K12: =K11 -> 1 | L12: =L11 -> 0 | M12: =M11 -> 1 | ... CS12: =CS11 -> 0 | CT12: =SUM(CH12:CS12) -> 0
CT13: =SUM(CH13:CS13) -> 0
A14: المجموع الكلي لمحافظة النجف الاشرف ( الفنون الصناعية ) | F14: =F12+F10 -> 3 | G14: =G12+G10 -> 2 | H14: =H12+H10 -> 1 | I14: =I12+I10 -> 2 | J14: =J12+J10 -> 4 | K14: =K12+K10 -> 3 | L14: =L12+L10 -> 3 | M14: =M12+M10 -> 2 | ... CS14: =CS12+CS10 -> 0 | CT14: =SUM(CH14:CS14) -> 0

Sheet محافظة النجف
B2: وزارة التربية | I2: المديرية العامة للتربية في محافظة النجف الاشرف
A3: المديرية العامة للتخطيط التربوي | I3: قسم التخطيط التربوي
A4: مديرية الاحصاء | I4: شعبة الاحصاء
D5: الاستمارة الاحصائية للمدارس المشمولة باقسام الفنون الصناعية 2024 /2025
D7: المحافظة : النجف الاشرف | G7: القضاء : | I7: الناحية :
D9: بناية الاقسام | G9: نظام الاقسام | I9: هل البناية صممت لتكون ورشة
D10: صالحة | E10: غير صالحة | F10: بحاجة الى ترميم | G10: الورش الخمس | H10: متعدد الاغراض | I10: نعم | J10: لا
D11: ='الفنون الصناعية'!F14 -> 3 | E11: ='الفنون الصناعية'!G14 -> 2 | F11: ='الفنون الصناعية'!H14 -> 1 | G11: ='الفنون الصناعية'!I14 -> 2 | H11: ='الفنون الصناعية'!J14 -> 4 | I11: ='الفنون الصناعية'!K14 -> 3 | J11: ='الفنون الصناعية'!L14 -> 3
D13: هل يمكن باضافة ورش جديدة اخرى | G13: عدد اعضاء الهيئة التدريسية المشاركين بالدورات
D14: نعم | F14: لا | G14: تأهيلية | I14: تطويرية
D15: ='الفنون الصناعية'!M14 -> 2 | F15: ='الفنون الصناعية'!N14 -> 4 | G15: ='الفنون الصناعية'!O14 -> 0 | I15: ='الفنون الصناعية'!P14 -> 0
D17: عدد الطلبة المسجلين حسب الصف والجنس
D18: الصف | E18: الصف الاول | G18: الصف الثاني | I18: الصف الثالث | K18: المجموع
D19: الطلبة | E19: بنون | F19: بنات | G19: بنون | H19: بنات | I19: بنون | J19: بنات | K19: بنون | L19: بنات | M19: المجموع
E20: ='الفنون الصناعية'!Q14 -> 0 | F20: ='الفنون الصناعية'!R14 -> 0 | G20: ='الفنون الصناعية'!S14 -> 0 | H20: ='الفنون الصناعية'!T14 -> 0 | I20: ='الفنون الصناعية'!U14 -> 0 | J20: ='الفنون الصناعية'!V14 -> 0 | K20: =I20+G20+E20 -> 0 | L20: =J20+H20+F20 -> 0 | M20: =L20+K20 -> 0
E22: عدد الشعب | G22: الصف الاول | H22: الصف الثاني | I22: الصف الثالث | J22: المجموع
F23: بنون | G23: ='الفنون الصناعية'!Y14 -> 0 | H23: ='الفنون الصناعية'!AB14 -> 0 | I23: ='الفنون الصناعية'!AE14 -> 0 | J23: =I23+H23+G23 -> 0
F24: بنات | G24: ='الفنون الصناعية'!Z14 -> 0 | H24: ='الفنون الصناعية'!AC14 -> 0 | I24: ='الفنون الصناعية'!AF14 -> 0 | J24: =I24+H24+G24 -> 0
F25: مختلط | G25: ='الفنون الصناعية'!AA14 -> 0 | H25: ='الفنون الصناعية'!AD14 -> 0 | I25: ='الفنون الصناعية'!AG14 -> 0 | J25: =I25+H25+G25 -> 0
F26: مجموع | G26: =G25+G24+G23 -> 0 | H26: =H25+H24+H23 -> 0 | I26: =I25+I24+I23 -> 0 | J26: =I26+H26+G26 -> 0
G27: ملاك الاقسام حسب الاختصاص والشهادة
A28: الاختصاص الشهادة | B28: كهرباء | D28: ميكانيك | F28: معادن | H28: رسم هندسي | J28: سيراميك | L28: نجارة | N28: المجموع الكلي
B29: ذكور | C29: اناث | D29: ذكور | E29: اناث | F29: ذكور | G29: اناث | H29: ذكور | I29: اناث | J29: ذكور | K29: اناث | L29: ذكور | M29: اناث | N29: ذكور | O29: اناث | P29: المجموع
A30: بكلوريوس | B30: ='الفنون الصناعية'!AL14 -> 0 | C30: ='الفنون الصناعية'!AM14 -> 0 | D30: ='الفنون الصناعية'!AN14 -> 0 | E30: ='الفنون الصناعية'!AO14 -> 0 | F30: ='الفنون الصناعية'!AP14 -> 0 | G30: ='الفنون الصناعية'!AQ14 -> 0 | H30: ='الفنون الصناعية'!AR14 -> 0 | I30: ='الفنون الصناعية'!AS14 -> 0 | ... M30: ='الفنون الصناعية'!AW14 -> 0 | N30: =L30+J30+H30+F30+D30+B30 -> 0 | O30: =M30+K30+I30+G30+E30+C30 -> 0 | P30: =SUM(N30:O30) -> 0
A31: دبلوم | B31: ='الفنون الصناعية'!AX14 -> 0 | C31: ='الفنون الصناعية'!AY14 -> 0 | D31: ='الفنون الصناعية'!AZ14 -> 0 | E31: ='الفنون الصناعية'!BA14 -> 0 | F31: ='الفنون الصناعية'!BB14 -> 0 | G31: ='الفنون الصناعية'!BC14 -> 0 | H31: ='الفنون الصناعية'!BD14 -> 0 | I31: ='الفنون الصناعية'!BE14 -> 0 | ... M31: ='الفنون الصناعية'!BI14 -> 0 | N31: =L31+J31+H31+F31+D31+B31 -> 0 | O31: =M31+K31+I31+G31+E31+C31 -> 0 | P31: =SUM(N31:O31) -> 0
A32: اعدادية صناعة | B32: ='الفنون الصناعية'!BJ14 -> 0 | C32: ='الفنون الصناعية'!BK14 -> 0 | D32: ='الفنون الصناعية'!BL14 -> 0 | E32: ='الفنون الصناعية'!BM14 -> 0 | F32: ='الفنون الصناعية'!BN14 -> 0 | G32: ='الفنون الصناعية'!BO14 -> 0 | H32: ='الفنون الصناعية'!BP14 -> 0 | I32: ='الفنون الصناعية'!BQ14 -> 0 | ... M32: ='الفنون الصناعية'!BU14 -> 0 | N32: =L32+J32+H32+F32+D32+B32 -> 0 | O32: =M32+K32+I32+G32+E32+C32 -> 0 | P32: =SUM(N32:O32) -> 0
A33: دورات | B33: ='الفنون الصناعية'!BV14 -> 0 | C33: ='الفنون الصناعية'!BW14 -> 0 | D33: ='الفنون الصناعية'!BX14 -> 0 | E33: ='الفنون الصناعية'!BY14 -> 0 | F33: ='الفنون الصناعية'!BZ14 -> 0 | G33: ='الفنون الصناعية'!CA14 -> 0 | H33: ='الفنون الصناعية'!CB14 -> 0 | I33: ='الفنون الصناعية'!CC14 -> 0 | ... M33: ='الفنون الصناعية'!CG14 -> 0 | N33: =L33+J33+H33+F33+D33+B33 -> 0 | O33: =M33+K33+I33+G33+E33+C33 -> 0 | P33: =SUM(N33:O33) -> 0
A34: المجموع | B34: =SUM(B30:B33) -> 0 | C34: =SUM(C30:C33) -> 0 | D34: =SUM(D30:D33) -> 0 | E34: =SUM(E30:E33) -> 0 | F34: =SUM(F30:F33) -> 0 | G34: =SUM(G30:G33) -> 0 | H34: =SUM(H30:H33) -> 0 | I34: =SUM(I30:I33) -> 0 | ... M34: =SUM(M30:M33) -> 0 | N34: =L34+J34+H34+F34+D34+B34 -> 0 | O34: =M34+K34+I34+G34+E34+C34 -> 0 | P34: =SUM(N34:O34) -> 0

Sheet قضاء النجف
B2: وزارة التربية | I2: المديرية العامة للتربية في محافظة النجف الاشرف
A3: المديرية العامة للتخطيط التربوي | I3: قسم التخطيط التربوي
A4: مديرية الاحصاء | I4: شعبة الاحصاء
D6: الاستمارة الاحصائية للمدارس المشمولة باقسام الفنون الصناعية 2024 / 2025
D8: المحافظة : النجف الاشرف | G8: القضاء : النجف | I8: الناحية :
C10: بناية الاقسام | F10: نظام الاقسام | H10: هل البناية صممت لتكون ورشة
C11: صالحة | D11: غير صالحة | E11: بحاجة الى ترميم | F11: الورش الخمس | G11: متعدد الاغراض | H11: نعم | I11: لا
C12: ='الفنون الصناعية'!F10 -> 3 | D12: ='الفنون الصناعية'!G10 -> 2 | E12: ='الفنون الصناعية'!H10 -> 0 | F12: ='الفنون الصناعية'!I10 -> 1 | G12: ='الفنون الصناعية'!J10 -> 4 | H12: ='الفنون الصناعية'!K10 -> 2 | I12: ='الفنون الصناعية'!L10 -> 3
C14: هل يمكن باضافة ورش جديدة اخرى | F14: عدد اعضاء الهيئة التدريسية المشاركين بالدورات
C15: نعم | E15: لا | F15: تأهيلية | H15: تطويرية
C16: ='الفنون الصناعية'!M10 -> 1 | E16: ='الفنون الصناعية'!N10 -> 4 | F16: ='الفنون الصناعية'!O10 -> 0 | H16: ='الفنون الصناعية'!P10 -> 0
D18: عدد الطلبة المسجلين حسب الصف والجنس
C19: الصف | D19: الصف الاول | F19: الصف الثاني | H19: الصف الثالث | J19: المجموع
C20: الطلبة | D20: بنون | E20: بنات | F20: بنون | G20: بنات | H20: بنون | I20: بنات | J20: بنون | K20: بنات | L20: المجموع
D21: ='الفنون الصناعية'!Q10 -> 0 | E21: ='الفنون الصناعية'!R10 -> 0 | F21: ='الفنون الصناعية'!S10 -> 0 | G21: ='الفنون الصناعية'!T10 -> 0 | H21: ='الفنون الصناعية'!U10 -> 0 | I21: ='الفنون الصناعية'!V10 -> 0 | J21: =H21+F21+D21 -> 0 | K21: =I21+G21+E21 -> 0 | L21: =K21+J21 -> 0
C23: عدد الشعب | E23: الصف الاول | F23: الصف الثاني | G23: الصف الثالث | H23: المجموع
D24: بنون | E24: ='الفنون الصناعية'!Y10 -> 0 | F24: ='الفنون الصناعية'!AB10 -> 0 | G24: ='الفنون الصناعية'!AE10 -> 0 | H24: =G24+F24+E24 -> 0
D25: بنات | E25: ='الفنون الصناعية'!Z10 -> 0 | F25: ='الفنون الصناعية'!AC10 -> 0 | G25: ='الفنون الصناعية'!AF10 -> 0 | H25: =G25+F25+E25 -> 0
D26: مختلط | E26: ='الفنون الصناعية'!AA10 -> 0 | F26: ='الفنون الصناعية'!AD10 -> 0 | G26: ='الفنون الصناعية'!AG10 -> 0 | H26: =G26+F26+E26 -> 0
D27: مجموع | E27: =E26+E25+E24 -> 0 | F27: =F26+F25+F24 -> 0 | G27: =G26+G25+G24 -> 0 | H27: =G27+F27+E27 -> 0
G29: ملاك الاقسام حسب الاختصاص والشهادة
A30: الاختصاص الشهادة | B30: كهرباء | D30: ميكانيك | F30: معادن | H30: رسم هندسي | J30: سيراميك | L30: نجارة | N30: المجموع الكلي
B31: ذكور | C31: اناث | D31: ذكور | E31: اناث | F31: ذكور | G31: اناث | H31: ذكور | I31: اناث | J31: ذكور | K31: اناث | L31: ذكور | M31: اناث | N31: ذكور | O31: اناث | P31: المجموع
A32: بكلوريوس | B32: ='الفنون الصناعية'!AL10 -> 0 | C32: ='الفنون الصناعية'!AM10 -> 0 | D32: ='الفنون الصناعية'!AN10 -> 0 | E32: ='الفنون الصناعية'!AO10 -> 0 | F32: ='الفنون الصناعية'!AP10 -> 0 | G32: ='الفنون الصناعية'!AQ10 -> 0 | H32: ='الفنون الصناعية'!AR10 -> 0 | I32: ='الفنون الصناعية'!AS10 -> 0 | ... M32: ='الفنون الصناعية'!AW10 -> 0 | N32: =L32+J32+H32+F32+D32+B32 -> 0 | O32: =M32+K32+I32+G32+E32+C32 -> 0 | P32: =SUM(N32:O32) -> 0
A33: دبلوم | B33: ='الفنون الصناعية'!AX10 -> 0 | C33: ='الفنون الصناعية'!AY10 -> 0 | D33: ='الفنون الصناعية'!AZ10 -> 0 | E33: ='الفنون الصناعية'!BA10 -> 0 | F33: ='الفنون الصناعية'!BB10 -> 0 | G33: ='الفنون الصناعية'!BC10 -> 0 | H33: ='الفنون الصناعية'!BD10 -> 0 | I33: ='الفنون الصناعية'!BE10 -> 0 | ... M33: ='الفنون الصناعية'!BI10 -> 0 | N33: =L33+J33+H33+F33+D33+B33 -> 0 | O33: =M33+K33+I33+G33+E33+C33 -> 0 | P33: =SUM(N33:O33) -> 0
A34: اعدادية صناعة | B34: ='الفنون الصناعية'!BJ10 -> 0 | C34: ='الفنون الصناعية'!BK10 -> 0 | D34: ='الفنون الصناعية'!BL10 -> 0 | E34: ='الفنون الصناعية'!BM10 -> 0 | F34: ='الفنون الصناعية'!BN10 -> 0 | G34: ='الفنون الصناعية'!BO10 -> 0 | H34: ='الفنون الصناعية'!BP10 -> 0 | I34: ='الفنون الصناعية'!BQ10 -> 0 | ... M34: ='الفنون الصناعية'!BU10 -> 0 | N34: =L34+J34+H34+F34+D34+B34 -> 0 | O34: =M34+K34+I34+G34+E34+C34 -> 0 | P34: =SUM(N34:O34) -> 0
A35: دورات | B35: ='الفنون الصناعية'!BV10 -> 0 | C35: ='الفنون الصناعية'!BW10 -> 0 | D35: ='الفنون الصناعية'!BX10 -> 0 | E35: ='الفنون الصناعية'!BY10 -> 0 | F35: ='الفنون الصناعية'!BZ10 -> 0 | G35: ='الفنون الصناعية'!CA10 -> 0 | H35: ='الفنون الصناعية'!CB10 -> 0 | I35: ='الفنون الصناعية'!CC10 -> 0 | ... M35: ='الفنون الصناعية'!CG10 -> 0 | N35: =L35+J35+H35+F35+D35+B35 -> 0 | O35: =M35+K35+I35+G35+E35+C35 -> 0 | P35: =SUM(N35:O35) -> 0
A36: المجموع | B36: =SUM(B32:B35) -> 0 | C36: =SUM(C32:C35) -> 0 | D36: =SUM(D32:D35) -> 0 | E36: =SUM(E32:E35) -> 0 | F36: =SUM(F32:F35) -> 0 | G36: =SUM(G32:G35) -> 0 | H36: =SUM(H32:H35) -> 0 | I36: =SUM(I32:I35) -> 0 | ... M36: =SUM(M32:M35) -> 0 | N36: =L36+J36+H36+F36+D36+B36 -> 0 | O36: =M36+K36+I36+G36+E36+C36 -> 0 | P36: =SUM(N36:O36) -> 0

Sheet قضاء الكوفة
B2: وزارة التربية | H2: المديرية العامة للتربية في محافظة النجف الاشرف
A3: المديرية العامة للتخطيط التربوي | I3: قسم التخطيط التربوي
B4: مديرية الاحصاء | I4: شعبة الاحصاء
D6: الاستمارة الاحصائية للمدارس المشمولة باقسام الفنون الصناعية 2024 / 2025
D8: المحافظة : النجف الاشرف | G8: القضاء : الكوفة | I8: الناحية :
C10: بناية الاقسام | F10: نظام الاقسام | H10: هل البناية صممت لتكون ورشة
C11: صالحة | D11: غير صالحة | E11: بحاجة الى ترميم | F11: الورش الخمس | G11: متعدد الاغراض | H11: نعم | I11: لا
C12: ='الفنون الصناعية'!F12 -> 0 | D12: ='الفنون الصناعية'!G12 -> 0 | E12: ='الفنون الصناعية'!H12 -> 1 | F12: ='الفنون الصناعية'!I12 -> 1 | G12: ='الفنون الصناعية'!J12 -> 0 | H12: ='الفنون الصناعية'!K12 -> 1 | I12: ='الفنون الصناعية'!L12 -> 0
C14: هل يمكن باضافة ورش جديدة اخرى | F14: عدد اعضاء الهيئة التدريسية المشاركين بالدورات
C15: نعم | E15: لا | F15: تأهيلية | H15: تطويرية
C16: ='الفنون الصناعية'!M12 -> 1 | E16: ='الفنون الصناعية'!N12 -> 0 | F16: ='الفنون الصناعية'!O12 -> 0 | H16: ='الفنون الصناعية'!P12 -> 0
D17: عدد الطلبة المسجلين حسب الصف والجنس
C19: الصف | D19: الصف الاول | F19: الصف الثاني | H19: الصف الثالث | J19: المجموع
C20: الطلبة | D20: بنون | E20: بنات | F20: بنون | G20: بنات | H20: بنون | I20: بنات | J20: بنون | K20: بنات | L20: المجموع
D21: ='الفنون الصناعية'!Q12 -> 0 | E21: ='الفنون الصناعية'!R12 -> 0 | F21: ='الفنون الصناعية'!S12 -> 0 | G21: ='الفنون الصناعية'!T12 -> 0 | H21: ='الفنون الصناعية'!U12 -> 0 | I21: ='الفنون الصناعية'!V12 -> 0 | J21: =H21+F21+D21 -> 0 | K21: =I21+G21+E21 -> 0 | L21: =K21+J21 -> 0
C23: عدد الشعب | E23: الصف الاول | F23: الصف الثاني | G23: الصف الثالث | H23: المجموع
D24: بنون | E24: ='الفنون الصناعية'!Y12 -> 0 | F24: ='الفنون الصناعية'!AB12 -> 0 | G24: ='الفنون الصناعية'!AE12 -> 0 | H24: =G24+F24+E24 -> 0
D25: بنات | E25: ='الفنون الصناعية'!Z12 -> 0 | F25: ='الفنون الصناعية'!AC12 -> 0 | G25: ='الفنون الصناعية'!AF12 -> 0 | H25: =G25+F25+E25 -> 0
D26: مختلط | E26: ='الفنون الصناعية'!AA12 -> 0 | F26: ='الفنون الصناعية'!AD12 -> 0 | G26: ='الفنون الصناعية'!AG12 -> 0 | H26: =G26+F26+E26 -> 0
D27: مجموع | E27: =E26+E25+E24 -> 0 | F27: =F26+F25+F24 -> 0 | G27: =G26+G25+G24 -> 0 | H27: =G27+F27+E27 -> 0
G28: ملاك الاقسام حسب الاختصاص والشهادة
A29: الاختصاص الشهادة | B29: كهرباء | D29: ميكانيك | F29: معادن | H29: رسم هندسي | J29: سيراميك | L29: نجارة | N29: المجموع الكلي
B30: ذكور | C30: اناث | D30: ذكور | E30: اناث | F30: ذكور | G30: اناث | H30: ذكور | I30: اناث | J30: ذكور | K30: اناث | L30: ذكور | M30: اناث | N30: ذكور | O30: اناث | P30: المجموع
A31: بكلوريوس | B31: ='الفنون الصناعية'!AL12 -> 0 | C31: ='الفنون الصناعية'!AM12 -> 0 | D31: ='الفنون الصناعية'!AN12 -> 0 | E31: ='الفنون الصناعية'!AO12 -> 0 | F31: ='الفنون الصناعية'!AP12 -> 0 | G31: ='الفنون الصناعية'!AQ12 -> 0 | H31: ='الفنون الصناعية'!AR12 -> 0 | I31: ='الفنون الصناعية'!AS12 -> 0 | ... M31: ='الفنون الصناعية'!AW12 -> 0 | N31: =L31+J31+H31+F31+D31+B31 -> 0 | O31: =M31+K31+I31+G31+E31+C31 -> 0 | P31: =SUM(N31:O31) -> 0
A32: دبلوم | B32: ='الفنون الصناعية'!AX12 -> 0 | C32: ='الفنون الصناعية'!AY12 -> 0 | D32: ='الفنون الصناعية'!AZ12 -> 0 | E32: ='الفنون الصناعية'!BA12 -> 0 | F32: ='الفنون الصناعية'!BB12 -> 0 | G32: ='الفنون الصناعية'!BC12 -> 0 | H32: ='الفنون الصناعية'!BD12 -> 0 | I32: ='الفنون الصناعية'!BE12 -> 0 | ... M32: ='الفنون الصناعية'!BI12 -> 0 | N32: =L32+J32+H32+F32+D32+B32 -> 0 | O32: =M32+K32+I32+G32+E32+C32 -> 0 | P32: =SUM(N32:O32) -> 0
A33: اعدادية صناعة | B33: ='الفنون الصناعية'!BJ12 -> 0 | C33: ='الفنون الصناعية'!BK12 -> 0 | D33: ='الفنون الصناعية'!BL12 -> 0 | E33: ='الفنون الصناعية'!BM12 -> 0 | F33: ='الفنون الصناعية'!BN12 -> 0 | G33: ='الفنون الصناعية'!BO12 -> 0 | H33: ='الفنون الصناعية'!BP12 -> 0 | I33: ='الفنون الصناعية'!BQ12 -> 0 | ... M33: ='الفنون الصناعية'!BU12 -> 0 | N33: =L33+J33+H33+F33+D33+B33 -> 0 | O33: =M33+K33+I33+G33+E33+C33 -> 0 | P33: =SUM(N33:O33) -> 0
A34: دورات | B34: ='الفنون الصناعية'!BV12 -> 0 | C34: ='الفنون الصناعية'!BW12 -> 0 | D34: ='الفنون الصناعية'!BX12 -> 0 | E34: ='الفنون الصناعية'!BY12 -> 0 | F34: ='الفنون الصناعية'!BZ12 -> 0 | G34: ='الفنون الصناعية'!CA12 -> 0 | H34: ='الفنون الصناعية'!CB12 -> 0 | I34: ='الفنون الصناعية'!CC12 -> 0 | ... M34: ='الفنون الصناعية'!CG12 -> 0 | N34: =L34+J34+H34+F34+D34+B34 -> 0 | O34: =M34+K34+I34+G34+E34+C34 -> 0 | P34: =SUM(N34:O34) -> 0
A35: المجموع | B35: =SUM(B31:B34) -> 0 | C35: =SUM(C31:C34) -> 0 | D35: =SUM(D31:D34) -> 0 | E35: =SUM(E31:E34) -> 0 | F35: =SUM(F31:F34) -> 0 | G35: =SUM(G31:G34) -> 0 | H35: =SUM(H31:H34) -> 0 | I35: =SUM(I31:I34) -> 0 | ... M35: =SUM(M31:M34) -> 0 | N35: =L35+J35+H35+F35+D35+B35 -> 0 | O35: =M35+K35+I35+G35+E35+C35 -> 0 | P35: =SUM(N35:O35) -> 0
