Workbook

Sheet مدارس التعليم الاساسية
A1: المديرية العامة للتربية في محافظة النجف الاشرف | V1: هل المدرسة فتح جديد | IR1: اعضاء الهيئة التعليمية والتدريسية حسب العنوان الوظيفي | JP1: عدد اعضاء الهيئة التعليمية والتدريسية حسب العنوان الوظيفي والجنس
F2: نوع المدرسة | H2: جنس المدرسة | K2: بيئة المدرسة | M2: دوام المدرسة | P2: استقلالية المدرسة | R2: نوع الازدواج | X2: عدد التلامذة الجدد في الصف الاول الابتدائي | AM2: عدد الطلبة الجدد في الصف الاول متوسط ( السابع ) | AZ2: عدد التلامذة المسجلين في الاول الابتدائي | BO2: عدد التلامذة المسجلين في الثاني الابتدائي | CB2: عدد التلامذة المسجلين في الثالث الابتدائي | CO2: عدد التلامذة المسجلين في الصف الرابع الابتدائي | DB2: عدد التلامذة المسجلين في الصف الخامس الابتدائي | DO2: عدد التلامذة المسجلين في الصف السادس الابتدائي | EB2: مجموع المرحلة الابتدائية | FA2: عدد الطلبة المسجلين للصف الاول متوسط ( السابع ) | FN2: عدد الطلبة المسجلين للصف الثاني متوسط ( الثامن ) | GA2: عدد الطلبة المسجلين للصف الثالث متوسط ( التاسع ) | GN2: مجموع عدد الطلبة للتعليم المتوسط | HE2: عدد الشعب حسب الصف والجنس | KC2: الأبنية المدرسية | LM2: المكتبات المدرسية :- | LZ2: المختبرات المدرسية :-
A3: التعليم الاساسي والتكميلي | HE3: شعبــــــــــــــــــــــــــــ المرحلة الابتدائية | IA3: شعب المرحلة المتوسطة | IN3: المجموع الكلي | IR3: المرحلة الابتدائية | JC3: المرحلة المتوسطة | KC3: عدد الابنية المدرسية حسب :- | LE3: هل البناية مزودة بخدمة المجاري | LG3: هل ترتبط البناية بشبكة الماء الصالح للشرب | LI3: هل هناك سياج حول البناية | LK3: هل تتوفر في البناية مرافق صحية | LM3: هل توجد مكتبة | LO3: من المسؤول عن المكتبة | LT3: نوعية المكتبة | LW3: عدد الكتب في المكتبة | LY3: عدد الكتب الكلي | LZ3: هل يوجد مختبر :-
X4: عمر 5 | Z4: عمر 6 | AB4: عمر 7 | AD4: عمر 8 | AF4: عمر 9 | AH4: عمر 10 | AJ4: المجموع | AM4: عمر 12 | AO4: عمر 13 | AQ4: عمر 14 | AS4: عمر 15 | AU4: عمر 16 | AW4: المجموع | AZ4: عمر 5 | BB4: عمر 6 | BD4: عمر 7 | BF4: عمر 8 | BH4: عمر 9 | BJ4: عمر 10 | BL4: المجموع | BO4: عمر 7 | BQ4: عمر 8 | BS4: عمر 9 | BU4: عمر 10 | BW4: عمر 11 | BY4: المجموع | CB4: عمر 8 | CD4: عمر 9 | CF4: عمر 10 | CH4: عمر 11 | CJ4: عمر 12 | CL4: المجموع | CO4: عمر 9 | CQ4: عمر 10 | CS4: عمر 11 | CU4: عمر 12 | CW4: عمر 13 | CY4: المجموع | DB4: عمر 10 | DD4: عمر 11 | DF4: عمر 12 | DH4: عمر 13 | DJ4: عمر 14 | DL4: المجموع | DO4: عمر 11 | DQ4: عمر 12 | DS4: عمر 13 | DU4: عمر 14 | DW4: عمر 15 | DY4: المجموع | EB4: عمر 5 | ED4: عمر 6 | EF4: عمر 7 | EH4: عمر 8 | EJ4: عمر 9 | EL4: عمر 10 | EN4: عمر 11 | EP4: عمر 12 | ER4: عمر 13 | ET4: عمر 14 | EV4: عمر 15 | EX4: المجموع | FA4: 12سنة | FC4: 13سنة | FE4: 14سنة | FG4: 15سنة | FI4: 16سنة | FK4: المجموع | FN4: 13سنة | FP4: 14سنة | FR4: 15سنة | FT4: 16سنة | FV4: 17سنة | FX4: المجموع | GA4: 14سنة | GC4: 15سنة | GE4: 16سنة | GG4: 17سنة | GI4: 18سنة | GK4: المجموع | GN4: 12سنة | GP4: 13سنة | GR4: 14سنة | GT4: 15سنة | GV4: 16سنة | GX4: 17سنة | GZ4: 18سنة فأكثر | HB4: المجموع | HE4: الاول الابتدائي | HH4: الثاني الابتدائي | HK4: الثالث الابتدائي | HN4: الرابع الابتدائي | HQ4: الخامس الابتدائي | HT4: السادس الابتدائي | HW4: مجموع شعب الابتدائي | IA4: الاول متوسط ( السابع ) | ID4: الثاني متوسط ( الثامن ) | IG4: الثالث متوسط ( التاسع ) | IJ4: مجموع المرحلة المتوسطة | IR4: مدير | IT4: معاون | IV4: معلم | IX4: مرشد تربوي | IZ4: المجموع | JC4: مدير | JE4: معاون | JG4: مدرس | JI4: معلم | JK4: مرشد | JM4: المجموع | JP4: مدير | JR4: معاون | JT4: مدرس | JV4: معلم | JX4: مرشد تربوي | JZ4: المجموع | KC4: نوع البناء | KE4: عدد الطوابق | KH4: حجم المدرسة | KM4: عدد الغرف في البناية | KP4: العائدية | KS4: عدد المدارس التي تشغلها | KV4: الحالة العمرانية | KY4: مادة البناء | LZ4: هل يوجد مختبر | MB4: مختبر العلوم | MD4: مختبر الفيزياء | MF4: مختبر الكيمياء | MH4: مختبر الاحياء | MJ4: مجمع مختبرات | ML4: مختبرلغة | MN4: مختبر حاسوب
A5: القضاء | B5: الناحية | C5: ت | D5: الرقم الاحصائي | E5: اسم المدرسة | F5: اساسي | G5: تكميلي | H5: بنون | I5: بنات | J5: مختلط | K5: حضر | L5: ريف | M5: صباحا | N5: ظهرا | O5: صباحا وظهرا | P5: اصلية | Q5: ضيف | R5: غير مزدوجة | S5: مع نفسها | T5: مع اخرى | U5: مع نفسها ومع اخرى | V5: نعم | W5: كلا | X5: بنون | Y5: بنات | Z5: بنون | AA5: بنات | AB5: بنون | AC5: بنات | AD5: بنون | AE5: بنات | AF5: بنون | AG5: بنات | AH5: بنون | AI5: بنات | AJ5: بنون | AK5: بنات | AL5: المجموع | AM5: بنون | AN5: بنات | AO5: بنون | AP5: بنات | AQ5: بنون | AR5: بنات | AS5: بنون | AT5: بنات | AU5: بنون | AV5: بنات | AW5: بنون | AX5: بنات | AY5: المجموع | AZ5: بنون | BA5: بنات | BB5: بنون | BC5: بنات | BD5: بنون | BE5: بنات | BF5: بنون | BG5: بنات | BH5: بنون | BI5: بنات | BJ5: بنون | BK5: بنات | BL5: بنون | BM5: بنات | BN5: المجموع | BO5: بنون | BP5: بنات | BQ5: بنون | BR5: بنات | BS5: بنون | BT5: بنات | BU5: بنون | BV5: بنات | BW5: بنون | BX5: بنات | BY5: بنون | BZ5: بنات | CA5: المجموع | CB5: بنون | CC5: بنات | CD5: بنون | CE5: بنات | CF5: بنون | CG5: بنات | CH5: بنون | CI5: بنات | CJ5: بنون | CK5: بنات | CL5: بنون | CM5: بنات | CN5: المجموع | CO5: بنون | CP5: بنات | CQ5: بنون | CR5: بنات | CS5: بنون | CT5: بنات | CU5: بنون | CV5: بنات | CW5: بنون | CX5: بنات | CY5: بنون | CZ5: بنات | DA5: المجموع | DB5: بنون | DC5: بنات | DD5: بنون | DE5: بنات | DF5: بنون | DG5: بنات | DH5: بنون | DI5: بنات | DJ5: بنون | DK5: بنات | DL5: بنون | DM5: بنات | DN5: المجموع | DO5: بنون | DP5: بنات | DQ5: بنون | DR5: بنات | DS5: بنون | DT5: بنات | DU5: بنون | DV5: بنات | DW5: بنون | DX5: بنات | DY5: بنون | DZ5: بنات | EA5: المجموع | EB5: بنون | EC5: بنات | ED5: بنون | EE5: بنات | EF5: بنون | EG5: بنات | EH5: بنون | EI5: بنات | EJ5: بنون | EK5: بنات | EL5: بنون | EM5: بنات | EN5: بنون | EO5: بنات | EP5: بنون | EQ5: بنات | ER5: بنون | ES5: بنات | ET5: بنون | EU5: بنات | EV5: بنون | EW5: بنات | EX5: بنون | EY5: بنات | EZ5: المجموع | FA5: بنون | FB5: بنات | FC5: بنون | FD5: بنات | FE5: بنون | FF5: بنات | FG5: بنون | FH5: بنات | FI5: بنون | FJ5: بنات | FK5: بنون | FL5: بنات | FM5: المجموع | FN5: بنون | FO5: بنات | FP5: بنون | FQ5: بنات | FR5: بنون | FS5: بنات | FT5: بنون | FU5: بنات | FV5: بنون | FW5: بنات | FX5: بنون | FY5: بنات | FZ5: المجموع | GA5: بنون | GB5: بنات | GC5: بنون | GD5: بنات | GE5: بنون | GF5: بنات | GG5: بنون | GH5: بنات | GI5: بنون | GJ5: بنات | GK5: بنون | GL5: بنات | GM5: المجموع | GN5: بنون | GO5: بنات | GP5: بنون | GQ5: بنات | GR5: بنون | GS5: بنات | GT5: بنون | GU5: بنات | GV5: بنون | GW5: بنات | GX5: بنون | GY5: بنات | GZ5: بنون | HA5: بنات | HB5: بنون | HC5: بنات | HD5: المجموع | HE5: بنون | HF5: بنات | HG5: مختلط | HH5: بنون | HI5: بنات | HJ5: مختلط | HK5: بنون | HL5: بنات | HM5: مختلط | HN5: بنون | HO5: بنات | HP5: مختلط | HQ5: بنون | HR5: بنات | HS5: مختلط | HT5: بنون | HU5: بنات | HV5: مختلط | HW5: بنون | HX5: بنات | HY5: مختلط | HZ5: المجموع | IA5: بنون | IB5: بنات | IC5: مختلط | ID5: بنون | IE5: بنات | IF5: مختلط | IG5: بنون | IH5: بنات | II5: مختلط | IJ5: بنون | IK5: بنات | IL5: مختلط | IM5: المجموع | IN5: بنون | IO5: بنات | IP5: مختلط | IQ5: المجموع | IR5: ذكور | IS5: اناث | IT5: ذكور | IU5: اناث | IV5: ذكور | IW5: اناث | IX5: ذكور | IY5: اناث | IZ5: ذكور | JA5: اناث | JB5: المجموع | JC5: ذكور | JD5: اناث | JE5: ذكور | JF5: اناث | JG5: ذكور | JH5: اناث | JI5: ذكور | JJ5: اناث | JK5: ذكور | JL5: اناث | JM5: ذكور | JN5: اناث | JO5: المجموع | JP5: ذكور | JQ5: اناث | JR5: ذكور | JS5: اناث | JT5: ذكور | JU5: اناث | JV5: ذكور | JW5: اناث | JX5: ذكور | JY5: اناث | JZ5: ذكور | KA5: اناث | KB5: المجموع | KC5: مدرسي | KD5: غير مدرسي | KE5: طابق واحد | KF5: طابقين | KG5: ثلاث طوابق | KH5: 6صف | KI5: 9صف | KJ5: 12صف | KK5: 18صف | KL5: 24صف | KM5: عدد الصفوف | KN5: عدد الغرف الاخرى | KO5: المجموع | KP5: حكومية تابعة لوزارة التربية | KQ5: حكومية تابعة لجهات اخرى | KR5: مستأجرة | KS5: مدرسة واحدة | KT5: مدرستان | KU5: ثلاث مدارس | KV5: صالحة | KW5: بحاجة الى ترميم | KX5: غير صالحة | KY5: طابوق او حجر او بلوك | KZ5: طين اوصريفة | LA5: هياكل حديدية | LB5: كرفان | LC5: بناء جاهز | LD5: اخرى | LE5: نعم | LF5: كلا | LG5: نعم | LH5: كلا | LI5: نعم | LJ5: كلا | LK5: نعم | LL5: كلا | LM5: نعم | LN5: كلا | LO5: مدير | LP5: معاون | LQ5: معلم او مدرس | LR5: امين مكتبة | LS5: موظف ادارة | LT5: غرفة مستقلة | LU5: خزانة | LV5: رفوف | LW5: عدد الكتب | LX5: عدد القصص والمجلات | LZ5: نعم | MA5: كلا | MB5: نعم | MC5: كلا | MD5: نعم | ME5: كلا | MF5: نعم | MG5: كلا | MH5: نعم | MI5: كلا | MJ5: نعم | MK5: كلا | ML5: نعم | MM5: كلا | MN5: نعم | MO5: كلا
A6: النجف | B6: المركز | C6: 1 | D6: 1400186 | E6: السدير الأساسية | F6: 1 | H6: 1 | K6: 1 | M6: 1 | P6: 1 | R6: 1 | W6: 1 | X6: 3 | Z6: 40 | AB6: 4 | AD6: 1 | AJ6: =AH6+AF6+AD6+AB6+Z6+X6 -> 48 | AK6: =AI6+AG6+AE6+AC6+AA6+Y6 -> 0 | AL6: =SUM(AJ6:AK6) -> 48 | AW6: =AU6+AS6+AQ6+AO6+AM6 -> 0 | AX6: =AV6+AT6+AR6+AP6+AN6 -> 0 | AY6: =SUM(AW6:AX6) -> 0 | AZ6: 3 | BB6: 40 | BD6: 5 | BF6: 2 | BH6: 1 | BL6: =BJ6+BH6+BF6+BD6+BB6+AZ6 -> 51 | BM6: =BK6+BI6+BG6+BE6+BC6+BA6 -> 0 | BN6: =SUM(BL6:BM6) -> 51 | BO6: 18 | BQ6: 7 | BS6: 2 | BY6: =BW6+BU6+BS6+BQ6+BO6 -> 27 | BZ6: =BX6+BV6+BT6+BR6+BP6 -> 0 | CA6: =SUM(BY6:BZ6) -> 27 | CB6: 20 | CD6: 6 | CF6: 3 | CH6: 1 | CJ6: 1 | CL6: =CJ6+CH6+CF6+CD6+CB6 -> 31 | CM6: =CK6+CI6+CG6+CE6+CC6 -> 0 | CN6: =SUM(CL6:CM6) -> 31 | CO6: 26 | CQ6: 6 | CS6: 3 | CU6: 4 | CW6: 1 | CY6: =CW6+CU6+CS6+CQ6+CO6 -> 40 | CZ6: =CX6+CV6+CT6+CR6+CP6 -> 0 | DA6: =SUM(CY6:CZ6) -> 40 | DB6: 35 | DD6: 13 | DF6: 8 | DH6: 3 | DL6: =DJ6+DH6+DF6+DD6+DB6 -> 59 | DM6: =DK6+DI6+DG6+DE6+DC6 -> 0 | DN6: =SUM(DL6:DM6) -> 59 | DO6: 30 | DQ6: 17 | DS6: 5 | DU6: 1 | DW6: 2 | DY6: =DW6+DU6+DS6+DQ6+DO6 -> 55 | DZ6: =DX6+DV6+DT6+DR6+DP6 -> 0 | EA6: =SUM(DY6:DZ6) -> 55 | EB6: =AZ6 -> 3 | EC6: =BA6 -> 0 | ED6: =BB6 -> 40 | EE6: =BC6 -> 0 | EF6: =BO6+BD6 -> 23 | EG6: =BP6+BE6 -> 0 | EH6: =CB6+BQ6+BF6 -> 29 | EI6: =CC6+BR6+BG6 -> 0 | EJ6: =CO6+CD6+BS6+BH6 -> 35 | EK6: =CP6+CE6+BT6+BI6 -> 0 | EL6: =DB6+CQ6+CF6+BU6+BJ6 -> 44 | EM6: =DC6+CR6+CG6+BV6+BK6 -> 0 | EN6: =DO6+DD6+CS6+CH6+BW6 -> 47 | EO6: =DP6+DE6+CT6+CI6+BX6 -> 0 | EP6: =DQ6+DF6+CU6+CJ6 -> 30 | EQ6: =DR6+DG6+CV6+CK6 -> 0 | ER6: =DS6+DH6+CW6 -> 9 | ES6: =DT6+DI6+CX6 -> 0 | ET6: =DU6+DJ6 -> 1 | EU6: =DV6+DK6 -> 0 | EV6: =DW6 -> 2 | EW6: =DX6 -> 0 | EX6: =EV6+ET6+ER6+EP6+EN6+EL6+EJ6+EH6+EF6+ED6+EB6 -> 263 | EY6: =EW6+EU6+ES6+EQ6+EO6+EM6+EK6+EI6+EG6+EE6+EC6 -> 0 | EZ6: =SUM(EX6:EY6) -> 263 | FK6: =FI6+FG6+FE6+FC6+FA6 -> 0 | FL6: =FJ6+FH6+FF6+FD6+FB6 -> 0 | FM6: =SUM(FK6:FL6) -> 0 | FX6: =FV6+FT6+FR6+FP6+FN6 -> 0 | FY6: =FW6+FU6+FS6+FQ6+FO6 -> 0 | FZ6: =SUM(FX6:FY6) -> 0 | GK6: =GI6+GG6+GE6+GC6+GA6 -> 0 | GL6: =GJ6+GH6+GF6+GD6+GB6 -> 0 | GM6: =SUM(GK6:GL6) -> 0 | GN6: =FA6 -> 0 | GO6: =FB6 -> 0 | GP6: =FN6+FC6 -> 0 | GQ6: =FO6+FD6 -> 0 | GR6: =GA6+FP6+FE6 -> 0 | GS6: =GB6+FQ6+FF6 -> 0 | GT6: =GC6+FR6+FG6 -> 0 | GU6: =GD6+FS6+FH6 -> 0 | GV6: =GE6+FT6+FI6 -> 0 | GW6: =GF6+FU6+FJ6 -> 0 | GX6: =GG6+FV6 -> 0 | GY6: =GH6+FW6 -> 0 | GZ6: =GI6 -> 0 | HA6: =GJ6 -> 0 | HB6: =GZ6+GX6+GV6+GT6+GR6+GP6+GN6 -> 0 | HC6: =HA6+GY6+GW6+GU6+GS6+GQ6+GO6 -> 0 | HD6: =SUM(HB6:HC6) -> 0 | HE6: 2 | HH6: 1 | HK6: 1 | HN6: 1 | HQ6: 2 | HT6: 2 | HW6: =HT6+HQ6+HN6+HK6+HH6+HE6 -> 9 | HX6: =HU6+HR6+HO6+HL6+HI6+HF6 -> 0 | HY6: =HV6+HS6+HP6+HM6+HJ6+HG6 -> 0 | HZ6: =SUM(HW6:HY6) -> 9 | IJ6: =IG6+ID6+IA6 -> 0 | IK6: =IH6+IE6+IB6 -> 0 | IL6: =II6+IF6+IC6 -> 0 | IM6: =SUM(IJ6:IL6) -> 0 | IN6: =IJ6+HW6 -> 9 | IO6: =IK6+HX6 -> 0 | IP6: =IL6+HY6 -> 0 | IQ6: =IM6+HZ6 -> 9 | IR6: 1 | IU6: 1 | IV6: 7 | IW6: 16 | IZ6: =IX6+IV6+IT6+IR6 -> 8 | JA6: =IY6+IW6+IU6+IS6 -> 17 | JB6: =SUM(IZ6:JA6) -> 25 | JM6: =JK6+JG6+JE6+JC6 -> 0 | JN6: =JL6+JH6+JF6+JD6 -> 0 | JO6: =SUM(JM6:JN6) -> 0 | JP6: =JC6+IR6 -> 1 | JQ6: =JD6+IS6 -> 0 | JR6: =JE6+IT6 -> 0 | JS6: =JF6+IU6 -> 1 | JT6: =JG6 -> 0 | JU6: =JH6 -> 0 | JV6: =IV6+JI6 -> 7 | JW6: =IW6+JJ6 -> 16 | JX6: =JK6+IX6 -> 0 | JY6: =JL6+IY6 -> 0 | JZ6: =JX6+JV6+JT6+JR6+JP6 -> 8 | KA6: =JY6+JW6+JU6+JS6+JQ6 -> 17 | KB6: =SUM(JZ6:KA6) -> 25 | KC6: 1 | KF6: 1 | KK6: 1 | KM6: 18 | KN6: 6 | KO6: =SUM(KM6:KN6) -> 24 | KQ6: 1 | KS6: 1 | KV6: 1 | KY6: 1 | LE6: 1 | LG6: 1 | LI6: 1 | LK6: 1 | LM6: 1 | LQ6: 1 | LT6: 1 | LW6: 25 | LX6: 100 | LY6: =SUM(LW6:LX6) -> 125 | MA6: 1
A7: النجف | B7: المركز | C7: 2 | D7: 1400193 | E7: دمشق الأساسية | F7: 1 | H7: 1 | K7: 1 | M7: 1 | P7: 1 | T7: 1 | W7: 1 | Z7: 35 | AB7: 2 | AD7: 1 | AJ7: =AH7+AF7+AD7+AB7+Z7+X7 -> 38 | AK7: =AI7+AG7+AE7+AC7+AA7+Y7 -> 0 | AL7: =SUM(AJ7:AK7) -> 38 | AW7: =AU7+AS7+AQ7+AO7+AM7 -> 0 | AX7: =AV7+AT7+AR7+AP7+AN7 -> 0 | AY7: =SUM(AW7:AX7) -> 0 | BB7: 35 | BD7: 6 | BF7: 2 | BH7: 4 | BL7: =BJ7+BH7+BF7+BD7+BB7+AZ7 -> 47 | BM7: =BK7+BI7+BG7+BE7+BC7+BA7 -> 0 | BN7: =SUM(BL7:BM7) -> 47 | BO7: 47 | BQ7: 5 | BS7: 1 | BU7: 1 | BY7: =BW7+BU7+BS7+BQ7+BO7 -> 54 | BZ7: =BX7+BV7+BT7+BR7+BP7 -> 0 | CA7: =SUM(BY7:BZ7) -> 54 | CB7: 44 | CD7: 10 | CF7: 2 | CL7: =CJ7+CH7+CF7+CD7+CB7 -> 56 | CM7: =CK7+CI7+CG7+CE7+CC7 -> 0 | CN7: =SUM(CL7:CM7) -> 56 | CO7: 32 | CQ7: 7 | CS7: 3 | CU7: 2 | CY7: =CW7+CU7+CS7+CQ7+CO7 -> 44 | CZ7: =CX7+CV7+CT7+CR7+CP7 -> 0 | DA7: =SUM(CY7:CZ7) -> 44 | DB7: 40 | DD7: 13 | DF7: 4 | DH7: 3 | DJ7: 1 | DL7: =DJ7+DH7+DF7+DD7+DB7 -> 61 | DM7: =DK7+DI7+DG7+DE7+DC7 -> 0 | DN7: =SUM(DL7:DM7) -> 61 | DO7: 35 | DQ7: 5 | DU7: 1 | DY7: =DW7+DU7+DS7+DQ7+DO7 -> 41 | DZ7: =DX7+DV7+DT7+DR7+DP7 -> 0 | EA7: =SUM(DY7:DZ7) -> 41 | EB7: =AZ7 -> 0 | EC7: =BA7 -> 0 | ED7: =BB7 -> 35 | EE7: =BC7 -> 0 | EF7: =BO7+BD7 -> 53 | EG7: =BP7+BE7 -> 0 | EH7: =CB7+BQ7+BF7 -> 51 | EI7: =CC7+BR7+BG7 -> 0 | EJ7: =CO7+CD7+BS7+BH7 -> 47 | EK7: =CP7+CE7+BT7+BI7 -> 0 | EL7: =DB7+CQ7+CF7+BU7+BJ7 -> 50 | EM7: =DC7+CR7+CG7+BV7+BK7 -> 0 | EN7: =DO7+DD7+CS7+CH7+BW7 -> 51 | EO7: =DP7+DE7+CT7+CI7+BX7 -> 0 | EP7: =DQ7+DF7+CU7+CJ7 -> 11 | EQ7: =DR7+DG7+CV7+CK7 -> 0 | ER7: =DS7+DH7+CW7 -> 3 | ES7: =DT7+DI7+CX7 -> 0 | ET7: =DU7+DJ7 -> 2 | EU7: =DV7+DK7 -> 0 | EV7: =DW7 -> 0 | EW7: =DX7 -> 0 | EX7: =EV7+ET7+ER7+EP7+EN7+EL7+EJ7+EH7+EF7+ED7+EB7 -> 303 | EY7: =EW7+EU7+ES7+EQ7+EO7+EM7+EK7+EI7+EG7+EE7+EC7 -> 0 | EZ7: =SUM(EX7:EY7) -> 303 | FK7: =FI7+FG7+FE7+FC7+FA7 -> 0 | FL7: =FJ7+FH7+FF7+FD7+FB7 -> 0 | FM7: =SUM(FK7:FL7) -> 0 | FX7: =FV7+FT7+FR7+FP7+FN7 -> 0 | FY7: =FW7+FU7+FS7+FQ7+FO7 -> 0 | FZ7: =SUM(FX7:FY7) -> 0 | GK7: =GI7+GG7+GE7+GC7+GA7 -> 0 | GL7: =GJ7+GH7+GF7+GD7+GB7 -> 0 | GM7: =SUM(GK7:GL7) -> 0 | GN7: =FA7 -> 0 | GO7: =FB7 -> 0 | GP7: =FN7+FC7 -> 0 | GQ7: =FO7+FD7 -> 0 | GR7: =GA7+FP7+FE7 -> 0 | GS7: =GB7+FQ7+FF7 -> 0 | GT7: =GC7+FR7+FG7 -> 0 | GU7: =GD7+FS7+FH7 -> 0 | GV7: =GE7+FT7+FI7 -> 0 | GW7: =GF7+FU7+FJ7 -> 0 | GX7: =GG7+FV7 -> 0 | GY7: =GH7+FW7 -> 0 | GZ7: =GI7 -> 0 | HA7: =GJ7 -> 0 | HB7: =GZ7+GX7+GV7+GT7+GR7+GP7+GN7 -> 0 | HC7: =HA7+GY7+GW7+GU7+GS7+GQ7+GO7 -> 0 | HD7: =SUM(HB7:HC7) -> 0 | HE7: 2 | HH7: 2 | HK7: 2 | HN7: 2 | HQ7: 2 | HT7: 2 | HW7: =HT7+HQ7+HN7+HK7+HH7+HE7 -> 12 | HX7: =HU7+HR7+HO7+HL7+HI7+HF7 -> 0 | HY7: =HV7+HS7+HP7+HM7+HJ7+HG7 -> 0 | HZ7: =SUM(HW7:HY7) -> 12 | IJ7: =IG7+ID7+IA7 -> 0 | IK7: =IH7+IE7+IB7 -> 0 | IL7: =II7+IF7+IC7 -> 0 | IM7: =SUM(IJ7:IL7) -> 0 | IN7: =IJ7+HW7 -> 12 | IO7: =IK7+HX7 -> 0 | IP7: =IL7+HY7 -> 0 | IQ7: =IM7+HZ7 -> 12 | IR7: 1 | IT7: 1 | IU7: 1 | IV7: 5 | IW7: 7 | IY7: 1 | IZ7: =IX7+IV7+IT7+IR7 -> 7 | JA7: =IY7+IW7+IU7+IS7 -> 9 | JB7: =SUM(IZ7:JA7) -> 16 | JM7: =JK7+JG7+JE7+JC7 -> 0 | JN7: =JL7+JH7+JF7+JD7 -> 0 | JO7: =SUM(JM7:JN7) -> 0 | JP7: =JC7+IR7 -> 1 | JQ7: =JD7+IS7 -> 0 | JR7: =JE7+IT7 -> 1 | JS7: =JF7+IU7 -> 1 | JT7: =JG7 -> 0 | JU7: =JH7 -> 0 | JV7: =IV7+JI7 -> 5 | JW7: =IW7+JJ7 -> 7 | JX7: =JK7+IX7 -> 0 | JY7: =JL7+IY7 -> 1 | JZ7: =JX7+JV7+JT7+JR7+JP7 -> 7 | KA7: =JY7+JW7+JU7+JS7+JQ7 -> 9 | KB7: =SUM(JZ7:KA7) -> 16 | KC7: 1 | KF7: 1 | KJ7: 1 | KM7: 12 | KN7: 7 | KO7: =SUM(KM7:KN7) -> 19 | KQ7: 1 | KT7: 1 | KV7: 1 | KY7: 1 | LE7: 1 | LG7: 1 | LI7: 1 | LK7: 1 | LN7: 1 | LY7: =SUM(LW7:LX7) -> 0 | MA7: 1
A8: النجف | B8: المركز | C8: 3 | D8: 1400197 | E8: بغداد الأساسية | F8: 1 | H8: 1 | K8: 1 | M8: 1 | P8: 1 | R8: 1 | W8: 1 | AJ8: =AH8+AF8+AD8+AB8+Z8+X8 -> 0 | AK8: =AI8+AG8+AE8+AC8+AA8+Y8 -> 0 | AL8: =SUM(AJ8:AK8) -> 0 | AW8: =AU8+AS8+AQ8+AO8+AM8 -> 0 | AX8: =AV8+AT8+AR8+AP8+AN8 -> 0 | AY8: =SUM(AW8:AX8) -> 0 | BL8: =BJ8+BH8+BF8+BD8+BB8+AZ8 -> 0 | BM8: =BK8+BI8+BG8+BE8+BC8+BA8 -> 0 | BN8: =SUM(BL8:BM8) -> 0 | BY8: =BW8+BU8+BS8+BQ8+BO8 -> 0 | BZ8: =BX8+BV8+BT8+BR8+BP8 -> 0 | CA8: =SUM(BY8:BZ8) -> 0 | CL8: =CJ8+CH8+CF8+CD8+CB8 -> 0 | CM8: =CK8+CI8+CG8+CE8+CC8 -> 0 | CN8: =SUM(CL8:CM8) -> 0 | CY8: =CW8+CU8+CS8+CQ8+CO8 -> 0 | CZ8: =CX8+CV8+CT8+CR8+CP8 -> 0 | DA8: =SUM(CY8:CZ8) -> 0 | DL8: =DJ8+DH8+DF8+DD8+DB8 -> 0 | DM8: =DK8+DI8+DG8+DE8+DC8 -> 0 | DN8: =SUM(DL8:DM8) -> 0 | DY8: =DW8+DU8+DS8+DQ8+DO8 -> 0 | DZ8: =DX8+DV8+DT8+DR8+DP8 -> 0 | EA8: =SUM(DY8:DZ8) -> 0 | EB8: =AZ8 -> 0 | EC8: =BA8 -> 0 | ED8: =BB8 -> 0 | EE8: =BC8 -> 0 | EF8: =BO8+BD8 -> 0 | EG8: =BP8+BE8 -> 0 | EH8: =CB8+BQ8+BF8 -> 0 | EI8: =CC8+BR8+BG8 -> 0 | EJ8: =CO8+CD8+BS8+BH8 -> 0 | EK8: =CP8+CE8+BT8+BI8 -> 0 | EL8: =DB8+CQ8+CF8+BU8+BJ8 -> 0 | EM8: =DC8+CR8+CG8+BV8+BK8 -> 0 | EN8: =DO8+DD8+CS8+CH8+BW8 -> 0 | EO8: =DP8+DE8+CT8+CI8+BX8 -> 0 | EP8: =DQ8+DF8+CU8+CJ8 -> 0 | EQ8: =DR8+DG8+CV8+CK8 -> 0 | ER8: =DS8+DH8+CW8 -> 0 | ES8: =DT8+DI8+CX8 -> 0 | ET8: =DU8+DJ8 -> 0 | EU8: =DV8+DK8 -> 0 | EV8: =DW8 -> 0 | EW8: =DX8 -> 0 | EX8: =EV8+ET8+ER8+EP8+EN8+EL8+EJ8+EH8+EF8+ED8+EB8 -> 0 | EY8: =EW8+EU8+ES8+EQ8+EO8+EM8+EK8+EI8+EG8+EE8+EC8 -> 0 | EZ8: =SUM(EX8:EY8) -> 0 | FK8: =FI8+FG8+FE8+FC8+FA8 -> 0 | FL8: =FJ8+FH8+FF8+FD8+FB8 -> 0 | FM8: =SUM(FK8:FL8) -> 0 | FX8: =FV8+FT8+FR8+FP8+FN8 -> 0 | FY8: =FW8+FU8+FS8+FQ8+FO8 -> 0 | FZ8: =SUM(FX8:FY8) -> 0 | GK8: =GI8+GG8+GE8+GC8+GA8 -> 0 | GL8: =GJ8+GH8+GF8+GD8+GB8 -> 0 | GM8: =SUM(GK8:GL8) -> 0 | GN8: =FA8 -> 0 | GO8: =FB8 -> 0 | GP8: =FN8+FC8 -> 0 | GQ8: =FO8+FD8 -> 0 | GR8: =GA8+FP8+FE8 -> 0 | GS8: =GB8+FQ8+FF8 -> 0 | GT8: =GC8+FR8+FG8 -> 0 | GU8: =GD8+FS8+FH8 -> 0 | GV8: =GE8+FT8+FI8 -> 0 | GW8: =GF8+FU8+FJ8 -> 0 | GX8: =GG8+FV8 -> 0 | GY8: =GH8+FW8 -> 0 | GZ8: =GI8 -> 0 | HA8: =GJ8 -> 0 | HB8: =GZ8+GX8+GV8+GT8+GR8+GP8+GN8 -> 0 | HC8: =HA8+GY8+GW8+GU8+GS8+GQ8+GO8 -> 0 | HD8: =SUM(HB8:HC8) -> 0 | HW8: =HT8+HQ8+HN8+HK8+HH8+HE8 -> 0 | HX8: =HU8+HR8+HO8+HL8+HI8+HF8 -> 0 | HY8: =HV8+HS8+HP8+HM8+HJ8+HG8 -> 0 | HZ8: =SUM(HW8:HY8) -> 0 | IJ8: =IG8+ID8+IA8 -> 0 | IK8: =IH8+IE8+IB8 -> 0 | IL8: =II8+IF8+IC8 -> 0 | IM8: =SUM(IJ8:IL8) -> 0 | IN8: =IJ8+HW8 -> 0 | IO8: =IK8+HX8 -> 0 | IP8: =IL8+HY8 -> 0 | IQ8: =IM8+HZ8 -> 0 | IR8: 1 | IZ8: =IX8+IV8+IT8+IR8 -> 1 | JA8: =IY8+IW8+IU8+IS8 -> 0 | JB8: =SUM(IZ8:JA8) -> 1 | JM8: =JK8+JG8+JE8+JC8 -> 0 | JN8: =JL8+JH8+JF8+JD8 -> 0 | JO8: =SUM(JM8:JN8) -> 0 | JP8: =JC8+IR8 -> 1 | JQ8: =JD8+IS8 -> 0 | JR8: =JE8+IT8 -> 0 | JS8: =JF8+IU8 -> 0 | JT8: =JG8 -> 0 | JU8: =JH8 -> 0 | JV8: =IV8+JI8 -> 0 | JW8: =IW8+JJ8 -> 0 | JX8: =JK8+IX8 -> 0 | JY8: =JL8+IY8 -> 0 | JZ8: =JX8+JV8+JT8+JR8+JP8 -> 1 | KA8: =JY8+JW8+JU8+JS8+JQ8 -> 0 | KB8: =SUM(JZ8:KA8) -> 1 | KC8: 1 | KE8: 1 | KJ8: 1 | KM8: 14 | KN8: 3 | KO8: =SUM(KM8:KN8) -> 17 | KQ8: 1 | KS8: 1 | KX8: 1 | KY8: 1 | LE8: 1 | LG8: 1 | LI8: 1 | LK8: 1 | LM8: 1 | LQ8: 1 | LV8: 1 | LW8: 30 | LX8: 300 | LY8: =SUM(LW8:LX8) -> 330 | MA8: 1
A9: النجف | B9: المركز | C9: 4 | D9: 1400201 | E9: الامام الهادي الأساسية | F9: 1 | H9: 1 | K9: 1 | M9: 1 | P9: 1 | R9: 1 | W9: 1 | X9: 5 | Z9: 61 | AB9: 5 | AJ9: =AH9+AF9+AD9+AB9+Z9+X9 -> 71 | AK9: =AI9+AG9+AE9+AC9+AA9+Y9 -> 0 | AL9: =SUM(AJ9:AK9) -> 71 | AW9: =AU9+AS9+AQ9+AO9+AM9 -> 0 | AX9: =AV9+AT9+AR9+AP9+AN9 -> 0 | AY9: =SUM(AW9:AX9) -> 0 | AZ9: 5 | BB9: 61 | BD9: 5 | BL9: =BJ9+BH9+BF9+BD9+BB9+AZ9 -> 71 | BM9: =BK9+BI9+BG9+BE9+BC9+BA9 -> 0 | BN9: =SUM(BL9:BM9) -> 71 | BO9: 50 | BQ9: 2 | BS9: 3 | BY9: =BW9+BU9+BS9+BQ9+BO9 -> 55 | BZ9: =BX9+BV9+BT9+BR9+BP9 -> 0 | CA9: =SUM(BY9:BZ9) -> 55 | CB9: 56 | CD9: 3 | CF9: 3 | CL9: =CJ9+CH9+CF9+CD9+CB9 -> 62 | CM9: =CK9+CI9+CG9+CE9+CC9 -> 0 | CN9: =SUM(CL9:CM9) -> 62 | CO9: 75 | CQ9: 2 | CS9: 3 | CU9: 3 | CY9: =CW9+CU9+CS9+CQ9+CO9 -> 83 | CZ9: =CX9+CV9+CT9+CR9+CP9 -> 0 | DA9: =SUM(CY9:CZ9) -> 83 | DB9: 50 | DD9: 4 | DF9: 1 | DH9: 2 | DJ9: 3 | DL9: =DJ9+DH9+DF9+DD9+DB9 -> 60 | DM9: =DK9+DI9+DG9+DE9+DC9 -> 0 | DN9: =SUM(DL9:DM9) -> 60 | DO9: 66 | DQ9: 4 | DS9: 2 | DU9: 1 | DW9: 2 | DY9: =DW9+DU9+DS9+DQ9+DO9 -> 75 | DZ9: =DX9+DV9+DT9+DR9+DP9 -> 0 | EA9: =SUM(DY9:DZ9) -> 75 | EB9: =AZ9 -> 5 | EC9: =BA9 -> 0 | ED9: =BB9 -> 61 | EE9: =BC9 -> 0 | EF9: =BO9+BD9 -> 55 | EG9: =BP9+BE9 -> 0 | EH9: =CB9+BQ9+BF9 -> 58 | EI9: =CC9+BR9+BG9 -> 0 | EJ9: =CO9+CD9+BS9+BH9 -> 81 | EK9: =CP9+CE9+BT9+BI9 -> 0 | EL9: =DB9+CQ9+CF9+BU9+BJ9 -> 55 | EM9: =DC9+CR9+CG9+BV9+BK9 -> 0 | EN9: =DO9+DD9+CS9+CH9+BW9 -> 73 | EO9: =DP9+DE9+CT9+CI9+BX9 -> 0 | EP9: =DQ9+DF9+CU9+CJ9 -> 8 | EQ9: =DR9+DG9+CV9+CK9 -> 0 | ER9: =DS9+DH9+CW9 -> 4 | ES9: =DT9+DI9+CX9 -> 0 | ET9: =DU9+DJ9 -> 4 | EU9: =DV9+DK9 -> 0 | EV9: =DW9 -> 2 | EW9: =DX9 -> 0 | EX9: =EV9+ET9+ER9+EP9+EN9+EL9+EJ9+EH9+EF9+ED9+EB9 -> 406 | EY9: =EW9+EU9+ES9+EQ9+EO9+EM9+EK9+EI9+EG9+EE9+EC9 -> 0 | EZ9: =SUM(EX9:EY9) -> 406 | FK9: =FI9+FG9+FE9+FC9+FA9 -> 0 | FL9: =FJ9+FH9+FF9+FD9+FB9 -> 0 | FM9: =SUM(FK9:FL9) -> 0 | FX9: =FV9+FT9+FR9+FP9+FN9 -> 0 | FY9: =FW9+FU9+FS9+FQ9+FO9 -> 0 | FZ9: =SUM(FX9:FY9) -> 0 | GK9: =GI9+GG9+GE9+GC9+GA9 -> 0 | GL9: =GJ9+GH9+GF9+GD9+GB9 -> 0 | GM9: =SUM(GK9:GL9) -> 0 | GN9: =FA9 -> 0 | GO9: =FB9 -> 0 | GP9: =FN9+FC9 -> 0 | GQ9: =FO9+FD9 -> 0 | GR9: =GA9+FP9+FE9 -> 0 | GS9: =GB9+FQ9+FF9 -> 0 | GT9: =GC9+FR9+FG9 -> 0 | GU9: =GD9+FS9+FH9 -> 0 | GV9: =GE9+FT9+FI9 -> 0 | GW9: =GF9+FU9+FJ9 -> 0 | GX9: =GG9+FV9 -> 0 | GY9: =GH9+FW9 -> 0 | GZ9: =GI9 -> 0 | HA9: =GJ9 -> 0 | HB9: =GZ9+GX9+GV9+GT9+GR9+GP9+GN9 -> 0 | HC9: =HA9+GY9+GW9+GU9+GS9+GQ9+GO9 -> 0 | HD9: =SUM(HB9:HC9) -> 0 | HE9: 2 | HH9: 2 | HK9: 2 | HN9: 2 | HQ9: 2 | HT9: 2 | HW9: =HT9+HQ9+HN9+HK9+HH9+HE9 -> 12 | HX9: =HU9+HR9+HO9+HL9+HI9+HF9 -> 0 | HY9: =HV9+HS9+HP9+HM9+HJ9+HG9 -> 0 | HZ9: =SUM(HW9:HY9) -> 12 | IJ9: =IG9+ID9+IA9 -> 0 | IK9: =IH9+IE9+IB9 -> 0 | IL9: =II9+IF9+IC9 -> 0 | IM9: =SUM(IJ9:IL9) -> 0 | IN9: =IJ9+HW9 -> 12 | IO9: =IK9+HX9 -> 0 | IP9: =IL9+HY9 -> 0 | IQ9: =IM9+HZ9 -> 12 | IR9: 1 | IT9: 1 | IU9: 1 | IV9: 5 | IW9: 17 | IZ9: =IX9+IV9+IT9+IR9 -> 7 | JA9: =IY9+IW9+IU9+IS9 -> 18 | JB9: =SUM(IZ9:JA9) -> 25 | JM9: =JK9+JG9+JE9+JC9 -> 0 | JN9: =JL9+JH9+JF9+JD9 -> 0 | JO9: =SUM(JM9:JN9) -> 0 | JP9: =JC9+IR9 -> 1 | JQ9: =JD9+IS9 -> 0 | JR9: =JE9+IT9 -> 1 | JS9: =JF9+IU9 -> 1 | JT9: =JG9 -> 0 | JU9: =JH9 -> 0 | JV9: =IV9+JI9 -> 5 | JW9: =IW9+JJ9 -> 17 | JX9: =JK9+IX9 -> 0 | JY9: =JL9+IY9 -> 0 | JZ9: =JX9+JV9+JT9+JR9+JP9 -> 7 | KA9: =JY9+JW9+JU9+JS9+JQ9 -> 18 | KB9: =SUM(JZ9:KA9) -> 25 | KC9: 1 | KF9: 1 | KJ9: 1 | KM9: 12 | KN9: 6 | KO9: =SUM(KM9:KN9) -> 18 | KQ9: 1 | KS9: 1 | KW9: 1 | KY9: 1 | LE9: 1 | LG9: 1 | LI9: 1 | LK9: 1 | LM9: 1 | LQ9: 1 | LT9: 1 | LW9: 500 | LX9: 148 | LY9: =SUM(LW9:LX9) -> 648 | MA9: 1
A10: النجف | B10: المركز | C10: 5 | D10: 1400225 | E10: بلقيس الأساسية | F10: 1 | I10: 1 | K10: 1 | M10: 1 | P10: 1 | T10: 1 | W10: 1 | Y10: 2 | AA10: 36 | AC10: 1 | AJ10: =AH10+AF10+AD10+AB10+Z10+X10 -> 0 | AK10: =AI10+AG10+AE10+AC10+AA10+Y10 -> 39 | AL10: =SUM(AJ10:AK10) -> 39 | AW10: =AU10+AS10+AQ10+AO10+AM10 -> 0 | AX10: =AV10+AT10+AR10+AP10+AN10 -> 0 | AY10: =SUM(AW10:AX10) -> 0 | BA10: 2 | BC10: 36 | BE10: 1 | BL10: =BJ10+BH10+BF10+BD10+BB10+AZ10 -> 0 | BM10: =BK10+BI10+BG10+BE10+BC10+BA10 -> 39 | BN10: =SUM(BL10:BM10) -> 39 | BP10: 49 | BR10: 3 | BY10: =BW10+BU10+BS10+BQ10+BO10 -> 0 | BZ10: =BX10+BV10+BT10+BR10+BP10 -> 52 | CA10: =SUM(BY10:BZ10) -> 52 | CC10: 47 | CE10: 3 | CL10: =CJ10+CH10+CF10+CD10+CB10 -> 0 | CM10: =CK10+CI10+CG10+CE10+CC10 -> 50 | CN10: =SUM(CL10:CM10) -> 50 | CP10: 30 | CR10: 4 | CY10: =CW10+CU10+CS10+CQ10+CO10 -> 0 | CZ10: =CX10+CV10+CT10+CR10+CP10 -> 34 | DA10: =SUM(CY10:CZ10) -> 34 | DC10: 41 | DE10: 8 | DG10: 2 | DI10: 1 | DL10: =DJ10+DH10+DF10+DD10+DB10 -> 0 | DM10: =DK10+DI10+DG10+DE10+DC10 -> 52 | DN10: =SUM(DL10:DM10) -> 52 | DP10: 30 | DR10: 1 | DT10: 2 | DY10: =DW10+DU10+DS10+DQ10+DO10 -> 0 | DZ10: =DX10+DV10+DT10+DR10+DP10 -> 33 | EA10: =SUM(DY10:DZ10) -> 33 | EB10: =AZ10 -> 0 | EC10: =BA10 -> 2 | ED10: =BB10 -> 0 | EE10: =BC10 -> 36 | EF10: =BO10+BD10 -> 0 | EG10: =BP10+BE10 -> 50 | EH10: =CB10+BQ10+BF10 -> 0 | EI10: =CC10+BR10+BG10 -> 50 | EJ10: =CO10+CD10+BS10+BH10 -> 0 | EK10: =CP10+CE10+BT10+BI10 -> 33 | EL10: =DB10+CQ10+CF10+BU10+BJ10 -> 0 | EM10: =DC10+CR10+CG10+BV10+BK10 -> 45 | EN10: =DO10+DD10+CS10+CH10+BW10 -> 0 | EO10: =DP10+DE10+CT10+CI10+BX10 -> 38 | EP10: =DQ10+DF10+CU10+CJ10 -> 0 | EQ10: =DR10+DG10+CV10+CK10 -> 3 | ER10: =DS10+DH10+CW10 -> 0 | ES10: =DT10+DI10+CX10 -> 3 | ET10: =DU10+DJ10 -> 0 | EU10: =DV10+DK10 -> 0 | EV10: =DW10 -> 0 | EW10: =DX10 -> 0 | EX10: =EV10+ET10+ER10+EP10+EN10+EL10+EJ10+EH10+EF10+ED10+EB10 -> 0 | EY10: =EW10+EU10+ES10+EQ10+EO10+EM10+EK10+EI10+EG10+EE10+EC10 -> 260 | EZ10: =SUM(EX10:EY10) -> 260 | FK10: =FI10+FG10+FE10+FC10+FA10 -> 0 | FL10: =FJ10+FH10+FF10+FD10+FB10 -> 0 | FM10: =SUM(FK10:FL10) -> 0 | FX10: =FV10+FT10+FR10+FP10+FN10 -> 0 | FY10: =FW10+FU10+FS10+FQ10+FO10 -> 0 | FZ10: =SUM(FX10:FY10) -> 0 | GK10: =GI10+GG10+GE10+GC10+GA10 -> 0 | GL10: =GJ10+GH10+GF10+GD10+GB10 -> 0 | GM10: =SUM(GK10:GL10) -> 0 | GN10: =FA10 -> 0 | GO10: =FB10 -> 0 | GP10: =FN10+FC10 -> 0 | GQ10: =FO10+FD10 -> 0 | GR10: =GA10+FP10+FE10 -> 0 | GS10: =GB10+FQ10+FF10 -> 0 | GT10: =GC10+FR10+FG10 -> 0 | GU10: =GD10+FS10+FH10 -> 0 | GV10: =GE10+FT10+FI10 -> 0 | GW10: =GF10+FU10+FJ10 -> 0 | GX10: =GG10+FV10 -> 0 | GY10: =GH10+FW10 -> 0 | GZ10: =GI10 -> 0 | HA10: =GJ10 -> 0 | HB10: =GZ10+GX10+GV10+GT10+GR10+GP10+GN10 -> 0 | HC10: =HA10+GY10+GW10+GU10+GS10+GQ10+GO10 -> 0 | HD10: =SUM(HB10:HC10) -> 0 | HF10: 2 | HI10: 2 | HL10: 2 | HO10: 1 | HR10: 2 | HU10: 2 | HW10: =HT10+HQ10+HN10+HK10+HH10+HE10 -> 0 | HX10: =HU10+HR10+HO10+HL10+HI10+HF10 -> 11 | HY10: =HV10+HS10+HP10+HM10+HJ10+HG10 -> 0 | HZ10: =SUM(HW10:HY10) -> 11 | IJ10: =IG10+ID10+IA10 -> 0 | IK10: =IH10+IE10+IB10 -> 0 | IL10: =II10+IF10+IC10 -> 0 | IM10: =SUM(IJ10:IL10) -> 0 | IN10: =IJ10+HW10 -> 0 | IO10: =IK10+HX10 -> 11 | IP10: =IL10+HY10 -> 0 | IQ10: =IM10+HZ10 -> 11 | IS10: 1 | IU10: 1 | IW10: 12 | IZ10: =IX10+IV10+IT10+IR10 -> 0 | JA10: =IY10+IW10+IU10+IS10 -> 14 | JB10: =SUM(IZ10:JA10) -> 14 | JM10: =JK10+JG10+JE10+JC10 -> 0 | JN10: =JL10+JH10+JF10+JD10 -> 0 | JO10: =SUM(JM10:JN10) -> 0 | JP10: =JC10+IR10 -> 0 | JQ10: =JD10+IS10 -> 1 | JR10: =JE10+IT10 -> 0 | JS10: =JF10+IU10 -> 1 | JT10: =JG10 -> 0 | JU10: =JH10 -> 0 | JV10: =IV10+JI10 -> 0 | JW10: =IW10+JJ10 -> 12 | JX10: =JK10+IX10 -> 0 | JY10: =JL10+IY10 -> 0 | JZ10: =JX10+JV10+JT10+JR10+JP10 -> 0 | KA10: =JY10+JW10+JU10+JS10+JQ10 -> 14 | KB10: =SUM(JZ10:KA10) -> 14 | KC10: 1 | KF10: 1 | KL10: 1 | KM10: 24 | KN10: 8 | KO10: =SUM(KM10:KN10) -> 32 | KQ10: 1 | KT10: 1 | KV10: 1 | KY10: 1 | LE10: 1 | LG10: 1 | LI10: 1 | LK10: 1 | LM10: 1 | LQ10: 1 | LT10: 1 | LW10: 950 | LX10: 50 | LY10: =SUM(LW10:LX10) -> 1000 | MA10: 1
A11: النجف | B11: الشبكة | C11: 9 | D11: 1400336 | E11: الشبكة الاساسية | F11: 1 | J11: 1 | K11: 1 | M11: 1 | P11: 1 | R11: 1 | W11: 1 | AJ11: =AH11+AF11+AD11+AB11+Z11+X11 -> 0 | AK11: =AI11+AG11+AE11+AC11+AA11+Y11 -> 0 | AL11: =SUM(AJ11:AK11) -> 0 | AW11: =AU11+AS11+AQ11+AO11+AM11 -> 0 | AX11: =AV11+AT11+AR11+AP11+AN11 -> 0 | AY11: =SUM(AW11:AX11) -> 0 | BL11: =BJ11+BH11+BF11+BD11+BB11+AZ11 -> 0 | BM11: =BK11+BI11+BG11+BE11+BC11+BA11 -> 0 | BN11: =SUM(BL11:BM11) -> 0 | BY11: =BW11+BU11+BS11+BQ11+BO11 -> 0 | BZ11: =BX11+BV11+BT11+BR11+BP11 -> 0 | CA11: =SUM(BY11:BZ11) -> 0 | CL11: =CJ11+CH11+CF11+CD11+CB11 -> 0 | CM11: =CK11+CI11+CG11+CE11+CC11 -> 0 | CN11: =SUM(CL11:CM11) -> 0 | CY11: =CW11+CU11+CS11+CQ11+CO11 -> 0 | CZ11: =CX11+CV11+CT11+CR11+CP11 -> 0 | DA11: =SUM(CY11:CZ11) -> 0 | DL11: =DJ11+DH11+DF11+DD11+DB11 -> 0 | DM11: =DK11+DI11+DG11+DE11+DC11 -> 0 | DN11: =SUM(DL11:DM11) -> 0 | DY11: =DW11+DU11+DS11+DQ11+DO11 -> 0 | DZ11: =DX11+DV11+DT11+DR11+DP11 -> 0 | EA11: =SUM(DY11:DZ11) -> 0 | EB11: =AZ11 -> 0 | EC11: =BA11 -> 0 | ED11: =BB11 -> 0 | EE11: =BC11 -> 0 | EF11: =BO11+BD11 -> 0 | EG11: =BP11+BE11 -> 0 | EH11: =CB11+BQ11+BF11 -> 0 | EI11: =CC11+BR11+BG11 -> 0 | EJ11: =CO11+CD11+BS11+BH11 -> 0 | EK11: =CP11+CE11+BT11+BI11 -> 0 | EL11: =DB11+CQ11+CF11+BU11+BJ11 -> 0 | EM11: =DC11+CR11+CG11+BV11+BK11 -> 0 | EN11: =DO11+DD11+CS11+CH11+BW11 -> 0 | EO11: =DP11+DE11+CT11+CI11+BX11 -> 0 | EP11: =DQ11+DF11+CU11+CJ11 -> 0 | EQ11: =DR11+DG11+CV11+CK11 -> 0 | ER11: =DS11+DH11+CW11 -> 0 | ES11: =DT11+DI11+CX11 -> 0 | ET11: =DU11+DJ11 -> 0 | EU11: =DV11+DK11 -> 0 | EV11: =DW11 -> 0 | EW11: =DX11 -> 0 | EX11: =EV11+ET11+ER11+EP11+EN11+EL11+EJ11+EH11+EF11+ED11+EB11 -> 0 | EY11: =EW11+EU11+ES11+EQ11+EO11+EM11+EK11+EI11+EG11+EE11+EC11 -> 0 | EZ11: =SUM(EX11:EY11) -> 0 | FK11: =FI11+FG11+FE11+FC11+FA11 -> 0 | FL11: =FJ11+FH11+FF11+FD11+FB11 -> 0 | FM11: =SUM(FK11:FL11) -> 0 | FX11: =FV11+FT11+FR11+FP11+FN11 -> 0 | FY11: =FW11+FU11+FS11+FQ11+FO11 -> 0 | FZ11: =SUM(FX11:FY11) -> 0 | GK11: =GI11+GG11+GE11+GC11+GA11 -> 0 | GL11: =GJ11+GH11+GF11+GD11+GB11 -> 0 | GM11: =SUM(GK11:GL11) -> 0 | GN11: =FA11 -> 0 | GO11: =FB11 -> 0 | GP11: =FN11+FC11 -> 0 | GQ11: =FO11+FD11 -> 0 | GR11: =GA11+FP11+FE11 -> 0 | GS11: =GB11+FQ11+FF11 -> 0 | GT11: =GC11+FR11+FG11 -> 0 | GU11: =GD11+FS11+FH11 -> 0 | GV11: =GE11+FT11+FI11 -> 0 | GW11: =GF11+FU11+FJ11 -> 0 | GX11: =GG11+FV11 -> 0 | GY11: =GH11+FW11 -> 0 | GZ11: =GI11 -> 0 | HA11: =GJ11 -> 0 | HB11: =GZ11+GX11+GV11+GT11+GR11+GP11+GN11 -> 0 | HC11: =HA11+GY11+GW11+GU11+GS11+GQ11+GO11 -> 0 | HD11: =SUM(HB11:HC11) -> 0 | HW11: =HT11+HQ11+HN11+HK11+HH11+HE11 -> 0 | HX11: =HU11+HR11+HO11+HL11+HI11+HF11 -> 0 | HY11: =HV11+HS11+HP11+HM11+HJ11+HG11 -> 0 | HZ11: =SUM(HW11:HY11) -> 0 | IJ11: =IG11+ID11+IA11 -> 0 | IK11: =IH11+IE11+IB11 -> 0 | IL11: =II11+IF11+IC11 -> 0 | IM11: =SUM(IJ11:IL11) -> 0 | IN11: =IJ11+HW11 -> 0 | IO11: =IK11+HX11 -> 0 | IP11: =IL11+HY11 -> 0 | IQ11: =IM11+HZ11 -> 0 | IR11: 1 | IZ11: =IX11+IV11+IT11+IR11 -> 1 | JA11: =IY11+IW11+IU11+IS11 -> 0 | JB11: =SUM(IZ11:JA11) -> 1 | JM11: =JK11+JG11+JE11+JC11 -> 0 | JN11: =JL11+JH11+JF11+JD11 -> 0 | JO11: =SUM(JM11:JN11) -> 0 | JP11: =JC11+IR11 -> 1 | JQ11: =JD11+IS11 -> 0 | JR11: =JE11+IT11 -> 0 | JS11: =JF11+IU11 -> 0 | JT11: =JG11 -> 0 | JU11: =JH11 -> 0 | JV11: =IV11+JI11 -> 0 | JW11: =IW11+JJ11 -> 0 | JX11: =JK11+IX11 -> 0 | JY11: =JL11+IY11 -> 0 | JZ11: =JX11+JV11+JT11+JR11+JP11 -> 1 | KA11: =JY11+JW11+JU11+JS11+JQ11 -> 0 | KB11: =SUM(JZ11:KA11) -> 1 | KC11: 1 | KE11: 1 | KI11: 1 | KM11: 9 | KN11: 3 | KO11: =SUM(KM11:KN11) -> 12 | KQ11: 1 | KS11: 1 | KV11: 1 | KY11: 1 | LE11: 1 | LG11: 1 | LI11: 1 | LK11: 1 | LN11: 1 | LY11: =SUM(LW11:LX11) -> 0 | MA11: 1
C15: مجموع الابتدائي مركزالنجف | F15: =SUM(F6:F11) -> 6 | G15: =SUM(G6:G11) -> 0 | H15: =SUM(H6:H11) -> 4 | I15: =SUM(I6:I11) -> 1 | J15: =SUM(J6:J11) -> 1 | K15: =SUM(K6:K11) -> 6 | L15: =SUM(L6:L11) -> 0 | M15: =SUM(M6:M11) -> 6 | ... MO15: =SUM(MO6:MO11) -> 0
A16: النجف | B16: المركز | C16: 10 | D16: 1400003 | E16: م . السدير الأساسية | F16: 1 | H16: 1 | K16: 1 | M16: 1 | P16: 1 | R16: 1 | W16: 1 | AJ16: =AH16+AF16+AD16+AB16+Z16+X16 -> 0 | AK16: =AI16+AG16+AE16+AC16+AA16+Y16 -> 0 | AL16: =SUM(AJ16:AK16) -> 0 | AW16: =AU16+AS16+AQ16+AO16+AM16 -> 0 | AX16: =AV16+AT16+AR16+AP16+AN16 -> 0 | AY16: =SUM(AW16:AX16) -> 0 | BL16: =BJ16+BH16+BF16+BD16+BB16+AZ16 -> 0 | BM16: =BK16+BI16+BG16+BE16+BC16+BA16 -> 0 | BN16: =SUM(BL16:BM16) -> 0 | BY16: =BW16+BU16+BS16+BQ16+BO16 -> 0 | BZ16: =BX16+BV16+BT16+BR16+BP16 -> 0 | CA16: =SUM(BY16:BZ16) -> 0 | CL16: =CJ16+CH16+CF16+CD16+CB16 -> 0 | CM16: =CK16+CI16+CG16+CE16+CC16 -> 0 | CN16: =SUM(CL16:CM16) -> 0 | CY16: =CW16+CU16+CS16+CQ16+CO16 -> 0 | CZ16: =CX16+CV16+CT16+CR16+CP16 -> 0 | DA16: =SUM(CY16:CZ16) -> 0 | DL16: =DJ16+DH16+DF16+DD16+DB16 -> 0 | DM16: =DK16+DI16+DG16+DE16+DC16 -> 0 | DN16: =SUM(DL16:DM16) -> 0 | DY16: =DW16+DU16+DS16+DQ16+DO16 -> 0 | DZ16: =DX16+DV16+DT16+DR16+DP16 -> 0 | EA16: =SUM(DY16:DZ16) -> 0 | EB16: =AZ16 -> 0 | EC16: =BA16 -> 0 | ED16: =BB16 -> 0 | EE16: =BC16 -> 0 | EF16: =BO16+BD16 -> 0 | EG16: =BP16+BE16 -> 0 | EH16: =CB16+BQ16+BF16 -> 0 | EI16: =CC16+BR16+BG16 -> 0 | EJ16: =CO16+CD16+BS16+BH16 -> 0 | EK16: =CP16+CE16+BT16+BI16 -> 0 | EL16: =DB16+CQ16+CF16+BU16+BJ16 -> 0 | EM16: =DC16+CR16+CG16+BV16+BK16 -> 0 | EN16: =DO16+DD16+CS16+CH16+BW16 -> 0 | EO16: =DP16+DE16+CT16+CI16+BX16 -> 0 | EP16: =DQ16+DF16+CU16+CJ16 -> 0 | EQ16: =DR16+DG16+CV16+CK16 -> 0 | ER16: =DS16+DH16+CW16 -> 0 | ES16: =DT16+DI16+CX16 -> 0 | ET16: =DU16+DJ16 -> 0 | EU16: =DV16+DK16 -> 0 | EV16: =DW16 -> 0 | EW16: =DX16 -> 0 | EX16: =EV16+ET16+ER16+EP16+EN16+EL16+EJ16+EH16+EF16+ED16+EB16 -> 0 | EY16: =EW16+EU16+ES16+EQ16+EO16+EM16+EK16+EI16+EG16+EE16+EC16 -> 0 | EZ16: =SUM(EX16:EY16) -> 0 | FK16: =FI16+FG16+FE16+FC16+FA16 -> 0 | FL16: =FJ16+FH16+FF16+FD16+FB16 -> 0 | FM16: =SUM(FK16:FL16) -> 0 | FX16: =FV16+FT16+FR16+FP16+FN16 -> 0 | FY16: =FW16+FU16+FS16+FQ16+FO16 -> 0 | FZ16: =SUM(FX16:FY16) -> 0 | GK16: =GI16+GG16+GE16+GC16+GA16 -> 0 | GL16: =GJ16+GH16+GF16+GD16+GB16 -> 0 | GM16: =SUM(GK16:GL16) -> 0 | GN16: =FA16 -> 0 | GO16: =FB16 -> 0 | GP16: =FN16+FC16 -> 0 | GQ16: =FO16+FD16 -> 0 | GR16: =GA16+FP16+FE16 -> 0 | GS16: =GB16+FQ16+FF16 -> 0 | GT16: =GC16+FR16+FG16 -> 0 | GU16: =GD16+FS16+FH16 -> 0 | GV16: =GE16+FT16+FI16 -> 0 | GW16: =GF16+FU16+FJ16 -> 0 | GX16: =GG16+FV16 -> 0 | GY16: =GH16+FW16 -> 0 | GZ16: =GI16 -> 0 | HA16: =GJ16 -> 0 | HB16: =GZ16+GX16+GV16+GT16+GR16+GP16+GN16 -> 0 | HC16: =HA16+GY16+GW16+GU16+GS16+GQ16+GO16 -> 0 | HD16: =SUM(HB16:HC16) -> 0 | HW16: =HT16+HQ16+HN16+HK16+HH16+HE16 -> 0 | HX16: =HU16+HR16+HO16+HL16+HI16+HF16 -> 0 | HY16: =HV16+HS16+HP16+HM16+HJ16+HG16 -> 0 | HZ16: =SUM(HW16:HY16) -> 0 | IJ16: =IG16+ID16+IA16 -> 0 | IK16: =IH16+IE16+IB16 -> 0 | IL16: =II16+IF16+IC16 -> 0 | IM16: =SUM(IJ16:IL16) -> 0 | IN16: =IJ16+HW16 -> 0 | IO16: =IK16+HX16 -> 0 | IP16: =IL16+HY16 -> 0 | IQ16: =IM16+HZ16 -> 0 | IZ16: =IX16+IV16+IT16+IR16 -> 0 | JA16: =IY16+IW16+IU16+IS16 -> 0 | JB16: =SUM(IZ16:JA16) -> 0 | JC16: 1 | JM16: =JK16+JG16+JE16+JC16+JI16 -> 1 | JN16: =JL16+JH16+JF16+JD16+JJ16 -> 0 | JO16: =SUM(JM16:JN16) -> 1 | JP16: =JC16+IR16 -> 1 | JQ16: =JD16+IS16 -> 0 | JR16: =JE16+IT16 -> 0 | JS16: =JF16+IU16 -> 0 | JT16: =JG16 -> 0 | JU16: =JH16 -> 0 | JV16: =IV16+JI16 -> 0 | JW16: =IW16+JJ16 -> 0 | JX16: =JK16+IX16 -> 0 | JY16: =JL16+IY16 -> 0 | JZ16: =JX16+JV16+JT16+JR16+JP16 -> 1 | KA16: =JY16+JW16+JU16+JS16+JQ16 -> 0 | KB16: =SUM(JZ16:KA16) -> 1 | KC16: 1 | KF16: 1 | KJ16: 1 | KM16: 12 | KN16: 15 | KO16: =SUM(KM16:KN16) -> 27 | KQ16: 1 | KS16: 1 | KV16: 1 | KY16: 1 | LE16: 1 | LG16: 1 | LI16: 1 | LK16: 1 | LM16: 1 | LQ16: 1 | LT16: 1 | LW16: 1953 | LX16: 460 | LY16: =SUM(LW16:LX16) -> 2413 | LZ16: 1 | MC16: 1 | MD16: 1 | MF16: 1 | MH16: 1 | MK16: 1 | MM16: 1 | MN16: 1
A17: النجف | B17: المركز | C17: 11 | D17: 1400012 | E17: م . دمشق الأساسية | F17: 1 | H17: 1 | K17: 1 | M17: 1 | P17: 1 | R17: 1 | W17: 1 | AJ17: =AH17+AF17+AD17+AB17+Z17+X17 -> 0 | AK17: =AI17+AG17+AE17+AC17+AA17+Y17 -> 0 | AL17: =SUM(AJ17:AK17) -> 0 | AW17: =AU17+AS17+AQ17+AO17+AM17 -> 0 | AX17: =AV17+AT17+AR17+AP17+AN17 -> 0 | AY17: =SUM(AW17:AX17) -> 0 | BL17: =BJ17+BH17+BF17+BD17+BB17+AZ17 -> 0 | BM17: =BK17+BI17+BG17+BE17+BC17+BA17 -> 0 | BN17: =SUM(BL17:BM17) -> 0 | BY17: =BW17+BU17+BS17+BQ17+BO17 -> 0 | BZ17: =BX17+BV17+BT17+BR17+BP17 -> 0 | CA17: =SUM(BY17:BZ17) -> 0 | CL17: =CJ17+CH17+CF17+CD17+CB17 -> 0 | CM17: =CK17+CI17+CG17+CE17+CC17 -> 0 | CN17: =SUM(CL17:CM17) -> 0 | CY17: =CW17+CU17+CS17+CQ17+CO17 -> 0 | CZ17: =CX17+CV17+CT17+CR17+CP17 -> 0 | DA17: =SUM(CY17:CZ17) -> 0 | DL17: =DJ17+DH17+DF17+DD17+DB17 -> 0 | DM17: =DK17+DI17+DG17+DE17+DC17 -> 0 | DN17: =SUM(DL17:DM17) -> 0 | DY17: =DW17+DU17+DS17+DQ17+DO17 -> 0 | DZ17: =DX17+DV17+DT17+DR17+DP17 -> 0 | EA17: =SUM(DY17:DZ17) -> 0 | EB17: =AZ17 -> 0 | EC17: =BA17 -> 0 | ED17: =BB17 -> 0 | EE17: =BC17 -> 0 | EF17: =BO17+BD17 -> 0 | EG17: =BP17+BE17 -> 0 | EH17: =CB17+BQ17+BF17 -> 0 | EI17: =CC17+BR17+BG17 -> 0 | EJ17: =CO17+CD17+BS17+BH17 -> 0 | EK17: =CP17+CE17+BT17+BI17 -> 0 | EL17: =DB17+CQ17+CF17+BU17+BJ17 -> 0 | EM17: =DC17+CR17+CG17+BV17+BK17 -> 0 | EN17: =DO17+DD17+CS17+CH17+BW17 -> 0 | EO17: =DP17+DE17+CT17+CI17+BX17 -> 0 | EP17: =DQ17+DF17+CU17+CJ17 -> 0 | EQ17: =DR17+DG17+CV17+CK17 -> 0 | ER17: =DS17+DH17+CW17 -> 0 | ES17: =DT17+DI17+CX17 -> 0 | ET17: =DU17+DJ17 -> 0 | EU17: =DV17+DK17 -> 0 | EV17: =DW17 -> 0 | EW17: =DX17 -> 0 | EX17: =EV17+ET17+ER17+EP17+EN17+EL17+EJ17+EH17+EF17+ED17+EB17 -> 0 | EY17: =EW17+EU17+ES17+EQ17+EO17+EM17+EK17+EI17+EG17+EE17+EC17 -> 0 | EZ17: =SUM(EX17:EY17) -> 0 | FK17: =FI17+FG17+FE17+FC17+FA17 -> 0 | FL17: =FJ17+FH17+FF17+FD17+FB17 -> 0 | FM17: =SUM(FK17:FL17) -> 0 | FX17: =FV17+FT17+FR17+FP17+FN17 -> 0 | FY17: =FW17+FU17+FS17+FQ17+FO17 -> 0 | FZ17: =SUM(FX17:FY17) -> 0 | GK17: =GI17+GG17+GE17+GC17+GA17 -> 0 | GL17: =GJ17+GH17+GF17+GD17+GB17 -> 0 | GM17: =SUM(GK17:GL17) -> 0 | GN17: =FA17 -> 0 | GO17: =FB17 -> 0 | GP17: =FN17+FC17 -> 0 | GQ17: =FO17+FD17 -> 0 | GR17: =GA17+FP17+FE17 -> 0 | GS17: =GB17+FQ17+FF17 -> 0 | GT17: =GC17+FR17+FG17 -> 0 | GU17: =GD17+FS17+FH17 -> 0 | GV17: =GE17+FT17+FI17 -> 0 | GW17: =GF17+FU17+FJ17 -> 0 | GX17: =GG17+FV17 -> 0 | GY17: =GH17+FW17 -> 0 | GZ17: =GI17 -> 0 | HA17: =GJ17 -> 0 | HB17: =GZ17+GX17+GV17+GT17+GR17+GP17+GN17 -> 0 | HC17: =HA17+GY17+GW17+GU17+GS17+GQ17+GO17 -> 0 | HD17: =SUM(HB17:HC17) -> 0 | HW17: =HT17+HQ17+HN17+HK17+HH17+HE17 -> 0 | HX17: =HU17+HR17+HO17+HL17+HI17+HF17 -> 0 | HY17: =HV17+HS17+HP17+HM17+HJ17+HG17 -> 0 | HZ17: =SUM(HW17:HY17) -> 0 | IJ17: =IG17+ID17+IA17 -> 0 | IK17: =IH17+IE17+IB17 -> 0 | IL17: =II17+IF17+IC17 -> 0 | IM17: =SUM(IJ17:IL17) -> 0 | IN17: =IJ17+HW17 -> 0 | IO17: =IK17+HX17 -> 0 | IP17: =IL17+HY17 -> 0 | IQ17: =IM17+HZ17 -> 0 | IZ17: =IX17+IV17+IT17+IR17 -> 0 | JA17: =IY17+IW17+IU17+IS17 -> 0 | JB17: =SUM(IZ17:JA17) -> 0 | JC17: 1 | JM17: =JK17+JG17+JE17+JC17+JI17 -> 1 | JN17: =JL17+JH17+JF17+JD17+JJ17 -> 0 | JO17: =SUM(JM17:JN17) -> 1 | JP17: =JC17+IR17 -> 1 | JQ17: =JD17+IS17 -> 0 | JR17: =JE17+IT17 -> 0 | JS17: =JF17+IU17 -> 0 | JT17: =JG17 -> 0 | JU17: =JH17 -> 0 | JV17: =IV17+JI17 -> 0 | JW17: =IW17+JJ17 -> 0 | JX17: =JK17+IX17 -> 0 | JY17: =JL17+IY17 -> 0 | JZ17: =JX17+JV17+JT17+JR17+JP17 -> 1 | KA17: =JY17+JW17+JU17+JS17+JQ17 -> 0 | KB17: =SUM(JZ17:KA17) -> 1 | KC17: 1 | KF17: 1 | KJ17: 1 | KM17: 12 | KN17: 14 | KO17: =SUM(KM17:KN17) -> 26 | KQ17: 1 | KS17: 1 | KV17: 1 | KY17: 1 | LE17: 1 | LG17: 1 | LI17: 1 | LK17: 1 | LM17: 1 | LQ17: 1 | LT17: 1 | LW17: 522 | LX17: 85 | LY17: =SUM(LW17:LX17) -> 607 | LZ17: 1 | MC17: 1 | MD17: 1 | MF17: 1 | MH17: 1 | MK17: 1 | MM17: 1 | MN17: 1
A18: النجف | B18: المركز | C18: 12 | D18: 1400013 | E18: م . بغداد الأساسية | F18: 1 | H18: 1 | K18: 1 | M18: 1 | P18: 1 | R18: 1 | W18: 1 | AJ18: =AH18+AF18+AD18+AB18+Z18+X18 -> 0 | AK18: =AI18+AG18+AE18+AC18+AA18+Y18 -> 0 | AL18: =SUM(AJ18:AK18) -> 0 | AW18: =AU18+AS18+AQ18+AO18+AM18 -> 0 | AX18: =AV18+AT18+AR18+AP18+AN18 -> 0 | AY18: =SUM(AW18:AX18) -> 0 | BL18: =BJ18+BH18+BF18+BD18+BB18+AZ18 -> 0 | BM18: =BK18+BI18+BG18+BE18+BC18+BA18 -> 0 | BN18: =SUM(BL18:BM18) -> 0 | BY18: =BW18+BU18+BS18+BQ18+BO18 -> 0 | BZ18: =BX18+BV18+BT18+BR18+BP18 -> 0 | CA18: =SUM(BY18:BZ18) -> 0 | CL18: =CJ18+CH18+CF18+CD18+CB18 -> 0 | CM18: =CK18+CI18+CG18+CE18+CC18 -> 0 | CN18: =SUM(CL18:CM18) -> 0 | CY18: =CW18+CU18+CS18+CQ18+CO18 -> 0 | CZ18: =CX18+CV18+CT18+CR18+CP18 -> 0 | DA18: =SUM(CY18:CZ18) -> 0 | DL18: =DJ18+DH18+DF18+DD18+DB18 -> 0 | DM18: =DK18+DI18+DG18+DE18+DC18 -> 0 | DN18: =SUM(DL18:DM18) -> 0 | DY18: =DW18+DU18+DS18+DQ18+DO18 -> 0 | DZ18: =DX18+DV18+DT18+DR18+DP18 -> 0 | EA18: =SUM(DY18:DZ18) -> 0 | EB18: =AZ18 -> 0 | EC18: =BA18 -> 0 | ED18: =BB18 -> 0 | EE18: =BC18 -> 0 | EF18: =BO18+BD18 -> 0 | EG18: =BP18+BE18 -> 0 | EH18: =CB18+BQ18+BF18 -> 0 | EI18: =CC18+BR18+BG18 -> 0 | EJ18: =CO18+CD18+BS18+BH18 -> 0 | EK18: =CP18+CE18+BT18+BI18 -> 0 | EL18: =DB18+CQ18+CF18+BU18+BJ18 -> 0 | EM18: =DC18+CR18+CG18+BV18+BK18 -> 0 | EN18: =DO18+DD18+CS18+CH18+BW18 -> 0 | EO18: =DP18+DE18+CT18+CI18+BX18 -> 0 | EP18: =DQ18+DF18+CU18+CJ18 -> 0 | EQ18: =DR18+DG18+CV18+CK18 -> 0 | ER18: =DS18+DH18+CW18 -> 0 | ES18: =DT18+DI18+CX18 -> 0 | ET18: =DU18+DJ18 -> 0 | EU18: =DV18+DK18 -> 0 | EV18: =DW18 -> 0 | EW18: =DX18 -> 0 | EX18: =EV18+ET18+ER18+EP18+EN18+EL18+EJ18+EH18+EF18+ED18+EB18 -> 0 | EY18: =EW18+EU18+ES18+EQ18+EO18+EM18+EK18+EI18+EG18+EE18+EC18 -> 0 | EZ18: =SUM(EX18:EY18) -> 0 | FK18: =FI18+FG18+FE18+FC18+FA18 -> 0 | FL18: =FJ18+FH18+FF18+FD18+FB18 -> 0 | FM18: =SUM(FK18:FL18) -> 0 | FX18: =FV18+FT18+FR18+FP18+FN18 -> 0 | FY18: =FW18+FU18+FS18+FQ18+FO18 -> 0 | FZ18: =SUM(FX18:FY18) -> 0 | GK18: =GI18+GG18+GE18+GC18+GA18 -> 0 | GL18: =GJ18+GH18+GF18+GD18+GB18 -> 0 | GM18: =SUM(GK18:GL18) -> 0 | GN18: =FA18 -> 0 | GO18: =FB18 -> 0 | GP18: =FN18+FC18 -> 0 | GQ18: =FO18+FD18 -> 0 | GR18: =GA18+FP18+FE18 -> 0 | GS18: =GB18+FQ18+FF18 -> 0 | GT18: =GC18+FR18+FG18 -> 0 | GU18: =GD18+FS18+FH18 -> 0 | GV18: =GE18+FT18+FI18 -> 0 | GW18: =GF18+FU18+FJ18 -> 0 | GX18: =GG18+FV18 -> 0 | GY18: =GH18+FW18 -> 0 | GZ18: =GI18 -> 0 | HA18: =GJ18 -> 0 | HB18: =GZ18+GX18+GV18+GT18+GR18+GP18+GN18 -> 0 | HC18: =HA18+GY18+GW18+GU18+GS18+GQ18+GO18 -> 0 | HD18: =SUM(HB18:HC18) -> 0 | HW18: =HT18+HQ18+HN18+HK18+HH18+HE18 -> 0 | HX18: =HU18+HR18+HO18+HL18+HI18+HF18 -> 0 | HY18: =HV18+HS18+HP18+HM18+HJ18+HG18 -> 0 | HZ18: =SUM(HW18:HY18) -> 0 | IJ18: =IG18+ID18+IA18 -> 0 | IK18: =IH18+IE18+IB18 -> 0 | IL18: =II18+IF18+IC18 -> 0 | IM18: =SUM(IJ18:IL18) -> 0 | IN18: =IJ18+HW18 -> 0 | IO18: =IK18+HX18 -> 0 | IP18: =IL18+HY18 -> 0 | IQ18: =IM18+HZ18 -> 0 | IZ18: =IX18+IV18+IT18+IR18 -> 0 | JA18: =IY18+IW18+IU18+IS18 -> 0 | JB18: =SUM(IZ18:JA18) -> 0 | JC18: 1 | JM18: =JK18+JG18+JE18+JC18+JI18 -> 1 | JN18: =JL18+JH18+JF18+JD18+JJ18 -> 0 | JO18: =SUM(JM18:JN18) -> 1 | JP18: =JC18+IR18 -> 1 | JQ18: =JD18+IS18 -> 0 | JR18: =JE18+IT18 -> 0 | JS18: =JF18+IU18 -> 0 | JT18: =JG18 -> 0 | JU18: =JH18 -> 0 | JV18: =IV18+JI18 -> 0 | JW18: =IW18+JJ18 -> 0 | JX18: =JK18+IX18 -> 0 | JY18: =JL18+IY18 -> 0 | JZ18: =JX18+JV18+JT18+JR18+JP18 -> 1 | KA18: =JY18+JW18+JU18+JS18+JQ18 -> 0 | KB18: =SUM(JZ18:KA18) -> 1 | KC18: 1 | KF18: 1 | KJ18: 1 | KM18: 12 | KN18: 13 | KO18: =SUM(KM18:KN18) -> 25 | KQ18: 1 | KS18: 1 | KV18: 1 | KY18: 1 | LE18: 1 | LG18: 1 | LI18: 1 | LK18: 1 | LM18: 1 | LQ18: 1 | LT18: 1 | LW18: 445 | LX18: 25 | LY18: =SUM(LW18:LX18) -> 470 | LZ18: 1 | MC18: 1 | MD18: 1 | MF18: 1 | MH18: 1 | MK18: 1 | MM18: 1 | MN18: 1
A19: النجف | B19: المركز | C19: 13 | D19: 1400016 | E19: م . الامام الهادي الأساسية | F19: 1 | H19: 1 | K19: 1 | M19: 1 | P19: 1 | R19: 1 | W19: 1 | AJ19: =AH19+AF19+AD19+AB19+Z19+X19 -> 0 | AK19: =AI19+AG19+AE19+AC19+AA19+Y19 -> 0 | AL19: =SUM(AJ19:AK19) -> 0 | AW19: =AU19+AS19+AQ19+AO19+AM19 -> 0 | AX19: =AV19+AT19+AR19+AP19+AN19 -> 0 | AY19: =SUM(AW19:AX19) -> 0 | BL19: =BJ19+BH19+BF19+BD19+BB19+AZ19 -> 0 | BM19: =BK19+BI19+BG19+BE19+BC19+BA19 -> 0 | BN19: =SUM(BL19:BM19) -> 0 | BY19: =BW19+BU19+BS19+BQ19+BO19 -> 0 | BZ19: =BX19+BV19+BT19+BR19+BP19 -> 0 | CA19: =SUM(BY19:BZ19) -> 0 | CL19: =CJ19+CH19+CF19+CD19+CB19 -> 0 | CM19: =CK19+CI19+CG19+CE19+CC19 -> 0 | CN19: =SUM(CL19:CM19) -> 0 | CY19: =CW19+CU19+CS19+CQ19+CO19 -> 0 | CZ19: =CX19+CV19+CT19+CR19+CP19 -> 0 | DA19: =SUM(CY19:CZ19) -> 0 | DL19: =DJ19+DH19+DF19+DD19+DB19 -> 0 | DM19: =DK19+DI19+DG19+DE19+DC19 -> 0 | DN19: =SUM(DL19:DM19) -> 0 | DY19: =DW19+DU19+DS19+DQ19+DO19 -> 0 | DZ19: =DX19+DV19+DT19+DR19+DP19 -> 0 | EA19: =SUM(DY19:DZ19) -> 0 | EB19: =AZ19 -> 0 | EC19: =BA19 -> 0 | ED19: =BB19 -> 0 | EE19: =BC19 -> 0 | EF19: =BO19+BD19 -> 0 | EG19: =BP19+BE19 -> 0 | EH19: =CB19+BQ19+BF19 -> 0 | EI19: =CC19+BR19+BG19 -> 0 | EJ19: =CO19+CD19+BS19+BH19 -> 0 | EK19: =CP19+CE19+BT19+BI19 -> 0 | EL19: =DB19+CQ19+CF19+BU19+BJ19 -> 0 | EM19: =DC19+CR19+CG19+BV19+BK19 -> 0 | EN19: =DO19+DD19+CS19+CH19+BW19 -> 0 | EO19: =DP19+DE19+CT19+CI19+BX19 -> 0 | EP19: =DQ19+DF19+CU19+CJ19 -> 0 | EQ19: =DR19+DG19+CV19+CK19 -> 0 | ER19: =DS19+DH19+CW19 -> 0 | ES19: =DT19+DI19+CX19 -> 0 | ET19: =DU19+DJ19 -> 0 | EU19: =DV19+DK19 -> 0 | EV19: =DW19 -> 0 | EW19: =DX19 -> 0 | EX19: =EV19+ET19+ER19+EP19+EN19+EL19+EJ19+EH19+EF19+ED19+EB19 -> 0 | EY19: =EW19+EU19+ES19+EQ19+EO19+EM19+EK19+EI19+EG19+EE19+EC19 -> 0 | EZ19: =SUM(EX19:EY19) -> 0 | FK19: =FI19+FG19+FE19+FC19+FA19 -> 0 | FL19: =FJ19+FH19+FF19+FD19+FB19 -> 0 | FM19: =SUM(FK19:FL19) -> 0 | FX19: =FV19+FT19+FR19+FP19+FN19 -> 0 | FY19: =FW19+FU19+FS19+FQ19+FO19 -> 0 | FZ19: =SUM(FX19:FY19) -> 0 | GK19: =GI19+GG19+GE19+GC19+GA19 -> 0 | GL19: =GJ19+GH19+GF19+GD19+GB19 -> 0 | GM19: =SUM(GK19:GL19) -> 0 | GN19: =FA19 -> 0 | GO19: =FB19 -> 0 | GP19: =FN19+FC19 -> 0 | GQ19: =FO19+FD19 -> 0 | GR19: =GA19+FP19+FE19 -> 0 | GS19: =GB19+FQ19+FF19 -> 0 | GT19: =GC19+FR19+FG19 -> 0 | GU19: =GD19+FS19+FH19 -> 0 | GV19: =GE19+FT19+FI19 -> 0 | GW19: =GF19+FU19+FJ19 -> 0 | GX19: =GG19+FV19 -> 0 | GY19: =GH19+FW19 -> 0 | GZ19: =GI19 -> 0 | HA19: =GJ19 -> 0 | HB19: =GZ19+GX19+GV19+GT19+GR19+GP19+GN19 -> 0 | HC19: =HA19+GY19+GW19+GU19+GS19+GQ19+GO19 -> 0 | HD19: =SUM(HB19:HC19) -> 0 | HW19: =HT19+HQ19+HN19+HK19+HH19+HE19 -> 0 | HX19: =HU19+HR19+HO19+HL19+HI19+HF19 -> 0 | HY19: =HV19+HS19+HP19+HM19+HJ19+HG19 -> 0 | HZ19: =SUM(HW19:HY19) -> 0 | IJ19: =IG19+ID19+IA19 -> 0 | IK19: =IH19+IE19+IB19 -> 0 | IL19: =II19+IF19+IC19 -> 0 | IM19: =SUM(IJ19:IL19) -> 0 | IN19: =IJ19+HW19 -> 0 | IO19: =IK19+HX19 -> 0 | IP19: =IL19+HY19 -> 0 | IQ19: =IM19+HZ19 -> 0 | IZ19: =IX19+IV19+IT19+IR19 -> 0 | JA19: =IY19+IW19+IU19+IS19 -> 0 | JB19: =SUM(IZ19:JA19) -> 0 | JC19: 1 | JM19: =JK19+JG19+JE19+JC19+JI19 -> 1 | JN19: =JL19+JH19+JF19+JD19+JJ19 -> 0 | JO19: =SUM(JM19:JN19) -> 1 | JP19: =JC19+IR19 -> 1 | JQ19: =JD19+IS19 -> 0 | JR19: =JE19+IT19 -> 0 | JS19: =JF19+IU19 -> 0 | JT19: =JG19 -> 0 | JU19: =JH19 -> 0 | JV19: =IV19+JI19 -> 0 | JW19: =IW19+JJ19 -> 0 | JX19: =JK19+IX19 -> 0 | JY19: =JL19+IY19 -> 0 | JZ19: =JX19+JV19+JT19+JR19+JP19 -> 1 | KA19: =JY19+JW19+JU19+JS19+JQ19 -> 0 | KB19: =SUM(JZ19:KA19) -> 1 | KC19: 1 | KF19: 1 | KK19: 1 | KM19: 18 | KN19: 11 | KO19: =SUM(KM19:KN19) -> 29 | KQ19: 1 | KS19: 1 | KV19: 1 | KY19: 1 | LE19: 1 | LG19: 1 | LI19: 1 | LK19: 1 | LM19: 1 | LQ19: 1 | LU19: 1 | LW19: 168 | LX19: 70 | LY19: =SUM(LW19:LX19) -> 238 | LZ19: 1 | MC19: 1 | MD19: 1 | MF19: 1 | MH19: 1 | MK19: 1 | MM19: 1 | MN19: 1
A20: النجف | B20: المركز | C20: 14 | D20: 1400030 | E20: م . بلقيس الأساسية | F20: 1 | I20: 1 | K20: 1 | N20: 1 | Q20: 1 | T20: 1 | W20: 1 | AJ20: =AH20+AF20+AD20+AB20+Z20+X20 -> 0 | AK20: =AI20+AG20+AE20+AC20+AA20+Y20 -> 0 | AL20: =SUM(AJ20:AK20) -> 0 | AW20: =AU20+AS20+AQ20+AO20+AM20 -> 0 | AX20: =AV20+AT20+AR20+AP20+AN20 -> 0 | AY20: =SUM(AW20:AX20) -> 0 | BL20: =BJ20+BH20+BF20+BD20+BB20+AZ20 -> 0 | BM20: =BK20+BI20+BG20+BE20+BC20+BA20 -> 0 | BN20: =SUM(BL20:BM20) -> 0 | BY20: =BW20+BU20+BS20+BQ20+BO20 -> 0 | BZ20: =BX20+BV20+BT20+BR20+BP20 -> 0 | CA20: =SUM(BY20:BZ20) -> 0 | CL20: =CJ20+CH20+CF20+CD20+CB20 -> 0 | CM20: =CK20+CI20+CG20+CE20+CC20 -> 0 | CN20: =SUM(CL20:CM20) -> 0 | CY20: =CW20+CU20+CS20+CQ20+CO20 -> 0 | CZ20: =CX20+CV20+CT20+CR20+CP20 -> 0 | DA20: =SUM(CY20:CZ20) -> 0 | DL20: =DJ20+DH20+DF20+DD20+DB20 -> 0 | DM20: =DK20+DI20+DG20+DE20+DC20 -> 0 | DN20: =SUM(DL20:DM20) -> 0 | DY20: =DW20+DU20+DS20+DQ20+DO20 -> 0 | DZ20: =DX20+DV20+DT20+DR20+DP20 -> 0 | EA20: =SUM(DY20:DZ20) -> 0 | EB20: =AZ20 -> 0 | EC20: =BA20 -> 0 | ED20: =BB20 -> 0 | EE20: =BC20 -> 0 | EF20: =BO20+BD20 -> 0 | EG20: =BP20+BE20 -> 0 | EH20: =CB20+BQ20+BF20 -> 0 | EI20: =CC20+BR20+BG20 -> 0 | EJ20: =CO20+CD20+BS20+BH20 -> 0 | EK20: =CP20+CE20+BT20+BI20 -> 0 | EL20: =DB20+CQ20+CF20+BU20+BJ20 -> 0 | EM20: =DC20+CR20+CG20+BV20+BK20 -> 0 | EN20: =DO20+DD20+CS20+CH20+BW20 -> 0 | EO20: =DP20+DE20+CT20+CI20+BX20 -> 0 | EP20: =DQ20+DF20+CU20+CJ20 -> 0 | EQ20: =DR20+DG20+CV20+CK20 -> 0 | ER20: =DS20+DH20+CW20 -> 0 | ES20: =DT20+DI20+CX20 -> 0 | ET20: =DU20+DJ20 -> 0 | EU20: =DV20+DK20 -> 0 | EV20: =DW20 -> 0 | EW20: =DX20 -> 0 | EX20: =EV20+ET20+ER20+EP20+EN20+EL20+EJ20+EH20+EF20+ED20+EB20 -> 0 | EY20: =EW20+EU20+ES20+EQ20+EO20+EM20+EK20+EI20+EG20+EE20+EC20 -> 0 | EZ20: =SUM(EX20:EY20) -> 0 | FK20: =FI20+FG20+FE20+FC20+FA20 -> 0 | FL20: =FJ20+FH20+FF20+FD20+FB20 -> 0 | FM20: =SUM(FK20:FL20) -> 0 | FX20: =FV20+FT20+FR20+FP20+FN20 -> 0 | FY20: =FW20+FU20+FS20+FQ20+FO20 -> 0 | FZ20: =SUM(FX20:FY20) -> 0 | GK20: =GI20+GG20+GE20+GC20+GA20 -> 0 | GL20: =GJ20+GH20+GF20+GD20+GB20 -> 0 | GM20: =SUM(GK20:GL20) -> 0 | GN20: =FA20 -> 0 | GO20: =FB20 -> 0 | GP20: =FN20+FC20 -> 0 | GQ20: =FO20+FD20 -> 0 | GR20: =GA20+FP20+FE20 -> 0 | GS20: =GB20+FQ20+FF20 -> 0 | GT20: =GC20+FR20+FG20 -> 0 | GU20: =GD20+FS20+FH20 -> 0 | GV20: =GE20+FT20+FI20 -> 0 | GW20: =GF20+FU20+FJ20 -> 0 | GX20: =GG20+FV20 -> 0 | GY20: =GH20+FW20 -> 0 | GZ20: =GI20 -> 0 | HA20: =GJ20 -> 0 | HB20: =GZ20+GX20+GV20+GT20+GR20+GP20+GN20 -> 0 | HC20: =HA20+GY20+GW20+GU20+GS20+GQ20+GO20 -> 0 | HD20: =SUM(HB20:HC20) -> 0 | HW20: =HT20+HQ20+HN20+HK20+HH20+HE20 -> 0 | HX20: =HU20+HR20+HO20+HL20+HI20+HF20 -> 0 | HY20: =HV20+HS20+HP20+HM20+HJ20+HG20 -> 0 | HZ20: =SUM(HW20:HY20) -> 0 | IJ20: =IG20+ID20+IA20 -> 0 | IK20: =IH20+IE20+IB20 -> 0 | IL20: =II20+IF20+IC20 -> 0 | IM20: =SUM(IJ20:IL20) -> 0 | IN20: =IJ20+HW20 -> 0 | IO20: =IK20+HX20 -> 0 | IP20: =IL20+HY20 -> 0 | IQ20: =IM20+HZ20 -> 0 | IZ20: =IX20+IV20+IT20+IR20 -> 0 | JA20: =IY20+IW20+IU20+IS20 -> 0 | JB20: =SUM(IZ20:JA20) -> 0 | JD20: 1 | JM20: =JK20+JG20+JE20+JC20+JI20 -> 0 | JN20: =JL20+JH20+JF20+JD20+JJ20 -> 1 | JO20: =SUM(JM20:JN20) -> 1 | JP20: =JC20+IR20 -> 0 | JQ20: =JD20+IS20 -> 1 | JR20: =JE20+IT20 -> 0 | JS20: =JF20+IU20 -> 0 | JT20: =JG20 -> 0 | JU20: =JH20 -> 0 | JV20: =IV20+JI20 -> 0 | JW20: =IW20+JJ20 -> 0 | JX20: =JK20+IX20 -> 0 | JY20: =JL20+IY20 -> 0 | JZ20: =JX20+JV20+JT20+JR20+JP20 -> 0 | KA20: =JY20+JW20+JU20+JS20+JQ20 -> 1 | KB20: =SUM(JZ20:KA20) -> 1 | KO20: =SUM(KM20:KN20) -> 0 | LM20: 1 | LQ20: 1 | LT20: 1 | LW20: 714 | LY20: =SUM(LW20:LX20) -> 714 | LZ20: 1 | MC20: 1 | MD20: 1 | MF20: 1 | MH20: 1 | MK20: 1 | MM20: 1 | MO20: 1
C21: مجموع الثانوي مركزالنجف | F21: =SUM(F16:F20) -> 5 | G21: =SUM(G16:G20) -> 0 | H21: =SUM(H16:H20) -> 4 | I21: =SUM(I16:I20) -> 1 | J21: =SUM(J16:J20) -> 0 | K21: =SUM(K16:K20) -> 5 | L21: =SUM(L16:L20) -> 0 | M21: =SUM(M16:M20) -> 4 | ... MO21: =SUM(MO16:MO20) -> 1
A22: النجف | B22: الحيدرية | C22: 15 | D22: 1400327 | E22: الفجر الجديد التكميلي | G22: 1 | J22: 1 | L22: 1 | M22: 1 | P22: 1 | R22: 1 | W22: 1 | AJ22: =AH22+AF22+AD22+AB22+Z22+X22 -> 0 | AK22: =AI22+AG22+AE22+AC22+AA22+Y22 -> 0 | AL22: =SUM(AJ22:AK22) -> 0 | AW22: =AU22+AS22+AQ22+AO22+AM22 -> 0 | AX22: =AV22+AT22+AR22+AP22+AN22 -> 0 | AY22: =SUM(AW22:AX22) -> 0 | BL22: =BJ22+BH22+BF22+BD22+BB22+AZ22 -> 0 | BM22: =BK22+BI22+BG22+BE22+BC22+BA22 -> 0 | BN22: =SUM(BL22:BM22) -> 0 | BY22: =BW22+BU22+BS22+BQ22+BO22 -> 0 | BZ22: =BX22+BV22+BT22+BR22+BP22 -> 0 | CA22: =SUM(BY22:BZ22) -> 0 | CL22: =CJ22+CH22+CF22+CD22+CB22 -> 0 | CM22: =CK22+CI22+CG22+CE22+CC22 -> 0 | CN22: =SUM(CL22:CM22) -> 0 | CY22: =CW22+CU22+CS22+CQ22+CO22 -> 0 | CZ22: =CX22+CV22+CT22+CR22+CP22 -> 0 | DA22: =SUM(CY22:CZ22) -> 0 | DL22: =DJ22+DH22+DF22+DD22+DB22 -> 0 | DM22: =DK22+DI22+DG22+DE22+DC22 -> 0 | DN22: =SUM(DL22:DM22) -> 0 | DY22: =DW22+DU22+DS22+DQ22+DO22 -> 0 | DZ22: =DX22+DV22+DT22+DR22+DP22 -> 0 | EA22: =SUM(DY22:DZ22) -> 0 | EB22: =AZ22 -> 0 | EC22: =BA22 -> 0 | ED22: =BB22 -> 0 | EE22: =BC22 -> 0 | EF22: =BO22+BD22 -> 0 | EG22: =BP22+BE22 -> 0 | EH22: =CB22+BQ22+BF22 -> 0 | EI22: =CC22+BR22+BG22 -> 0 | EJ22: =CO22+CD22+BS22+BH22 -> 0 | EK22: =CP22+CE22+BT22+BI22 -> 0 | EL22: =DB22+CQ22+CF22+BU22+BJ22 -> 0 | EM22: =DC22+CR22+CG22+BV22+BK22 -> 0 | EN22: =DO22+DD22+CS22+CH22+BW22 -> 0 | EO22: =DP22+DE22+CT22+CI22+BX22 -> 0 | EP22: =DQ22+DF22+CU22+CJ22 -> 0 | EQ22: =DR22+DG22+CV22+CK22 -> 0 | ER22: =DS22+DH22+CW22 -> 0 | ES22: =DT22+DI22+CX22 -> 0 | ET22: =DU22+DJ22 -> 0 | EU22: =DV22+DK22 -> 0 | EV22: =DW22 -> 0 | EW22: =DX22 -> 0 | EX22: =EV22+ET22+ER22+EP22+EN22+EL22+EJ22+EH22+EF22+ED22+EB22 -> 0 | EY22: =EW22+EU22+ES22+EQ22+EO22+EM22+EK22+EI22+EG22+EE22+EC22 -> 0 | EZ22: =SUM(EX22:EY22) -> 0 | FK22: =FI22+FG22+FE22+FC22+FA22 -> 0 | FL22: =FJ22+FH22+FF22+FD22+FB22 -> 0 | FM22: =SUM(FK22:FL22) -> 0 | FX22: =FV22+FT22+FR22+FP22+FN22 -> 0 | FY22: =FW22+FU22+FS22+FQ22+FO22 -> 0 | FZ22: =SUM(FX22:FY22) -> 0 | GK22: =GI22+GG22+GE22+GC22+GA22 -> 0 | GL22: =GJ22+GH22+GF22+GD22+GB22 -> 0 | GM22: =SUM(GK22:GL22) -> 0 | GN22: =FA22 -> 0 | GO22: =FB22 -> 0 | GP22: =FN22+FC22 -> 0 | GQ22: =FO22+FD22 -> 0 | GR22: =GA22+FP22+FE22 -> 0 | GS22: =GB22+FQ22+FF22 -> 0 | GT22: =GC22+FR22+FG22 -> 0 | GU22: =GD22+FS22+FH22 -> 0 | GV22: =GE22+FT22+FI22 -> 0 | GW22: =GF22+FU22+FJ22 -> 0 | GX22: =GG22+FV22 -> 0 | GY22: =GH22+FW22 -> 0 | GZ22: =GI22 -> 0 | HA22: =GJ22 -> 0 | HB22: =GZ22+GX22+GV22+GT22+GR22+GP22+GN22 -> 0 | HC22: =HA22+GY22+GW22+GU22+GS22+GQ22+GO22 -> 0 | HD22: =SUM(HB22:HC22) -> 0 | HW22: =HT22+HQ22+HN22+HK22+HH22+HE22 -> 0 | HX22: =HU22+HR22+HO22+HL22+HI22+HF22 -> 0 | HY22: =HV22+HS22+HP22+HM22+HJ22+HG22 -> 0 | HZ22: =SUM(HW22:HY22) -> 0 | IJ22: =IG22+ID22+IA22 -> 0 | IK22: =IH22+IE22+IB22 -> 0 | IL22: =II22+IF22+IC22 -> 0 | IM22: =SUM(IJ22:IL22) -> 0 | IN22: =IJ22+HW22 -> 0 | IO22: =IK22+HX22 -> 0 | IP22: =IL22+HY22 -> 0 | IQ22: =IM22+HZ22 -> 0 | IR22: 1 | IZ22: =IX22+IV22+IT22+IR22 -> 1 | JA22: =IY22+IW22+IU22+IS22 -> 0 | JB22: =SUM(IZ22:JA22) -> 1 | JM22: =JK22+JG22+JE22+JC22+JI22 -> 0 | JN22: =JL22+JH22+JF22+JD22+JJ22 -> 0 | JO22: =SUM(JM22:JN22) -> 0 | JP22: =JC22+IR22 -> 1 | JQ22: =JD22+IS22 -> 0 | JR22: =JE22+IT22 -> 0 | JS22: =JF22+IU22 -> 0 | JT22: =JG22 -> 0 | JU22: =JH22 -> 0 | JV22: =IV22+JI22 -> 0 | JW22: =IW22+JJ22 -> 0 | JX22: =JK22+IX22 -> 0 | JY22: =JL22+IY22 -> 0 | JZ22: =JX22+JV22+JT22+JR22+JP22 -> 1 | KA22: =JY22+JW22+JU22+JS22+JQ22 -> 0 | KB22: =SUM(JZ22:KA22) -> 1 | KC22: 1 | KF22: 1 | KK22: 1 | KM22: 18 | KN22: 4 | KO22: =SUM(KM22:KN22) -> 22 | KQ22: 1 | KS22: 1 | KV22: 1 | KY22: 1 | LE22: 1 | LG22: 1 | LI22: 1 | LK22: 1 | LM22: 1 | LQ22: 1 | LT22: 1 | LW22: 5 | LX22: 50 | LY22: =SUM(LW22:LX22) -> 55 | MA22: 1
A23: النجف | B23: الحيدرية | C23: 16 | E23: البوادي التكميلي | G23: 1 | I23: 1 | L23: 1 | M23: 1 | P23: 1 | R23: 1 | W23: 1 | AJ23: =AH23+AF23+AD23+AB23+Z23+X23 -> 0 | AK23: =AI23+AG23+AE23+AC23+AA23+Y23 -> 0 | AL23: =SUM(AJ23:AK23) -> 0 | AW23: =AU23+AS23+AQ23+AO23+AM23 -> 0 | AX23: =AV23+AT23+AR23+AP23+AN23 -> 0 | AY23: =SUM(AW23:AX23) -> 0 | BL23: =BJ23+BH23+BF23+BD23+BB23+AZ23 -> 0 | BM23: =BK23+BI23+BG23+BE23+BC23+BA23 -> 0 | BN23: =SUM(BL23:BM23) -> 0 | BY23: =BW23+BU23+BS23+BQ23+BO23 -> 0 | BZ23: =BX23+BV23+BT23+BR23+BP23 -> 0 | CA23: =SUM(BY23:BZ23) -> 0 | CL23: =CJ23+CH23+CF23+CD23+CB23 -> 0 | CM23: =CK23+CI23+CG23+CE23+CC23 -> 0 | CN23: =SUM(CL23:CM23) -> 0 | CY23: =CW23+CU23+CS23+CQ23+CO23 -> 0 | CZ23: =CX23+CV23+CT23+CR23+CP23 -> 0 | DA23: =SUM(CY23:CZ23) -> 0 | DL23: =DJ23+DH23+DF23+DD23+DB23 -> 0 | DM23: =DK23+DI23+DG23+DE23+DC23 -> 0 | DN23: =SUM(DL23:DM23) -> 0 | DY23: =DW23+DU23+DS23+DQ23+DO23 -> 0 | DZ23: =DX23+DV23+DT23+DR23+DP23 -> 0 | EA23: =SUM(DY23:DZ23) -> 0 | EB23: =AZ23 -> 0 | EC23: =BA23 -> 0 | ED23: =BB23 -> 0 | EE23: =BC23 -> 0 | EF23: =BO23+BD23 -> 0 | EG23: =BP23+BE23 -> 0 | EH23: =CB23+BQ23+BF23 -> 0 | EI23: =CC23+BR23+BG23 -> 0 | EJ23: =CO23+CD23+BS23+BH23 -> 0 | EK23: =CP23+CE23+BT23+BI23 -> 0 | EL23: =DB23+CQ23+CF23+BU23+BJ23 -> 0 | EM23: =DC23+CR23+CG23+BV23+BK23 -> 0 | EN23: =DO23+DD23+CS23+CH23+BW23 -> 0 | EO23: =DP23+DE23+CT23+CI23+BX23 -> 0 | EP23: =DQ23+DF23+CU23+CJ23 -> 0 | EQ23: =DR23+DG23+CV23+CK23 -> 0 | ER23: =DS23+DH23+CW23 -> 0 | ES23: =DT23+DI23+CX23 -> 0 | ET23: =DU23+DJ23 -> 0 | EU23: =DV23+DK23 -> 0 | EV23: =DW23 -> 0 | EW23: =DX23 -> 0 | EX23: =EV23+ET23+ER23+EP23+EN23+EL23+EJ23+EH23+EF23+ED23+EB23 -> 0 | EY23: =EW23+EU23+ES23+EQ23+EO23+EM23+EK23+EI23+EG23+EE23+EC23 -> 0 | EZ23: =SUM(EX23:EY23) -> 0 | FK23: =FI23+FG23+FE23+FC23+FA23 -> 0 | FL23: =FJ23+FH23+FF23+FD23+FB23 -> 0 | FM23: =SUM(FK23:FL23) -> 0 | FX23: =FV23+FT23+FR23+FP23+FN23 -> 0 | FY23: =FW23+FU23+FS23+FQ23+FO23 -> 0 | FZ23: =SUM(FX23:FY23) -> 0 | GK23: =GI23+GG23+GE23+GC23+GA23 -> 0 | GL23: =GJ23+GH23+GF23+GD23+GB23 -> 0 | GM23: =SUM(GK23:GL23) -> 0 | GN23: =FA23 -> 0 | GO23: =FB23 -> 0 | GP23: =FN23+FC23 -> 0 | GQ23: =FO23+FD23 -> 0 | GR23: =GA23+FP23+FE23 -> 0 | GS23: =GB23+FQ23+FF23 -> 0 | GT23: =GC23+FR23+FG23 -> 0 | GU23: =GD23+FS23+FH23 -> 0 | GV23: =GE23+FT23+FI23 -> 0 | GW23: =GF23+FU23+FJ23 -> 0 | GX23: =GG23+FV23 -> 0 | GY23: =GH23+FW23 -> 0 | GZ23: =GI23 -> 0 | HA23: =GJ23 -> 0 | HB23: =GZ23+GX23+GV23+GT23+GR23+GP23+GN23 -> 0 | HC23: =HA23+GY23+GW23+GU23+GS23+GQ23+GO23 -> 0 | HD23: =SUM(HB23:HC23) -> 0 | HW23: =HT23+HQ23+HN23+HK23+HH23+HE23 -> 0 | HX23: =HU23+HR23+HO23+HL23+HI23+HF23 -> 0 | HY23: =HV23+HS23+HP23+HM23+HJ23+HG23 -> 0 | HZ23: =SUM(HW23:HY23) -> 0 | IJ23: =IG23+ID23+IA23 -> 0 | IK23: =IH23+IE23+IB23 -> 0 | IL23: =II23+IF23+IC23 -> 0 | IM23: =SUM(IJ23:IL23) -> 0 | IN23: =IJ23+HW23 -> 0 | IO23: =IK23+HX23 -> 0 | IP23: =IL23+HY23 -> 0 | IQ23: =IM23+HZ23 -> 0 | IS23: 1 | IZ23: =IX23+IV23+IT23+IR23 -> 0 | JA23: =IY23+IW23+IU23+IS23 -> 1 | JB23: =SUM(IZ23:JA23) -> 1 | JM23: =JK23+JG23+JE23+JC23+JI23 -> 0 | JN23: =JL23+JH23+JF23+JD23+JJ23 -> 0 | JO23: =SUM(JM23:JN23) -> 0 | JP23: =JC23+IR23 -> 0 | JQ23: =JD23+IS23 -> 1 | JR23: =JE23+IT23 -> 0 | JS23: =JF23+IU23 -> 0 | JT23: =JG23 -> 0 | JU23: =JH23 -> 0 | JV23: =IV23+JI23 -> 0 | JW23: =IW23+JJ23 -> 0 | JX23: =JK23+IX23 -> 0 | JY23: =JL23+IY23 -> 0 | JZ23: =JX23+JV23+JT23+JR23+JP23 -> 0 | KA23: =JY23+JW23+JU23+JS23+JQ23 -> 1 | KB23: =SUM(JZ23:KA23) -> 1 | KC23: 1 | KF23: 1 | KK23: 1 | KM23: 18 | KN23: 5 | KO23: =SUM(KM23:KN23) -> 23 | KQ23: 1 | KS23: 1 | KW23: 1 | KY23: 1 | LE23: 1 | LG23: 1 | LI23: 1 | LK23: 1 | LM23: 1 | LQ23: 1 | LT23: 1 | LW23: 84 | LY23: =SUM(LW23:LX23) -> 84 | MA23: 1
C24: مجموع الحيدرية | F24: =SUM(F22:F23) -> 0 | G24: =SUM(G22:G23) -> 2 | H24: =SUM(H22:H23) -> 0 | I24: =SUM(I22:I23) -> 1 | J24: =SUM(J22:J23) -> 1 | K24: =SUM(K22:K23) -> 0 | L24: =SUM(L22:L23) -> 2 | M24: =SUM(M22:M23) -> 2 | ... MO24: =SUM(MO22:MO23) -> 0
A25: مجموع قضاء النجف | F25: =F21+F15+F24 -> 11 | G25: =G21+G15+G24 -> 2 | H25: =H21+H15+H24 -> 8 | I25: =I21+I15+I24 -> 3 | J25: =J21+J15+J24 -> 2 | K25: =K21+K15+K24 -> 11 | L25: =L21+L15+L24 -> 2 | M25: =M21+M15+M24 -> 12 | ... MO25: =MO21+MO15+MO24 -> 1
A26: الكوفة | B26: المركز | C26: 17 | D26: 1400348 | E26: المصطفى الأساسية | F26: 1 | H26: 1 | K26: 1 | M26: 1 | P26: 1 | T26: 1 | W26: 1 | AJ26: =AH26+AF26+AD26+AB26+Z26+X26 -> 0 | AK26: =AI26+AG26+AE26+AC26+AA26+Y26 -> 0 | AL26: =SUM(AJ26:AK26) -> 0 | AW26: =AU26+AS26+AQ26+AO26+AM26 -> 0 | AX26: =AV26+AT26+AR26+AP26+AN26 -> 0 | AY26: =SUM(AW26:AX26) -> 0 | BL26: =BJ26+BH26+BF26+BD26+BB26+AZ26 -> 0 | BM26: =BK26+BI26+BG26+BE26+BC26+BA26 -> 0 | BN26: =SUM(BL26:BM26) -> 0 | BY26: =BW26+BU26+BS26+BQ26+BO26 -> 0 | BZ26: =BX26+BV26+BT26+BR26+BP26 -> 0 | CA26: =SUM(BY26:BZ26) -> 0 | CL26: =CJ26+CH26+CF26+CD26+CB26 -> 0 | CM26: =CK26+CI26+CG26+CE26+CC26 -> 0 | CN26: =SUM(CL26:CM26) -> 0 | CY26: =CW26+CU26+CS26+CQ26+CO26 -> 0 | CZ26: =CX26+CV26+CT26+CR26+CP26 -> 0 | DA26: =SUM(CY26:CZ26) -> 0 | DL26: =DJ26+DH26+DF26+DD26+DB26 -> 0 | DM26: =DK26+DI26+DG26+DE26+DC26 -> 0 | DN26: =SUM(DL26:DM26) -> 0 | DY26: =DW26+DU26+DS26+DQ26+DO26 -> 0 | DZ26: =DX26+DV26+DT26+DR26+DP26 -> 0 | EA26: =SUM(DY26:DZ26) -> 0 | EB26: =AZ26 -> 0 | EC26: =BA26 -> 0 | ED26: =BB26 -> 0 | EE26: =BC26 -> 0 | EF26: =BO26+BD26 -> 0 | EG26: =BP26+BE26 -> 0 | EH26: =CB26+BQ26+BF26 -> 0 | EI26: =CC26+BR26+BG26 -> 0 | EJ26: =CO26+CD26+BS26+BH26 -> 0 | EK26: =CP26+CE26+BT26+BI26 -> 0 | EL26: =DB26+CQ26+CF26+BU26+BJ26 -> 0 | EM26: =DC26+CR26+CG26+BV26+BK26 -> 0 | EN26: =DO26+DD26+CS26+CH26+BW26 -> 0 | EO26: =DP26+DE26+CT26+CI26+BX26 -> 0 | EP26: =DQ26+DF26+CU26+CJ26 -> 0 | EQ26: =DR26+DG26+CV26+CK26 -> 0 | ER26: =DS26+DH26+CW26 -> 0 | ES26: =DT26+DI26+CX26 -> 0 | ET26: =DU26+DJ26 -> 0 | EU26: =DV26+DK26 -> 0 | EV26: =DW26 -> 0 | EW26: =DX26 -> 0 | EX26: =EV26+ET26+ER26+EP26+EN26+EL26+EJ26+EH26+EF26+ED26+EB26 -> 0 | EY26: =EW26+EU26+ES26+EQ26+EO26+EM26+EK26+EI26+EG26+EE26+EC26 -> 0 | EZ26: =SUM(EX26:EY26) -> 0 | FK26: =FI26+FG26+FE26+FC26+FA26 -> 0 | FL26: =FJ26+FH26+FF26+FD26+FB26 -> 0 | FM26: =SUM(FK26:FL26) -> 0 | FX26: =FV26+FT26+FR26+FP26+FN26 -> 0 | FY26: =FW26+FU26+FS26+FQ26+FO26 -> 0 | FZ26: =SUM(FX26:FY26) -> 0 | GK26: =GI26+GG26+GE26+GC26+GA26 -> 0 | GL26: =GJ26+GH26+GF26+GD26+GB26 -> 0 | GM26: =SUM(GK26:GL26) -> 0 | GN26: =FA26 -> 0 | GO26: =FB26 -> 0 | GP26: =FN26+FC26 -> 0 | GQ26: =FO26+FD26 -> 0 | GR26: =GA26+FP26+FE26 -> 0 | GS26: =GB26+FQ26+FF26 -> 0 | GT26: =GC26+FR26+FG26 -> 0 | GU26: =GD26+FS26+FH26 -> 0 | GV26: =GE26+FT26+FI26 -> 0 | GW26: =GF26+FU26+FJ26 -> 0 | GX26: =GG26+FV26 -> 0 | GY26: =GH26+FW26 -> 0 | GZ26: =GI26 -> 0 | HA26: =GJ26 -> 0 | HB26: =GZ26+GX26+GV26+GT26+GR26+GP26+GN26 -> 0 | HC26: =HA26+GY26+GW26+GU26+GS26+GQ26+GO26 -> 0 | HD26: =SUM(HB26:HC26) -> 0 | HW26: =HT26+HQ26+HN26+HK26+HH26+HE26 -> 0 | HX26: =HU26+HR26+HO26+HL26+HI26+HF26 -> 0 | HY26: =HV26+HS26+HP26+HM26+HJ26+HG26 -> 0 | HZ26: =SUM(HW26:HY26) -> 0 | IJ26: =IG26+ID26+IA26 -> 0 | IK26: =IH26+IE26+IB26 -> 0 | IL26: =II26+IF26+IC26 -> 0 | IM26: =SUM(IJ26:IL26) -> 0 | IN26: =IJ26+HW26 -> 0 | IO26: =IK26+HX26 -> 0 | IP26: =IL26+HY26 -> 0 | IQ26: =IM26+HZ26 -> 0 | IR26: 1 | IZ26: =IX26+IV26+IT26+IR26 -> 1 | JA26: =IY26+IW26+IU26+IS26 -> 0 | JB26: =SUM(IZ26:JA26) -> 1 | JM26: =JK26+JG26+JE26+JC26+JI26 -> 0 | JN26: =JL26+JH26+JF26+JD26+JJ26 -> 0 | JO26: =SUM(JM26:JN26) -> 0 | JP26: =JC26+IR26 -> 1 | JQ26: =JD26+IS26 -> 0 | JR26: =JE26+IT26 -> 0 | JS26: =JF26+IU26 -> 0 | JT26: =JG26 -> 0 | JU26: =JH26 -> 0 | JV26: =IV26+JI26 -> 0 | JW26: =IW26+JJ26 -> 0 | JX26: =JK26+IX26 -> 0 | JY26: =JL26+IY26 -> 0 | JZ26: =JX26+JV26+JT26+JR26+JP26 -> 1 | KA26: =JY26+JW26+JU26+JS26+JQ26 -> 0 | KB26: =SUM(JZ26:KA26) -> 1 | KC26: 1 | KF26: 1 | KJ26: 1 | KM26: 14 | KN26: 8 | KO26: =SUM(KM26:KN26) -> 22 | KQ26: 1 | KT26: 1 | KV26: 1 | KY26: 1 | LE26: 1 | LG26: 1 | LI26: 1 | LK26: 1 | LM26: 1 | LO26: 1 | LV26: 1 | LW26: 1482 | LY26: =SUM(LW26:LX26) -> 1482 | MA26: 1
A27: الكوفة | B27: المركز | C27: 18 | D27: 1401307 | E27: الرؤية الاساسية | F27: 1 | I27: 1 | L27: 1 | N27: 1 | Q27: 1 | T27: 1 | W27: 1 | AJ27: =AH27+AF27+AD27+AB27+Z27+X27 -> 0 | AK27: =AI27+AG27+AE27+AC27+AA27+Y27 -> 0 | AL27: =SUM(AJ27:AK27) -> 0 | AW27: =AU27+AS27+AQ27+AO27+AM27 -> 0 | AX27: =AV27+AT27+AR27+AP27+AN27 -> 0 | AY27: =SUM(AW27:AX27) -> 0 | BL27: =BJ27+BH27+BF27+BD27+BB27+AZ27 -> 0 | BM27: =BK27+BI27+BG27+BE27+BC27+BA27 -> 0 | BN27: =SUM(BL27:BM27) -> 0 | BY27: =BW27+BU27+BS27+BQ27+BO27 -> 0 | BZ27: =BX27+BV27+BT27+BR27+BP27 -> 0 | CA27: =SUM(BY27:BZ27) -> 0 | CL27: =CJ27+CH27+CF27+CD27+CB27 -> 0 | CM27: =CK27+CI27+CG27+CE27+CC27 -> 0 | CN27: =SUM(CL27:CM27) -> 0 | CY27: =CW27+CU27+CS27+CQ27+CO27 -> 0 | CZ27: =CX27+CV27+CT27+CR27+CP27 -> 0 | DA27: =SUM(CY27:CZ27) -> 0 | DL27: =DJ27+DH27+DF27+DD27+DB27 -> 0 | DM27: =DK27+DI27+DG27+DE27+DC27 -> 0 | DN27: =SUM(DL27:DM27) -> 0 | DY27: =DW27+DU27+DS27+DQ27+DO27 -> 0 | DZ27: =DX27+DV27+DT27+DR27+DP27 -> 0 | EA27: =SUM(DY27:DZ27) -> 0 | EB27: =AZ27 -> 0 | EC27: =BA27 -> 0 | ED27: =BB27 -> 0 | EE27: =BC27 -> 0 | EF27: =BO27+BD27 -> 0 | EG27: =BP27+BE27 -> 0 | EH27: =CB27+BQ27+BF27 -> 0 | EI27: =CC27+BR27+BG27 -> 0 | EJ27: =CO27+CD27+BS27+BH27 -> 0 | EK27: =CP27+CE27+BT27+BI27 -> 0 | EL27: =DB27+CQ27+CF27+BU27+BJ27 -> 0 | EM27: =DC27+CR27+CG27+BV27+BK27 -> 0 | EN27: =DO27+DD27+CS27+CH27+BW27 -> 0 | EO27: =DP27+DE27+CT27+CI27+BX27 -> 0 | EP27: =DQ27+DF27+CU27+CJ27 -> 0 | EQ27: =DR27+DG27+CV27+CK27 -> 0 | ER27: =DS27+DH27+CW27 -> 0 | ES27: =DT27+DI27+CX27 -> 0 | ET27: =DU27+DJ27 -> 0 | EU27: =DV27+DK27 -> 0 | EV27: =DW27 -> 0 | EW27: =DX27 -> 0 | EX27: =EV27+ET27+ER27+EP27+EN27+EL27+EJ27+EH27+EF27+ED27+EB27 -> 0 | EY27: =EW27+EU27+ES27+EQ27+EO27+EM27+EK27+EI27+EG27+EE27+EC27 -> 0 | EZ27: =SUM(EX27:EY27) -> 0 | FK27: =FI27+FG27+FE27+FC27+FA27 -> 0 | FL27: =FJ27+FH27+FF27+FD27+FB27 -> 0 | FM27: =SUM(FK27:FL27) -> 0 | FX27: =FV27+FT27+FR27+FP27+FN27 -> 0 | FY27: =FW27+FU27+FS27+FQ27+FO27 -> 0 | FZ27: =SUM(FX27:FY27) -> 0 | GK27: =GI27+GG27+GE27+GC27+GA27 -> 0 | GL27: =GJ27+GH27+GF27+GD27+GB27 -> 0 | GM27: =SUM(GK27:GL27) -> 0 | GN27: =FA27 -> 0 | GO27: =FB27 -> 0 | GP27: =FN27+FC27 -> 0 | GQ27: =FO27+FD27 -> 0 | GR27: =GA27+FP27+FE27 -> 0 | GS27: =GB27+FQ27+FF27 -> 0 | GT27: =GC27+FR27+FG27 -> 0 | GU27: =GD27+FS27+FH27 -> 0 | GV27: =GE27+FT27+FI27 -> 0 | GW27: =GF27+FU27+FJ27 -> 0 | GX27: =GG27+FV27 -> 0 | GY27: =GH27+FW27 -> 0 | GZ27: =GI27 -> 0 | HA27: =GJ27 -> 0 | HB27: =GZ27+GX27+GV27+GT27+GR27+GP27+GN27 -> 0 | HC27: =HA27+GY27+GW27+GU27+GS27+GQ27+GO27 -> 0 | HD27: =SUM(HB27:HC27) -> 0 | HW27: =HT27+HQ27+HN27+HK27+HH27+HE27 -> 0 | HX27: =HU27+HR27+HO27+HL27+HI27+HF27 -> 0 | HY27: =HV27+HS27+HP27+HM27+HJ27+HG27 -> 0 | HZ27: =SUM(HW27:HY27) -> 0 | IJ27: =IG27+ID27+IA27 -> 0 | IK27: =IH27+IE27+IB27 -> 0 | IL27: =II27+IF27+IC27 -> 0 | IM27: =SUM(IJ27:IL27) -> 0 | IN27: =IJ27+HW27 -> 0 | IO27: =IK27+HX27 -> 0 | IP27: =IL27+HY27 -> 0 | IQ27: =IM27+HZ27 -> 0 | IS27: 1 | IZ27: =IX27+IV27+IT27+IR27 -> 0 | JA27: =IY27+IW27+IU27+IS27 -> 1 | JB27: =SUM(IZ27:JA27) -> 1 | JM27: =JK27+JG27+JE27+JC27+JI27 -> 0 | JN27: =JL27+JH27+JF27+JD27+JJ27 -> 0 | JO27: =SUM(JM27:JN27) -> 0 | JP27: =JC27+IR27 -> 0 | JQ27: =JD27+IS27 -> 1 | JR27: =JE27+IT27 -> 0 | JS27: =JF27+IU27 -> 0 | JT27: =JG27 -> 0 | JU27: =JH27 -> 0 | JV27: =IV27+JI27 -> 0 | JW27: =IW27+JJ27 -> 0 | JX27: =JK27+IX27 -> 0 | JY27: =JL27+IY27 -> 0 | JZ27: =JX27+JV27+JT27+JR27+JP27 -> 0 | KA27: =JY27+JW27+JU27+JS27+JQ27 -> 1 | KB27: =SUM(JZ27:KA27) -> 1 | KO27: =SUM(KM27:KN27) -> 0 | LN27: 1 | LY27: =SUM(LW27:LX27) -> 0 | MA27: 1
A28: الكوفة | B28: المركز | C28: 19 | E28: غافر الاساسية | F28: 1 | I28: 1 | L28: 1 | N28: 1 | Q28: 1 | T28: 1 | V28: 1 | AJ28: =AH28+AF28+AD28+AB28+Z28+X28 -> 0 | AK28: =AI28+AG28+AE28+AC28+AA28+Y28 -> 0 | AL28: =SUM(AJ28:AK28) -> 0 | AW28: =AU28+AS28+AQ28+AO28+AM28 -> 0 | AX28: =AV28+AT28+AR28+AP28+AN28 -> 0 | AY28: =SUM(AW28:AX28) -> 0 | BL28: =BJ28+BH28+BF28+BD28+BB28+AZ28 -> 0 | BM28: =BK28+BI28+BG28+BE28+BC28+BA28 -> 0 | BN28: =SUM(BL28:BM28) -> 0 | BY28: =BW28+BU28+BS28+BQ28+BO28 -> 0 | BZ28: =BX28+BV28+BT28+BR28+BP28 -> 0 | CA28: =SUM(BY28:BZ28) -> 0 | CL28: =CJ28+CH28+CF28+CD28+CB28 -> 0 | CM28: =CK28+CI28+CG28+CE28+CC28 -> 0 | CN28: =SUM(CL28:CM28) -> 0 | CY28: =CW28+CU28+CS28+CQ28+CO28 -> 0 | CZ28: =CX28+CV28+CT28+CR28+CP28 -> 0 | DA28: =SUM(CY28:CZ28) -> 0 | DL28: =DJ28+DH28+DF28+DD28+DB28 -> 0 | DM28: =DK28+DI28+DG28+DE28+DC28 -> 0 | DN28: =SUM(DL28:DM28) -> 0 | DY28: =DW28+DU28+DS28+DQ28+DO28 -> 0 | DZ28: =DX28+DV28+DT28+DR28+DP28 -> 0 | EA28: =SUM(DY28:DZ28) -> 0 | EB28: =AZ28 -> 0 | EC28: =BA28 -> 0 | ED28: =BB28 -> 0 | EE28: =BC28 -> 0 | EF28: =BO28+BD28 -> 0 | EG28: =BP28+BE28 -> 0 | EH28: =CB28+BQ28+BF28 -> 0 | EI28: =CC28+BR28+BG28 -> 0 | EJ28: =CO28+CD28+BS28+BH28 -> 0 | EK28: =CP28+CE28+BT28+BI28 -> 0 | EL28: =DB28+CQ28+CF28+BU28+BJ28 -> 0 | EM28: =DC28+CR28+CG28+BV28+BK28 -> 0 | EN28: =DO28+DD28+CS28+CH28+BW28 -> 0 | EO28: =DP28+DE28+CT28+CI28+BX28 -> 0 | EP28: =DQ28+DF28+CU28+CJ28 -> 0 | EQ28: =DR28+DG28+CV28+CK28 -> 0 | ER28: =DS28+DH28+CW28 -> 0 | ES28: =DT28+DI28+CX28 -> 0 | ET28: =DU28+DJ28 -> 0 | EU28: =DV28+DK28 -> 0 | EV28: =DW28 -> 0 | EW28: =DX28 -> 0 | EX28: =EV28+ET28+ER28+EP28+EN28+EL28+EJ28+EH28+EF28+ED28+EB28 -> 0 | EY28: =EW28+EU28+ES28+EQ28+EO28+EM28+EK28+EI28+EG28+EE28+EC28 -> 0 | EZ28: =SUM(EX28:EY28) -> 0 | FK28: =FI28+FG28+FE28+FC28+FA28 -> 0 | FL28: =FJ28+FH28+FF28+FD28+FB28 -> 0 | FM28: =SUM(FK28:FL28) -> 0 | FX28: =FV28+FT28+FR28+FP28+FN28 -> 0 | FY28: =FW28+FU28+FS28+FQ28+FO28 -> 0 | FZ28: =SUM(FX28:FY28) -> 0 | GK28: =GI28+GG28+GE28+GC28+GA28 -> 0 | GL28: =GJ28+GH28+GF28+GD28+GB28 -> 0 | GM28: =SUM(GK28:GL28) -> 0 | GN28: =FA28 -> 0 | GO28: =FB28 -> 0 | GP28: =FN28+FC28 -> 0 | GQ28: =FO28+FD28 -> 0 | GR28: =GA28+FP28+FE28 -> 0 | GS28: =GB28+FQ28+FF28 -> 0 | GT28: =GC28+FR28+FG28 -> 0 | GU28: =GD28+FS28+FH28 -> 0 | GV28: =GE28+FT28+FI28 -> 0 | GW28: =GF28+FU28+FJ28 -> 0 | GX28: =GG28+FV28 -> 0 | GY28: =GH28+FW28 -> 0 | GZ28: =GI28 -> 0 | HA28: =GJ28 -> 0 | HB28: =GZ28+GX28+GV28+GT28+GR28+GP28+GN28 -> 0 | HC28: =HA28+GY28+GW28+GU28+GS28+GQ28+GO28 -> 0 | HD28: =SUM(HB28:HC28) -> 0 | HW28: =HT28+HQ28+HN28+HK28+HH28+HE28 -> 0 | HX28: =HU28+HR28+HO28+HL28+HI28+HF28 -> 0 | HY28: =HV28+HS28+HP28+HM28+HJ28+HG28 -> 0 | HZ28: =SUM(HW28:HY28) -> 0 | IJ28: =IG28+ID28+IA28 -> 0 | IK28: =IH28+IE28+IB28 -> 0 | IL28: =II28+IF28+IC28 -> 0 | IM28: =SUM(IJ28:IL28) -> 0 | IN28: =IJ28+HW28 -> 0 | IO28: =IK28+HX28 -> 0 | IP28: =IL28+HY28 -> 0 | IQ28: =IM28+HZ28 -> 0 | IS28: 1 | IZ28: =IX28+IV28+IT28+IR28 -> 0 | JA28: =IY28+IW28+IU28+IS28 -> 1 | JB28: =SUM(IZ28:JA28) -> 1 | JM28: =JK28+JG28+JE28+JC28+JI28 -> 0 | JN28: =JL28+JH28+JF28+JD28+JJ28 -> 0 | JO28: =SUM(JM28:JN28) -> 0 | JP28: =JC28+IR28 -> 0 | JQ28: =JD28+IS28 -> 1 | JR28: =JE28+IT28 -> 0 | JS28: =JF28+IU28 -> 0 | JT28: =JG28 -> 0 | JU28: =JH28 -> 0 | JV28: =IV28+JI28 -> 0 | JW28: =IW28+JJ28 -> 0 | JX28: =JK28+IX28 -> 0 | JY28: =JL28+IY28 -> 0 | JZ28: =JX28+JV28+JT28+JR28+JP28 -> 0 | KA28: =JY28+JW28+JU28+JS28+JQ28 -> 1 | KB28: =SUM(JZ28:KA28) -> 1 | KO28: =SUM(KM28:KN28) -> 0 | LN28: 1 | LY28: =SUM(LW28:LX28) -> 0 | LZ28: 1 | MC28: 1 | MD28: 1 | MF28: 1 | MH28: 1 | MK28: 1 | MM28: 1 | MO28: 1
A29: الكوفة | B29: المركز | C29: 20 | E29: راعي الاصلاح الاساسية | F29: 1 | H29: 1 | L29: 1 | M29: 1 | P29: 1 | R29: 1 | W29: 1 | AJ29: =AH29+AF29+AD29+AB29+Z29+X29 -> 0 | AK29: =AI29+AG29+AE29+AC29+AA29+Y29 -> 0 | AL29: =SUM(AJ29:AK29) -> 0 | AW29: =AU29+AS29+AQ29+AO29+AM29 -> 0 | AX29: =AV29+AT29+AR29+AP29+AN29 -> 0 | AY29: =SUM(AW29:AX29) -> 0 | BL29: =BJ29+BH29+BF29+BD29+BB29+AZ29 -> 0 | BM29: =BK29+BI29+BG29+BE29+BC29+BA29 -> 0 | BN29: =SUM(BL29:BM29) -> 0 | BY29: =BW29+BU29+BS29+BQ29+BO29 -> 0 | BZ29: =BX29+BV29+BT29+BR29+BP29 -> 0 | CA29: =SUM(BY29:BZ29) -> 0 | CL29: =CJ29+CH29+CF29+CD29+CB29 -> 0 | CM29: =CK29+CI29+CG29+CE29+CC29 -> 0 | CN29: =SUM(CL29:CM29) -> 0 | CY29: =CW29+CU29+CS29+CQ29+CO29 -> 0 | CZ29: =CX29+CV29+CT29+CR29+CP29 -> 0 | DA29: =SUM(CY29:CZ29) -> 0 | DL29: =DJ29+DH29+DF29+DD29+DB29 -> 0 | DM29: =DK29+DI29+DG29+DE29+DC29 -> 0 | DN29: =SUM(DL29:DM29) -> 0 | DY29: =DW29+DU29+DS29+DQ29+DO29 -> 0 | DZ29: =DX29+DV29+DT29+DR29+DP29 -> 0 | EA29: =SUM(DY29:DZ29) -> 0 | EB29: =AZ29 -> 0 | EC29: =BA29 -> 0 | ED29: =BB29 -> 0 | EE29: =BC29 -> 0 | EF29: =BO29+BD29 -> 0 | EG29: =BP29+BE29 -> 0 | EH29: =CB29+BQ29+BF29 -> 0 | EI29: =CC29+BR29+BG29 -> 0 | EJ29: =CO29+CD29+BS29+BH29 -> 0 | EK29: =CP29+CE29+BT29+BI29 -> 0 | EL29: =DB29+CQ29+CF29+BU29+BJ29 -> 0 | EM29: =DC29+CR29+CG29+BV29+BK29 -> 0 | EN29: =DO29+DD29+CS29+CH29+BW29 -> 0 | EO29: =DP29+DE29+CT29+CI29+BX29 -> 0 | EP29: =DQ29+DF29+CU29+CJ29 -> 0 | EQ29: =DR29+DG29+CV29+CK29 -> 0 | ER29: =DS29+DH29+CW29 -> 0 | ES29: =DT29+DI29+CX29 -> 0 | ET29: =DU29+DJ29 -> 0 | EU29: =DV29+DK29 -> 0 | EV29: =DW29 -> 0 | EW29: =DX29 -> 0 | EX29: =EV29+ET29+ER29+EP29+EN29+EL29+EJ29+EH29+EF29+ED29+EB29 -> 0 | EY29: =EW29+EU29+ES29+EQ29+EO29+EM29+EK29+EI29+EG29+EE29+EC29 -> 0 | EZ29: =SUM(EX29:EY29) -> 0 | FK29: =FI29+FG29+FE29+FC29+FA29 -> 0 | FL29: =FJ29+FH29+FF29+FD29+FB29 -> 0 | FM29: =SUM(FK29:FL29) -> 0 | FX29: =FV29+FT29+FR29+FP29+FN29 -> 0 | FY29: =FW29+FU29+FS29+FQ29+FO29 -> 0 | FZ29: =SUM(FX29:FY29) -> 0 | GK29: =GI29+GG29+GE29+GC29+GA29 -> 0 | GL29: =GJ29+GH29+GF29+GD29+GB29 -> 0 | GM29: =SUM(GK29:GL29) -> 0 | GN29: =FA29 -> 0 | GO29: =FB29 -> 0 | GP29: =FN29+FC29 -> 0 | GQ29: =FO29+FD29 -> 0 | GR29: =GA29+FP29+FE29 -> 0 | GS29: =GB29+FQ29+FF29 -> 0 | GT29: =GC29+FR29+FG29 -> 0 | GU29: =GD29+FS29+FH29 -> 0 | GV29: =GE29+FT29+FI29 -> 0 | GW29: =GF29+FU29+FJ29 -> 0 | GX29: =GG29+FV29 -> 0 | GY29: =GH29+FW29 -> 0 | GZ29: =GI29 -> 0 | HA29: =GJ29 -> 0 | HB29: =GZ29+GX29+GV29+GT29+GR29+GP29+GN29 -> 0 | HC29: =HA29+GY29+GW29+GU29+GS29+GQ29+GO29 -> 0 | HD29: =SUM(HB29:HC29) -> 0 | HW29: =HT29+HQ29+HN29+HK29+HH29+HE29 -> 0 | HX29: =HU29+HR29+HO29+HL29+HI29+HF29 -> 0 | HY29: =HV29+HS29+HP29+HM29+HJ29+HG29 -> 0 | HZ29: =SUM(HW29:HY29) -> 0 | IJ29: =IG29+ID29+IA29 -> 0 | IK29: =IH29+IE29+IB29 -> 0 | IL29: =II29+IF29+IC29 -> 0 | IM29: =SUM(IJ29:IL29) -> 0 | IN29: =IJ29+HW29 -> 0 | IO29: =IK29+HX29 -> 0 | IP29: =IL29+HY29 -> 0 | IQ29: =IM29+HZ29 -> 0 | IR29: 1 | IZ29: =IX29+IV29+IT29+IR29 -> 1 | JA29: =IY29+IW29+IU29+IS29 -> 0 | JB29: =SUM(IZ29:JA29) -> 1 | JM29: =JK29+JG29+JE29+JC29+JI29 -> 0 | JN29: =JL29+JH29+JF29+JD29+JJ29 -> 0 | JO29: =SUM(JM29:JN29) -> 0 | JP29: =JC29+IR29 -> 1 | JQ29: =JD29+IS29 -> 0 | JR29: =JE29+IT29 -> 0 | JS29: =JF29+IU29 -> 0 | JT29: =JG29 -> 0 | JU29: =JH29 -> 0 | JV29: =IV29+JI29 -> 0 | JW29: =IW29+JJ29 -> 0 | JX29: =JK29+IX29 -> 0 | JY29: =JL29+IY29 -> 0 | JZ29: =JX29+JV29+JT29+JR29+JP29 -> 1 | KA29: =JY29+JW29+JU29+JS29+JQ29 -> 0 | KB29: =SUM(JZ29:KA29) -> 1 | KC29: 1 | KG29: 1 | KJ29: 1 | KM29: 12 | KN29: 3 | KO29: =SUM(KM29:KN29) -> 15 | KQ29: 1 | KT29: 1 | KV29: 1 | KY29: 1 | LE29: 1 | LG29: 1 | LI29: 1 | LK29: 1 | LN29: 1 | LY29: =SUM(LW29:LX29) -> 0 | MA29: 1
A30: الكوفة | B30: المركز | C30: 21 | E30: الوارقة الاساسية | F30: 1 | I30: 1 | K30: 1 | N30: 1 | Q30: 1 | T30: 1 | W30: 1 | AJ30: =AH30+AF30+AD30+AB30+Z30+X30 -> 0 | AK30: =AI30+AG30+AE30+AC30+AA30+Y30 -> 0 | AL30: =SUM(AJ30:AK30) -> 0 | AW30: =AU30+AS30+AQ30+AO30+AM30 -> 0 | AX30: =AV30+AT30+AR30+AP30+AN30 -> 0 | AY30: =SUM(AW30:AX30) -> 0 | BL30: =BJ30+BH30+BF30+BD30+BB30+AZ30 -> 0 | BM30: =BK30+BI30+BG30+BE30+BC30+BA30 -> 0 | BN30: =SUM(BL30:BM30) -> 0 | BY30: =BW30+BU30+BS30+BQ30+BO30 -> 0 | BZ30: =BX30+BV30+BT30+BR30+BP30 -> 0 | CA30: =SUM(BY30:BZ30) -> 0 | CL30: =CJ30+CH30+CF30+CD30+CB30 -> 0 | CM30: =CK30+CI30+CG30+CE30+CC30 -> 0 | CN30: =SUM(CL30:CM30) -> 0 | CY30: =CW30+CU30+CS30+CQ30+CO30 -> 0 | CZ30: =CX30+CV30+CT30+CR30+CP30 -> 0 | DA30: =SUM(CY30:CZ30) -> 0 | DL30: =DJ30+DH30+DF30+DD30+DB30 -> 0 | DM30: =DK30+DI30+DG30+DE30+DC30 -> 0 | DN30: =SUM(DL30:DM30) -> 0 | DY30: =DW30+DU30+DS30+DQ30+DO30 -> 0 | DZ30: =DX30+DV30+DT30+DR30+DP30 -> 0 | EA30: =SUM(DY30:DZ30) -> 0 | EB30: =AZ30 -> 0 | EC30: =BA30 -> 0 | ED30: =BB30 -> 0 | EE30: =BC30 -> 0 | EF30: =BO30+BD30 -> 0 | EG30: =BP30+BE30 -> 0 | EH30: =CB30+BQ30+BF30 -> 0 | EI30: =CC30+BR30+BG30 -> 0 | EJ30: =CO30+CD30+BS30+BH30 -> 0 | EK30: =CP30+CE30+BT30+BI30 -> 0 | EL30: =DB30+CQ30+CF30+BU30+BJ30 -> 0 | EM30: =DC30+CR30+CG30+BV30+BK30 -> 0 | EN30: =DO30+DD30+CS30+CH30+BW30 -> 0 | EO30: =DP30+DE30+CT30+CI30+BX30 -> 0 | EP30: =DQ30+DF30+CU30+CJ30 -> 0 | EQ30: =DR30+DG30+CV30+CK30 -> 0 | ER30: =DS30+DH30+CW30 -> 0 | ES30: =DT30+DI30+CX30 -> 0 | ET30: =DU30+DJ30 -> 0 | EU30: =DV30+DK30 -> 0 | EV30: =DW30 -> 0 | EW30: =DX30 -> 0 | EX30: =EV30+ET30+ER30+EP30+EN30+EL30+EJ30+EH30+EF30+ED30+EB30 -> 0 | EY30: =EW30+EU30+ES30+EQ30+EO30+EM30+EK30+EI30+EG30+EE30+EC30 -> 0 | EZ30: =SUM(EX30:EY30) -> 0 | FK30: =FI30+FG30+FE30+FC30+FA30 -> 0 | FL30: =FJ30+FH30+FF30+FD30+FB30 -> 0 | FM30: =SUM(FK30:FL30) -> 0 | FX30: =FV30+FT30+FR30+FP30+FN30 -> 0 | FY30: =FW30+FU30+FS30+FQ30+FO30 -> 0 | FZ30: =SUM(FX30:FY30) -> 0 | GK30: =GI30+GG30+GE30+GC30+GA30 -> 0 | GL30: =GJ30+GH30+GF30+GD30+GB30 -> 0 | GM30: =SUM(GK30:GL30) -> 0 | GN30: =FA30 -> 0 | GO30: =FB30 -> 0 | GP30: =FN30+FC30 -> 0 | GQ30: =FO30+FD30 -> 0 | GR30: =GA30+FP30+FE30 -> 0 | GS30: =GB30+FQ30+FF30 -> 0 | GT30: =GC30+FR30+FG30 -> 0 | GU30: =GD30+FS30+FH30 -> 0 | GV30: =GE30+FT30+FI30 -> 0 | GW30: =GF30+FU30+FJ30 -> 0 | GX30: =GG30+FV30 -> 0 | GY30: =GH30+FW30 -> 0 | GZ30: =GI30 -> 0 | HA30: =GJ30 -> 0 | HB30: =GZ30+GX30+GV30+GT30+GR30+GP30+GN30 -> 0 | HC30: =HA30+GY30+GW30+GU30+GS30+GQ30+GO30 -> 0 | HD30: =SUM(HB30:HC30) -> 0 | HW30: =HT30+HQ30+HN30+HK30+HH30+HE30 -> 0 | HX30: =HU30+HR30+HO30+HL30+HI30+HF30 -> 0 | HY30: =HV30+HS30+HP30+HM30+HJ30+HG30 -> 0 | HZ30: =SUM(HW30:HY30) -> 0 | IJ30: =IG30+ID30+IA30 -> 0 | IK30: =IH30+IE30+IB30 -> 0 | IL30: =II30+IF30+IC30 -> 0 | IM30: =SUM(IJ30:IL30) -> 0 | IN30: =IJ30+HW30 -> 0 | IO30: =IK30+HX30 -> 0 | IP30: =IL30+HY30 -> 0 | IQ30: =IM30+HZ30 -> 0 | IS30: 1 | IZ30: =IX30+IV30+IT30+IR30 -> 0 | JA30: =IY30+IW30+IU30+IS30 -> 1 | JB30: =SUM(IZ30:JA30) -> 1 | JM30: =JK30+JG30+JE30+JC30+JI30 -> 0 | JN30: =JL30+JH30+JF30+JD30+JJ30 -> 0 | JO30: =SUM(JM30:JN30) -> 0 | JP30: =JC30+IR30 -> 0 | JQ30: =JD30+IS30 -> 1 | JR30: =JE30+IT30 -> 0 | JS30: =JF30+IU30 -> 0 | JT30: =JG30 -> 0 | JU30: =JH30 -> 0 | JV30: =IV30+JI30 -> 0 | JW30: =IW30+JJ30 -> 0 | JX30: =JK30+IX30 -> 0 | JY30: =JL30+IY30 -> 0 | JZ30: =JX30+JV30+JT30+JR30+JP30 -> 0 | KA30: =JY30+JW30+JU30+JS30+JQ30 -> 1 | KB30: =SUM(JZ30:KA30) -> 1 | KO30: =SUM(KM30:KN30) -> 0 | LN30: 1 | LY30: =SUM(LW30:LX30) -> 0 | MA30: 1
A31: الكوفة | B31: المركز | C31: 22 | D31: 1400077 | E31: م . المصطفى الأساسية | F31: 1 | H31: 1 | K31: 1 | M31: 1 | P31: 1 | T31: 1 | W31: 1 | AJ31: =AH31+AF31+AD31+AB31+Z31+X31 -> 0 | AK31: =AI31+AG31+AE31+AC31+AA31+Y31 -> 0 | AL31: =SUM(AJ31:AK31) -> 0 | AW31: =AU31+AS31+AQ31+AO31+AM31 -> 0 | AX31: =AV31+AT31+AR31+AP31+AN31 -> 0 | AY31: =SUM(AW31:AX31) -> 0 | BL31: =BJ31+BH31+BF31+BD31+BB31+AZ31 -> 0 | BM31: =BK31+BI31+BG31+BE31+BC31+BA31 -> 0 | BN31: =SUM(BL31:BM31) -> 0 | BY31: =BW31+BU31+BS31+BQ31+BO31 -> 0 | BZ31: =BX31+BV31+BT31+BR31+BP31 -> 0 | CA31: =SUM(BY31:BZ31) -> 0 | CL31: =CJ31+CH31+CF31+CD31+CB31 -> 0 | CM31: =CK31+CI31+CG31+CE31+CC31 -> 0 | CN31: =SUM(CL31:CM31) -> 0 | CY31: =CW31+CU31+CS31+CQ31+CO31 -> 0 | CZ31: =CX31+CV31+CT31+CR31+CP31 -> 0 | DA31: =SUM(CY31:CZ31) -> 0 | DL31: =DJ31+DH31+DF31+DD31+DB31 -> 0 | DM31: =DK31+DI31+DG31+DE31+DC31 -> 0 | DN31: =SUM(DL31:DM31) -> 0 | DY31: =DW31+DU31+DS31+DQ31+DO31 -> 0 | DZ31: =DX31+DV31+DT31+DR31+DP31 -> 0 | EA31: =SUM(DY31:DZ31) -> 0 | EB31: =AZ31 -> 0 | EC31: =BA31 -> 0 | ED31: =BB31 -> 0 | EE31: =BC31 -> 0 | EF31: =BO31+BD31 -> 0 | EG31: =BP31+BE31 -> 0 | EH31: =CB31+BQ31+BF31 -> 0 | EI31: =CC31+BR31+BG31 -> 0 | EJ31: =CO31+CD31+BS31+BH31 -> 0 | EK31: =CP31+CE31+BT31+BI31 -> 0 | EL31: =DB31+CQ31+CF31+BU31+BJ31 -> 0 | EM31: =DC31+CR31+CG31+BV31+BK31 -> 0 | EN31: =DO31+DD31+CS31+CH31+BW31 -> 0 | EO31: =DP31+DE31+CT31+CI31+BX31 -> 0 | EP31: =DQ31+DF31+CU31+CJ31 -> 0 | EQ31: =DR31+DG31+CV31+CK31 -> 0 | ER31: =DS31+DH31+CW31 -> 0 | ES31: =DT31+DI31+CX31 -> 0 | ET31: =DU31+DJ31 -> 0 | EU31: =DV31+DK31 -> 0 | EV31: =DW31 -> 0 | EW31: =DX31 -> 0 | EX31: =EV31+ET31+ER31+EP31+EN31+EL31+EJ31+EH31+EF31+ED31+EB31 -> 0 | EY31: =EW31+EU31+ES31+EQ31+EO31+EM31+EK31+EI31+EG31+EE31+EC31 -> 0 | EZ31: =SUM(EX31:EY31) -> 0 | FK31: =FI31+FG31+FE31+FC31+FA31 -> 0 | FL31: =FJ31+FH31+FF31+FD31+FB31 -> 0 | FM31: =SUM(FK31:FL31) -> 0 | FX31: =FV31+FT31+FR31+FP31+FN31 -> 0 | FY31: =FW31+FU31+FS31+FQ31+FO31 -> 0 | FZ31: =SUM(FX31:FY31) -> 0 | GK31: =GI31+GG31+GE31+GC31+GA31 -> 0 | GL31: =GJ31+GH31+GF31+GD31+GB31 -> 0 | GM31: =SUM(GK31:GL31) -> 0 | GN31: =FA31 -> 0 | GO31: =FB31 -> 0 | GP31: =FN31+FC31 -> 0 | GQ31: =FO31+FD31 -> 0 | GR31: =GA31+FP31+FE31 -> 0 | GS31: =GB31+FQ31+FF31 -> 0 | GT31: =GC31+FR31+FG31 -> 0 | GU31: =GD31+FS31+FH31 -> 0 | GV31: =GE31+FT31+FI31 -> 0 | GW31: =GF31+FU31+FJ31 -> 0 | GX31: =GG31+FV31 -> 0 | GY31: =GH31+FW31 -> 0 | GZ31: =GI31 -> 0 | HA31: =GJ31 -> 0 | HB31: =GZ31+GX31+GV31+GT31+GR31+GP31+GN31 -> 0 | HC31: =HA31+GY31+GW31+GU31+GS31+GQ31+GO31 -> 0 | HD31: =SUM(HB31:HC31) -> 0 | HW31: =HT31+HQ31+HN31+HK31+HH31+HE31 -> 0 | HX31: =HU31+HR31+HO31+HL31+HI31+HF31 -> 0 | HY31: =HV31+HS31+HP31+HM31+HJ31+HG31 -> 0 | HZ31: =SUM(HW31:HY31) -> 0 | IJ31: =IG31+ID31+IA31 -> 0 | IK31: =IH31+IE31+IB31 -> 0 | IL31: =II31+IF31+IC31 -> 0 | IM31: =SUM(IJ31:IL31) -> 0 | IN31: =IJ31+HW31 -> 0 | IO31: =IK31+HX31 -> 0 | IP31: =IL31+HY31 -> 0 | IQ31: =IM31+HZ31 -> 0 | IZ31: =IX31+IV31+IT31+IR31 -> 0 | JA31: =IY31+IW31+IU31+IS31 -> 0 | JB31: =SUM(IZ31:JA31) -> 0 | JC31: 1 | JM31: =JK31+JG31+JE31+JC31+JI31 -> 1 | JN31: =JL31+JH31+JF31+JD31+JJ31 -> 0 | JO31: =SUM(JM31:JN31) -> 1 | JP31: =JC31+IR31 -> 1 | JQ31: =JD31+IS31 -> 0 | JR31: =JE31+IT31 -> 0 | JS31: =JF31+IU31 -> 0 | JT31: =JG31 -> 0 | JU31: =JH31 -> 0 | JV31: =IV31+JI31 -> 0 | JW31: =IW31+JJ31 -> 0 | JX31: =JK31+IX31 -> 0 | JY31: =JL31+IY31 -> 0 | JZ31: =JX31+JV31+JT31+JR31+JP31 -> 1 | KA31: =JY31+JW31+JU31+JS31+JQ31 -> 0 | KB31: =SUM(JZ31:KA31) -> 1 | KC31: 1 | KF31: 1 | KK31: 1 | KM31: 18 | KN31: 8 | KO31: =SUM(KM31:KN31) -> 26 | KQ31: 1 | KU31: 1 | KV31: 1 | KY31: 1 | LE31: 1 | LG31: 1 | LI31: 1 | LK31: 1 | LM31: 1 | LQ31: 1 | LT31: 1 | LW31: 175 | LY31: =SUM(LW31:LX31) -> 175 | LZ31: 1 | MC31: 1 | ME31: 1 | MF31: 1 | MI31: 1 | MK31: 1 | MM31: 1 | MN31: 1
A33: مجموع قضاء الكوفة | F33: =SUM(F26:F32) -> 6 | G33: =SUM(G26:G32) -> 0 | H33: =SUM(H26:H32) -> 3 | I33: =SUM(I26:I32) -> 3 | J33: =SUM(J26:J32) -> 0 | K33: =SUM(K26:K32) -> 3 | L33: =SUM(L26:L32) -> 3 | M33: =SUM(M26:M32) -> 3 | ... MO33: =SUM(MO26:MO32) -> 1
A36: مجموع قضاء المناذرة | F36: =SUM(F34:F35) -> 0 | G36: =SUM(G34:G35) -> 0 | H36: =SUM(H34:H35) -> 0 | I36: =SUM(I34:I35) -> 0 | J36: =SUM(J34:J35) -> 0 | K36: =SUM(K34:K35) -> 0 | L36: =SUM(L34:L35) -> 0 | M36: =SUM(M34:M35) -> 0 | ... MO36: =SUM(MO34:MO35) -> 0
A37: المجموع الكلي للمحافظة الاساسي | F37: =F36+F33+F25 -> 17 | G37: =G36+G33+G25 -> 2 | H37: =H36+H33+H25 -> 11 | I37: =I36+I33+I25 -> 6 | J37: =J36+J33+J25 -> 2 | K37: =K36+K33+K25 -> 14 | L37: =L36+L33+L25 -> 5 | M37: =M36+M33+M25 -> 15 | ... MO37: =MO36+MO33+MO25 -> 2
A39: الابتدائي الاساسي فقط | F39: =F26+F28+F15+F24 -> 8 | G39: =G26+G15+G24 -> 2 | H39: =H26+H15+H24 -> 5 | I39: =I26+I15+I24 -> 2 | J39: =J26+J15+J24 -> 2 | K39: =K26+K15+K24 -> 7 | L39: =L26+L15+L24 -> 2 | M39: =M26+M15+M24 -> 9 | N39: =N26+N15+N24 -> 0 | O39: =O26+O15+O24 -> 0 | P39: =P26+P15+P24+P27+P28+P29+P30 -> 10 | Q39: =Q26+Q15+Q24+Q27+Q28+Q29+Q30 -> 3 | R39: =R26+R15+R24+R27+R28+R29+R30 -> 7 | S39: =S26+S15+S24+S27+S28+S29+S30 -> 0 | T39: =T26+T15+T24+T27+T28+T29+T30 -> 6 | U39: =U26+U15+U24+U27+U28+U29+U30 -> 0 | V39: =V26+V15+V24+V27+V28+V29+V30 -> 1 | W39: =W26+W15+W24+W27+W28+W29+W30 -> 12 | ... AL39: =AL26+AL15+AL24+AL27+AL28+AL29+AL30 -> 196 | AM39: =AM26+AM15+AM24 -> 0 | AN39: =AN26+AN15+AN24 -> 0 | AO39: =AO26+AO15+AO24 -> 0 | AP39: =AP26+AP15+AP24 -> 0 | AQ39: =AQ26+AQ15+AQ24 -> 0 | AR39: =AR26+AR15+AR24 -> 0 | AS39: =AS26+AS15+AS24 -> 0 | AT39: =AT26+AT15+AT24 -> 0 | ... MO39: =MO26+MO15+MO24 -> 0
A40: المتوسط الاساسي فقط | F40: =F31+SUM(F16:F20) -> 6 | G40: =G31+SUM(G16:G20) -> 0 | H40: =H31+SUM(H16:H20) -> 5 | I40: =I31+SUM(I16:I20) -> 1 | J40: =J31+SUM(J16:J20) -> 0 | K40: =K31+SUM(K16:K20) -> 6 | L40: =L31+SUM(L16:L20) -> 0 | M40: =M31+SUM(M16:M20) -> 5 | ... MO40: =MO31+SUM(MO16:MO20) -> 1

Sheet حضر
A1: المديرية العامة للتربية في محافظة النجف الاشرف | V1: هل المدرسة فتح جديد | IR1: اعضاء الهيئة التعليمية والتدريسية حسب العنوان الوظيفي | JP1: عدد اعضاء الهيئة التعليمية والتدريسية حسب العنوان الوظيفي والجنس
F2: نوع المدرسة | H2: جنس المدرسة | K2: بيئة المدرسة | M2: دوام المدرسة | P2: استقلالية المدرسة | R2: نوع الازدواج | X2: عدد التلامذة الجدد في الصف الاول الابتدائي | AM2: عدد الطلبة الجدد في الصف الاول متوسط ( السابع ) | AZ2: عدد التلامذة المسجلين في الاول الابتدائي | BO2: عدد التلامذة المسجلين في الثاني الابتدائي | CB2: عدد التلامذة المسجلين في الثالث الابتدائي | CO2: عدد التلامذة المسجلين في الصف الرابع الابتدائي | DB2: عدد التلامذة المسجلين في الصف الخامس الابتدائي | DO2: عدد التلامذة المسجلين في الصف السادس الابتدائي | EB2: مجموع المرحلة الابتدائية | FA2: عدد الطلبة المسجلين للصف الاول متوسط ( السابع ) | FN2: عدد الطلبة المسجلين للصف الثاني متوسط ( الثامن ) | GA2: عدد الطلبة المسجلين للصف الثالث متوسط ( التاسع ) | GN2: مجموع عدد الطلبة للتعليم المتوسط | HE2: عدد الشعب حسب الصف والجنس | KC2: الأبنية المدرسية | LM2: المكتبات المدرسية :- | LZ2: المختبرات المدرسية :-
A3: التعليم الاساسي والتكميلي | HE3: شعبــــــــــــــــــــــــــــ المرحلة الابتدائية | IA3: شعب المرحلة المتوسطة | IN3: المجموع الكلي | IR3: المرحلة الابتدائية | JC3: المرحلة المتوسطة | KC3: عدد الابنية المدرسية حسب :- | LE3: هل البناية مزودة بخدمة المجاري | LG3: هل ترتبط البناية بشبكة الماء الصالح للشرب | LI3: هل هناك سياج حول البناية | LK3: هل تتوفر في البناية مرافق صحية | LM3: هل توجد مكتبة | LO3: من المسؤول عن المكتبة | LT3: نوعية المكتبة | LW3: عدد الكتب في المكتبة | LY3: عدد الكتب الكلي | LZ3: هل يوجد مختبر :-
X4: عمر 5 | Z4: عمر 6 | AB4: عمر 7 | AD4: عمر 8 | AF4: عمر 9 | AH4: عمر 10 | AJ4: المجموع | AM4: عمر 12 | AO4: عمر 13 | AQ4: عمر 14 | AS4: عمر 15 | AU4: عمر 16 | AW4: المجموع | AZ4: عمر 5 | BB4: عمر 6 | BD4: عمر 7 | BF4: عمر 8 | BH4: عمر 9 | BJ4: عمر 10 | BL4: المجموع | BO4: عمر 7 | BQ4: عمر 8 | BS4: عمر 9 | BU4: عمر 10 | BW4: عمر 11 | BY4: المجموع | CB4: عمر 8 | CD4: عمر 9 | CF4: عمر 10 | CH4: عمر 11 | CJ4: عمر 12 | CL4: المجموع | CO4: عمر 9 | CQ4: عمر 10 | CS4: عمر 11 | CU4: عمر 12 | CW4: عمر 13 | CY4: المجموع | DB4: عمر 10 | DD4: عمر 11 | DF4: عمر 12 | DH4: عمر 13 | DJ4: عمر 14 | DL4: المجموع | DO4: عمر 11 | DQ4: عمر 12 | DS4: عمر 13 | DU4: عمر 14 | DW4: عمر 15 | DY4: المجموع | EB4: عمر 5 | ED4: عمر 6 | EF4: عمر 7 | EH4: عمر 8 | EJ4: عمر 9 | EL4: عمر 10 | EN4: عمر 11 | EP4: عمر 12 | ER4: عمر 13 | ET4: عمر 14 | EV4: عمر 15 | EX4: المجموع | FA4: 12سنة | FC4: 13سنة | FE4: 14سنة | FG4: 15سنة | FI4: 16سنة | FK4: المجموع | FN4: 13سنة | FP4: 14سنة | FR4: 15سنة | FT4: 16سنة | FV4: 17سنة | FX4: المجموع | GA4: 14سنة | GC4: 15سنة | GE4: 16سنة | GG4: 17سنة | GI4: 18سنة | GK4: المجموع | GN4: 12سنة | GP4: 13سنة | GR4: 14سنة | GT4: 15سنة | GV4: 16سنة | GX4: 17سنة | GZ4: 18سنة فأكثر | HB4: المجموع | HE4: الاول الابتدائي | HH4: الثاني الابتدائي | HK4: الثالث الابتدائي | HN4: الرابع الابتدائي | HQ4: الخامس الابتدائي | HT4: السادس الابتدائي | HW4: مجموع شعب الابتدائي | IA4: الاول متوسط ( السابع ) | ID4: الثاني متوسط ( الثامن ) | IG4: الثالث متوسط ( التاسع ) | IJ4: مجموع المرحلة المتوسطة | IR4: مدير | IT4: معاون | IV4: معلم | IX4: مرشد تربوي | IZ4: المجموع | JC4: مدير | JE4: معاون | JG4: مدرس | JI4: معلم | JK4: مرشد | JM4: المجموع | JP4: مدير | JR4: معاون | JT4: مدرس | JV4: معلم | JX4: مرشد تربوي | JZ4: المجموع | KC4: نوع البناء | KE4: عدد الطوابق | KH4: حجم المدرسة | KM4: عدد الغرف في البناية | KP4: العائدية | KS4: عدد المدارس التي تشغلها | KV4: الحالة العمرانية | KY4: مادة البناء | LZ4: هل يوجد مختبر | MB4: مختبر العلوم | MD4: مختبر الفيزياء | MF4: مختبر الكيمياء | MH4: مختبر الاحياء | MJ4: مجمع مختبرات | ML4: مختبرلغة | MN4: مختبر حاسوب
A5: القضاء | B5: الناحية | C5: ت | D5: الرقم الاحصائي | E5: اسم المدرسة | F5: اساسي | G5: تكميلي | H5: بنون | I5: بنات | J5: مختلط | K5: حضر | L5: ريف | M5: صباحا | N5: ظهرا | O5: صباحا وظهرا | P5: اصلية | Q5: ضيف | R5: غير مزدوجة | S5: مع نفسها | T5: مع اخرى | U5: مع نفسها ومع اخرى | V5: نعم | W5: كلا | X5: بنون | Y5: بنات | Z5: بنون | AA5: بنات | AB5: بنون | AC5: بنات | AD5: بنون | AE5: بنات | AF5: بنون | AG5: بنات | AH5: بنون | AI5: بنات | AJ5: بنون | AK5: بنات | AL5: المجموع | AM5: بنون | AN5: بنات | AO5: بنون | AP5: بنات | AQ5: بنون | AR5: بنات | AS5: بنون | AT5: بنات | AU5: بنون | AV5: بنات | AW5: بنون | AX5: بنات | AY5: المجموع | AZ5: بنون | BA5: بنات | BB5: بنون | BC5: بنات | BD5: بنون | BE5: بنات | BF5: بنون | BG5: بنات | BH5: بنون | BI5: بنات | BJ5: بنون | BK5: بنات | BL5: بنون | BM5: بنات | BN5: المجموع | BO5: بنون | BP5: بنات | BQ5: بنون | BR5: بنات | BS5: بنون | BT5: بنات | BU5: بنون | BV5: بنات | BW5: بنون | BX5: بنات | BY5: بنون | BZ5: بنات | CA5: المجموع | CB5: بنون | CC5: بنات | CD5: بنون | CE5: بنات | CF5: بنون | CG5: بنات | CH5: بنون | CI5: بنات | CJ5: بنون | CK5: بنات | CL5: بنون | CM5: بنات | CN5: المجموع | CO5: بنون | CP5: بنات | CQ5: بنون | CR5: بنات | CS5: بنون | CT5: بنات | CU5: بنون | CV5: بنات | CW5: بنون | CX5: بنات | CY5: بنون | CZ5: بنات | DA5: المجموع | DB5: بنون | DC5: بنات | DD5: بنون | DE5: بنات | DF5: بنون | DG5: بنات | DH5: بنون | DI5: بنات | DJ5: بنون | DK5: بنات | DL5: بنون | DM5: بنات | DN5: المجموع | DO5: بنون | DP5: بنات | DQ5: بنون | DR5: بنات | DS5: بنون | DT5: بنات | DU5: بنون | DV5: بنات | DW5: بنون | DX5: بنات | DY5: بنون | DZ5: بنات | EA5: المجموع | EB5: بنون | EC5: بنات | ED5: بنون | EE5: بنات | EF5: بنون | EG5: بنات | EH5: بنون | EI5: بنات | EJ5: بنون | EK5: بنات | EL5: بنون | EM5: بنات | EN5: بنون | EO5: بنات | EP5: بنون | EQ5: بنات | ER5: بنون | ES5: بنات | ET5: بنون | EU5: بنات | EV5: بنون | EW5: بنات | EX5: بنون | EY5: بنات | EZ5: المجموع | FA5: بنون | FB5: بنات | FC5: بنون | FD5: بنات | FE5: بنون | FF5: بنات | FG5: بنون | FH5: بنات | FI5: بنون | FJ5: بنات | FK5: بنون | FL5: بنات | FM5: المجموع | FN5: بنون | FO5: بنات | FP5: بنون | FQ5: بنات | FR5: بنون | FS5: بنات | FT5: بنون | FU5: بنات | FV5: بنون | FW5: بنات | FX5: بنون | FY5: بنات | FZ5: المجموع | GA5: بنون | GB5: بنات | GC5: بنون | GD5: بنات | GE5: بنون | GF5: بنات | GG5: بنون | GH5: بنات | GI5: بنون | GJ5: بنات | GK5: بنون | GL5: بنات | GM5: المجموع | GN5: بنون | GO5: بنات | GP5: بنون | GQ5: بنات | GR5: بنون | GS5: بنات | GT5: بنون | GU5: بنات | GV5: بنون | GW5: بنات | GX5: بنون | GY5: بنات | GZ5: بنون | HA5: بنات | HB5: بنون | HC5: بنات | HD5: المجموع | HE5: بنون | HF5: بنات | HG5: مختلط | HH5: بنون | HI5: بنات | HJ5: مختلط | HK5: بنون | HL5: بنات | HM5: مختلط | HN5: بنون | HO5: بنات | HP5: مختلط | HQ5: بنون | HR5: بنات | HS5: مختلط | HT5: بنون | HU5: بنات | HV5: مختلط | HW5: بنون | HX5: بنات | HY5: مختلط | HZ5: المجموع | IA5: بنون | IB5: بنات | IC5: مختلط | ID5: بنون | IE5: بنات | IF5: مختلط | IG5: بنون | IH5: بنات | II5: مختلط | IJ5: بنون | IK5: بنات | IL5: مختلط | IM5: المجموع | IN5: بنون | IO5: بنات | IP5: مختلط | IQ5: المجموع | IR5: ذكور | IS5: اناث | IT5: ذكور | IU5: اناث | IV5: ذكور | IW5: اناث | IX5: ذكور | IY5: اناث | IZ5: ذكور | JA5: اناث | JB5: المجموع | JC5: ذكور | JD5: اناث | JE5: ذكور | JF5: اناث | JG5: ذكور | JH5: اناث | JI5: ذكور | JJ5: اناث | JK5: ذكور | JL5: اناث | JM5: ذكور | JN5: اناث | JO5: المجموع | JP5: ذكور | JQ5: اناث | JR5: ذكور | JS5: اناث | JT5: ذكور | JU5: اناث | JV5: ذكور | JW5: اناث | JX5: ذكور | JY5: اناث | JZ5: ذكور | KA5: اناث | KB5: المجموع | KC5: مدرسي | KD5: غير مدرسي | KE5: طابق واحد | KF5: طابقين | KG5: ثلاث طوابق | KH5: 6صف | KI5: 9صف | KJ5: 12صف | KK5: 18صف | KL5: 24صف | KM5: عدد الصفوف | KN5: عدد الغرف الاخرى | KO5: المجموع | KP5: حكومية تابعة لوزارة التربية | KQ5: حكومية تابعة لجهات اخرى | KR5: مستأجرة | KS5: مدرسة واحدة | KT5: مدرستان | KU5: ثلاث مدارس | KV5: صالحة | KW5: بحاجة الى ترميم | KX5: غير صالحة | KY5: طابوق او حجر او بلوك | KZ5: طين اوصريفة | LA5: هياكل حديدية | LB5: كرفان | LC5: بناء جاهز | LD5: اخرى | LE5: نعم | LF5: كلا | LG5: نعم | LH5: كلا | LI5: نعم | LJ5: كلا | LK5: نعم | LL5: كلا | LM5: نعم | LN5: كلا | LO5: مدير | LP5: معاون | LQ5: معلم او مدرس | LR5: امين مكتبة | LS5: موظف ادارة | LT5: غرفة مستقلة | LU5: خزانة | LV5: رفوف | LW5: عدد الكتب | LX5: عدد القصص والمجلات | LZ5: نعم | MA5: كلا | MB5: نعم | MC5: كلا | MD5: نعم | ME5: كلا | MF5: نعم | MG5: كلا | MH5: نعم | MI5: كلا | MJ5: نعم | MK5: كلا | ML5: نعم | MM5: كلا | MN5: نعم | MO5: كلا
C14: مجموع الابتدائي | F14: =SUM(F6:F13) -> 0 | G14: =SUM(G6:G13) -> 0 | H14: =SUM(H6:H13) -> 0 | I14: =SUM(I6:I13) -> 0 | J14: =SUM(J6:J13) -> 0 | K14: =SUM(K6:K13) -> 0 | L14: =SUM(L6:L13) -> 0 | M14: =SUM(M6:M13) -> 0 | ... ND14: =SUM(ND6:ND13) -> 0
A21: مجموع مركز النجف | F21: =F14+SUM(F15:F20) -> 0 | G21: =G14+SUM(G15:G20) -> 0 | H21: =H14+SUM(H15:H20) -> 0 | I21: =I14+SUM(I15:I20) -> 0 | J21: =J14+SUM(J15:J20) -> 0 | K21: =K14+SUM(K15:K20) -> 0 | L21: =L14+SUM(L15:L20) -> 0 | M21: =M14+SUM(M15:M20) -> 0 | ... ND21: =ND14+SUM(ND15:ND20) -> 0
A25: مجموع مركز الكوفة | F25: =SUM(F22:F24) -> 0 | G25: =SUM(G22:G24) -> 0 | H25: =SUM(H22:H24) -> 0 | I25: =SUM(I22:I24) -> 0 | J25: =SUM(J22:J24) -> 0 | K25: =SUM(K22:K24) -> 0 | L25: =SUM(L22:L24) -> 0 | M25: =SUM(M22:M24) -> 0 | ... ND25: =SUM(ND22:ND24) -> 0
A29: مجموع مركز المناذرة | F29: =SUM(F26:F28) -> 0 | G29: =SUM(G26:G28) -> 0 | H29: =SUM(H26:H28) -> 0 | I29: =SUM(I26:I28) -> 0 | J29: =SUM(J26:J28) -> 0 | K29: =SUM(K26:K28) -> 0 | L29: =SUM(L26:L28) -> 0 | M29: =SUM(M26:M28) -> 0 | ... ND29: =SUM(ND26:ND28) -> 0
A30: المجموع الكلي للمحافظة | F30: =F29+F25+F21 -> 0 | G30: =G29+G25+G21 -> 0 | H30: =H29+H25+H21 -> 0 | I30: =I29+I25+I21 -> 0 | J30: =J29+J25+J21 -> 0 | K30: =K29+K25+K21 -> 0 | L30: =L29+L25+L21 -> 0 | M30: =M29+M25+M21 -> 0 | ... ND30: =ND29+ND25+ND21 -> 0

Sheet ريف
A1: المديرية العامة للتربية في محافظة النجف الاشرف | V1: هل المدرسة فتح جديد | IR1: اعضاء الهيئة التعليمية والتدريسية حسب العنوان الوظيفي | JP1: عدد اعضاء الهيئة التعليمية والتدريسية حسب العنوان الوظيفي والجنس
F2: نوع المدرسة | H2: جنس المدرسة | K2: بيئة المدرسة | M2: دوام المدرسة | P2: استقلالية المدرسة | R2: نوع الازدواج | X2: عدد التلامذة الجدد في الصف الاول الابتدائي | AM2: عدد الطلبة الجدد في الصف الاول متوسط ( السابع ) | AZ2: عدد التلامذة المسجلين في الاول الابتدائي | BO2: عدد التلامذة المسجلين في الثاني الابتدائي | CB2: عدد التلامذة المسجلين في الثالث الابتدائي | CO2: عدد التلامذة المسجلين في الصف الرابع الابتدائي | DB2: عدد التلامذة المسجلين في الصف الخامس الابتدائي | DO2: عدد التلامذة المسجلين في الصف السادس الابتدائي | EB2: مجموع المرحلة الابتدائية | FA2: عدد الطلبة المسجلين للصف الاول متوسط ( السابع ) | FN2: عدد الطلبة المسجلين للصف الثاني متوسط ( الثامن ) | GA2: عدد الطلبة المسجلين للصف الثالث متوسط ( التاسع ) | GN2: مجموع عدد الطلبة للتعليم المتوسط | HE2: عدد الشعب حسب الصف والجنس | KC2: الأبنية المدرسية | LM2: المكتبات المدرسية :- | LZ2: المختبرات المدرسية :-
A3: التعليم الاساسي والتكميلي | HE3: شعبــــــــــــــــــــــــــــ المرحلة الابتدائية | IA3: شعب المرحلة المتوسطة | IN3: المجموع الكلي | IR3: المرحلة الابتدائية | JC3: المرحلة المتوسطة | KC3: عدد الابنية المدرسية حسب :- | LE3: هل البناية مزودة بخدمة المجاري | LG3: هل ترتبط البناية بشبكة الماء الصالح للشرب | LI3: هل هناك سياج حول البناية | LK3: هل تتوفر في البناية مرافق صحية | LM3: هل توجد مكتبة | LO3: من المسؤول عن المكتبة | LT3: نوعية المكتبة | LW3: عدد الكتب في المكتبة | LY3: عدد الكتب الكلي | LZ3: هل يوجد مختبر :-
X4: عمر 5 | Z4: عمر 6 | AB4: عمر 7 | AD4: عمر 8 | AF4: عمر 9 | AH4: عمر 10 | AJ4: المجموع | AM4: عمر 12 | AO4: عمر 13 | AQ4: عمر 14 | AS4: عمر 15 | AU4: عمر 16 | AW4: المجموع | AZ4: عمر 5 | BB4: عمر 6 | BD4: عمر 7 | BF4: عمر 8 | BH4: عمر 9 | BJ4: عمر 10 | BL4: المجموع | BO4: عمر 7 | BQ4: عمر 8 | BS4: عمر 9 | BU4: عمر 10 | BW4: عمر 11 | BY4: المجموع | CB4: عمر 8 | CD4: عمر 9 | CF4: عمر 10 | CH4: عمر 11 | CJ4: عمر 12 | CL4: المجموع | CO4: عمر 9 | CQ4: عمر 10 | CS4: عمر 11 | CU4: عمر 12 | CW4: عمر 13 | CY4: المجموع | DB4: عمر 10 | DD4: عمر 11 | DF4: عمر 12 | DH4: عمر 13 | DJ4: عمر 14 | DL4: المجموع | DO4: عمر 11 | DQ4: عمر 12 | DS4: عمر 13 | DU4: عمر 14 | DW4: عمر 15 | DY4: المجموع | EB4: عمر 5 | ED4: عمر 6 | EF4: عمر 7 | EH4: عمر 8 | EJ4: عمر 9 | EL4: عمر 10 | EN4: عمر 11 | EP4: عمر 12 | ER4: عمر 13 | ET4: عمر 14 | EV4: عمر 15 | EX4: المجموع | FA4: 12سنة | FC4: 13سنة | FE4: 14سنة | FG4: 15سنة | FI4: 16سنة | FK4: المجموع | FN4: 13سنة | FP4: 14سنة | FR4: 15سنة | FT4: 16سنة | FV4: 17سنة | FX4: المجموع | GA4: 14سنة | GC4: 15سنة | GE4: 16سنة | GG4: 17سنة | GI4: 18سنة | GK4: المجموع | GN4: 12سنة | GP4: 13سنة | GR4: 14سنة | GT4: 15سنة | GV4: 16سنة | GX4: 17سنة | GZ4: 18سنة فأكثر | HB4: المجموع | HE4: الاول الابتدائي | HH4: الثاني الابتدائي | HK4: الثالث الابتدائي | HN4: الرابع الابتدائي | HQ4: الخامس الابتدائي | HT4: السادس الابتدائي | HW4: مجموع شعب الابتدائي | IA4: الاول متوسط ( السابع ) | ID4: الثاني متوسط ( الثامن ) | IG4: الثالث متوسط ( التاسع ) | IJ4: مجموع المرحلة المتوسطة | IR4: مدير | IT4: معاون | IV4: معلم | IX4: مرشد تربوي | IZ4: المجموع | JC4: مدير | JE4: معاون | JG4: مدرس | JI4: معلم | JK4: مرشد | JM4: المجموع | JP4: مدير | JR4: معاون | JT4: مدرس | JV4: معلم | JX4: مرشد تربوي | JZ4: المجموع | KC4: نوع البناء | KE4: عدد الطوابق | KH4: حجم المدرسة | KM4: عدد الغرف في البناية | KP4: العائدية | KS4: عدد المدارس التي تشغلها | KV4: الحالة العمرانية | KY4: مادة البناء | LZ4: هل يوجد مختبر | MB4: مختبر العلوم | MD4: مختبر الفيزياء | MF4: مختبر الكيمياء | MH4: مختبر الاحياء | MJ4: مجمع مختبرات | ML4: مختبرلغة | MN4: مختبر حاسوب
A5: القضاء | B5: الناحية | C5: ت | D5: الرقم الاحصائي | E5: اسم المدرسة | F5: اساسي | G5: تكميلي | H5: بنون | I5: بنات | J5: مختلط | K5: حضر | L5: ريف | M5: صباحا | N5: ظهرا | O5: صباحا وظهرا | P5: اصلية | Q5: ضيف | R5: غير مزدوجة | S5: مع نفسها | T5: مع اخرى | U5: مع نفسها ومع اخرى | V5: نعم | W5: كلا | X5: بنون | Y5: بنات | Z5: بنون | AA5: بنات | AB5: بنون | AC5: بنات | AD5: بنون | AE5: بنات | AF5: بنون | AG5: بنات | AH5: بنون | AI5: بنات | AJ5: بنون | AK5: بنات | AL5: المجموع | AM5: بنون | AN5: بنات | AO5: بنون | AP5: بنات | AQ5: بنون | AR5: بنات | AS5: بنون | AT5: بنات | AU5: بنون | AV5: بنات | AW5: بنون | AX5: بنات | AY5: المجموع | AZ5: بنون | BA5: بنات | BB5: بنون | BC5: بنات | BD5: بنون | BE5: بنات | BF5: بنون | BG5: بنات | BH5: بنون | BI5: بنات | BJ5: بنون | BK5: بنات | BL5: بنون | BM5: بنات | BN5: المجموع | BO5: بنون | BP5: بنات | BQ5: بنون | BR5: بنات | BS5: بنون | BT5: بنات | BU5: بنون | BV5: بنات | BW5: بنون | BX5: بنات | BY5: بنون | BZ5: بنات | CA5: المجموع | CB5: بنون | CC5: بنات | CD5: بنون | CE5: بنات | CF5: بنون | CG5: بنات | CH5: بنون | CI5: بنات | CJ5: بنون | CK5: بنات | CL5: بنون | CM5: بنات | CN5: المجموع | CO5: بنون | CP5: بنات | CQ5: بنون | CR5: بنات | CS5: بنون | CT5: بنات | CU5: بنون | CV5: بنات | CW5: بنون | CX5: بنات | CY5: بنون | CZ5: بنات | DA5: المجموع | DB5: بنون | DC5: بنات | DD5: بنون | DE5: بنات | DF5: بنون | DG5: بنات | DH5: بنون | DI5: بنات | DJ5: بنون | DK5: بنات | DL5: بنون | DM5: بنات | DN5: المجموع | DO5: بنون | DP5: بنات | DQ5: بنون | DR5: بنات | DS5: بنون | DT5: بنات | DU5: بنون | DV5: بنات | DW5: بنون | DX5: بنات | DY5: بنون | DZ5: بنات | EA5: المجموع | EB5: بنون | EC5: بنات | ED5: بنون | EE5: بنات | EF5: بنون | EG5: بنات | EH5: بنون | EI5: بنات | EJ5: بنون | EK5: بنات | EL5: بنون | EM5: بنات | EN5: بنون | EO5: بنات | EP5: بنون | EQ5: بنات | ER5: بنون | ES5: بنات | ET5: بنون | EU5: بنات | EV5: بنون | EW5: بنات | EX5: بنون | EY5: بنات | EZ5: المجموع | FA5: بنون | FB5: بنات | FC5: بنون | FD5: بنات | FE5: بنون | FF5: بنات | FG5: بنون | FH5: بنات | FI5: بنون | FJ5: بنات | FK5: بنون | FL5: بنات | FM5: المجموع | FN5: بنون | FO5: بنات | FP5: بنون | FQ5: بنات | FR5: بنون | FS5: بنات | FT5: بنون | FU5: بنات | FV5: بنون | FW5: بنات | FX5: بنون | FY5: بنات | FZ5: المجموع | GA5: بنون | GB5: بنات | GC5: بنون | GD5: بنات | GE5: بنون | GF5: بنات | GG5: بنون | GH5: بنات | GI5: بنون | GJ5: بنات | GK5: بنون | GL5: بنات | GM5: المجموع | GN5: بنون | GO5: بنات | GP5: بنون | GQ5: بنات | GR5: بنون | GS5: بنات | GT5: بنون | GU5: بنات | GV5: بنون | GW5: بنات | GX5: بنون | GY5: بنات | GZ5: بنون | HA5: بنات | HB5: بنون | HC5: بنات | HD5: المجموع | HE5: بنون | HF5: بنات | HG5: مختلط | HH5: بنون | HI5: بنات | HJ5: مختلط | HK5: بنون | HL5: بنات | HM5: مختلط | HN5: بنون | HO5: بنات | HP5: مختلط | HQ5: بنون | HR5: بنات | HS5: مختلط | HT5: بنون | HU5: بنات | HV5: مختلط | HW5: بنون | HX5: بنات | HY5: مختلط | HZ5: المجموع | IA5: بنون | IB5: بنات | IC5: مختلط | ID5: بنون | IE5: بنات | IF5: مختلط | IG5: بنون | IH5: بنات | II5: مختلط | IJ5: بنون | IK5: بنات | IL5: مختلط | IM5: المجموع | IN5: بنون | IO5: بنات | IP5: مختلط | IQ5: المجموع | IR5: ذكور | IS5: اناث | IT5: ذكور | IU5: اناث | IV5: ذكور | IW5: اناث | IX5: ذكور | IY5: اناث | IZ5: ذكور | JA5: اناث | JB5: المجموع | JC5: ذكور | JD5: اناث | JE5: ذكور | JF5: اناث | JG5: ذكور | JH5: اناث | JI5: ذكور | JJ5: اناث | JK5: ذكور | JL5: اناث | JM5: ذكور | JN5: اناث | JO5: المجموع | JP5: ذكور | JQ5: اناث | JR5: ذكور | JS5: اناث | JT5: ذكور | JU5: اناث | JV5: ذكور | JW5: اناث | JX5: ذكور | JY5: اناث | JZ5: ذكور | KA5: اناث | KB5: المجموع | KC5: مدرسي | KD5: غير مدرسي | KE5: طابق واحد | KF5: طابقين | KG5: ثلاث طوابق | KH5: 6صف | KI5: 9صف | KJ5: 12صف | KK5: 18صف | KL5: 24صف | KM5: عدد الصفوف | KN5: عدد الغرف الاخرى | KO5: المجموع | KP5: حكومية تابعة لوزارة التربية | KQ5: حكومية تابعة لجهات اخرى | KR5: مستأجرة | KS5: مدرسة واحدة | KT5: مدرستان | KU5: ثلاث مدارس | KV5: صالحة | KW5: بحاجة الى ترميم | KX5: غير صالحة | KY5: طابوق او حجر او بلوك | KZ5: طين اوصريفة | LA5: هياكل حديدية | LB5: كرفان | LC5: بناء جاهز | LD5: اخرى | LE5: نعم | LF5: كلا | LG5: نعم | LH5: كلا | LI5: نعم | LJ5: كلا | LK5: نعم | LL5: كلا | LM5: نعم | LN5: كلا | LO5: مدير | LP5: معاون | LQ5: معلم او مدرس | LR5: امين مكتبة | LS5: موظف ادارة | LT5: غرفة مستقلة | LU5: خزانة | LV5: رفوف | LW5: عدد الكتب | LX5: عدد القصص والمجلات | LZ5: نعم | MA5: كلا | MB5: نعم | MC5: كلا | MD5: نعم | ME5: كلا | MF5: نعم | MG5: كلا | MH5: نعم | MI5: كلا | MJ5: نعم | MK5: كلا | ML5: نعم | MM5: كلا | MN5: نعم | MO5: كلا
A9: مجموع مركز النجف | F9: =SUM(F6:F8) -> 0 | G9: =SUM(G6:G8) -> 0 | H9: =SUM(H6:H8) -> 0 | I9: =SUM(I6:I8) -> 0 | J9: =SUM(J6:J8) -> 0 | K9: =SUM(K6:K8) -> 0 | L9: =SUM(L6:L8) -> 0 | M9: =SUM(M6:M8) -> 0 | ... ND9: =SUM(ND6:ND8) -> 0
A14: مجموع مركز الكوفة | F14: =SUM(F10:F13) -> 0 | G14: =SUM(G10:G13) -> 0 | H14: =SUM(H10:H13) -> 0 | I14: =SUM(I10:I13) -> 0 | J14: =SUM(J10:J13) -> 0 | K14: =SUM(K10:K13) -> 0 | L14: =SUM(L10:L13) -> 0 | M14: =SUM(M10:M13) -> 0 | ... ND14: =SUM(ND10:ND13) -> 0
A17: مجموع مركز المناذرة | F17: =SUM(F15:F16) -> 0 | G17: =SUM(G15:G16) -> 0 | H17: =SUM(H15:H16) -> 0 | I17: =SUM(I15:I16) -> 0 | J17: =SUM(J15:J16) -> 0 | K17: =SUM(K15:K16) -> 0 | L17: =SUM(L15:L16) -> 0 | M17: =SUM(M15:M16) -> 0 | ... ND17: =SUM(ND15:ND16) -> 0
A18: المجموع الكلي للمحافظة | F18: =F17+F14+F9 -> 0 | G18: =G17+G14+G9 -> 0 | H18: =H17+H14+H9 -> 0 | I18: =I17+I14+I9 -> 0 | J18: =J17+J14+J9 -> 0 | K18: =K17+K14+K9 -> 0 | L18: =L17+L14+L9 -> 0 | M18: =M17+M14+M9 -> 0 | ... ND18: =ND17+ND14+ND9 -> 0

Sheet المحافظة الاساسي
B1: المديرية العامة للتربية في محافظة النجف الاشرف | T1: جداول التعليم الاساسي
B2: قسم التخطيط التربوي | T2: محافظة النجف الاشرف
L3: جدول رقم ((1))
D4: عدد المدارس والتلاميذ والطلبة الموجودين وعدد اعضاء الهيئة التعليمية والتدريسية واستقلالية المدرسة ومدارس الفتح الجديد للعام الدراسي 2026/2025
B6: درجة | C6: عدد المدارس | G6: عدد التلاميذ المقبولين الجدد في الصف الاول الابتدائي | J6: عدد الطلبة الجدد المقبولين في الصف الاول المتوسط | M6: عدد التلامذة الموجودين في المرحلة الابتدائية | P6: عدد التلامذة الموجودين في المرحلة المتوسطة | S6: عدد اعضاء الهيئة التعليمية | V6: عدد اعضاء الهيئة التدريسية | Y6: استقلالية المدرسة
B7: المدرسة | C7: بنون | D7: بنات | E7: مختلطة | F7: مجموع | G7: بنون | H7: بنات | I7: مجموع | J7: بنين | K7: بنات | L7: مجموع | M7: بنين | N7: بنات | O7: مجموع | P7: بنين | Q7: بنات | R7: مجموع | S7: ذكور | T7: اناث | U7: المجموع | V7: ذكور | W7: اناث | X7: المجموع | Y7: اصلية | Z7: ضيف
B8: حضر | C8: =حضر!H30 -> 0 | D8: =حضر!I30 -> 0 | E8: =حضر!J30 -> 0 | F8: =SUM(C8:E8) -> 0 | G8: =حضر!AJ30 -> 0 | H8: =حضر!AK30 -> 0 | I8: =SUM(G8:H8) -> 0 | J8: =حضر!AW30 -> 0 | K8: =حضر!AX30 -> 0 | L8: =SUM(J8:K8) -> 0 | M8: =حضر!EX30 -> 0 | N8: =حضر!EY30 -> 0 | O8: =SUM(M8:N8) -> 0 | P8: =حضر!HB30 -> 0 | Q8: =حضر!HC30 -> 0 | R8: =SUM(P8:Q8) -> 0 | S8: =حضر!IZ30 -> 0 | T8: =حضر!JA30 -> 0 | U8: =SUM(S8:T8) -> 0 | V8: =حضر!JM30 -> 0 | W8: =حضر!JN30 -> 0 | X8: =SUM(V8:W8) -> 0 | Y8: =حضر!P30 -> 0 | Z8: =حضر!Q30 -> 0
B9: ريف | C9: =ريف!H18 -> 0 | D9: =ريف!I18 -> 0 | E9: =ريف!J18 -> 0 | F9: =SUM(C9:E9) -> 0 | G9: =ريف!AJ18 -> 0 | H9: =ريف!AK18 -> 0 | I9: =SUM(G9:H9) -> 0 | J9: =ريف!AW18 -> 0 | K9: =ريف!AX18 -> 0 | L9: =SUM(J9:K9) -> 0 | M9: =ريف!EX18 -> 0 | N9: =ريف!EY18 -> 0 | O9: =SUM(M9:N9) -> 0 | P9: =ريف!HB18 -> 0 | Q9: =ريف!HC18 -> 0 | R9: =SUM(P9:Q9) -> 0 | S9: =ريف!IZ18 -> 0 | T9: =ريف!JA18 -> 0 | U9: =SUM(S9:T9) -> 0 | V9: =ريف!JM18 -> 0 | W9: =ريف!JN18 -> 0 | X9: =SUM(V9:W9) -> 0 | Y9: =ريف!P18 -> 0 | Z9: =ريف!Q18 -> 0
B10: المجموع | C10: =SUM(C8:C9) -> 0 | D10: =SUM(D8:D9) -> 0 | E10: =SUM(E8:E9) -> 0 | F10: =SUM(F8:F9) -> 0 | G10: =SUM(G8:G9) -> 0 | H10: =SUM(H8:H9) -> 0 | I10: =SUM(I8:I9) -> 0 | J10: =SUM(J8:J9) -> 0 | ... Z10: =SUM(Z8:Z9) -> 0
N12: جدول رقم (2)
J13: عدد الشعب للعام الدراسي 2026/2025 حسب الصف والجنس ( الصباحي والمسائي )
I15: عدد الشعب حسب الصف والجنس للعام الدراسي 2026/2025
J16: الجنس | K16: بنين | M16: بنات | O16: مختلط | Q16: المجموع
I17: الصف
I18: الاول | K18: ='مدارس التعليم الاساسية'!HE37 -> 6 | M18: ='مدارس التعليم الاساسية'!HF37 -> 2 | O18: ='مدارس التعليم الاساسية'!HG37 -> 0 | Q18: =SUM(K18:P18) -> 8
I19: الثاني | K19: ='مدارس التعليم الاساسية'!HH37 -> 5 | M19: ='مدارس التعليم الاساسية'!HI37 -> 2 | O19: ='مدارس التعليم الاساسية'!HJ37 -> 0 | Q19: =SUM(K19:P19) -> 7
I20: الثالث | K20: ='مدارس التعليم الاساسية'!HK37 -> 5 | M20: ='مدارس التعليم الاساسية'!HL37 -> 2 | O20: ='مدارس التعليم الاساسية'!HM37 -> 0 | Q20: =SUM(K20:P20) -> 7
I21: الرابع | K21: ='مدارس التعليم الاساسية'!HN37 -> 5 | M21: ='مدارس التعليم الاساسية'!HO37 -> 1 | O21: ='مدارس التعليم الاساسية'!HP37 -> 0 | Q21: =SUM(K21:P21) -> 6
I22: الخامس | K22: ='مدارس التعليم الاساسية'!HQ37 -> 6 | M22: ='مدارس التعليم الاساسية'!HR37 -> 2 | O22: ='مدارس التعليم الاساسية'!HS37 -> 0 | Q22: =SUM(K22:P22) -> 8
I23: السادس | K23: ='مدارس التعليم الاساسية'!HT37 -> 6 | M23: ='مدارس التعليم الاساسية'!HU37 -> 2 | O23: ='مدارس التعليم الاساسية'!HV37 -> 0 | Q23: =SUM(K23:P23) -> 8
I24: المجموع | K24: =SUM(K18:L23) -> 33 | M24: =SUM(M18:N23) -> 11 | O24: =SUM(O18:P23) -> 0 | Q24: =SUM(Q18:R23) -> 44
I25: السابع | K25: ='مدارس التعليم الاساسية'!IA37 -> 0 | M25: ='مدارس التعليم الاساسية'!IB37 -> 0 | O25: ='مدارس التعليم الاساسية'!IC37 -> 0 | Q25: =SUM(K25:P25) -> 0
I26: الثامن | K26: ='مدارس التعليم الاساسية'!ID37 -> 0 | M26: ='مدارس التعليم الاساسية'!IE37 -> 0 | O26: ='مدارس التعليم الاساسية'!IF37 -> 0 | Q26: =SUM(K26:P26) -> 0
I27: التاسع | K27: ='مدارس التعليم الاساسية'!IG37 -> 0 | M27: ='مدارس التعليم الاساسية'!IH37 -> 0 | O27: ='مدارس التعليم الاساسية'!II37 -> 0 | Q27: =SUM(K27:P27) -> 0
I28: المجموع | K28: =SUM(K25:L27) -> 0 | M28: =SUM(M25:N27) -> 0 | O28: =SUM(O25:P27) -> 0 | Q28: =SUM(Q25:R27) -> 0
B31: المديرية العامة للتربية في محافظة النجف الاشرف | T31: جداول التعليم الاساسي
B32: قسم التخطيط التربوي | T32: محافظة النجف الاشرف
K33: جدول رقم (10)
F34: عدد الابنية المدرسية وعدد المكتبات المدرسية للعام الدراسي 2026/2025
D36: عدد الابنية حسب العائدية | G36: عدد الابنية التي تشغلها | J36: عدد الابنية حسب الحالة العمرانية | N36: عدد الابنية حسب | P36: عدد الابنية حسب مادة البناء | V36: المجموع الكلي للأبنية | W36: المكتبات المدرسية
D37: حكومية | F37: مستأجرة | G37: مدرسة | H37: مدرستان | I37: ثلاث مدارس | J37: صالحة | K37: بحاجة الى ترميم | M37: غير صالحة | N37: نوع البناء | P37: طابوق او | Q37: طين او صريفة | R37: هياكل حديدية | S37: كرفان | T37: بناء | U37: آخرى | W37: عدد المكتبات | X37: عدد الكتب
D38: للتربية | E38: لجهات اخرى | N38: مدرسي | O38: غير مدرسي | P38: حجر | T38: جاهز
D39: ='مدارس التعليم الاساسية'!KP37 -> 0 | E39: ='مدارس التعليم الاساسية'!KQ37 -> 15 | F39: 0 | G39: ='مدارس التعليم الاساسية'!KS37 -> 10 | H39: ='مدارس التعليم الاساسية'!KT37 -> 4 | I39: ='مدارس التعليم الاساسية'!KU37 -> 1 | J39: ='مدارس التعليم الاساسية'!KV37 -> 12 | K39: ='مدارس التعليم الاساسية'!KW37 -> 2 | M39: ='مدارس التعليم الاساسية'!KX37 -> 1 | N39: ='مدارس التعليم الاساسية'!KC37 -> 15 | O39: ='مدارس التعليم الاساسية'!KD37 -> 0 | P39: ='مدارس التعليم الاساسية'!KY37 -> 15 | Q39: ='مدارس التعليم الاساسية'!KZ37 -> 0 | R39: ='مدارس التعليم الاساسية'!LA37 -> 0 | S39: ='مدارس التعليم الاساسية'!LB37 -> 0 | T39: ='مدارس التعليم الاساسية'!LC37 -> 0 | U39: ='مدارس التعليم الاساسية'!LD37 -> 0 | V39: =SUM(P39:U39) -> 15 | W39: ='مدارس التعليم الاساسية'!LM37 -> 13 | X39: ='مدارس التعليم الاساسية'!LY37 -> 8341
H41: عدد الابنية المدرسية حسب عدد الطوابق وعدد الصفوف للعام الدراسي 2026/2025
D42: عدد الابنية حسب عدد الطوابق | L42: عدد الابنية حسب عدد الصفوف
D43: طابق | F43: طابقين | H43: ثلاثة | J43: المجموع | L43: 6صف | N43: 9صف | P43: 12صف | R43: 18صف | T43: 24صف | V43: المجموع
D44: ='مدارس التعليم الاساسية'!KE37 -> 2 | F44: ='مدارس التعليم الاساسية'!KF37 -> 12 | H44: ='مدارس التعليم الاساسية'!KG37 -> 1 | J44: =H44+F44+D44 -> 15 | L44: ='مدارس التعليم الاساسية'!KH37 -> 0 | N44: ='مدارس التعليم الاساسية'!KI37 -> 1 | P44: ='مدارس التعليم الاساسية'!KJ37 -> 8 | R44: ='مدارس التعليم الاساسية'!KK37 -> 5 | T44: ='مدارس التعليم الاساسية'!KL37 -> 1 | V44: =T44+R44+P44+N44+L44 -> 15
M45: جدول رقم (6)
J46: التعليم الاساسي ( عدد المختبرات المدرسية في مرحلة المتوسطة ) للعام الدراسي 2026/2025
F48: هل يوجد مختبر | H48: مختبر علوم | J48: مختبر الفيزياء | L48: مختبر الكيمياء | N48: مختبر الأحياء | P48: مجمع مختبرات | R48: مختبر لغة | T48: مختبر حاسوب | V48: المجموع
F49: نعم | G49: كلا
F50: ='مدارس التعليم الاساسية'!LZ37 -> 7 | G50: ='مدارس التعليم الاساسية'!MA37 -> 12 | H50: ='مدارس التعليم الاساسية'!MB37 -> 0 | J50: ='مدارس التعليم الاساسية'!MD37 -> 6 | L50: ='مدارس التعليم الاساسية'!MF37 -> 7 | N50: ='مدارس التعليم الاساسية'!MH37 -> 6 | P50: ='مدارس التعليم الاساسية'!MJ37 -> 0 | R50: ='مدارس التعليم الاساسية'!ML37 -> 0 | T50: ='مدارس التعليم الاساسية'!MN37 -> 5 | V50: =SUM(H50:U50) -> 24

Sheet قضاء النجف
B1: المديرية العامة للتربية في محافظة النجف الاشرف | V1: جداول التعليم الاساسي والتكميلي
B2: قسم التخطيط التربوي | V2: قضاء النجف
L3: جدول رقم ((1))
D4: عدد المدارس والتلاميذ والطلبة الموجودين وعدد اعضاء الهيئة التعليمية والتدريسية واستقلالية المدرسة ومدارس الفتح الجديد للعام الدراسي 2026/2025
B6: درجة | C6: عدد المدارس | G6: عدد التلاميذ المقبولين الجدد في الصف الاول الابتدائي | J6: عدد الطلبة الجدد المقبولين في الصف الاول المتوسط | M6: عدد التلامذة الموجودين في المرحلة الابتدائية | P6: عدد التلامذة الموجودين في المرحلة المتوسطة | S6: عدد اعضاء الهيئة التعليمية | V6: عدد اعضاء الهيئة التدريسية | Y6: استقلالية المدرسة
B7: المدرسة | C7: بنون | D7: بنات | E7: مختلطة | F7: مجموع | G7: بنون | H7: بنات | I7: مجموع | J7: بنين | K7: بنات | L7: مجموع | M7: بنين | N7: بنات | O7: مجموع | P7: بنين | Q7: بنات | R7: مجموع | S7: ذكور | T7: اناث | U7: المجموع | V7: ذكور | W7: اناث | X7: المجموع | Y7: اصلية | Z7: ضيف
B8: حضر | C8: =حضر!H21 -> 0 | D8: =حضر!I21 -> 0 | E8: =حضر!J21 -> 0 | F8: =SUM(C8:E8) -> 0 | G8: =حضر!AJ21 -> 0 | H8: =حضر!AK21 -> 0 | I8: =SUM(G8:H8) -> 0 | J8: =حضر!AW21 -> 0 | K8: =حضر!AX21 -> 0 | L8: =SUM(J8:K8) -> 0 | M8: =حضر!EX21 -> 0 | N8: =حضر!EY21 -> 0 | O8: =SUM(M8:N8) -> 0 | P8: =حضر!HB21 -> 0 | Q8: =حضر!HC21 -> 0 | R8: =SUM(P8:Q8) -> 0 | S8: =حضر!IZ21 -> 0 | T8: =حضر!JA21 -> 0 | U8: =SUM(S8:T8) -> 0 | V8: =حضر!JM21 -> 0 | W8: =حضر!JN21 -> 0 | X8: =SUM(V8:W8) -> 0 | Y8: =حضر!P21 -> 0 | Z8: =حضر!Q21 -> 0
B9: ريف | C9: =ريف!H9 -> 0 | D9: =ريف!I9 -> 0 | E9: =ريف!J9 -> 0 | F9: =SUM(C9:E9) -> 0 | G9: =ريف!AJ9 -> 0 | H9: =ريف!AK9 -> 0 | I9: =SUM(G9:H9) -> 0 | J9: =ريف!AW9 -> 0 | K9: =ريف!AX9 -> 0 | L9: =SUM(J9:K9) -> 0 | M9: =ريف!EX9 -> 0 | N9: =ريف!EY9 -> 0 | O9: =SUM(M9:N9) -> 0 | P9: =ريف!HB9 -> 0 | Q9: =ريف!HC9 -> 0 | R9: =SUM(P9:Q9) -> 0 | S9: =ريف!IZ9 -> 0 | T9: =ريف!JA9 -> 0 | U9: =SUM(S9:T9) -> 0 | V9: =ريف!JM9 -> 0 | W9: =ريف!JN9 -> 0 | X9: =SUM(V9:W9) -> 0 | Y9: =ريف!P9 -> 0 | Z9: =ريف!Q9 -> 0
B10: المجموع | C10: =SUM(C8:C9) -> 0 | D10: =SUM(D8:D9) -> 0 | E10: =SUM(E8:E9) -> 0 | F10: =SUM(F8:F9) -> 0 | G10: =SUM(G8:G9) -> 0 | H10: =SUM(H8:H9) -> 0 | I10: =SUM(I8:I9) -> 0 | J10: =SUM(J8:J9) -> 0 | ... Z10: =SUM(Z8:Z9) -> 0
L12: جدول رقم (2)
J13: عدد الشعب للعام الدراسي 2026/2025 حسب الصف والجنس
I15: عدد الشعب حسب الصف والجنس للعام الدراسي 2026/2025
J16: الجنس | K16: بنين | M16: بنات | O16: مختلط | Q16: المجموع
I17: الصف
I18: الاول | K18: ='مدارس التعليم الاساسية'!HE25 -> 6 | M18: ='مدارس التعليم الاساسية'!HF25 -> 2 | O18: ='مدارس التعليم الاساسية'!HG25 -> 0 | Q18: =SUM(K18:P18) -> 8
I19: الثاني | K19: ='مدارس التعليم الاساسية'!HH25 -> 5 | M19: ='مدارس التعليم الاساسية'!HI25 -> 2 | O19: ='مدارس التعليم الاساسية'!HJ25 -> 0 | Q19: =SUM(K19:P19) -> 7
I20: الثالث | K20: ='مدارس التعليم الاساسية'!HK25 -> 5 | M20: ='مدارس التعليم الاساسية'!HL25 -> 2 | O20: ='مدارس التعليم الاساسية'!HM25 -> 0 | Q20: =SUM(K20:P20) -> 7
I21: الرابع | K21: ='مدارس التعليم الاساسية'!HN25 -> 5 | M21: ='مدارس التعليم الاساسية'!HO25 -> 1 | O21: ='مدارس التعليم الاساسية'!HP25 -> 0 | Q21: =SUM(K21:P21) -> 6
I22: الخامس | K22: ='مدارس التعليم الاساسية'!HQ25 -> 6 | M22: ='مدارس التعليم الاساسية'!HR25 -> 2 | O22: ='مدارس التعليم الاساسية'!HS25 -> 0 | Q22: =SUM(K22:P22) -> 8
I23: السادس | K23: ='مدارس التعليم الاساسية'!HT25 -> 6 | M23: ='مدارس التعليم الاساسية'!HU25 -> 2 | O23: ='مدارس التعليم الاساسية'!HV25 -> 0 | Q23: =SUM(K23:P23) -> 8
I24: المجموع | K24: =SUM(K18:K23) -> 33 | M24: =SUM(M18:M23) -> 11 | O24: =SUM(O18:O23) -> 0 | Q24: =SUM(K24:P24) -> 44
I25: السابع | K25: ='مدارس التعليم الاساسية'!IA25 -> 0 | M25: ='مدارس التعليم الاساسية'!IB25 -> 0 | O25: ='مدارس التعليم الاساسية'!IC25 -> 0 | Q25: =SUM(K25:P25) -> 0
I26: الثامن | K26: ='مدارس التعليم الاساسية'!ID25 -> 0 | M26: ='مدارس التعليم الاساسية'!IE25 -> 0 | O26: ='مدارس التعليم الاساسية'!IF25 -> 0 | Q26: =SUM(K26:P26) -> 0
I27: التاسع | K27: ='مدارس التعليم الاساسية'!IG25 -> 0 | M27: ='مدارس التعليم الاساسية'!IH25 -> 0 | O27: ='مدارس التعليم الاساسية'!II25 -> 0 | Q27: =SUM(K27:P27) -> 0
I28: المجموع | K28: =SUM(K25:L27) -> 0 | M28: =SUM(M25:N27) -> 0 | O28: =SUM(O25:P27) -> 0 | Q28: =SUM(K28:P28) -> 0
B30: المديرية العامة للتربية في محافظة النجف الاشرف | U30: جداول التعليم الاساسي والتكميلي
B31: قسم التخطيط التربوي | W31: قضاء النجف
K32: جدول رقم (10)
F33: عدد الابنية المدرسية وعدد المكتبات المدرسية للعام الدراسي 2026/2025
C35: عدد الابنية حسب العائدية | F35: عدد الابنية التي تشغلها | I35: عدد الابنية حسب الحالة العمرانية | M35: عدد الابنية حسب | O35: عدد الابنية حسب مادة البناء | U35: المجموع الكلي للأبنية | V35: المكتبات المدرسية
C36: حكومية | E36: مستأجرة | F36: مدرسة | G36: مدرستان | H36: ثلاث مدارس | I36: صالحة | J36: بحاجة الى ترميم | L36: غير صالحة | M36: نوع البناء | O36: طابوق او | P36: طين او صريفة | Q36: هياكل حديدية | R36: كرفان | S36: بناء | T36: آخرى | V36: عدد المكتبات | W36: عدد الكتب
C37: للتربية | D37: لجهات اخرى | M37: مدرسي | N37: غير مدرسي | O37: حجر | S37: جاهز
C38: ='مدارس التعليم الاساسية'!KP25 -> 0 | D38: ='مدارس التعليم الاساسية'!KQ25 -> 12 | E38: 0 | F38: ='مدارس التعليم الاساسية'!KS25 -> 10 | G38: ='مدارس التعليم الاساسية'!KT25 -> 2 | H38: ='مدارس التعليم الاساسية'!KU25 -> 0 | I38: ='مدارس التعليم الاساسية'!KV25 -> 9 | J38: ='مدارس التعليم الاساسية'!KW25 -> 2 | L38: ='مدارس التعليم الاساسية'!KX25 -> 1 | M38: ='مدارس التعليم الاساسية'!KC25 -> 12 | N38: ='مدارس التعليم الاساسية'!KD25 -> 0 | O38: ='مدارس التعليم الاساسية'!KY25 -> 12 | P38: ='مدارس التعليم الاساسية'!KZ25 -> 0 | Q38: ='مدارس التعليم الاساسية'!LA25 -> 0 | R38: ='مدارس التعليم الاساسية'!LB25 -> 0 | S38: ='مدارس التعليم الاساسية'!LC25 -> 0 | T38: ='مدارس التعليم الاساسية'!LD25 -> 0 | U38: ='مدارس التعليم الاساسية'!P25 -> 12 | V38: ='مدارس التعليم الاساسية'!LM25 -> 11 | W38: ='مدارس التعليم الاساسية'!LY25 -> 6684
G40: عدد الابنية المدرسية حسب عدد الطوابق وعدد الصفوف للعام الدراسي 2026/2025
C41: عدد الابنية حسب عدد الطوابق | K41: عدد الابنية حسب عدد الصفوف
C42: طابق | E42: طابقين | G42: ثلاثة | I42: المجموع | K42: 6صف | M42: 9صف | O42: 12صف | Q42: 18صف | S42: 24صف | U42: المجموع
C43: ='مدارس التعليم الاساسية'!KE25 -> 2 | E43: ='مدارس التعليم الاساسية'!KF25 -> 10 | G43: ='مدارس التعليم الاساسية'!KG25 -> 0 | I43: =G43+E43+C43 -> 12 | K43: ='مدارس التعليم الاساسية'!KH25 -> 0 | M43: ='مدارس التعليم الاساسية'!KI25 -> 1 | O43: ='مدارس التعليم الاساسية'!KJ25 -> 6 | Q43: ='مدارس التعليم الاساسية'!KK25 -> 4 | S43: ='مدارس التعليم الاساسية'!KL25 -> 1 | U43: =S43+Q43+O43+M43+K43 -> 12
Q44: جدول رقم (6)
N45: التعليم الاساسي ( عدد المختبرات المدرسية في مرحلة المتوسطة ) للعام الدراسي 2026/2025
G47: هل يوجد مختبر | I47: مختبر علوم | K47: مختبر الفيزياء | M47: مختبر الكيمياء | O47: مختبر الأحياء | Q47: مجمع مختبرات | S47: مختبر لغة | U47: مختبر حاسوب | W47: المجموع
G48: ='مدارس التعليم الاساسية'!LZ25 -> 5 | I48: ='مدارس التعليم الاساسية'!MB25 -> 0 | K48: ='مدارس التعليم الاساسية'!MD25 -> 5 | M48: ='مدارس التعليم الاساسية'!MF25 -> 5 | O48: ='مدارس التعليم الاساسية'!MH25 -> 5 | Q48: ='مدارس التعليم الاساسية'!MJ25 -> 0 | S48: ='مدارس التعليم الاساسية'!ML25 -> 0 | U48: ='مدارس التعليم الاساسية'!MN25 -> 4 | W48: =SUM(I48:V48) -> 19

Sheet قضاء الكوفة
B1: المديرية العامة للتربية في محافظة النجف الاشرف
B2: قسم التخطيط التربوي | W2: جداول التعليم الاساسي والتكميلي
L3: جدول رقم ((1)) | W3: قضاء الكوفة
D4: عدد المدارس والتلاميذ والطلبة الموجودين وعدد اعضاء الهيئة التعليمية والتدريسية واستقلالية المدرسة ومدارس الفتح الجديد للعام الدراسي 2026/2025
B6: درجة | C6: عدد المدارس | G6: عدد التلاميذ المقبولين الجدد في الصف الاول الابتدائي | J6: عدد الطلبة الجدد المقبولين في الصف الاول المتوسط | M6: عدد التلامذة الموجودين في المرحلة الابتدائية | P6: عدد التلامذة الموجودين في المرحلة المتوسطة | S6: عدد اعضاء الهيئة التعليمية | V6: عدد اعضاء الهيئة التدريسية | Y6: استقلالية المدرسة
B7: المدرسة | C7: بنون | D7: بنات | E7: مختلطة | F7: مجموع | G7: بنون | H7: بنات | I7: مجموع | J7: بنين | K7: بنات | L7: مجموع | M7: بنين | N7: بنات | O7: مجموع | P7: بنين | Q7: بنات | R7: مجموع | S7: ذكور | T7: اناث | U7: المجموع | V7: ذكور | W7: اناث | X7: المجموع | Y7: اصلية | Z7: ضيف
B8: حضر | C8: =حضر!H25 -> 0 | D8: =حضر!I25 -> 0 | E8: =حضر!J25 -> 0 | F8: =SUM(C8:E8) -> 0 | G8: =حضر!AJ25 -> 0 | H8: =حضر!AK25 -> 0 | I8: =SUM(G8:H8) -> 0 | J8: =حضر!AW25 -> 0 | K8: =حضر!AX25 -> 0 | L8: =SUM(J8:K8) -> 0 | M8: =حضر!EX25 -> 0 | N8: =حضر!EY25 -> 0 | O8: =SUM(M8:N8) -> 0 | P8: =حضر!HB25 -> 0 | Q8: =حضر!HC25 -> 0 | R8: =SUM(P8:Q8) -> 0 | S8: =حضر!IZ25 -> 0 | T8: =حضر!JA25 -> 0 | U8: =SUM(S8:T8) -> 0 | V8: =حضر!JM25 -> 0 | W8: =حضر!JN25 -> 0 | X8: =SUM(V8:W8) -> 0 | Y8: =حضر!P25 -> 0 | Z8: =حضر!Q25 -> 0
B9: ريف | C9: =ريف!H14 -> 0 | D9: =ريف!I14 -> 0 | E9: =ريف!J14 -> 0 | F9: =SUM(C9:E9) -> 0 | G9: =ريف!AJ14 -> 0 | H9: =ريف!AK14 -> 0 | I9: =SUM(G9:H9) -> 0 | J9: =ريف!AW14 -> 0 | K9: =ريف!AX14 -> 0 | L9: =SUM(J9:K9) -> 0 | M9: =ريف!EX14 -> 0 | N9: =ريف!EY14 -> 0 | O9: =SUM(M9:N9) -> 0 | P9: =ريف!FK14 -> 0 | Q9: =ريف!FL14 -> 0 | R9: =SUM(P9:Q9) -> 0 | S9: =ريف!IZ14 -> 0 | T9: =ريف!JA14 -> 0 | U9: =SUM(S9:T9) -> 0 | V9: =ريف!JM14 -> 0 | W9: =ريف!JN14 -> 0 | X9: =SUM(V9:W9) -> 0 | Y9: 0 | Z9: 0
B10: المجموع | C10: =SUM(C8:C9) -> 0 | D10: =SUM(D8:D9) -> 0 | E10: =SUM(E8:E9) -> 0 | F10: =SUM(F8:F9) -> 0 | G10: =SUM(G8:G9) -> 0 | H10: =SUM(H8:H9) -> 0 | I10: =SUM(I8:I9) -> 0 | J10: =SUM(J8:J9) -> 0 | ... Z10: =SUM(Z8:Z9) -> 0
N12: جدول رقم (4)
K13: عدد الشعب للعام الدراسي 2026/2025 حسب الصف والجنس
J15: عدد الشعب للعام الدراسي 2025/2020 حسب الجنس والصف
K16: الجنس | L16: بنين | N16: بنات | P16: مختلط | R16: المجموع
J17: الصف
J18: الاول | L18: ='مدارس التعليم الاساسية'!HE33 -> 0 | N18: ='مدارس التعليم الاساسية'!HF33 -> 0 | R18: =SUM(L18:Q18) -> 0
J19: الثاني | L19: ='مدارس التعليم الاساسية'!HH33 -> 0 | N19: ='مدارس التعليم الاساسية'!HI33 -> 0 | R19: =SUM(L19:Q19) -> 0
J20: الثالث | L20: ='مدارس التعليم الاساسية'!HK33 -> 0 | N20: ='مدارس التعليم الاساسية'!HL33 -> 0 | R20: =SUM(L20:Q20) -> 0
J21: الرابع | L21: ='مدارس التعليم الاساسية'!HN33 -> 0 | N21: ='مدارس التعليم الاساسية'!HO33 -> 0 | R21: =SUM(L21:Q21) -> 0
J22: الخامس | L22: ='مدارس التعليم الاساسية'!HQ33 -> 0 | N22: ='مدارس التعليم الاساسية'!HR33 -> 0 | R22: =SUM(L22:Q22) -> 0
J23: السادس | L23: ='مدارس التعليم الاساسية'!HT33 -> 0 | N23: ='مدارس التعليم الاساسية'!HU33 -> 0 | R23: =SUM(L23:Q23) -> 0
J24: المجموع | L24: =SUM(L18:M23) -> 0 | N24: =SUM(N18:O23) -> 0 | P24: =SUM(P18:Q23) -> 0 | R24: =SUM(L24:Q24) -> 0
J25: السابع | L25: ='مدارس التعليم الاساسية'!IA33 -> 0 | N25: ='مدارس التعليم الاساسية'!IB33 -> 0 | R25: =SUM(L25:Q25) -> 0
J26: الثامن | L26: ='مدارس التعليم الاساسية'!ID33 -> 0 | N26: ='مدارس التعليم الاساسية'!IE33 -> 0 | R26: =SUM(L26:Q26) -> 0
J27: التاسع | L27: ='مدارس التعليم الاساسية'!IG33 -> 0 | N27: ='مدارس التعليم الاساسية'!IH33 -> 0 | R27: =SUM(L27:Q27) -> 0
J28: المجموع | L28: =SUM(L25:M27) -> 0 | N28: =SUM(N25:O27) -> 0 | P28: =SUM(P25:Q27) -> 0 | R28: =SUM(L28:Q28) -> 0
B31: المديرية العامة للتربية في محافظة النجف الاشرف | U31: جداول التعليم الاساسي والتكميلي
B32: قسم التخطيط التربوي | U32: قضاء الكوفة
K33: جدول رقم (10)
F34: عدد الابنية المدرسية وعدد المكتبات المدرسية للعام الدراسي 2026/2025
C36: عدد الابنية حسب العائدية | F36: عدد الابنية التي تشغلها | I36: عدد الابنية حسب الحالة العمرانية | M36: عدد الابنية حسب | O36: عدد الابنية حسب مادة البناء | U36: المجموع الكلي للأبنية | V36: المكتبات المدرسية
C37: حكومية | E37: مستأجرة | F37: مدرسة | G37: مدرستان | H37: ثلاث مدارس | I37: صالحة | J37: بحاجة الى ترميم | L37: غير صالحة | M37: نوع البناء | O37: طابوق او | P37: طين او صريفة | Q37: هياكل حديدية | R37: كرفان | S37: بناء | T37: آخرى | V37: عدد المكتبات | W37: عدد الكتب
C38: للتربية | D38: لجهات اخرى | M38: مدرسي | N38: غير مدرسي | O38: حجر | S38: جاهز
C39: ='مدارس التعليم الاساسية'!KP33 -> 0 | D39: ='مدارس التعليم الاساسية'!KQ33 -> 3 | E39: ='مدارس التعليم الاساسية'!KR33 -> 0 | F39: ='مدارس التعليم الاساسية'!KS33 -> 0 | G39: ='مدارس التعليم الاساسية'!KT33 -> 2 | H39: ='مدارس التعليم الاساسية'!KU33 -> 1 | I39: ='مدارس التعليم الاساسية'!KV33 -> 3 | J39: ='مدارس التعليم الاساسية'!KW33 -> 0 | L39: ='مدارس التعليم الاساسية'!KX33 -> 0 | M39: ='مدارس التعليم الاساسية'!KC33 -> 3 | N39: ='مدارس التعليم الاساسية'!KD33 -> 0 | O39: ='مدارس التعليم الاساسية'!KY33 -> 3 | P39: 0 | Q39: 0 | R39: 0 | S39: 0 | T39: 0 | U39: ='مدارس التعليم الاساسية'!P33 -> 3 | V39: ='مدارس التعليم الاساسية'!LM33 -> 2 | W39: ='مدارس التعليم الاساسية'!LY33 -> 1657
G41: عدد الابنية المدرسية حسب عدد الطوابق وعدد الصفوف للعام الدراسي 2026/2025
C42: عدد الابنية حسب عدد الطوابق | K42: عدد الابنية حسب عدد الصفوف
C43: طابق | E43: طابقين | G43: ثلاثة | I43: المجموع | K43: 6صف | M43: 9صف | O43: 12صف | Q43: 18صف | S43: 24صف | U43: المجموع
C44: ='مدارس التعليم الاساسية'!KE33 -> 0 | E44: ='مدارس التعليم الاساسية'!KF33 -> 2 | G44: ='مدارس التعليم الاساسية'!KG33 -> 1 | I44: =G44+E44+C44 -> 3 | K44: ='مدارس التعليم الاساسية'!KH33 -> 0 | M44: ='مدارس التعليم الاساسية'!KI33 -> 0 | O44: ='مدارس التعليم الاساسية'!KJ33 -> 2 | Q44: ='مدارس التعليم الاساسية'!KK33 -> 1 | S44: ='مدارس التعليم الاساسية'!KL33 -> 0 | U44: =S44+Q44+O44+M44+K44 -> 3
I45: جدول رقم (6)
G46: التعليم الاساسي ( عدد المختبرات المدرسية في مرحلة المتوسطة ) للعام الدراسي 2026/2025
D48: هل يوجد مختبر | F48: مختبر علوم | H48: مختبر الفيزياء | J48: مختبر الكيمياء | L48: مختبر الأحياء | N48: مجمع مختبرات | P48: مختبر لغة | R48: مختبر حاسوب | T48: المجموع
D49: ='مدارس التعليم الاساسية'!LZ33 -> 2 | F49: ='مدارس التعليم الاساسية'!MB33 -> 0 | H49: ='مدارس التعليم الاساسية'!MD33 -> 1 | J49: ='مدارس التعليم الاساسية'!MF33 -> 2 | L49: ='مدارس التعليم الاساسية'!MH33 -> 1 | N49: ='مدارس التعليم الاساسية'!MJ33 -> 0 | P49: ='مدارس التعليم الاساسية'!ML33 -> 0 | R49: ='مدارس التعليم الاساسية'!MN33 -> 1 | T49: =SUM(F49:S49) -> 5

Sheet قضاء المناذرة
B1: المديرية العامة للتربية في محافظة النجف الاشرف | W1: جداول التعليم الاساسي والتكميلي
B2: قسم التخطيط التربوي | W2: قضاء المناذرة
L3: جدول رقم ((1))
D4: عدد المدارس والتلاميذ والطلبة الموجودين وعدد اعضاء الهيئة التعليمية والتدريسية واستقلالية المدرسة ومدارس الفتح الجديد للعام الدراسي 2016/2015
B6: درجة | C6: عدد المدارس | G6: عدد التلاميذ المقبولين الجدد في الصف الاول الابتدائي | J6: عدد الطلبة الجدد المقبولين في الصف الاول المتوسط | M6: عدد التلامذة الموجودين في المرحلة الابتدائية | P6: عدد التلامذة الموجودين في المرحلة المتوسطة | S6: عدد اعضاء الهيئة التعليمية | V6: عدد اعضاء الهيئة التدريسية | Y6: استقلالية المدرسة | AA6: عدد المدارس الفتح الجديد
B7: المدرسة | C7: بنون | D7: بنات | E7: مختلطة | F7: مجموع | G7: بنون | H7: بنات | I7: مجموع | J7: بنين | K7: بنات | L7: مجموع | M7: بنين | N7: بنات | O7: مجموع | P7: بنين | Q7: بنات | R7: مجموع | S7: ذكور | T7: اناث | U7: المجموع | V7: ذكور | W7: اناث | X7: المجموع | Y7: اصلية | Z7: ضيف | AA7: بنون | AB7: بنات | AC7: مختلطة | AD7: مجموع
B8: حضر | F8: =SUM(C8:E8) -> 0 | L8: =SUM(J8:K8) -> 0 | O8: =SUM(M8:N8) -> 0 | R8: =SUM(P8:Q8) -> 0 | U8: =SUM(S8:T8) -> 0 | X8: =SUM(V8:W8) -> 0
B9: ريف | C9: ='مدارس التعليم الاساسية'!H36 -> 0 | D9: ='مدارس التعليم الاساسية'!I36 -> 0 | E9: ='مدارس التعليم الاساسية'!J36 -> 0 | F9: =SUM(C9:E9) -> 0 | G9: ='مدارس التعليم الاساسية'!AJ36 -> 0 | H9: ='مدارس التعليم الاساسية'!AK36 -> 0 | I9: =SUM(G9:H9) -> 0 | J9: ='مدارس التعليم الاساسية'!AW36 -> 0 | K9: ='مدارس التعليم الاساسية'!AX36 -> 0 | L9: =SUM(J9:K9) -> 0 | M9: ='مدارس التعليم الاساسية'!EX36 -> 0 | N9: ='مدارس التعليم الاساسية'!EY36 -> 0 | O9: =SUM(M9:N9) -> 0 | P9: ='مدارس التعليم الاساسية'!HB36 -> 0 | Q9: ='مدارس التعليم الاساسية'!HC36 -> 0 | R9: =SUM(P9:Q9) -> 0 | S9: ='مدارس التعليم الاساسية'!IZ36 -> 0 | T9: ='مدارس التعليم الاساسية'!JA36 -> 0 | U9: =SUM(S9:T9) -> 0 | V9: ='مدارس التعليم الاساسية'!JM36 -> 0 | W9: ='مدارس التعليم الاساسية'!JN36 -> 0 | X9: =SUM(V9:W9) -> 0 | Y9: ='مدارس التعليم الاساسية'!P36 -> 0 | Z9: ='مدارس التعليم الاساسية'!Q36 -> 0 | AA9: 0 | AB9: 0 | AC9: 0 | AD9: 0
B10: المجموع | C10: =SUM(C8:C9) -> 0 | D10: =SUM(D8:D9) -> 0 | E10: =SUM(E8:E9) -> 0 | F10: =SUM(F8:F9) -> 0 | G10: =SUM(G8:G9) -> 0 | H10: =SUM(H8:H9) -> 0 | I10: =SUM(I8:I9) -> 0 | J10: =SUM(J8:J9) -> 0 | ... AD10: =SUM(AD8:AD9) -> 0
N12: جدول رقم ((2))
C13: عدد التلاميذ الجدد في الصف الاول الابتدائي حسب العمر والجنس للعام 2016/2015 | P13: عدد التلاميذ الجدد في الصف الاول المتوسط حسب العمر والجنس للعام 2016/2015
E15: عمر 5 | F15: عمر 6 | G15: عمر 7 | H15: عمر 8 | I15: عمر 9 | J15: عمر 10 | K15: المجموع | R15: عمر 12 | S15: عمر 13 | T15: عمر 14 | U15: عمر 15 | V15: عمر 16 | W15: المجموع
D17: بنون | E17: ='مدارس التعليم الاساسية'!X36 -> 0 | F17: ='مدارس التعليم الاساسية'!Z36 -> 0 | G17: ='مدارس التعليم الاساسية'!AB36 -> 0 | H17: ='مدارس التعليم الاساسية'!AD36 -> 0 | I17: ='مدارس التعليم الاساسية'!AF36 -> 0 | J17: ='مدارس التعليم الاساسية'!AH36 -> 0 | K17: =SUM(E17:J17) -> 0 | Q17: بنون | R17: ='مدارس التعليم الاساسية'!AM36 -> 0 | S17: ='مدارس التعليم الاساسية'!AO36 -> 0 | T17: ='مدارس التعليم الاساسية'!AQ36 -> 0 | U17: ='مدارس التعليم الاساسية'!AS36 -> 0 | V17: ='مدارس التعليم الاساسية'!AU36 -> 0 | W17: =SUM(R17:V17) -> 0
D19: بنات | E19: ='مدارس التعليم الاساسية'!Y36 -> 0 | F19: ='مدارس التعليم الاساسية'!AA36 -> 0 | G19: ='مدارس التعليم الاساسية'!AC36 -> 0 | H19: ='مدارس التعليم الاساسية'!AE36 -> 0 | I19: ='مدارس التعليم الاساسية'!AG36 -> 0 | J19: ='مدارس التعليم الاساسية'!AI36 -> 0 | K19: =SUM(E19:J19) -> 0 | Q19: بنات | R19: ='مدارس التعليم الاساسية'!AN36 -> 0 | S19: ='مدارس التعليم الاساسية'!AP36 -> 0 | T19: ='مدارس التعليم الاساسية'!AR36 -> 0 | U19: ='مدارس التعليم الاساسية'!AT36 -> 0 | V19: ='مدارس التعليم الاساسية'!AV36 -> 0 | W19: =SUM(R19:V19) -> 0
D21: المجموع | E21: =SUM(E17:E20) -> 0 | F21: =SUM(F17:F20) -> 0 | G21: =SUM(G17:G20) -> 0 | H21: =SUM(H17:H20) -> 0 | I21: =SUM(I17:I20) -> 0 | J21: =SUM(J17:J20) -> 0 | K21: =SUM(K17:K20) -> 0 | Q21: المجموع | R21: =SUM(R17:R20) -> 0 | S21: =SUM(S17:S20) -> 0 | T21: =SUM(T17:T20) -> 0 | U21: =SUM(U17:U20) -> 0 | V21: =SUM(V17:V20) -> 0 | W21: =SUM(W17:W20) -> 0
D24: المديرية العامة للتربية في محافظة النجف الاشرف | V24: جداول التعليم الاساسي والتكميلي
D25: قسم التخطيط التربوي | V25: قضاء المناذرة
N27: جدول رقم (3)
J28: عددالتلامذة والطلبة المسجلون حسب الصف والجنس للعام الدراسي 2016/2015
C30: عدد التلامذة المسجلين حسب الصف والجنس والعمر للتعليم الابتدائي للسنة الدراسية 2016/2015 | S30: عدد المسجلين حسب الصف والجنس والعمر للتعليم المتوسط للسنة 2016/2015
D32: الأول | F32: الثاني | H32: الثالث | J32: الرابع | L32: الخامس | N32: السادس | P32: المجموع | S32: الصف الاول متوسط (السابع) | U32: الصف الثاني متوسط (الثامن) | W32: الصف الثالث متوسط (التاسع) | Y32: مجموع المتوسط
D33: بنون | E33: بنات | F33: بنون | G33: بنات | H33: بنون | I33: بنات | J33: بنون | K33: بنات | L33: بنون | M33: بنات | N33: بنون | O33: بنات | P33: بنون | Q33: بنات | R33: المجموع | S33: بنون | T33: بنات | U33: بنون | V33: بنات | W33: بنون | X33: بنات | Y33: بنون | Z33: بنات | AA33: المجموع
C34: عمر 5 | D34: ='مدارس التعليم الاساسية'!AZ36 -> 0 | E34: ='مدارس التعليم الاساسية'!BA36 -> 0 | P34: =N34+L34+J34+H34+F34+D34 -> 0 | Q34: =O34+M34+K34+I34+G34+E34 -> 0 | R34: =SUM(P34:Q34) -> 0
C35: عمر6 | D35: ='مدارس التعليم الاساسية'!BB36 -> 0 | E35: ='مدارس التعليم الاساسية'!BC36 -> 0 | P35: =N35+L35+J35+H35+F35+D35 -> 0 | Q35: =O35+M35+K35+I35+G35+E35 -> 0 | R35: =SUM(P35:Q35) -> 0
C36: عمر 7 | D36: ='مدارس التعليم الاساسية'!BD36 -> 0 | E36: ='مدارس التعليم الاساسية'!BE36 -> 0 | F36: ='مدارس التعليم الاساسية'!BO36 -> 0 | G36: ='مدارس التعليم الاساسية'!BP36 -> 0 | P36: =N36+L36+J36+H36+F36+D36 -> 0 | Q36: =O36+M36+K36+I36+G36+E36 -> 0 | R36: =SUM(P36:Q36) -> 0
C37: عمر 8 | D37: ='مدارس التعليم الاساسية'!BF36 -> 0 | E37: ='مدارس التعليم الاساسية'!BG36 -> 0 | F37: ='مدارس التعليم الاساسية'!BQ36 -> 0 | G37: ='مدارس التعليم الاساسية'!BR36 -> 0 | H37: ='مدارس التعليم الاساسية'!CB36 -> 0 | I37: ='مدارس التعليم الاساسية'!CC36 -> 0 | P37: =N37+L37+J37+H37+F37+D37 -> 0 | Q37: =O37+M37+K37+I37+G37+E37 -> 0 | R37: =SUM(P37:Q37) -> 0
C38: عمر 9 | D38: ='مدارس التعليم الاساسية'!BH36 -> 0 | E38: ='مدارس التعليم الاساسية'!BI36 -> 0 | F38: ='مدارس التعليم الاساسية'!BS36 -> 0 | G38: ='مدارس التعليم الاساسية'!BT36 -> 0 | H38: ='مدارس التعليم الاساسية'!CD36 -> 0 | I38: ='مدارس التعليم الاساسية'!CE36 -> 0 | J38: ='مدارس التعليم الاساسية'!CO36 -> 0 | K38: ='مدارس التعليم الاساسية'!CP36 -> 0 | P38: =N38+L38+J38+H38+F38+D38 -> 0 | Q38: =O38+M38+K38+I38+G38+E38 -> 0 | R38: =SUM(P38:Q38) -> 0
C39: عمر 10 | D39: ='مدارس التعليم الاساسية'!BJ36 -> 0 | E39: ='مدارس التعليم الاساسية'!BK36 -> 0 | F39: ='مدارس التعليم الاساسية'!BU36 -> 0 | G39: ='مدارس التعليم الاساسية'!BV36 -> 0 | H39: ='مدارس التعليم الاساسية'!CF36 -> 0 | I39: ='مدارس التعليم الاساسية'!CG36 -> 0 | J39: ='مدارس التعليم الاساسية'!CQ36 -> 0 | K39: ='مدارس التعليم الاساسية'!CR36 -> 0 | L39: ='مدارس التعليم الاساسية'!DB36 -> 0 | M39: ='مدارس التعليم الاساسية'!DC36 -> 0 | P39: =N39+L39+J39+H39+F39+D39 -> 0 | Q39: =O39+M39+K39+I39+G39+E39 -> 0 | R39: =SUM(P39:Q39) -> 0
C40: عمر 11 | F40: ='مدارس التعليم الاساسية'!BW36 -> 0 | G40: ='مدارس التعليم الاساسية'!BX36 -> 0 | H40: ='مدارس التعليم الاساسية'!CH36 -> 0 | I40: ='مدارس التعليم الاساسية'!CI36 -> 0 | J40: ='مدارس التعليم الاساسية'!CS36 -> 0 | K40: ='مدارس التعليم الاساسية'!CT36 -> 0 | L40: ='مدارس التعليم الاساسية'!DD36 -> 0 | M40: ='مدارس التعليم الاساسية'!DE36 -> 0 | N40: ='مدارس التعليم الاساسية'!DO36 -> 0 | O40: ='مدارس التعليم الاساسية'!DP36 -> 0 | P40: =N40+L40+J40+H40+F40+D40 -> 0 | Q40: =O40+M40+K40+I40+G40+E40 -> 0 | R40: =SUM(P40:Q40) -> 0
C41: عمر 12 | H41: ='مدارس التعليم الاساسية'!CJ36 -> 0 | I41: ='مدارس التعليم الاساسية'!CK36 -> 0 | J41: ='مدارس التعليم الاساسية'!CU36 -> 0 | K41: ='مدارس التعليم الاساسية'!CV36 -> 0 | L41: ='مدارس التعليم الاساسية'!DF36 -> 0 | M41: ='مدارس التعليم الاساسية'!DG36 -> 0 | N41: ='مدارس التعليم الاساسية'!DQ36 -> 0 | O41: ='مدارس التعليم الاساسية'!DR36 -> 0 | P41: =N41+L41+J41+H41+F41+D41 -> 0 | Q41: =O41+M41+K41+I41+G41+E41 -> 0 | R41: =SUM(P41:Q41) -> 0 | S41: ='مدارس التعليم الاساسية'!FA36 -> 0 | T41: ='مدارس التعليم الاساسية'!FB36 -> 0 | Y41: =S41 -> 0 | Z41: =T41 -> 0 | AA41: =SUM(Y41:Z41) -> 0
C42: عمر 13 | J42: ='مدارس التعليم الاساسية'!CW36 -> 0 | K42: ='مدارس التعليم الاساسية'!CX36 -> 0 | L42: ='مدارس التعليم الاساسية'!DH36 -> 0 | M42: ='مدارس التعليم الاساسية'!DI36 -> 0 | N42: ='مدارس التعليم الاساسية'!DS36 -> 0 | O42: ='مدارس التعليم الاساسية'!DT36 -> 0 | P42: =N42+L42+J42+H42+F42+D42 -> 0 | Q42: =O42+M42+K42+I42+G42+E42 -> 0 | R42: =SUM(P42:Q42) -> 0 | S42: ='مدارس التعليم الاساسية'!FC36 -> 0 | T42: ='مدارس التعليم الاساسية'!FD36 -> 0 | U42: ='مدارس التعليم الاساسية'!FN36 -> 0 | V42: ='مدارس التعليم الاساسية'!FO36 -> 0 | Y42: =W42+U42+S42 -> 0 | Z42: =X42+V42+T42 -> 0 | AA42: =SUM(Y42:Z42) -> 0
C43: عمر 14 | L43: ='مدارس التعليم الاساسية'!DJ36 -> 0 | M43: ='مدارس التعليم الاساسية'!DK36 -> 0 | N43: ='مدارس التعليم الاساسية'!DU36 -> 0 | O43: ='مدارس التعليم الاساسية'!DV36 -> 0 | P43: =N43+L43+J43+H43+F43+D43 -> 0 | Q43: =O43+M43+K43+I43+G43+E43 -> 0 | R43: =SUM(P43:Q43) -> 0 | S43: ='مدارس التعليم الاساسية'!FE36 -> 0 | T43: ='مدارس التعليم الاساسية'!FF36 -> 0 | U43: ='مدارس التعليم الاساسية'!FP36 -> 0 | V43: ='مدارس التعليم الاساسية'!FQ36 -> 0 | W43: 0 | X43: 0 | Y43: =W43+U43+S43 -> 0 | Z43: =X43+V43+T43 -> 0 | AA43: =SUM(Y43:Z43) -> 0
C44: عمر 15 | N44: ='مدارس التعليم الاساسية'!DW36 -> 0 | O44: ='مدارس التعليم الاساسية'!DX36 -> 0 | P44: =N44+L44+J44+H44+F44+D44 -> 0 | Q44: =O44+M44+K44+I44+G44+E44 -> 0 | R44: =SUM(P44:Q44) -> 0 | S44: ='مدارس التعليم الاساسية'!FG36 -> 0 | T44: ='مدارس التعليم الاساسية'!FH36 -> 0 | U44: ='مدارس التعليم الاساسية'!FR36 -> 0 | V44: ='مدارس التعليم الاساسية'!FS36 -> 0 | W44: 0 | X44: 0 | Y44: =W44+U44+S44 -> 0 | Z44: =X44+V44+T44 -> 0 | AA44: =SUM(Y44:Z44) -> 0
C45: عمر 16 | S45: ='مدارس التعليم الاساسية'!FI36 -> 0 | T45: ='مدارس التعليم الاساسية'!FJ36 -> 0 | U45: ='مدارس التعليم الاساسية'!FT36 -> 0 | V45: ='مدارس التعليم الاساسية'!FU36 -> 0 | W45: 0 | X45: 0 | Y45: =W45+U45+S45 -> 0 | Z45: =X45+V45+T45 -> 0 | AA45: =SUM(Y45:Z45) -> 0
C46: عمر 17 | U46: ='مدارس التعليم الاساسية'!FV36 -> 0 | V46: ='مدارس التعليم الاساسية'!FW36 -> 0 | W46: 0 | X46: 0 | Y46: =W46+U46+S46 -> 0 | Z46: =X46+V46+T46 -> 0 | AA46: =SUM(Y46:Z46) -> 0
C47: عمر 18 | W47: 0 | X47: 0 | Y47: =W47+U47+S47 -> 0 | Z47: =X47+V47+T47 -> 0 | AA47: =SUM(Y47:Z47) -> 0
C48: المجموع | D48: =SUM(D34:D45) -> 0 | E48: =SUM(E34:E45) -> 0 | F48: =SUM(F34:F45) -> 0 | G48: =SUM(G34:G45) -> 0 | H48: =SUM(H34:H45) -> 0 | I48: =SUM(I34:I45) -> 0 | J48: =SUM(J34:J45) -> 0 | K48: =SUM(K34:K45) -> 0 | ... V48: =SUM(V34:V45) -> 0 | W48: =SUM(W34:W47) -> 0 | X48: =SUM(X34:X45) -> 0 | Y48: =SUM(Y34:Y45) -> 0 | Z48: =SUM(Z34:Z45) -> 0 | AA48: =SUM(AA34:AA45) -> 0
D50: المديرية العامة للتربية في محافظة النجف الاشرف | V50: جداول التعليم الاساسي والتكميلي
D51: قسم التخطيط التربوي | V51: قضاء المناذرة
N52: جدول رقم (4)
G54: عدد الشعب والتاركين للعام الدراسي 2016/2015 حسب الجنس والصف
H55: الجنس | I55: عدد الشعب حسب الصف والجنس للعام الدراسي 2016/2015 | Q55: عدد الطلبة التاركين حسب الصف والجنس للعام الدراسي 2016/2015
G56: الصف | I56: بنين | K56: بنات | M56: مختلط | O56: المجموع | Q56: بنون | S56: بنات | U56: المجموع
G57: الاول | I57: ='مدارس التعليم الاساسية'!HE36 -> 0 | K57: ='مدارس التعليم الاساسية'!HF36 -> 0 | M57: ='مدارس التعليم الاساسية'!HG36 -> 0 | O57: =M57+K57+I57 -> 0 | Q57: ='مدارس التعليم الاساسية'!#REF! -> #REF! | S57: ='مدارس التعليم الاساسية'!#REF! -> #REF! | U57: =S57+Q57 -> #REF!
G58: الثاني | I58: ='مدارس التعليم الاساسية'!HH36 -> 0 | K58: ='مدارس التعليم الاساسية'!HI36 -> 0 | M58: ='مدارس التعليم الاساسية'!HJ36 -> 0 | O58: =M58+K58+I58 -> 0 | Q58: ='مدارس التعليم الاساسية'!#REF! -> #REF! | S58: ='مدارس التعليم الاساسية'!#REF! -> #REF! | U58: =S58+Q58 -> #REF!
G59: الثالث | I59: ='مدارس التعليم الاساسية'!HK36 -> 0 | K59: ='مدارس التعليم الاساسية'!HL36 -> 0 | M59: ='مدارس التعليم الاساسية'!HM36 -> 0 | O59: =M59+K59+I59 -> 0 | Q59: ='مدارس التعليم الاساسية'!#REF! -> #REF! | S59: ='مدارس التعليم الاساسية'!#REF! -> #REF! | U59: =S59+Q59 -> #REF!
G60: الرابع | I60: ='مدارس التعليم الاساسية'!HN36 -> 0 | K60: ='مدارس التعليم الاساسية'!HO36 -> 0 | M60: ='مدارس التعليم الاساسية'!HP36 -> 0 | O60: =M60+K60+I60 -> 0 | Q60: ='مدارس التعليم الاساسية'!#REF! -> #REF! | S60: ='مدارس التعليم الاساسية'!#REF! -> #REF! | U60: =S60+Q60 -> #REF!
G61: الخامس | I61: ='مدارس التعليم الاساسية'!HQ36 -> 0 | K61: ='مدارس التعليم الاساسية'!HR36 -> 0 | M61: ='مدارس التعليم الاساسية'!HS36 -> 0 | O61: =M61+K61+I61 -> 0 | Q61: ='مدارس التعليم الاساسية'!#REF! -> #REF! | S61: ='مدارس التعليم الاساسية'!#REF! -> #REF! | U61: =S61+Q61 -> #REF!
G62: السادس | I62: ='مدارس التعليم الاساسية'!HT36 -> 0 | K62: ='مدارس التعليم الاساسية'!HU36 -> 0 | M62: ='مدارس التعليم الاساسية'!HV36 -> 0 | O62: =M62+K62+I62 -> 0 | Q62: ='مدارس التعليم الاساسية'!#REF! -> #REF! | S62: ='مدارس التعليم الاساسية'!#REF! -> #REF! | U62: =S62+Q62 -> #REF!
G63: المجموع | I63: =SUM(I57:J62) -> 0 | K63: =SUM(K57:L62) -> 0 | M63: =SUM(M57:N62) -> 0 | O63: =SUM(O57:P62) -> 0 | Q63: =SUM(Q57:R62) -> #REF! | S63: =SUM(S57:T62) -> #REF! | U63: =SUM(U57:V62) -> #REF!
G64: السابع | I64: ='مدارس التعليم الاساسية'!IA36 -> 0 | K64: ='مدارس التعليم الاساسية'!IB36 -> 0 | M64: ='مدارس التعليم الاساسية'!IC36 -> 0 | O64: =M64+K64+I64 -> 0 | Q64: ='مدارس التعليم الاساسية'!#REF! -> #REF! | S64: ='مدارس التعليم الاساسية'!#REF! -> #REF! | U64: =S64+Q64 -> #REF!
G65: الثامن | I65: ='مدارس التعليم الاساسية'!ID36 -> 0 | K65: ='مدارس التعليم الاساسية'!IE36 -> 0 | M65: ='مدارس التعليم الاساسية'!IF36 -> 0 | O65: =M65+K65+I65 -> 0 | Q65: ='مدارس التعليم الاساسية'!#REF! -> #REF! | S65: ='مدارس التعليم الاساسية'!#REF! -> #REF! | U65: =S65+Q65 -> #REF!
G66: التاسع | I66: ='مدارس التعليم الاساسية'!IG36 -> 0 | K66: ='مدارس التعليم الاساسية'!IH36 -> 0 | M66: ='مدارس التعليم الاساسية'!II36 -> 0 | O66: =M66+K66+I66 -> 0 | Q66: ='مدارس التعليم الاساسية'!#REF! -> #REF! | S66: ='مدارس التعليم الاساسية'!#REF! -> #REF! | U66: =S66+Q66 -> #REF!
G67: المجموع | I67: =SUM(I64:I66) -> 0 | K67: =SUM(K64:K66) -> 0 | M67: =SUM(M64:M66) -> 0 | O67: =SUM(O64:O66) -> 0 | Q67: =SUM(Q64:Q66) -> #REF! | S67: =SUM(S64:S66) -> #REF! | U67: =SUM(U64:U66) -> #REF!
E69: المديرية العامة للتربية في محافظة النجف الاشرف | V69: جداول التعليم الاساسي والتكميلي
E70: قسم التخطيط التربوي | P70: جدول رقم (5) | V70: قضاء المناذرة
I72: عدد الطلبة الناجحين والراسبين للعام الدراسي 2015/2014حسب الجنس والصف
I74: الجنس | K74: عدد التلاميذ والطلبة الناجحين حسب الصف والجنس | Q74: عدد التلاميذ والطلبة الراسبون حسب اسباب الرسوب للسنة الدراسية 2015/2014حسب الصف والجنس
K75: للعام الدراسي 2015/2014 | Q75: الفشل في الامتحان | S75: تجاوز ايام الغياب | U75: اسباب اخرى | W75: المجموع
I76: الصف | K76: بنون | M76: بنات | O76: مجموع | Q76: بنون | R76: بنات | S76: بنون | T76: بنات | U76: بنون | V76: بنات | W76: بنون | X76: بنات | Y76: المجموع
I77: الاول | K77: ='مدارس التعليم الاساسية'!#REF! -> #REF! | M77: ='مدارس التعليم الاساسية'!#REF! -> #REF! | O77: =M77+K77 -> #REF! | Q77: ='مدارس التعليم الاساسية'!#REF! -> #REF! | R77: ='مدارس التعليم الاساسية'!#REF! -> #REF! | S77: ='مدارس التعليم الاساسية'!#REF! -> #REF! | T77: ='مدارس التعليم الاساسية'!#REF! -> #REF! | U77: ='مدارس التعليم الاساسية'!#REF! -> #REF! | V77: ='مدارس التعليم الاساسية'!#REF! -> #REF! | W77: =U77+S77+Q77 -> #REF! | X77: =V77+T77+R77 -> #REF! | Y77: =SUM(W77:X77) -> #REF!
I78: الثاني | K78: ='مدارس التعليم الاساسية'!#REF! -> #REF! | M78: ='مدارس التعليم الاساسية'!#REF! -> #REF! | O78: =M78+K78 -> #REF! | Q78: ='مدارس التعليم الاساسية'!#REF! -> #REF! | R78: ='مدارس التعليم الاساسية'!#REF! -> #REF! | S78: ='مدارس التعليم الاساسية'!#REF! -> #REF! | T78: ='مدارس التعليم الاساسية'!#REF! -> #REF! | U78: ='مدارس التعليم الاساسية'!#REF! -> #REF! | V78: ='مدارس التعليم الاساسية'!#REF! -> #REF! | W78: =U78+S78+Q78 -> #REF! | X78: =V78+T78+R78 -> #REF! | Y78: =SUM(W78:X78) -> #REF!
I79: الثالث | K79: ='مدارس التعليم الاساسية'!#REF! -> #REF! | M79: ='مدارس التعليم الاساسية'!#REF! -> #REF! | O79: =M79+K79 -> #REF! | Q79: ='مدارس التعليم الاساسية'!#REF! -> #REF! | R79: ='مدارس التعليم الاساسية'!#REF! -> #REF! | S79: ='مدارس التعليم الاساسية'!#REF! -> #REF! | T79: ='مدارس التعليم الاساسية'!#REF! -> #REF! | U79: ='مدارس التعليم الاساسية'!#REF! -> #REF! | V79: ='مدارس التعليم الاساسية'!#REF! -> #REF! | W79: =U79+S79+Q79 -> #REF! | X79: =V79+T79+R79 -> #REF! | Y79: =SUM(W79:X79) -> #REF!
I80: الرابع | K80: ='مدارس التعليم الاساسية'!#REF! -> #REF! | M80: ='مدارس التعليم الاساسية'!#REF! -> #REF! | O80: =M80+K80 -> #REF! | Q80: ='مدارس التعليم الاساسية'!#REF! -> #REF! | R80: ='مدارس التعليم الاساسية'!#REF! -> #REF! | S80: ='مدارس التعليم الاساسية'!#REF! -> #REF! | T80: ='مدارس التعليم الاساسية'!#REF! -> #REF! | U80: ='مدارس التعليم الاساسية'!#REF! -> #REF! | V80: ='مدارس التعليم الاساسية'!#REF! -> #REF! | W80: =U80+S80+Q80 -> #REF! | X80: =V80+T80+R80 -> #REF! | Y80: =SUM(W80:X80) -> #REF!
I81: الخامس | K81: ='مدارس التعليم الاساسية'!#REF! -> #REF! | M81: ='مدارس التعليم الاساسية'!#REF! -> #REF! | O81: =M81+K81 -> #REF! | Q81: ='مدارس التعليم الاساسية'!#REF! -> #REF! | R81: ='مدارس التعليم الاساسية'!#REF! -> #REF! | S81: ='مدارس التعليم الاساسية'!#REF! -> #REF! | T81: ='مدارس التعليم الاساسية'!#REF! -> #REF! | U81: ='مدارس التعليم الاساسية'!#REF! -> #REF! | V81: ='مدارس التعليم الاساسية'!#REF! -> #REF! | W81: =U81+S81+Q81 -> #REF! | X81: =V81+T81+R81 -> #REF! | Y81: =SUM(W81:X81) -> #REF!
I82: السادس | K82: ='مدارس التعليم الاساسية'!#REF! -> #REF! | M82: ='مدارس التعليم الاساسية'!#REF! -> #REF! | O82: =M82+K82 -> #REF! | Q82: ='مدارس التعليم الاساسية'!#REF! -> #REF! | R82: ='مدارس التعليم الاساسية'!#REF! -> #REF! | S82: ='مدارس التعليم الاساسية'!#REF! -> #REF! | T82: ='مدارس التعليم الاساسية'!#REF! -> #REF! | U82: ='مدارس التعليم الاساسية'!#REF! -> #REF! | V82: ='مدارس التعليم الاساسية'!#REF! -> #REF! | W82: =U82+S82+Q82 -> #REF! | X82: =V82+T82+R82 -> #REF! | Y82: =SUM(W82:X82) -> #REF!
I83: المجموع | K83: =SUM(K77:L82) -> #REF! | M83: =SUM(M77:N82) -> #REF! | O83: =SUM(O77:P82) -> #REF! | Q83: =SUM(Q77:Q82) -> #REF! | R83: =SUM(R77:R82) -> #REF! | S83: =SUM(S77:S82) -> #REF! | T83: =SUM(T77:T82) -> #REF! | U83: =SUM(U77:U82) -> #REF! | V83: =SUM(V77:V82) -> #REF! | W83: =SUM(W77:W82) -> #REF! | X83: =SUM(X77:X82) -> #REF! | Y83: =SUM(Y77:Y82) -> #REF!
I84: السابع | K84: ='مدارس التعليم الاساسية'!#REF! -> #REF! | M84: ='مدارس التعليم الاساسية'!#REF! -> #REF! | O84: =M84+K84 -> #REF! | Q84: ='مدارس التعليم الاساسية'!#REF! -> #REF! | R84: ='مدارس التعليم الاساسية'!#REF! -> #REF! | S84: ='مدارس التعليم الاساسية'!#REF! -> #REF! | T84: ='مدارس التعليم الاساسية'!#REF! -> #REF! | U84: ='مدارس التعليم الاساسية'!#REF! -> #REF! | V84: ='مدارس التعليم الاساسية'!#REF! -> #REF! | W84: =U84+S84+Q84 -> #REF! | X84: =V84+T84+R84 -> #REF! | Y84: =SUM(W84:X84) -> #REF!
I85: الثامن | K85: ='مدارس التعليم الاساسية'!#REF! -> #REF! | M85: ='مدارس التعليم الاساسية'!#REF! -> #REF! | O85: =M85+K85 -> #REF! | Q85: ='مدارس التعليم الاساسية'!#REF! -> #REF! | R85: ='مدارس التعليم الاساسية'!#REF! -> #REF! | S85: ='مدارس التعليم الاساسية'!#REF! -> #REF! | T85: ='مدارس التعليم الاساسية'!#REF! -> #REF! | U85: ='مدارس التعليم الاساسية'!#REF! -> #REF! | V85: ='مدارس التعليم الاساسية'!#REF! -> #REF! | W85: =U85+S85+Q85 -> #REF! | X85: =V85+T85+R85 -> #REF! | Y85: =SUM(W85:X85) -> #REF!
I86: التاسع | O86: =M86+K86 -> 0 | Q86: ='مدارس التعليم الاساسية'!#REF! -> #REF! | R86: ='مدارس التعليم الاساسية'!#REF! -> #REF! | S86: ='مدارس التعليم الاساسية'!#REF! -> #REF! | T86: ='مدارس التعليم الاساسية'!#REF! -> #REF! | U86: ='مدارس التعليم الاساسية'!#REF! -> #REF! | V86: ='مدارس التعليم الاساسية'!#REF! -> #REF! | W86: =U86+S86+Q86 -> #REF! | X86: =V86+T86+R86 -> #REF! | Y86: =SUM(W86:X86) -> #REF!
I87: المجموع | K87: =SUM(K84:L86) -> #REF! | M87: =SUM(M84:N86) -> #REF! | O87: =SUM(O84:P86) -> #REF! | Q87: =SUM(Q84:Q86) -> #REF! | R87: =SUM(R84:R86) -> #REF! | S87: =SUM(S84:S86) -> #REF! | T87: =SUM(T84:T86) -> #REF! | U87: =SUM(U84:U86) -> #REF! | V87: =SUM(V84:V86) -> #REF! | W87: =U87+S87+Q87 -> #REF! | X87: =V87+T87+R87 -> #REF! | Y87: =SUM(W87:X87) -> #REF!
Q88: جدول رقم (6)
N89: التعليم الاساسي ( عدد المختبرات المدرسية في مرحلة المتوسطة ) للعام الدراسي 2016/2015
I91: هل يوجد مختبر | K91: مختبر علوم | M91: مختبر الفيزياء | O91: مختبر الكيمياء | Q91: مختبر الأحياء | S91: مجمع مختبرات | U91: مختبر لغة | W91: مختبر حاسوب | Y91: المجموع
I92: 0 | K92: 0 | M92: 0 | O92: 0 | Q92: 0 | S92: 0 | U92: 0 | W92: 0 | Y92: 0
D94: المديرية العامة للتربية في محافظة النجف الاشرف | M94: جدول رقم (7) | V94: جداول التعليم الاساسي والتكميلي
D95: قسم التخطيط التربوي | V95: قضاء المناذرة
K96: عدد اعضاء الهيئة التعليمية والتدريسية للتعليم الاساسي للعام الدراسي 2016/2015 حسب الجنس والعنوان الوظيفي
G97: الهيئة التعليمية والتدريسية حسب العنوان الوظيفي
G98: الجنس | I98: مدير | K98: معاون | M98: معلم | O98: مدرس | Q98: مرشد | S98: المجموع
G99: ذكور | I99: ='مدارس التعليم الاساسية'!JP36 -> 0 | K99: ='مدارس التعليم الاساسية'!JR36 -> 0 | M99: ='مدارس التعليم الاساسية'!JV36 -> 0 | O99: ='مدارس التعليم الاساسية'!JT36 -> 0 | Q99: ='مدارس التعليم الاساسية'!JX36 -> 0 | S99: =Q99+O99+M99+K99+I99 -> 0
G100: اناث | I100: ='مدارس التعليم الاساسية'!JQ36 -> 0 | K100: ='مدارس التعليم الاساسية'!JS36 -> 0 | M100: ='مدارس التعليم الاساسية'!JW36 -> 0 | O100: ='مدارس التعليم الاساسية'!JU36 -> 0 | Q100: ='مدارس التعليم الاساسية'!JY36 -> 0 | S100: =Q100+O100+M100+K100+I100 -> 0
G101: المجموع | I101: =SUM(I99:J100) -> 0 | K101: =SUM(K99:L100) -> 0 | M101: =SUM(M99:N100) -> 0 | O101: =SUM(O99:P100) -> 0 | Q101: =SUM(Q99:R100) -> 0 | S101: =SUM(S99:T100) -> 0
L102: جدول رقم (8)
E104: الجنس | F104: الهيئة التعليمية حسب الشهادة | R104: الجنس | S104: الهيئة التدريسية حسب الشهادة
F105: دورات تربوية | G105: دبلوم عام | H105: دبلوم تعليمي | I105: معاهد الفنون | J105: جامعية | L105: دراسات عليا | P105: المجموع | S105: بكالوريوس | U105: شهادة عليا | Y105: المجموع
J106: تربوية | K106: غير تربوية | L106: دبلوم عالي | M106: ماجستير | N106: دكتوراه | O106: اخــرى | S106: تعليمي | T106: عام | U106: دبلوم عالي | V106: ماجستير | W106: دكتوراه | X106: اخرى
E107: ذكــــــور | F107: ='مدارس التعليم الاساسية'!#REF! -> #REF! | G107: ='مدارس التعليم الاساسية'!#REF! -> #REF! | H107: ='مدارس التعليم الاساسية'!#REF! -> #REF! | I107: ='مدارس التعليم الاساسية'!#REF! -> #REF! | J107: ='مدارس التعليم الاساسية'!#REF! -> #REF! | K107: ='مدارس التعليم الاساسية'!#REF! -> #REF! | L107: 0 | M107: 0 | N107: 0 | O107: 0 | P107: =SUM(F107:O107) -> #REF! | R107: ذكــــــور | S107: 0 | T107: 0 | U107: 0 | V107: 0 | W107: 0 | X107: 0 | Y107: 0
E108: انــــــــاث | F108: ='مدارس التعليم الاساسية'!#REF! -> #REF! | G108: ='مدارس التعليم الاساسية'!#REF! -> #REF! | H108: ='مدارس التعليم الاساسية'!#REF! -> #REF! | I108: ='مدارس التعليم الاساسية'!#REF! -> #REF! | J108: ='مدارس التعليم الاساسية'!#REF! -> #REF! | K108: ='مدارس التعليم الاساسية'!#REF! -> #REF! | L108: 0 | M108: 0 | N108: 0 | O108: 0 | P108: =SUM(F108:O108) -> #REF! | R108: انــــــــاث | S108: 0 | T108: 0 | U108: 0 | V108: 0 | W108: 0 | X108: 0 | Y108: 0
E109: المجموع | F109: =SUM(F107:F108) -> #REF! | G109: =SUM(G107:G108) -> #REF! | H109: =SUM(H107:H108) -> #REF! | I109: =SUM(I107:I108) -> #REF! | J109: =SUM(J107:J108) -> #REF! | K109: =SUM(K107:K108) -> #REF! | L109: =SUM(L107:L108) -> 0 | M109: =SUM(M107:M108) -> 0 | ... P109: =SUM(P107:P108) -> #REF! | R109: المجموع | S109: 0 | T109: 0 | U109: 0 | V109: 0 | W109: 0 | X109: 0 | Y109: 0
L110: جدول رقم (9)
C112: عدد اعضاء الهيئة التدريسية حسب الاختصاص والجنس / التعليم الاساسي للعام الدراسي 2016/2015
C113: الجنس | D113: اللغة العربية | E113: اللغة الانكليزية | F113: اللغة الكردية | G113: الريـــاضيات | H113: الفيزيـــــــــاء | I113: الكيميــــــــاء | J113: علوم الحياة | K113: التاريــــــخ | L113: الجغرافيــــــة | M113: الاجتمـــــاع | N113: العلوم الدينية | O113: الاقتصــــــاد | P113: الادارة | Q113: الاقتصاد المنزلي | R113: التربية الفنيـــة | S113: علم النفس | T113: التربية الرياضية | U113: اللغة السريانية | V113: اللغة التركمانية | W113: الحاسوب | X113: اخـــــــــــــــرى | Y113: المجمـــــوع
C114: ذكور | D114: 0 | E114: 0 | F114: 0 | G114: 0 | H114: 0 | I114: 0 | J114: 0 | K114: 0 | L114: 0 | M114: 0 | N114: 0 | O114: 0 | P114: 0 | Q114: 0 | R114: 0 | S114: 0 | T114: 0 | U114: 0 | V114: 0 | W114: 0 | X114: 0 | Y114: =SUM(D114:X114) -> 0
C115: اناث | D115: 0 | E115: 0 | F115: 0 | G115: 0 | H115: 0 | I115: 0 | J115: 0 | K115: 0 | L115: 0 | M115: 0 | N115: 0 | O115: 0 | P115: 0 | Q115: 0 | R115: 0 | S115: 0 | T115: 0 | U115: 0 | V115: 0 | W115: 0 | X115: 0 | Y115: =SUM(D115:X115) -> 0
C116: مجموع | D116: =SUM(D114:D115) -> 0 | E116: =SUM(E114:E115) -> 0 | F116: =SUM(F114:F115) -> 0 | G116: =SUM(G114:G115) -> 0 | H116: =SUM(H114:H115) -> 0 | I116: =SUM(I114:I115) -> 0 | J116: =SUM(J114:J115) -> 0 | K116: =SUM(K114:K115) -> 0 | ... X116: =SUM(X114:X115) -> 0 | Y116: =SUM(D116:X116) -> 0
J117: تابع جدول رقم (9)
C119: عدد اعضاء الهيئة التعليمية حسب الاختصاص والجنس / التعليم الاساسي للعام الدراسي 2016/2015
C120: الجنس | D120: اللغة العربية | E120: اللغة الانكليزية | F120: التربية الاسلامية | G120: اللغة الكردية | H120: الريـــاضيات | I120: علوم/علوم الحياة | J120: فيزياء | K120: كيمياء | L120: التاريــــــخ | M120: الجغرافيــــــة | N120: الاجتمـــــاعيات | O120: التربية الرياضية | P120: التربية الفنية | Q120: اقتصاد منزلي | R120: تربية خاصة | S120: تربية علم النفس | T120: حاسوب | U120: اللغة التركمانية | V120: اللغة السريانية | W120: عام | X120: اخـــــــــــــــرى | Y120: المجمـــــوع
C121: ذكور | D121: ='مدارس التعليم الاساسية'!#REF! -> #REF! | E121: ='مدارس التعليم الاساسية'!#REF! -> #REF! | F121: ='مدارس التعليم الاساسية'!#REF! -> #REF! | G121: 0 | H121: ='مدارس التعليم الاساسية'!#REF! -> #REF! | I121: ='مدارس التعليم الاساسية'!#REF! -> #REF! | J121: 0 | K121: 0 | L121: ='مدارس التعليم الاساسية'!#REF! -> #REF! | M121: 0 | N121: 0 | O121: ='مدارس التعليم الاساسية'!#REF! -> #REF! | P121: ='مدارس التعليم الاساسية'!#REF! -> #REF! | Q121: 0 | R121: 0 | S121: 0 | T121: 0 | U121: 0 | V121: 0 | W121: ='مدارس التعليم الاساسية'!#REF! -> #REF! | X121: ='مدارس التعليم الاساسية'!#REF! -> #REF! | Y121: =SUM(D121:X121) -> #REF!
...
