Workbook

Sheet التعليم المسرع
A1: المديرية العامة للتربية في النجف الاشرف | F1: نوع صفوف المسرع | H1: جنس المدرسة | K1: بيئة المدرسة | M1: دوام المدرسة | Q1: استقلالية المدرسة | T1: نوع الازدواج | X1: هل المدرسة فتح جديد | Y1: المرحلة الاولى | AP1: المرحلة الثانية | BG1: المرحلة الثالثة | BX1: المجموع الكلي | CO1: عدد الشعب حسب الصف والجنس | DB1: عدد التلاميذ التاركين حسب الصف والجنس للعام 2026 / 2025 | DK1: عدد التلاميذ الناجحين حسب الصف والجنس للعام الدراسي 2025 / 2024 | DT1: عدد التلامذة الراسبين (الفشل بالامتحان ) لعام 2025 /2024 | EC1: عدد التلامذة الراسبين ( تجاوز الغياب )لعام 2025 /2024 | EL1: عدد التلامذة الراسبين ( الاسباب الاخري )لعام 2021 /2024 | EU1: اعضاء الهيئة التعليمية حسب العنوان الوظيفي | FF1: الموظفون الاداريون والخدميون حسب العنوان الوظيفي | FX1: الهيئة التعليمية حسب الشهادة والجنس | GQ1: عدد الهيئة التعليمية حسب الجنسية | GZ1: عدد اعضاء الهيئة التعليمية حسب الحالة الوظيفية | HT1: عدد اعضاء الهيئة التعليمية حسب الحالة الاجتماعية | IE1: عدد المعلمين المشاركين بدورات تربوية للعام الماضي
IQ2: التجهيزات والاثاث :- | IT2: الحاسبات :-
A3: التعليم المسرع 2026/2025 | GZ3: داخل القوة العمل | HB3: خارج القوة العمل | HQ3: المجموع | IG3: هل المدرسة مشمولة بالارشاد التربوي | II3: هل المدرسة مشمولة بالحاسوب | IK3: هل المدرسة مشمولة باللغات الاجنبية | IM3: اللغات | IQ3: عدد الرحلات المزدوجة (ذات المقعدين) الصالحة | IR3: عدد الرحلات (ذات المقعد الواحد) الصالحة | IS3: عدد لوحات الكتابة (السبورات) الصالحة | IT3: عدد الحاسبات الالكترونية (كومبيوتر) | IU3: عدد الطابعات | IV3: عدد الماسحات الضوئية (سكنرات) | IW3: هل توجد مكتبة
Y4: 12 | AA4: 13 | AC4: 14 | AE4: 15 | AG4: 16 | AI4: 17 | AK4: 18 | AM4: المجموع | AP4: 12 | AR4: 13 | AT4: 14 | AV4: 15 | AX4: 16 | AZ4: 17 | BB4: 18 | BD4: المجموع | BG4: 12 | BI4: 13 | BK4: 14 | BM4: 15 | BO4: 16 | BQ4: 17 | BS4: 18 | BU4: المجموع | BX4: 12 | BZ4: 13 | CB4: 14 | CD4: 15 | CF4: 16 | CH4: 17 | CJ4: 18 | CL4: المجموع الكلي | CO4: المرحلة الاولى | CR4: المرحلة الثانية | CU4: المرحلة الثالثة | CX4: المجموع | DB4: المرحلة الاولى | DD4: المرحلة الثانية | DF4: المرحلة الثالثة | DH4: المجموع | DK4: المرحلة الاولى | DM4: المرحلة الثانية | DO4: المرحلة الثالثة | DQ4: المجموع | DT4: المرحلة الاولى | DV4: المرحلة الثانية | DX4: المرحلة الثالثة | DZ4: المجموع | EC4: المرحلة الاولى | EE4: المرحلة الثانية | EG4: المرحلة الثالثة | EI4: المجموع | EL4: المرحلة الاولى | EN4: المرحلة الثانية | EP4: المرحلة الثالثة | ER4: المجموع | EU4: مدير | EW4: معاون | EY4: معلم | FA4: مرشد تربوي | FC4: المجموع | FF4: موظف ادارة | FH4: محاسب | FJ4: كاتب | FL4: امين مكتبة | FN4: موظف خدمات | FP4: حرفي | FR4: فلاح | FS4: حارس | FT4: سايق | FU4: المجموع | FX4: اعدادية | FZ4: دور معلمين | GB4: دبلوم تعليمي | GD4: مدارس مهنية | GF4: دبلوم عام | GH4: بكلوريوس تعليمية | GJ4: بكلوريوس عام | GL4: اخرى | GN4: المجموع | GP4: المجموع | GQ4: عراقية | GS4: عربية | GU4: اجنبية | GW4: المجموع | HB4: بعثة او زمالة دراسية | HD4: اجازة دراسية | HF4: اجازة مصاحبة | HH4: اجازة بدون راتب | HJ4: اجازة مرضية طويلة | HL4: اجازة امومة | HM4: منسب الى جهة اخرى | HO4: 4-5سنوات | HT4: اعزب | HV4: متزوج | HX4: مطلق | HZ4: ارمل | IB4: المجموع | ID4: المجموع الكلي | IE4: عدد المعلمين | IM4: فرنسي | IN4: روسي | IO4: اسباني | IP4: كردي
A5: القضاء | B5: الناحية | C5: ت | D5: الرقم الاحصائي | E5: اسم المدرسة | F5: صف مسرع في مدرسة | G5: مدرسة مسرع | H5: بنون | I5: بنات | J5: مختلط | K5: حضر | L5: ريف | M5: صباحا | N5: ظهرا | O5: صباحا وظهرا | P5: مساءا | Q5: اصلية | R5: ضيف | S5: استضافة | T5: غير مزدوجة | U5: مع نفسها | V5: مع اخرى | W5: مع نفسها ومع اخرى | X5: الجديد | Y5: بنون | Z5: بنات | AA5: بنون | AB5: بنات | AC5: بنون | AD5: بنات | AE5: بنون | AF5: بنات | AG5: بنون | AH5: بنات | AI5: بنون | AJ5: بنات | AK5: بنون | AL5: بنات | AM5: بنون | AN5: بنات | AO5: المجموع | AP5: بنون | AQ5: بنات | AR5: بنون | AS5: بنات | AT5: بنون | AU5: بنات | AV5: بنون | AW5: بنات | AX5: بنون | AY5: بنات | AZ5: بنون | BA5: بنات | BB5: بنون | BC5: بنات | BD5: بنون | BE5: بنات | BF5: المجموع | BG5: بنون | BH5: بنات | BI5: بنون | BJ5: بنات | BK5: بنون | BL5: بنات | BM5: بنون | BN5: بنات | BO5: بنون | BP5: بنات | BQ5: بنون | BR5: بنات | BS5: بنون | BT5: بنات | BU5: بنون | BV5: بنات | BW5: المجموع | BX5: بنون | BY5: بنات | BZ5: بنون | CA5: بنات | CB5: بنون | CC5: بنات | CD5: بنون | CE5: بنات | CF5: بنون | CG5: بنات | CH5: بنون | CI5: بنات | CJ5: بنون | CK5: بنات | CL5: بنون | CM5: بنات | CN5: المجموع | CO5: بنون | CP5: بنات | CQ5: مختلط | CR5: بنون | CS5: بنات | CT5: مختلط | CU5: بنون | CV5: بنات | CW5: مختلط | CX5: بنون | CY5: بنات | CZ5: مختلط | DA5: المجموع | DB5: بنون | DC5: بنات | DD5: بنون | DE5: بنات | DF5: بنون | DG5: بنات | DH5: بنون | DI5: بنات | DJ5: المجموع | DK5: بنون | DL5: بنات | DM5: بنون | DN5: بنات | DO5: بنون | DP5: بنات | DQ5: بنون | DR5: بنات | DS5: المجموع | DT5: بنون | DU5: بنات | DV5: بنون | DW5: بنات | DX5: بنون | DY5: بنات | DZ5: بنون | EA5: بنات | EB5: المجموع | EC5: بنون | ED5: بنات | EE5: بنون | EF5: بنات | EG5: بنون | EH5: بنات | EI5: بنون | EJ5: بنات | EK5: المجموع | EL5: بنون | EM5: بنات | EN5: بنون | EO5: بنات | EP5: بنون | EQ5: بنات | ER5: بنون | ES5: بنات | ET5: المجموع | EU5: ذكور | EV5: اناث | EW5: ذكور | EX5: اناث | EY5: ذكور | EZ5: اناث | FA5: ذكور | FB5: اناث | FC5: ذكور | FD5: اناث | FE5: المجموع | FF5: ذكور | FG5: اناث | FH5: ذكور | FI5: اناث | FJ5: ذكور | FK5: اناث | FL5: ذكور | FM5: اناث | FN5: ذكور | FO5: اناث | FP5: ذكور | FQ5: اناث | FR5: ذكور | FS5: ذكور | FT5: ذكور | FU5: ذكور | FV5: اناث | FW5: المجموع | FX5: ذكور | FY5: اناث | FZ5: ذكور | GA5: اناث | GB5: ذكور | GC5: اناث | GD5: ذكور | GE5: اناث | GF5: ذكور | GG5: اناث | GH5: ذكور | GI5: اناث | GJ5: ذكور | GK5: اناث | GL5: ذكور | GM5: اناث | GN5: ذكور | GO5: اناث | GQ5: ذكور | GR5: اناث | GS5: ذكور | GT5: اناث | GU5: ذكور | GV5: اناث | GW5: ذكور | GX5: اناث | GY5: المجموع | GZ5: ذكور | HA5: اناث | HB5: ذكور | HC5: اناث | HD5: ذكور | HE5: اناث | HF5: ذكور | HG5: اناث | HH5: ذكور | HI5: اناث | HJ5: ذكور | HK5: اناث | HL5: اناث | HM5: ذكور | HN5: اناث | HO5: ذكور | HP5: اناث | HQ5: ذكور | HR5: اناث | HS5: المجموع | HT5: ذكور | HU5: اناث | HV5: ذكور | HW5: اناث | HX5: ذكور | HY5: اناث | HZ5: ذكور | IA5: اناث | IB5: ذكور | IC5: اناث | IE5: ذكور | IF5: اناث | IG5: نعم | IH5: كلا | II5: نعم | IJ5: كلا | IK5: نعم | IL5: كلا | IW5: نعم | IX5: كلا | IY5: المدير | IZ5: رقم الموبايل | JA5: اقرب نقطة
A6: النجف | B6: المركز | C6: 1 | D6: 1400724 | E6: مدينة العلم | G6: 1 | H6: 1 | K6: 1 | N6: 1 | R6: 1 | V6: 1 | Y6: 5 | AA6: 9 | AC6: 13 | AE6: 6 | AG6: 9 | AI6: 8 | AK6: 4 | AM6: =AK6+AI6+AG6+AE6+AC6+AA6+Y6 -> 54 | AN6: =AL6+AJ6+AH6+AF6+AD6+AB6+Z6 -> 0 | AO6: =AN6+AM6 -> 54 | AR6: 2 | AT6: 10 | AV6: 12 | AX6: 13 | AZ6: 8 | BB6: 6 | BD6: =BB6+AZ6+AX6+AV6+AT6+AR6+AP6 -> 51 | BE6: =BC6+BA6+AY6+AW6+AU6+AS6+AQ6 -> 0 | BF6: =BE6+BD6 -> 51 | BG6: 1 | BI6: 1 | BK6: 12 | BM6: 19 | BO6: 33 | BQ6: 31 | BS6: 30 | BU6: =BS6+BQ6+BO6+BM6+BK6+BI6+BG6 -> 127 | BV6: =BT6+BR6+BP6+BN6+BL6+BJ6+BH6 -> 0 | BW6: =BV6+BU6 -> 127 | BX6: =BG6+AP6+Y6 -> 6 | BY6: =BH6+AQ6+Z6 -> 0 | BZ6: =BI6+AR6+AA6 -> 12 | CA6: =BJ6+AS6+AB6 -> 0 | CB6: =BK6+AT6+AC6 -> 35 | CC6: =BL6+AU6+AD6 -> 0 | CD6: =BM6+AV6+AE6 -> 37 | CE6: =BN6+AW6+AF6 -> 0 | ... CK6: =BT6+BC6+AL6 -> 0 | CL6: =CJ6+CH6+CF6+CD6+CB6+BZ6+BX6 -> 232 | CM6: =CK6+CI6+CG6+CE6+CC6+CA6+BY6 -> 0 | CN6: =CM6+CL6 -> 232 | CO6: 2 | CR6: 2 | CU6: 4 | CX6: =CU6+CR6+CO6 -> 8 | CY6: =CV6+CS6+CP6 -> 0 | CZ6: =CW6+CT6+CQ6 -> 0 | DA6: =CZ6+CY6+CX6 -> 8 | DB6: 23 | DH6: =DF6+DD6+DB6 -> 23 | DI6: =DG6+DE6+DC6 -> 0 | DJ6: =DI6+DH6 -> 23 | DK6: 31 | DM6: 39 | DO6: 66 | DQ6: =DO6+DM6+DK6 -> 136 | DR6: =DP6+DN6+DL6 -> 0 | DS6: =DR6+DQ6 -> 136 | DT6: 11 | DV6: 12 | DX6: 20 | DZ6: =DX6+DV6+DT6 -> 43 | EA6: =DY6+DW6+DU6 -> 0 | EB6: =EA6+DZ6 -> 43 | EI6: =EG6+EE6+EC6 -> 0 | EJ6: =EH6+EF6+ED6 -> 0 | EK6: =EJ6+EI6 -> 0 | ER6: =EP6+EN6+EL6 -> 0 | ES6: =EQ6+EO6+EM6 -> 0 | ET6: =ES6+ER6 -> 0 | EU6: 1 | EW6: 1 | EY6: 4 | EZ6: 1 | FC6: =FA6+EY6+EW6+EU6 -> 6 | FD6: =FB6+EZ6+EX6+EV6 -> 1 | FE6: =FD6+FC6 -> 7 | FN6: 2 | FU6: =FT6+FS6+FR6+FN6+FL6+FH6+FF6+FP6+FJ6 -> 2 | FV6: =FO6+FM6+FI6+FG6+FK6+FQ6 -> 0 | FW6: =FV6+FU6 -> 2 | GB6: 3 | GC6: 1 | GH6: 2 | GJ6: 1 | GN6: =GL6+GJ6+GH6+GF6+GD6+GB6+FZ6+FX6 -> 6 | GO6: =GM6+GK6+GI6+GG6+GE6+GC6+GA6+FY6 -> 1 | GP6: =GO6+GN6 -> 7 | GQ6: 6 | GR6: 1 | GW6: =GU6+GS6+GQ6 -> 6 | GX6: =GV6+GT6+GR6 -> 1 | GY6: =GX6+GW6 -> 7 | GZ6: 5 | HA6: 1 | HO6: 1 | HQ6: =HO6+GZ6+HM6+HJ6+HH6+HF6+HD6+HB6 -> 6 | HR6: =HP6+HA6+HN6+HL6+HK6+HI6+HG6+HE6+HC6 -> 1 | HS6: =HR6+HQ6 -> 7 | HV6: 6 | HW6: 1 | IB6: =HZ6+HX6+HV6+HT6 -> 6 | IC6: =IA6+HY6+HW6+HU6 -> 1 | ID6: =IC6+IB6 -> 7 | IH6: 1 | IJ6: 1 | IL6: 1 | IS6: 8 | IT6: 1 | IU6: 3 | IX6: 1 | IY6: سعد طارق سعد | IZ6: 7801262206 | JA6: قرب تقاطع العسكريين - حي العلماء مع مدرسة مصطفى جواد الابتدائية
A7: النجف | B7: المركز | C7: 2 | D7: 1400725 | E7: الاقمار المنيرة | G7: 1 | I7: 1 | K7: 1 | N7: 1 | R7: 1 | V7: 1 | Z7: 2 | AB7: 1 | AF7: 1 | AM7: =AK7+AI7+AG7+AE7+AC7+AA7+Y7 -> 0 | AN7: =AL7+AJ7+AH7+AF7+AD7+AB7+Z7 -> 4 | AO7: =AN7+AM7 -> 4 | AS7: 1 | AU7: 5 | AW7: 2 | AY7: 3 | BA7: 2 | BC7: 2 | BD7: =BB7+AZ7+AX7+AV7+AT7+AR7+AP7 -> 0 | BE7: =BC7+BA7+AY7+AW7+AU7+AS7+AQ7 -> 15 | BF7: =BE7+BD7 -> 15 | BL7: 5 | BN7: 2 | BP7: 7 | BR7: 5 | BT7: 4 | BU7: =BS7+BQ7+BO7+BM7+BK7+BI7+BG7 -> 0 | BV7: =BT7+BR7+BP7+BN7+BL7+BJ7+BH7 -> 23 | BW7: =BV7+BU7 -> 23 | BX7: =BG7+AP7+Y7 -> 0 | BY7: =BH7+AQ7+Z7 -> 2 | BZ7: =BI7+AR7+AA7 -> 0 | CA7: =BJ7+AS7+AB7 -> 2 | CB7: =BK7+AT7+AC7 -> 0 | CC7: =BL7+AU7+AD7 -> 10 | CD7: =BM7+AV7+AE7 -> 0 | CE7: =BN7+AW7+AF7 -> 5 | ... CK7: =BT7+BC7+AL7 -> 6 | CL7: =CJ7+CH7+CF7+CD7+CB7+BZ7+BX7 -> 0 | CM7: =CK7+CI7+CG7+CE7+CC7+CA7+BY7 -> 42 | CN7: =CM7+CL7 -> 42 | CP7: 1 | CS7: 1 | CV7: 1 | CX7: =CU7+CR7+CO7 -> 0 | CY7: =CV7+CS7+CP7 -> 3 | CZ7: =CW7+CT7+CQ7 -> 0 | DA7: =CZ7+CY7+CX7 -> 3 | DC7: 1 | DG7: 7 | DH7: =DF7+DD7+DB7 -> 0 | DI7: =DG7+DE7+DC7 -> 8 | DJ7: =DI7+DH7 -> 8 | DL7: 4 | DN7: 10 | DP7: 28 | DQ7: =DO7+DM7+DK7 -> 0 | DR7: =DP7+DN7+DL7 -> 42 | DS7: =DR7+DQ7 -> 42 | DU7: 6 | DW7: 5 | DY7: 10 | DZ7: =DX7+DV7+DT7 -> 0 | EA7: =DY7+DW7+DU7 -> 21 | EB7: =EA7+DZ7 -> 21 | EI7: =EG7+EE7+EC7 -> 0 | EJ7: =EH7+EF7+ED7 -> 0 | EK7: =EJ7+EI7 -> 0 | ER7: =EP7+EN7+EL7 -> 0 | ES7: =EQ7+EO7+EM7 -> 0 | ET7: =ES7+ER7 -> 0 | EV7: 1 | EZ7: 2 | FC7: =FA7+EY7+EW7+EU7 -> 0 | FD7: =FB7+EZ7+EX7+EV7 -> 3 | FE7: =FD7+FC7 -> 3 | FO7: 1 | FU7: =FT7+FS7+FR7+FN7+FL7+FH7+FF7+FP7+FJ7 -> 0 | FV7: =FO7+FM7+FI7+FG7+FK7+FQ7 -> 1 | FW7: =FV7+FU7 -> 1 | GI7: 3 | GN7: =GL7+GJ7+GH7+GF7+GD7+GB7+FZ7+FX7 -> 0 | GO7: =GM7+GK7+GI7+GG7+GE7+GC7+GA7+FY7 -> 3 | GP7: =GO7+GN7 -> 3 | GR7: 3 | GW7: =GU7+GS7+GQ7 -> 0 | GX7: =GV7+GT7+GR7 -> 3 | GY7: =GX7+GW7 -> 3 | HA7: 3 | HQ7: =HO7+GZ7+HM7+HJ7+HH7+HF7+HD7+HB7 -> 0 | HR7: =HP7+HA7+HN7+HL7+HK7+HI7+HG7+HE7+HC7 -> 3 | HS7: =HR7+HQ7 -> 3 | HW7: 3 | IB7: =HZ7+HX7+HV7+HT7 -> 0 | IC7: =IA7+HY7+HW7+HU7 -> 3 | ID7: =IC7+IB7 -> 3 | IF7: 1 | IH7: 1 | IJ7: 1 | IL7: 1 | IQ7: 52 | IR7: 10 | IS7: 7 | IT7: 1 | IU7: 1 | IX7: 1 | IY7: اسراء مصطفى محسن | IZ7: 7812422149 | JA7: حي السلام - مع مدرسة الدعاء المستجاب الابتدائية
A8: النجف | B8: المركز | C8: 3 | D8: 1400726 | E8: اعلام الدين | G8: 1 | H8: 1 | K8: 1 | N8: 1 | R8: 1 | V8: 1 | Y8: 5 | AA8: 7 | AC8: 10 | AE8: 8 | AG8: 1 | AI8: 1 | AM8: =AK8+AI8+AG8+AE8+AC8+AA8+Y8 -> 32 | AN8: =AL8+AJ8+AH8+AF8+AD8+AB8+Z8 -> 0 | AO8: =AN8+AM8 -> 32 | AP8: 6 | AR8: 8 | AT8: 11 | AV8: 5 | AX8: 16 | AZ8: 3 | BB8: 2 | BD8: =BB8+AZ8+AX8+AV8+AT8+AR8+AP8 -> 51 | BE8: =BC8+BA8+AY8+AW8+AU8+AS8+AQ8 -> 0 | BF8: =BE8+BD8 -> 51 | BI8: 3 | BK8: 3 | BM8: 11 | BO8: 15 | BQ8: 5 | BS8: 7 | BU8: =BS8+BQ8+BO8+BM8+BK8+BI8+BG8 -> 44 | BV8: =BT8+BR8+BP8+BN8+BL8+BJ8+BH8 -> 0 | BW8: =BV8+BU8 -> 44 | BX8: =BG8+AP8+Y8 -> 11 | BY8: =BH8+AQ8+Z8 -> 0 | BZ8: =BI8+AR8+AA8 -> 18 | CA8: =BJ8+AS8+AB8 -> 0 | CB8: =BK8+AT8+AC8 -> 24 | CC8: =BL8+AU8+AD8 -> 0 | CD8: =BM8+AV8+AE8 -> 24 | CE8: =BN8+AW8+AF8 -> 0 | ... CK8: =BT8+BC8+AL8 -> 0 | CL8: =CJ8+CH8+CF8+CD8+CB8+BZ8+BX8 -> 127 | CM8: =CK8+CI8+CG8+CE8+CC8+CA8+BY8 -> 0 | CN8: =CM8+CL8 -> 127 | CO8: 2 | CR8: 2 | CU8: 2 | CX8: =CU8+CR8+CO8 -> 6 | CY8: =CV8+CS8+CP8 -> 0 | CZ8: =CW8+CT8+CQ8 -> 0 | DA8: =CZ8+CY8+CX8 -> 6 | DB8: 10 | DD8: 8 | DF8: 25 | DH8: =DF8+DD8+DB8 -> 43 | DI8: =DG8+DE8+DC8 -> 0 | DJ8: =DI8+DH8 -> 43 | DK8: 16 | DM8: 20 | DO8: 32 | DQ8: =DO8+DM8+DK8 -> 68 | DR8: =DP8+DN8+DL8 -> 0 | DS8: =DR8+DQ8 -> 68 | DT8: 5 | DV8: 4 | DX8: 1 | DZ8: =DX8+DV8+DT8 -> 10 | EA8: =DY8+DW8+DU8 -> 0 | EB8: =EA8+DZ8 -> 10 | EI8: =EG8+EE8+EC8 -> 0 | EJ8: =EH8+EF8+ED8 -> 0 | EK8: =EJ8+EI8 -> 0 | ER8: =EP8+EN8+EL8 -> 0 | ES8: =EQ8+EO8+EM8 -> 0 | ET8: =ES8+ER8 -> 0 | EU8: 1 | EY8: 3 | EZ8: 1 | FC8: =FA8+EY8+EW8+EU8 -> 4 | FD8: =FB8+EZ8+EX8+EV8 -> 1 | FE8: =FD8+FC8 -> 5 | FN8: 2 | FU8: =FT8+FS8+FR8+FN8+FL8+FH8+FF8+FP8+FJ8 -> 2 | FV8: =FO8+FM8+FI8+FG8+FK8+FQ8 -> 0 | FW8: =FV8+FU8 -> 2 | GB8: 3 | GC8: 1 | GH8: 1 | GN8: =GL8+GJ8+GH8+GF8+GD8+GB8+FZ8+FX8 -> 4 | GO8: =GM8+GK8+GI8+GG8+GE8+GC8+GA8+FY8 -> 1 | GP8: =GO8+GN8 -> 5 | GQ8: 4 | GR8: 1 | GW8: =GU8+GS8+GQ8 -> 4 | GX8: =GV8+GT8+GR8 -> 1 | GY8: =GX8+GW8 -> 5 | GZ8: 4 | HA8: 1 | HQ8: =HO8+GZ8+HM8+HJ8+HH8+HF8+HD8+HB8 -> 4 | HR8: =HP8+HA8+HN8+HL8+HK8+HI8+HG8+HE8+HC8 -> 1 | HS8: =HR8+HQ8 -> 5 | HV8: 4 | HW8: 1 | IB8: =HZ8+HX8+HV8+HT8 -> 4 | IC8: =IA8+HY8+HW8+HU8 -> 1 | ID8: =IC8+IB8 -> 5 | IG8: 1 | IJ8: 1 | IL8: 1 | IT8: 1 | IU8: 2 | IX8: 1 | IY8: كرار ابراهيم حطاب | IZ8: 7810640813 | JA8: حي الانصار - مع م . الفارس العربي للبنين
A9: النجف | B9: المركز | C9: 4 | D9: 1400727 | E9: البيت المعمور | G9: 1 | I9: 1 | K9: 1 | N9: 1 | R9: 1 | V9: 1 | Z9: 15 | AB9: 9 | AD9: 12 | AF9: 3 | AH9: 3 | AJ9: 3 | AM9: =AK9+AI9+AG9+AE9+AC9+AA9+Y9 -> 0 | AN9: =AL9+AJ9+AH9+AF9+AD9+AB9+Z9 -> 45 | AO9: =AN9+AM9 -> 45 | AQ9: 8 | AS9: 9 | AU9: 7 | AW9: 5 | AY9: 3 | BA9: 2 | BD9: =BB9+AZ9+AX9+AV9+AT9+AR9+AP9 -> 0 | BE9: =BC9+BA9+AY9+AW9+AU9+AS9+AQ9 -> 34 | BF9: =BE9+BD9 -> 34 | BH9: 4 | BJ9: 9 | BL9: 5 | BN9: 3 | BP9: 7 | BR9: 2 | BT9: 2 | BU9: =BS9+BQ9+BO9+BM9+BK9+BI9+BG9 -> 0 | BV9: =BT9+BR9+BP9+BN9+BL9+BJ9+BH9 -> 32 | BW9: =BV9+BU9 -> 32 | BX9: =BG9+AP9+Y9 -> 0 | BY9: =BH9+AQ9+Z9 -> 27 | BZ9: =BI9+AR9+AA9 -> 0 | CA9: =BJ9+AS9+AB9 -> 27 | CB9: =BK9+AT9+AC9 -> 0 | CC9: =BL9+AU9+AD9 -> 24 | CD9: =BM9+AV9+AE9 -> 0 | CE9: =BN9+AW9+AF9 -> 11 | ... CK9: =BT9+BC9+AL9 -> 2 | CL9: =CJ9+CH9+CF9+CD9+CB9+BZ9+BX9 -> 0 | CM9: =CK9+CI9+CG9+CE9+CC9+CA9+BY9 -> 111 | CN9: =CM9+CL9 -> 111 | CP9: 1 | CS9: 1 | CV9: 1 | CX9: =CU9+CR9+CO9 -> 0 | CY9: =CV9+CS9+CP9 -> 3 | CZ9: =CW9+CT9+CQ9 -> 0 | DA9: =CZ9+CY9+CX9 -> 3 | DC9: 4 | DE9: 2 | DG9: 5 | DH9: =DF9+DD9+DB9 -> 0 | DI9: =DG9+DE9+DC9 -> 11 | DJ9: =DI9+DH9 -> 11 | DL9: 22 | DN9: 23 | DP9: 31 | DQ9: =DO9+DM9+DK9 -> 0 | DR9: =DP9+DN9+DL9 -> 76 | DS9: =DR9+DQ9 -> 76 | DU9: 14 | DW9: 6 | DY9: 3 | DZ9: =DX9+DV9+DT9 -> 0 | EA9: =DY9+DW9+DU9 -> 23 | EB9: =EA9+DZ9 -> 23 | EI9: =EG9+EE9+EC9 -> 0 | EJ9: =EH9+EF9+ED9 -> 0 | EK9: =EJ9+EI9 -> 0 | ER9: =EP9+EN9+EL9 -> 0 | ES9: =EQ9+EO9+EM9 -> 0 | ET9: =ES9+ER9 -> 0 | EV9: 1 | EX9: 1 | EZ9: 5 | FC9: =FA9+EY9+EW9+EU9 -> 0 | FD9: =FB9+EZ9+EX9+EV9 -> 7 | FE9: =FD9+FC9 -> 7 | FO9: 1 | FU9: =FT9+FS9+FR9+FN9+FL9+FH9+FF9+FP9+FJ9 -> 0 | FV9: =FO9+FM9+FI9+FG9+FK9+FQ9 -> 1 | FW9: =FV9+FU9 -> 1 | GC9: 2 | GI9: 4 | GK9: 1 | GN9: =GL9+GJ9+GH9+GF9+GD9+GB9+FZ9+FX9 -> 0 | GO9: =GM9+GK9+GI9+GG9+GE9+GC9+GA9+FY9 -> 7 | GP9: =GO9+GN9 -> 7 | GR9: 7 | GW9: =GU9+GS9+GQ9 -> 0 | GX9: =GV9+GT9+GR9 -> 7 | GY9: =GX9+GW9 -> 7 | HA9: 7 | HQ9: =HO9+GZ9+HM9+HJ9+HH9+HF9+HD9+HB9 -> 0 | HR9: =HP9+HA9+HN9+HL9+HK9+HI9+HG9+HE9+HC9 -> 7 | HS9: =HR9+HQ9 -> 7 | HU9: 2 | HW9: 5 | IB9: =HZ9+HX9+HV9+HT9 -> 0 | IC9: =IA9+HY9+HW9+HU9 -> 7 | ID9: =IC9+IB9 -> 7 | IH9: 1 | IJ9: 1 | IL9: 1 | IT9: 1 | IU9: 1 | IV9: 1 | IX9: 1 | IY9: هيفاء منعم شاكر | IZ9: 7804303945 | JA9: الجديدة الرابعة - قرب اعدادية الصناعة مع مدرسة الوطن الابتدائية
A10: النجف | B10: المركز | C10: 5 | D10: 1400810 | E10: الركن اليماني | G10: 1 | H10: 1 | K10: 1 | N10: 1 | R10: 1 | V10: 1 | Y10: 12 | AA10: 21 | AC10: 20 | AE10: 15 | AG10: 7 | AI10: 2 | AK10: 4 | AM10: =AK10+AI10+AG10+AE10+AC10+AA10+Y10 -> 81 | AN10: =AL10+AJ10+AH10+AF10+AD10+AB10+Z10 -> 0 | AO10: =AN10+AM10 -> 81 | AR10: 1 | AT10: 9 | AV10: 13 | AX10: 10 | AZ10: 11 | BB10: 8 | BD10: =BB10+AZ10+AX10+AV10+AT10+AR10+AP10 -> 52 | BE10: =BC10+BA10+AY10+AW10+AU10+AS10+AQ10 -> 0 | BF10: =BE10+BD10 -> 52 | BI10: 1 | BK10: 4 | BM10: 12 | BO10: 21 | BQ10: 10 | BS10: 6 | BU10: =BS10+BQ10+BO10+BM10+BK10+BI10+BG10 -> 54 | BV10: =BT10+BR10+BP10+BN10+BL10+BJ10+BH10 -> 0 | BW10: =BV10+BU10 -> 54 | BX10: =BG10+AP10+Y10 -> 12 | BY10: =BH10+AQ10+Z10 -> 0 | BZ10: =BI10+AR10+AA10 -> 23 | CA10: =BJ10+AS10+AB10 -> 0 | CB10: =BK10+AT10+AC10 -> 33 | CC10: =BL10+AU10+AD10 -> 0 | CD10: =BM10+AV10+AE10 -> 40 | CE10: =BN10+AW10+AF10 -> 0 | ... CK10: =BT10+BC10+AL10 -> 0 | CL10: =CJ10+CH10+CF10+CD10+CB10+BZ10+BX10 -> 187 | CM10: =CK10+CI10+CG10+CE10+CC10+CA10+BY10 -> 0 | CN10: =CM10+CL10 -> 187 | CO10: 2 | CR10: 2 | CU10: 2 | CX10: =CU10+CR10+CO10 -> 6 | CY10: =CV10+CS10+CP10 -> 0 | CZ10: =CW10+CT10+CQ10 -> 0 | DA10: =CZ10+CY10+CX10 -> 6 | DH10: =DF10+DD10+DB10 -> 0 | DI10: =DG10+DE10+DC10 -> 0 | DJ10: =DI10+DH10 -> 0 | DK10: 29 | DM10: 27 | DO10: 51 | DQ10: =DO10+DM10+DK10 -> 107 | DR10: =DP10+DN10+DL10 -> 0 | DS10: =DR10+DQ10 -> 107 | DT10: 40 | DV10: 4 | DX10: 11 | DZ10: =DX10+DV10+DT10 -> 55 | EA10: =DY10+DW10+DU10 -> 0 | EB10: =EA10+DZ10 -> 55 | EI10: =EG10+EE10+EC10 -> 0 | EJ10: =EH10+EF10+ED10 -> 0 | EK10: =EJ10+EI10 -> 0 | ER10: =EP10+EN10+EL10 -> 0 | ES10: =EQ10+EO10+EM10 -> 0 | ET10: =ES10+ER10 -> 0 | EU10: 1 | EW10: 1 | EY10: 5 | FC10: =FA10+EY10+EW10+EU10 -> 7 | FD10: =FB10+EZ10+EX10+EV10 -> 0 | FE10: =FD10+FC10 -> 7 | FN10: 1 | FU10: =FT10+FS10+FR10+FN10+FL10+FH10+FF10+FP10+FJ10 -> 1 | FV10: =FO10+FM10+FI10+FG10+FK10+FQ10 -> 0 | FW10: =FV10+FU10 -> 1 | GB10: 3 | GH10: 4 | GN10: =GL10+GJ10+GH10+GF10+GD10+GB10+FZ10+FX10 -> 7 | GO10: =GM10+GK10+GI10+GG10+GE10+GC10+GA10+FY10 -> 0 | GP10: =GO10+GN10 -> 7 | GQ10: 7 | GW10: =GU10+GS10+GQ10 -> 7 | GX10: =GV10+GT10+GR10 -> 0 | GY10: =GX10+GW10 -> 7 | GZ10: 6 | HJ10: 1 | HQ10: =HO10+GZ10+HM10+HJ10+HH10+HF10+HD10+HB10 -> 7 | HR10: =HP10+HA10+HN10+HL10+HK10+HI10+HG10+HE10+HC10 -> 0 | HS10: =HR10+HQ10 -> 7 | HV10: 7 | IB10: =HZ10+HX10+HV10+HT10 -> 7 | IC10: =IA10+HY10+HW10+HU10 -> 0 | ID10: =IC10+IB10 -> 7 | IE10: 6 | IH10: 1 | IJ10: 1 | IL10: 1 | IT10: 1 | IU10: 2 | IX10: 1 | IY10: نسيم كريم عباس | IZ10: 7807478284 | JA10: الجديدة الرابعة - قرب سوق الحديقة مع م . النهروان للبنين
A11: النجف | B11: المركز | C11: 6 | D11: 1400811 | E11: الجنائن المعلقة | G11: 1 | I11: 1 | K11: 1 | N11: 1 | R11: 1 | V11: 1 | Z11: 7 | AB11: 5 | AD11: 5 | AF11: 3 | AH11: 5 | AJ11: 5 | AL11: 5 | AM11: =AK11+AI11+AG11+AE11+AC11+AA11+Y11 -> 0 | AN11: =AL11+AJ11+AH11+AF11+AD11+AB11+Z11 -> 35 | AO11: =AN11+AM11 -> 35 | AQ11: 2 | AS11: 5 | AU11: 10 | AW11: 5 | AY11: 7 | BA11: 5 | BC11: 5 | BD11: =BB11+AZ11+AX11+AV11+AT11+AR11+AP11 -> 0 | BE11: =BC11+BA11+AY11+AW11+AU11+AS11+AQ11 -> 39 | BF11: =BE11+BD11 -> 39 | BH11: 4 | BJ11: 4 | BL11: 4 | BN11: 7 | BP11: 9 | BR11: 4 | BT11: 5 | BU11: =BS11+BQ11+BO11+BM11+BK11+BI11+BG11 -> 0 | BV11: =BT11+BR11+BP11+BN11+BL11+BJ11+BH11 -> 37 | BW11: =BV11+BU11 -> 37 | BX11: =BG11+AP11+Y11 -> 0 | BY11: =BH11+AQ11+Z11 -> 13 | BZ11: =BI11+AR11+AA11 -> 0 | CA11: =BJ11+AS11+AB11 -> 14 | CB11: =BK11+AT11+AC11 -> 0 | CC11: =BL11+AU11+AD11 -> 19 | CD11: =BM11+AV11+AE11 -> 0 | CE11: =BN11+AW11+AF11 -> 15 | ... CK11: =BT11+BC11+AL11 -> 15 | CL11: =CJ11+CH11+CF11+CD11+CB11+BZ11+BX11 -> 0 | CM11: =CK11+CI11+CG11+CE11+CC11+CA11+BY11 -> 111 | CN11: =CM11+CL11 -> 111 | CP11: 2 | CS11: 2 | CV11: 2 | CX11: =CU11+CR11+CO11 -> 0 | CY11: =CV11+CS11+CP11 -> 6 | CZ11: =CW11+CT11+CQ11 -> 0 | DA11: =CZ11+CY11+CX11 -> 6 | DC11: 1 | DE11: 5 | DG11: 4 | DH11: =DF11+DD11+DB11 -> 0 | DI11: =DG11+DE11+DC11 -> 10 | DJ11: =DI11+DH11 -> 10 | DL11: 11 | DN11: 20 | DP11: 34 | DQ11: =DO11+DM11+DK11 -> 0 | DR11: =DP11+DN11+DL11 -> 65 | DS11: =DR11+DQ11 -> 65 | DU11: 3 | DW11: 11 | DZ11: =DX11+DV11+DT11 -> 0 | EA11: =DY11+DW11+DU11 -> 14 | EB11: =EA11+DZ11 -> 14 | EI11: =EG11+EE11+EC11 -> 0 | EJ11: =EH11+EF11+ED11 -> 0 | EK11: =EJ11+EI11 -> 0 | ER11: =EP11+EN11+EL11 -> 0 | ES11: =EQ11+EO11+EM11 -> 0 | ET11: =ES11+ER11 -> 0 | EV11: 1 | EZ11: 7 | FC11: =FA11+EY11+EW11+EU11 -> 0 | FD11: =FB11+EZ11+EX11+EV11 -> 8 | FE11: =FD11+FC11 -> 8 | FO11: 1 | FU11: =FT11+FS11+FR11+FN11+FL11+FH11+FF11+FP11+FJ11 -> 0 | FV11: =FO11+FM11+FI11+FG11+FK11+FQ11 -> 1 | FW11: =FV11+FU11 -> 1 | GC11: 2 | GI11: 6 | GN11: =GL11+GJ11+GH11+GF11+GD11+GB11+FZ11+FX11 -> 0 | GO11: =GM11+GK11+GI11+GG11+GE11+GC11+GA11+FY11 -> 8 | GP11: =GO11+GN11 -> 8 | GR11: 8 | GW11: =GU11+GS11+GQ11 -> 0 | GX11: =GV11+GT11+GR11 -> 8 | GY11: =GX11+GW11 -> 8 | HA11: 8 | HQ11: =HO11+GZ11+HM11+HJ11+HH11+HF11+HD11+HB11 -> 0 | HR11: =HP11+HA11+HN11+HL11+HK11+HI11+HG11+HE11+HC11 -> 8 | HS11: =HR11+HQ11 -> 8 | HW11: 7 | IA11: 1 | IB11: =HZ11+HX11+HV11+HT11 -> 0 | IC11: =IA11+HY11+HW11+HU11 -> 8 | ID11: =IC11+IB11 -> 8 | IF11: 3 | IH11: 1 | IJ11: 1 | IL11: 1 | IQ11: 50 | IS11: 5 | IT11: 2 | IU11: 2 | IX11: 1 | IY11: غسق مجيد حميد | IZ11: 7828100829 | JA11: الجديدة الثالثة - مقابل متنزه حي المعلمين مع م . الخنساء للبنات
A12: النجف | B12: المركز | C12: 7 | D12: 1400812 | E12: الحزام الاخضر | G12: 1 | I12: 1 | K12: 1 | N12: 1 | R12: 1 | V12: 1 | Z12: 3 | AB12: 4 | AD12: 3 | AF12: 4 | AH12: 4 | AJ12: 4 | AL12: 2 | AM12: =AK12+AI12+AG12+AE12+AC12+AA12+Y12 -> 0 | AN12: =AL12+AJ12+AH12+AF12+AD12+AB12+Z12 -> 24 | AO12: =AN12+AM12 -> 24 | AS12: 2 | AU12: 7 | AW12: 5 | AY12: 10 | BA12: 11 | BC12: 9 | BD12: =BB12+AZ12+AX12+AV12+AT12+AR12+AP12 -> 0 | BE12: =BC12+BA12+AY12+AW12+AU12+AS12+AQ12 -> 44 | BF12: =BE12+BD12 -> 44 | BJ12: 1 | BL12: 3 | BN12: 5 | BP12: 8 | BR12: 7 | BT12: 10 | BU12: =BS12+BQ12+BO12+BM12+BK12+BI12+BG12 -> 0 | BV12: =BT12+BR12+BP12+BN12+BL12+BJ12+BH12 -> 34 | BW12: =BV12+BU12 -> 34 | BX12: =BG12+AP12+Y12 -> 0 | BY12: =BH12+AQ12+Z12 -> 3 | BZ12: =BI12+AR12+AA12 -> 0 | CA12: =BJ12+AS12+AB12 -> 7 | CB12: =BK12+AT12+AC12 -> 0 | CC12: =BL12+AU12+AD12 -> 13 | CD12: =BM12+AV12+AE12 -> 0 | CE12: =BN12+AW12+AF12 -> 14 | ... CK12: =BT12+BC12+AL12 -> 21 | CL12: =CJ12+CH12+CF12+CD12+CB12+BZ12+BX12 -> 0 | CM12: =CK12+CI12+CG12+CE12+CC12+CA12+BY12 -> 102 | CN12: =CM12+CL12 -> 102 | CP12: 1 | CS12: 2 | CV12: 1 | CX12: =CU12+CR12+CO12 -> 0 | CY12: =CV12+CS12+CP12 -> 4 | CZ12: =CW12+CT12+CQ12 -> 0 | DA12: =CZ12+CY12+CX12 -> 4 | DC12: 13 | DE12: 15 | DG12: 7 | DH12: =DF12+DD12+DB12 -> 0 | DI12: =DG12+DE12+DC12 -> 35 | DJ12: =DI12+DH12 -> 35 | DL12: 18 | DN12: 24 | DP12: 33 | DQ12: =DO12+DM12+DK12 -> 0 | DR12: =DP12+DN12+DL12 -> 75 | DS12: =DR12+DQ12 -> 75 | DU12: 15 | DW12: 25 | DY12: 14 | DZ12: =DX12+DV12+DT12 -> 0 | EA12: =DY12+DW12+DU12 -> 54 | EB12: =EA12+DZ12 -> 54 | EI12: =EG12+EE12+EC12 -> 0 | EJ12: =EH12+EF12+ED12 -> 0 | EK12: =EJ12+EI12 -> 0 | ER12: =EP12+EN12+EL12 -> 0 | ES12: =EQ12+EO12+EM12 -> 0 | ET12: =ES12+ER12 -> 0 | EV12: 1 | EX12: 1 | EZ12: 3 | FC12: =FA12+EY12+EW12+EU12 -> 0 | FD12: =FB12+EZ12+EX12+EV12 -> 5 | FE12: =FD12+FC12 -> 5 | FO12: 1 | FU12: =FT12+FS12+FR12+FN12+FL12+FH12+FF12+FP12+FJ12 -> 0 | FV12: =FO12+FM12+FI12+FG12+FK12+FQ12 -> 1 | FW12: =FV12+FU12 -> 1 | GC12: 1 | GI12: 3 | GM12: 1 | GN12: =GL12+GJ12+GH12+GF12+GD12+GB12+FZ12+FX12 -> 0 | GO12: =GM12+GK12+GI12+GG12+GE12+GC12+GA12+FY12 -> 5 | GP12: =GO12+GN12 -> 5 | GR12: 5 | GW12: =GU12+GS12+GQ12 -> 0 | GX12: =GV12+GT12+GR12 -> 5 | GY12: =GX12+GW12 -> 5 | HA12: 4 | HL12: 1 | HQ12: =HO12+GZ12+HM12+HJ12+HH12+HF12+HD12+HB12 -> 0 | HR12: =HP12+HA12+HN12+HL12+HK12+HI12+HG12+HE12+HC12 -> 5 | HS12: =HR12+HQ12 -> 5 | HW12: 5 | IB12: =HZ12+HX12+HV12+HT12 -> 0 | IC12: =IA12+HY12+HW12+HU12 -> 5 | ID12: =IC12+IB12 -> 5 | IH12: 1 | IJ12: 1 | IL12: 1 | IT12: 1 | IU12: 1 | IX12: 1 | IY12: سحر موسى سلمان | IZ12: 7840007696 | JA12: حي الميلاد - مع مدرسة اليعقوبي
A13: النجف | B13: المركز | C13: 8 | D13: 1400962 | E13: الجواهر | G13: 1 | I13: 1 | K13: 1 | N13: 1 | R13: 1 | V13: 1 | Z13: 10 | AB13: 3 | AD13: 3 | AF13: 1 | AH13: 2 | AL13: 3 | AM13: =AK13+AI13+AG13+AE13+AC13+AA13+Y13 -> 0 | AN13: =AL13+AJ13+AH13+AF13+AD13+AB13+Z13 -> 22 | AO13: =AN13+AM13 -> 22 | AQ13: 6 | AS13: 3 | AU13: 5 | AW13: 6 | AY13: 3 | BA13: 6 | BC13: 3 | BD13: =BB13+AZ13+AX13+AV13+AT13+AR13+AP13 -> 0 | BE13: =BC13+BA13+AY13+AW13+AU13+AS13+AQ13 -> 32 | BF13: =BE13+BD13 -> 32 | BH13: 7 | BJ13: 7 | BL13: 13 | BN13: 13 | BP13: 13 | BR13: 5 | BT13: 13 | BU13: =BS13+BQ13+BO13+BM13+BK13+BI13+BG13 -> 0 | BV13: =BT13+BR13+BP13+BN13+BL13+BJ13+BH13 -> 71 | BW13: =BV13+BU13 -> 71 | BX13: =BG13+AP13+Y13 -> 0 | BY13: =BH13+AQ13+Z13 -> 23 | BZ13: =BI13+AR13+AA13 -> 0 | CA13: =BJ13+AS13+AB13 -> 13 | CB13: =BK13+AT13+AC13 -> 0 | CC13: =BL13+AU13+AD13 -> 21 | CD13: =BM13+AV13+AE13 -> 0 | CE13: =BN13+AW13+AF13 -> 20 | ... CK13: =BT13+BC13+AL13 -> 19 | CL13: =CJ13+CH13+CF13+CD13+CB13+BZ13+BX13 -> 0 | CM13: =CK13+CI13+CG13+CE13+CC13+CA13+BY13 -> 125 | CN13: =CM13+CL13 -> 125 | CP13: 1 | CS13: 1 | CV13: 2 | CX13: =CU13+CR13+CO13 -> 0 | CY13: =CV13+CS13+CP13 -> 4 | CZ13: =CW13+CT13+CQ13 -> 0 | DA13: =CZ13+CY13+CX13 -> 4 | DH13: =DF13+DD13+DB13 -> 0 | DI13: =DG13+DE13+DC13 -> 0 | DJ13: =DI13+DH13 -> 0 | DL13: 12 | DN13: 18 | DP13: 55 | DQ13: =DO13+DM13+DK13 -> 0 | DR13: =DP13+DN13+DL13 -> 85 | DS13: =DR13+DQ13 -> 85 | DU13: 8 | DW13: 9 | DY13: 40 | DZ13: =DX13+DV13+DT13 -> 0 | EA13: =DY13+DW13+DU13 -> 57 | EB13: =EA13+DZ13 -> 57 | EI13: =EG13+EE13+EC13 -> 0 | EJ13: =EH13+EF13+ED13 -> 0 | EK13: =EJ13+EI13 -> 0 | ER13: =EP13+EN13+EL13 -> 0 | ES13: =EQ13+EO13+EM13 -> 0 | ET13: =ES13+ER13 -> 0 | EV13: 1 | EX13: 1 | EZ13: 7 | FB13: 1 | FC13: =FA13+EY13+EW13+EU13 -> 0 | FD13: =FB13+EZ13+EX13+EV13 -> 10 | FE13: =FD13+FC13 -> 10 | FU13: =FT13+FS13+FR13+FN13+FL13+FH13+FF13 -> 0 | FV13: =FO13+FM13+FI13+FG13 -> 0 | FW13: =FV13+FU13 -> 0 | GC13: 2 | GG13: 1 | GI13: 7 | GN13: =GL13+GJ13+GH13+GF13+GD13+GB13+FZ13+FX13 -> 0 | GO13: =GM13+GK13+GI13+GG13+GE13+GC13+GA13+FY13 -> 10 | GP13: =GO13+GN13 -> 10 | GR13: 10 | GW13: =GU13+GS13+GQ13 -> 0 | GX13: =GV13+GT13+GR13 -> 10 | GY13: =GX13+GW13 -> 10 | HA13: 7 | HK13: 1 | HP13: 2 | HQ13: =HO13+GZ13+HM13+HJ13+HH13+HF13+HD13+HB13 -> 0 | HR13: =HP13+HA13+HN13+HL13+HK13+HI13+HG13+HE13+HC13 -> 10 | HS13: =HR13+HQ13 -> 10 | HW13: 9 | IA13: 1 | IB13: =HZ13+HX13+HV13+HT13 -> 0 | IC13: =IA13+HY13+HW13+HU13 -> 10 | ID13: =IC13+IB13 -> 10 | IG13: 1 | IJ13: 1 | IL13: 1 | IQ13: 45 | IS13: 5 | IT13: 1 | IU13: 1 | IX13: 1 | IY13: ايمان علي صيهود | IZ13: 7811776202 | JA13: حي ابو طالب - مع مدرسة الاعتماد
A14: النجف | B14: المركز | C14: 9 | D14: 1400813 | E14: السمو | G14: 1 | H14: 1 | K14: 1 | N14: 1 | R14: 1 | V14: 1 | Y14: 5 | AA14: 8 | AC14: 12 | AE14: 16 | AM14: =AK14+AI14+AG14+AE14+AC14+AA14+Y14 -> 41 | AN14: =AL14+AJ14+AH14+AF14+AD14+AB14+Z14 -> 0 | AO14: =AN14+AM14 -> 41 | AR14: 4 | AT14: 5 | AV14: 21 | BD14: =BB14+AZ14+AX14+AV14+AT14+AR14+AP14 -> 30 | BE14: =BC14+BA14+AY14+AW14+AU14+AS14+AQ14 -> 0 | BF14: =BE14+BD14 -> 30 | BG14: 4 | BI14: 14 | BK14: 20 | BM14: 20 | BO14: 5 | BQ14: 5 | BU14: =BS14+BQ14+BO14+BM14+BK14+BI14+BG14 -> 68 | BV14: =BT14+BR14+BP14+BN14+BL14+BJ14+BH14 -> 0 | BW14: =BV14+BU14 -> 68 | BX14: =BG14+AP14+Y14 -> 9 | BY14: =BH14+AQ14+Z14 -> 0 | BZ14: =BI14+AR14+AA14 -> 26 | CA14: =BJ14+AS14+AB14 -> 0 | CB14: =BK14+AT14+AC14 -> 37 | CC14: =BL14+AU14+AD14 -> 0 | CD14: =BM14+AV14+AE14 -> 57 | CE14: =BN14+AW14+AF14 -> 0 | ... CK14: =BT14+BC14+AL14 -> 0 | CL14: =CJ14+CH14+CF14+CD14+CB14+BZ14+BX14 -> 139 | CM14: =CK14+CI14+CG14+CE14+CC14+CA14+BY14 -> 0 | CN14: =CM14+CL14 -> 139 | CO14: 2 | CR14: 2 | CU14: 3 | CX14: =CU14+CR14+CO14 -> 7 | CY14: =CV14+CS14+CP14 -> 0 | CZ14: =CW14+CT14+CQ14 -> 0 | DA14: =CZ14+CY14+CX14 -> 7 | DB14: 7 | DD14: 5 | DF14: 17 | DH14: =DF14+DD14+DB14 -> 29 | DI14: =DG14+DE14+DC14 -> 0 | DJ14: =DI14+DH14 -> 29 | DK14: 5 | DM14: 19 | DO14: 48 | DQ14: =DO14+DM14+DK14 -> 72 | DR14: =DP14+DN14+DL14 -> 0 | DS14: =DR14+DQ14 -> 72 | DT14: 11 | DV14: 8 | DX14: 35 | DZ14: =DX14+DV14+DT14 -> 54 | EA14: =DY14+DW14+DU14 -> 0 | EB14: =EA14+DZ14 -> 54 | EI14: =EG14+EE14+EC14 -> 0 | EJ14: =EH14+EF14+ED14 -> 0 | EK14: =EJ14+EI14 -> 0 | ER14: =EP14+EN14+EL14 -> 0 | ES14: =EQ14+EO14+EM14 -> 0 | ET14: =ES14+ER14 -> 0 | EU14: 1 | EW14: 1 | FC14: =FA14+EY14+EW14+EU14 -> 2 | FD14: =FB14+EZ14+EX14+EV14 -> 0 | FE14: =FD14+FC14 -> 2 | FU14: =FT14+FS14+FR14+FN14+FL14+FH14+FF14 -> 0 | FV14: =FO14+FM14+FI14+FG14 -> 0 | FW14: =FV14+FU14 -> 0 | GB14: 1 | GJ14: 1 | GN14: =GL14+GJ14+GH14+GF14+GD14+GB14+FZ14+FX14 -> 2 | GO14: =GM14+GK14+GI14+GG14+GE14+GC14+GA14+FY14 -> 0 | GP14: =GO14+GN14 -> 2 | GQ14: 2 | GW14: =GU14+GS14+GQ14 -> 2 | GX14: =GV14+GT14+GR14 -> 0 | GY14: =GX14+GW14 -> 2 | GZ14: 2 | HQ14: =HO14+GZ14+HM14+HJ14+HH14+HF14+HD14+HB14 -> 2 | HR14: =HP14+HA14+HN14+HL14+HK14+HI14+HG14+HE14+HC14 -> 0 | HS14: =HR14+HQ14 -> 2 | HV14: 2 | IB14: =HZ14+HX14+HV14+HT14 -> 2 | IC14: =IA14+HY14+HW14+HU14 -> 0 | ID14: =IC14+IB14 -> 2 | IH14: 1 | IJ14: 1 | IL14: 1 | IU14: 1 | IX14: 1 | IY14: حسنين علي مسلم | IZ14: 7805874243 | JA14: حي الوفاء / مع ثانوية الشفق
A15: النجف | B15: المركز | C15: 10 | D15: 1401613 | E15: ابواب الامل | G15: 1 | I15: 1 | K15: 1 | N15: 1 | R15: 1 | V15: 1 | Z15: 4 | AB15: 2 | AD15: 3 | AH15: 3 | AJ15: 2 | AM15: =AK15+AI15+AG15+AE15+AC15+AA15+Y15 -> 0 | AN15: =AL15+AJ15+AH15+AF15+AD15+AB15+Z15 -> 14 | AO15: =AN15+AM15 -> 14 | AS15: 5 | AU15: 4 | AW15: 4 | AY15: 9 | BA15: 4 | BC15: 3 | BD15: =BB15+AZ15+AX15+AV15+AT15+AR15+AP15 -> 0 | BE15: =BC15+BA15+AY15+AW15+AU15+AS15+AQ15 -> 29 | BF15: =BE15+BD15 -> 29 | BJ15: 2 | BL15: 4 | BN15: 5 | BP15: 6 | BR15: 2 | BT15: 2 | BU15: =BS15+BQ15+BO15+BM15+BK15+BI15+BG15 -> 0 | BV15: =BT15+BR15+BP15+BN15+BL15+BJ15+BH15 -> 21 | BW15: =BV15+BU15 -> 21 | BX15: =BG15+AP15+Y15 -> 0 | BY15: =BH15+AQ15+Z15 -> 4 | BZ15: =BI15+AR15+AA15 -> 0 | CA15: =BJ15+AS15+AB15 -> 9 | CB15: =BK15+AT15+AC15 -> 0 | CC15: =BL15+AU15+AD15 -> 11 | CD15: =BM15+AV15+AE15 -> 0 | CE15: =BN15+AW15+AF15 -> 9 | ... CK15: =BT15+BC15+AL15 -> 5 | CL15: =CJ15+CH15+CF15+CD15+CB15+BZ15+BX15 -> 0 | CM15: =CK15+CI15+CG15+CE15+CC15+CA15+BY15 -> 64 | CN15: =CM15+CL15 -> 64 | CP15: 1 | CS15: 2 | CV15: 1 | CX15: =CU15+CR15+CO15 -> 0 | CY15: =CV15+CS15+CP15 -> 4 | CZ15: =CW15+CT15+CQ15 -> 0 | DA15: =CZ15+CY15+CX15 -> 4 | DH15: =DF15+DD15+DB15 -> 0 | DI15: =DG15+DE15+DC15 -> 0 | DJ15: =DI15+DH15 -> 0 | DL15: 8 | DN15: 7 | DP15: 30 | DQ15: =DO15+DM15+DK15 -> 0 | DR15: =DP15+DN15+DL15 -> 45 | DS15: =DR15+DQ15 -> 45 | DU15: 7 | DW15: 8 | DY15: 9 | DZ15: =DX15+DV15+DT15 -> 0 | EA15: =DY15+DW15+DU15 -> 24 | EB15: =EA15+DZ15 -> 24 | EI15: =EG15+EE15+EC15 -> 0 | EJ15: =EH15+EF15+ED15 -> 0 | EK15: =EJ15+EI15 -> 0 | ER15: =EP15+EN15+EL15 -> 0 | ES15: =EQ15+EO15+EM15 -> 0 | ET15: =ES15+ER15 -> 0 | EV15: 1 | FC15: =FA15+EY15+EW15+EU15 -> 0 | FD15: =FB15+EZ15+EX15+EV15 -> 1 | FE15: =FD15+FC15 -> 1 | FU15: =FT15+FS15+FR15+FN15+FL15+FH15+FF15 -> 0 | FV15: =FO15+FM15+FI15+FG15 -> 0 | FW15: =FV15+FU15 -> 0 | GI15: 1 | GN15: =GL15+GJ15+GH15+GF15+GD15+GB15+FZ15+FX15 -> 0 | GO15: =GM15+GK15+GI15+GG15+GE15+GC15+GA15+FY15 -> 1 | GP15: =GO15+GN15 -> 1 | GR15: 1 | GW15: =GU15+GS15+GQ15 -> 0 | GX15: =GV15+GT15+GR15 -> 1 | GY15: =GX15+GW15 -> 1 | HA15: 1 | HQ15: =HO15+GZ15+HM15+HJ15+HH15+HF15+HD15+HB15 -> 0 | HR15: =HP15+HA15+HN15+HL15+HK15+HI15+HG15+HE15+HC15 -> 1 | HS15: =HR15+HQ15 -> 1 | IA15: 1 | IB15: =HZ15+HX15+HV15+HT15 -> 0 | IC15: =IA15+HY15+HW15+HU15 -> 1 | ID15: =IC15+IB15 -> 1 | IH15: 1 | IJ15: 1 | IL15: 1 | IQ15: 32 | IS15: 4 | IX15: 1 | IY15: صبيحة مهدي حميدي | IZ15: 7837973367 | JA15: حي النداء
A16: النجف | B16: المركز | C16: 11 | D16: 1401614 | E16: طريق الامل | G16: 1 | H16: 1 | K16: 1 | N16: 1 | R16: 1 | V16: 1 | Y16: 28 | AA16: 23 | AC16: 24 | AE16: 13 | AG16: 11 | AI16: 3 | AM16: =AK16+AI16+AG16+AE16+AC16+AA16+Y16 -> 102 | AN16: =AL16+AJ16+AH16+AF16+AD16+AB16+Z16 -> 0 | AO16: =AN16+AM16 -> 102 | AP16: 1 | AR16: 6 | AT16: 6 | AV16: 1 | AX16: 2 | AZ16: 1 | BB16: 1 | BD16: =BB16+AZ16+AX16+AV16+AT16+AR16+AP16 -> 18 | BE16: =BC16+BA16+AY16+AW16+AU16+AS16+AQ16 -> 0 | BF16: =BE16+BD16 -> 18 | BI16: 9 | BK16: 13 | BM16: 21 | BO16: 23 | BQ16: 10 | BS16: 4 | BU16: =BS16+BQ16+BO16+BM16+BK16+BI16+BG16 -> 80 | BV16: =BT16+BR16+BP16+BN16+BL16+BJ16+BH16 -> 0 | BW16: =BV16+BU16 -> 80 | BX16: =BG16+AP16+Y16 -> 29 | BY16: =BH16+AQ16+Z16 -> 0 | BZ16: =BI16+AR16+AA16 -> 38 | CA16: =BJ16+AS16+AB16 -> 0 | CB16: =BK16+AT16+AC16 -> 43 | CC16: =BL16+AU16+AD16 -> 0 | CD16: =BM16+AV16+AE16 -> 35 | CE16: =BN16+AW16+AF16 -> 0 | ... CK16: =BT16+BC16+AL16 -> 0 | CL16: =CJ16+CH16+CF16+CD16+CB16+BZ16+BX16 -> 200 | CM16: =CK16+CI16+CG16+CE16+CC16+CA16+BY16 -> 0 | CN16: =CM16+CL16 -> 200 | CO16: 3 | CR16: 1 | CU16: 3 | CX16: =CU16+CR16+CO16 -> 7 | CY16: =CV16+CS16+CP16 -> 0 | CZ16: =CW16+CT16+CQ16 -> 0 | DA16: =CZ16+CY16+CX16 -> 7 | DH16: =DF16+DD16+DB16 -> 0 | DI16: =DG16+DE16+DC16 -> 0 | DJ16: =DI16+DH16 -> 0 | DK16: 16 | DM16: 20 | DO16: 34 | DQ16: =DO16+DM16+DK16 -> 70 | DR16: =DP16+DN16+DL16 -> 0 | DS16: =DR16+DQ16 -> 70 | DT16: 3 | DX16: 34 | DZ16: =DX16+DV16+DT16 -> 37 | EA16: =DY16+DW16+DU16 -> 0 | EB16: =EA16+DZ16 -> 37 | EI16: =EG16+EE16+EC16 -> 0 | EJ16: =EH16+EF16+ED16 -> 0 | EK16: =EJ16+EI16 -> 0 | ER16: =EP16+EN16+EL16 -> 0 | ES16: =EQ16+EO16+EM16 -> 0 | ET16: =ES16+ER16 -> 0 | EU16: 1 | FC16: =FA16+EY16+EW16+EU16 -> 1 | FD16: =FB16+EZ16+EX16+EV16 -> 0 | FE16: =FD16+FC16 -> 1 | FU16: =FT16+FS16+FR16+FN16+FL16+FH16+FF16 -> 0 | FV16: =FO16+FM16+FI16+FG16 -> 0 | FW16: =FV16+FU16 -> 0 | GB16: 1 | GN16: =GL16+GJ16+GH16+GF16+GD16+GB16+FZ16+FX16 -> 1 | GO16: =GM16+GK16+GI16+GG16+GE16+GC16+GA16+FY16 -> 0 | GP16: =GO16+GN16 -> 1 | GQ16: 1 | GW16: =GU16+GS16+GQ16 -> 1 | GX16: =GV16+GT16+GR16 -> 0 | GY16: =GX16+GW16 -> 1 | GZ16: 1 | HQ16: =HO16+GZ16+HM16+HJ16+HH16+HF16+HD16+HB16 -> 1 | HR16: =HP16+HA16+HN16+HL16+HK16+HI16+HG16+HE16+HC16 -> 0 | HS16: =HR16+HQ16 -> 1 | HV16: 1 | IB16: =HZ16+HX16+HV16+HT16 -> 1 | IC16: =IA16+HY16+HW16+HU16 -> 0 | ID16: =IC16+IB16 -> 1 | IE16: 1 | IH16: 1 | IJ16: 1 | IL16: 1 | IQ16: 95 | IS16: 24 | IX16: 1 | IY16: حيدر محسن صبر | IZ16: 7715895507
A17: النجف | B17: المركز | C17: 21 | D17: 1401616 | E17: وطن السلام | G17: 1 | I17: 1 | K17: 1 | N17: 1 | R17: 1 | V17: 1 | AB17: 4 | AD17: 6 | AF17: 3 | AH17: 3 | AJ17: 3 | AL17: 1 | AM17: =AK17+AI17+AG17+AE17+AC17+AA17+Y17 -> 0 | AN17: =AL17+AJ17+AH17+AF17+AD17+AB17+Z17 -> 20 | AO17: =AN17+AM17 -> 20 | AS17: 2 | AU17: 2 | AW17: 3 | AY17: 1 | BA17: 3 | BC17: 1 | BD17: =BB17+AZ17+AX17+AV17+AT17+AR17+AP17 -> 0 | BE17: =BC17+BA17+AY17+AW17+AU17+AS17+AQ17 -> 12 | BF17: =BE17+BD17 -> 12 | BL17: 1 | BN17: 4 | BP17: 8 | BR17: 8 | BT17: 5 | BU17: =BS17+BQ17+BO17+BM17+BK17+BI17+BG17 -> 0 | BV17: =BT17+BR17+BP17+BN17+BL17+BJ17+BH17 -> 26 | BW17: =BV17+BU17 -> 26 | BX17: =BG17+AP17+Y17 -> 0 | BY17: =BH17+AQ17+Z17 -> 0 | BZ17: =BI17+AR17+AA17 -> 0 | CA17: =BJ17+AS17+AB17 -> 6 | CB17: =BK17+AT17+AC17 -> 0 | CC17: =BL17+AU17+AD17 -> 9 | CD17: =BM17+AV17+AE17 -> 0 | CE17: =BN17+AW17+AF17 -> 10 | ... CK17: =BT17+BC17+AL17 -> 7 | CL17: =CJ17+CH17+CF17+CD17+CB17+BZ17+BX17 -> 0 | CM17: =CK17+CI17+CG17+CE17+CC17+CA17+BY17 -> 58 | CN17: =CM17+CL17 -> 58 | CP17: 1 | CS17: 1 | CV17: 1 | CX17: =CU17+CR17+CO17 -> 0 | CY17: =CV17+CS17+CP17 -> 3 | CZ17: =CW17+CT17+CQ17 -> 0 | DA17: =CZ17+CY17+CX17 -> 3 | DC17: 3 | DE17: 6 | DG17: 15 | DH17: =DF17+DD17+DB17 -> 0 | DI17: =DG17+DE17+DC17 -> 24 | DJ17: =DI17+DH17 -> 24 | DL17: 4 | DN17: 2 | DP17: 25 | DQ17: =DO17+DM17+DK17 -> 0 | DR17: =DP17+DN17+DL17 -> 31 | DS17: =DR17+DQ17 -> 31 | DU17: 8 | DW17: 10 | DY17: 24 | DZ17: =DX17+DV17+DT17 -> 0 | EA17: =DY17+DW17+DU17 -> 42 | EB17: =EA17+DZ17 -> 42 | EI17: =EG17+EE17+EC17 -> 0 | EJ17: =EH17+EF17+ED17 -> 0 | EK17: =EJ17+EI17 -> 0 | ER17: =EP17+EN17+EL17 -> 0 | ES17: =EQ17+EO17+EM17 -> 0 | ET17: =ES17+ER17 -> 0 | EV17: 1 | FC17: =FA17+EY17+EW17+EU17 -> 0 | FD17: =FB17+EZ17+EX17+EV17 -> 1 | FE17: =FD17+FC17 -> 1 | GC17: 1 | GN17: =GL17+GJ17+GH17+GF17+GD17+GB17+FZ17+FX17 -> 0 | GO17: =GM17+GK17+GI17+GG17+GE17+GC17+GA17+FY17 -> 1 | GP17: =GO17+GN17 -> 1 | GR17: 1 | GW17: =GU17+GS17+GQ17 -> 0 | GX17: =GV17+GT17+GR17 -> 1 | GY17: =GX17+GW17 -> 1 | HA17: 1 | HQ17: =HO17+GZ17+HM17+HJ17+HH17+HF17+HD17+HB17 -> 0 | HR17: =HP17+HA17+HN17+HL17+HK17+HI17+HG17+HE17+HC17 -> 1 | HS17: =HR17+HQ17 -> 1 | HY17: 1 | IB17: =HZ17+HX17+HV17+HT17 -> 0 | IC17: =IA17+HY17+HW17+HU17 -> 1 | ID17: =IC17+IB17 -> 1 | IH17: 1 | IJ17: 1 | IL17: 1 | IU17: 1 | IX17: 1 | IY17: اسراء حكيم نوري | IZ17: 7808247774 | JA17: الوفاء - ضيف على الولاية
A18: النجف | B18: المركز | C18: 12 | D18: 1401494 | E18: حياة شرارة | G18: 1 | I18: 1 | L18: 1 | N18: 1 | R18: 1 | V18: 1 | Z18: 5 | AB18: 2 | AD18: 3 | AF18: 3 | AJ18: 1 | AL18: 3 | AM18: =AK18+AI18+AG18+AE18+AC18+AA18+Y18 -> 0 | AN18: =AL18+AJ18+AH18+AF18+AD18+AB18+Z18 -> 17 | AO18: =AN18+AM18 -> 17 | AQ18: 1 | AS18: 1 | AU18: 4 | AW18: 5 | AY18: 8 | BA18: 4 | BC18: 4 | BD18: =BB18+AZ18+AX18+AV18+AT18+AR18+AP18 -> 0 | BE18: =BC18+BA18+AY18+AW18+AU18+AS18+AQ18 -> 27 | BF18: =BE18+BD18 -> 27 | BH18: 1 | BJ18: 1 | BL18: 4 | BN18: 4 | BP18: 2 | BR18: 2 | BT18: 8 | BU18: =BS18+BQ18+BO18+BM18+BK18+BI18+BG18 -> 0 | BV18: =BT18+BR18+BP18+BN18+BL18+BJ18+BH18 -> 22 | BW18: =BV18+BU18 -> 22 | BX18: =BG18+AP18+Y18 -> 0 | BY18: =BH18+AQ18+Z18 -> 7 | BZ18: =BI18+AR18+AA18 -> 0 | CA18: =BJ18+AS18+AB18 -> 4 | CB18: =BK18+AT18+AC18 -> 0 | CC18: =BL18+AU18+AD18 -> 11 | CD18: =BM18+AV18+AE18 -> 0 | CE18: =BN18+AW18+AF18 -> 12 | ... CK18: =BT18+BC18+AL18 -> 15 | CL18: =CJ18+CH18+CF18+CD18+CB18+BZ18+BX18 -> 0 | CM18: =CK18+CI18+CG18+CE18+CC18+CA18+BY18 -> 66 | CN18: =CM18+CL18 -> 66 | CP18: 1 | CS18: 1 | CV18: 1 | CX18: =CU18+CR18+CO18 -> 0 | CY18: =CV18+CS18+CP18 -> 3 | CZ18: =CW18+CT18+CQ18 -> 0 | DA18: =CZ18+CY18+CX18 -> 3 | DC18: 5 | DE18: 2 | DG18: 6 | DH18: =DF18+DD18+DB18 -> 0 | DI18: =DG18+DE18+DC18 -> 13 | DJ18: =DI18+DH18 -> 13 | DL18: 17 | DN18: 14 | DP18: 28 | DQ18: =DO18+DM18+DK18 -> 0 | DR18: =DP18+DN18+DL18 -> 59 | DS18: =DR18+DQ18 -> 59 | DU18: 22 | DW18: 14 | DY18: 17 | DZ18: =DX18+DV18+DT18 -> 0 | EA18: =DY18+DW18+DU18 -> 53 | EB18: =EA18+DZ18 -> 53 | EI18: =EG18+EE18+EC18 -> 0 | EJ18: =EH18+EF18+ED18 -> 0 | EK18: =EJ18+EI18 -> 0 | ER18: =EP18+EN18+EL18 -> 0 | ES18: =EQ18+EO18+EM18 -> 0 | ET18: =ES18+ER18 -> 0 | EV18: 1 | EZ18: 5 | FC18: =FA18+EY18+EW18+EU18 -> 0 | FD18: =FB18+EZ18+EX18+EV18 -> 6 | FE18: =FD18+FC18 -> 6 | FU18: =FT18+FS18+FR18+FN18+FL18+FH18+FF18 -> 0 | FV18: =FO18+FM18+FI18+FG18 -> 0 | FW18: =FV18+FU18 -> 0 | GC18: 1 | GI18: 3 | GK18: 2 | GN18: =GL18+GJ18+GH18+GF18+GD18+GB18+FZ18+FX18 -> 0 | GO18: =GM18+GK18+GI18+GG18+GE18+GC18+GA18+FY18 -> 6 | GP18: =GO18+GN18 -> 6 | GR18: 6 | GW18: =GU18+GS18+GQ18 -> 0 | GX18: =GV18+GT18+GR18 -> 6 | GY18: =GX18+GW18 -> 6 | HA18: 6 | HQ18: =HO18+GZ18+HM18+HJ18+HH18+HF18+HD18+HB18 -> 0 | HR18: =HP18+HA18+HN18+HL18+HK18+HI18+HG18+HE18+HC18 -> 6 | HS18: =HR18+HQ18 -> 6 | HU18: 1 | HW18: 5 | IB18: =HZ18+HX18+HV18+HT18 -> 0 | IC18: =IA18+HY18+HW18+HU18 -> 6 | ID18: =IC18+IB18 -> 6 | IF18: 6 | IH18: 1 | IJ18: 1 | IL18: 1 | IQ18: 200 | IS18: 12 | IX18: 1 | IY18: رشا مهدي بنية | IZ18: 7816032430 | JA18: مزارع اليرموك / مع مدرسة الافاضة
A19: النجف | B19: المركز | C19: 13 | D19: 1401710 | E19: الشيخ الكرباسي | G19: 1 | H19: 1 | K19: 1 | N19: 1 | R19: 1 | V19: 1 | X19: 1 | Y19: 6 | AA19: 13 | AC19: 11 | AE19: 8 | AG19: 8 | AI19: 2 | AM19: =AK19+AI19+AG19+AE19+AC19+AA19+Y19 -> 48 | AN19: =AL19+AJ19+AH19+AF19+AD19+AB19+Z19 -> 0 | AO19: =AN19+AM19 -> 48 | AP19: 1 | AR19: 7 | AT19: 5 | AV19: 10 | AX19: 6 | AZ19: 2 | BB19: 4 | BD19: =BB19+AZ19+AX19+AV19+AT19+AR19+AP19 -> 35 | BE19: =BC19+BA19+AY19+AW19+AU19+AS19+AQ19 -> 0 | BF19: =BE19+BD19 -> 35 | BG19: 2 | BI19: 5 | BK19: 6 | BM19: 15 | BO19: 19 | BQ19: 3 | BS19: 3 | BU19: =BS19+BQ19+BO19+BM19+BK19+BI19+BG19 -> 53 | BV19: =BT19+BR19+BP19+BN19+BL19+BJ19+BH19 -> 0 | BW19: =BV19+BU19 -> 53 | BX19: =BG19+AP19+Y19 -> 9 | BY19: =BH19+AQ19+Z19 -> 0 | BZ19: =BI19+AR19+AA19 -> 25 | CA19: =BJ19+AS19+AB19 -> 0 | CB19: =BK19+AT19+AC19 -> 22 | CC19: =BL19+AU19+AD19 -> 0 | CD19: =BM19+AV19+AE19 -> 33 | CE19: =BN19+AW19+AF19 -> 0 | ... CK19: =BT19+BC19+AL19 -> 0 | CL19: =CJ19+CH19+CF19+CD19+CB19+BZ19+BX19 -> 136 | CM19: =CK19+CI19+CG19+CE19+CC19+CA19+BY19 -> 0 | CN19: =CM19+CL19 -> 136 | CO19: 3 | CR19: 2 | CU19: 2 | CX19: =CU19+CR19+CO19 -> 7 | CY19: =CV19+CS19+CP19 -> 0 | CZ19: =CW19+CT19+CQ19 -> 0 | DA19: =CZ19+CY19+CX19 -> 7 | DH19: =DF19+DD19+DB19 -> 0 | DI19: =DG19+DE19+DC19 -> 0 | DJ19: =DI19+DH19 -> 0 | DQ19: =DO19+DM19+DK19 -> 0 | DR19: =DP19+DN19+DL19 -> 0 | DS19: =DR19+DQ19 -> 0 | DZ19: =DX19+DV19+DT19 -> 0 | EA19: =DY19+DW19+DU19 -> 0 | EB19: =EA19+DZ19 -> 0 | EI19: =EG19+EE19+EC19 -> 0 | EJ19: =EH19+EF19+ED19 -> 0 | EK19: =EJ19+EI19 -> 0 | ER19: =EP19+EN19+EL19 -> 0 | ES19: =EQ19+EO19+EM19 -> 0 | ET19: =ES19+ER19 -> 0 | EU19: 1 | FC19: =FA19+EY19+EW19+EU19 -> 1 | FD19: =FB19+EZ19+EX19+EV19 -> 0 | FE19: =FD19+FC19 -> 1 | GB19: 1 | GN19: =GL19+GJ19+GH19+GF19+GD19+GB19+FZ19+FX19 -> 1 | GO19: =GM19+GK19+GI19+GG19+GE19+GC19+GA19+FY19 -> 0 | GP19: =GO19+GN19 -> 1 | GQ19: 1 | GW19: =GU19+GS19+GQ19 -> 1 | GX19: =GV19+GT19+GR19 -> 0 | GY19: =GX19+GW19 -> 1 | GZ19: 1 | HQ19: =HO19+GZ19+HM19+HJ19+HH19+HF19+HD19+HB19 -> 1 | HR19: =HP19+HA19+HN19+HL19+HK19+HI19+HG19+HE19+HC19 -> 0 | HS19: =HR19+HQ19 -> 1 | HV19: 1 | IB19: =HZ19+HX19+HV19+HT19 -> 1 | IC19: =IA19+HY19+HW19+HU19 -> 0 | ID19: =IC19+IB19 -> 1 | IE19: 1 | IH19: 1 | IJ19: 1 | IL19: 1 | IY19: حسين سحاب عاشور | IZ19: 7813872421 | JA19: مع مدرسة القائم
A20: مجموع مركز النجف | F20: =SUM(F6:F19) -> 0 | G20: =SUM(G6:G19) -> 14 | H20: =SUM(H6:H19) -> 6 | I20: =SUM(I6:I19) -> 8 | J20: =SUM(J6:J19) -> 0 | K20: =SUM(K6:K19) -> 13 | L20: =SUM(L6:L19) -> 1 | M20: =SUM(M6:M19) -> 0 | ... IX20: =SUM(IX6:IX19) -> 13
A21: النجف | B21: الحيدرية | C21: 13 | D21: 1400728 | E21: النبراس | G21: 1 | I21: 1 | K21: 1 | N21: 1 | R21: 1 | V21: 1 | Z21: 1 | AB21: 1 | AD21: 3 | AF21: 3 | AJ21: 2 | AL21: 2 | AM21: =AK21+AI21+AG21+AE21+AC21+AA21+Y21 -> 0 | AN21: =AL21+AJ21+AH21+AF21+AD21+AB21+Z21 -> 12 | AO21: =AN21+AM21 -> 12 | AU21: 3 | AW21: 4 | AY21: 3 | BA21: 3 | BC21: 2 | BD21: =BB21+AZ21+AX21+AV21+AT21+AR21+AP21 -> 0 | BE21: =BC21+BA21+AY21+AW21+AU21+AS21+AQ21 -> 15 | BF21: =BE21+BD21 -> 15 | BL21: 2 | BN21: 4 | BP21: 7 | BR21: 4 | BT21: 5 | BU21: =BS21+BQ21+BO21+BM21+BK21+BI21+BG21 -> 0 | BV21: =BT21+BR21+BP21+BN21+BL21+BJ21+BH21 -> 22 | BW21: =BV21+BU21 -> 22 | BX21: =BG21+AP21+Y21 -> 0 | BY21: =BH21+AQ21+Z21 -> 1 | BZ21: =BI21+AR21+AA21 -> 0 | CA21: =BJ21+AS21+AB21 -> 1 | CB21: =BK21+AT21+AC21 -> 0 | CC21: =BL21+AU21+AD21 -> 8 | CD21: =BM21+AV21+AE21 -> 0 | CE21: =BN21+AW21+AF21 -> 11 | ... CK21: =BT21+BC21+AL21 -> 9 | CL21: =CJ21+CH21+CF21+CD21+CB21+BZ21+BX21 -> 0 | CM21: =CK21+CI21+CG21+CE21+CC21+CA21+BY21 -> 49 | CN21: =CM21+CL21 -> 49 | CP21: 1 | CS21: 1 | CV21: 1 | CX21: =CU21+CR21+CO21 -> 0 | CY21: =CV21+CS21+CP21 -> 3 | CZ21: =CW21+CT21+CQ21 -> 0 | DA21: =CZ21+CY21+CX21 -> 3 | DC21: 1 | DE21: 1 | DG21: 4 | DH21: =DF21+DD21+DB21 -> 0 | DI21: =DG21+DE21+DC21 -> 6 | DJ21: =DI21+DH21 -> 6 | DL21: 8 | DN21: 11 | DP21: 23 | DQ21: =DO21+DM21+DK21 -> 0 | DR21: =DP21+DN21+DL21 -> 42 | DS21: =DR21+DQ21 -> 42 | DU21: 5 | DW21: 4 | DY21: 11 | DZ21: =DX21+DV21+DT21 -> 0 | EA21: =DY21+DW21+DU21 -> 20 | EB21: =EA21+DZ21 -> 20 | EI21: =EG21+EE21+EC21 -> 0 | EJ21: =EH21+EF21+ED21 -> 0 | EK21: =EJ21+EI21 -> 0 | ER21: =EP21+EN21+EL21 -> 0 | ES21: =EQ21+EO21+EM21 -> 0 | ET21: =ES21+ER21 -> 0 | EV21: 1 | EZ21: 5 | FC21: =FA21+EY21+EW21+EU21 -> 0 | FD21: =FB21+EZ21+EX21+EV21 -> 6 | FE21: =FD21+FC21 -> 6 | FO21: 1 | FU21: =FT21+FS21+FR21+FN21+FL21+FH21+FF21 -> 0 | FV21: =FO21+FM21+FI21+FG21 -> 1 | FW21: =FV21+FU21 -> 1 | GC21: 4 | GG21: 1 | GI21: 1 | GN21: =GL21+GJ21+GH21+GF21+GD21+GB21+FZ21+FX21 -> 0 | GO21: =GM21+GK21+GI21+GG21+GE21+GC21+GA21+FY21 -> 6 | GP21: =GO21+GN21 -> 6 | GR21: 6 | GW21: =GU21+GS21+GQ21 -> 0 | GX21: =GV21+GT21+GR21 -> 6 | GY21: =GX21+GW21 -> 6 | HA21: 6 | HQ21: =HO21+GZ21+HM21+HJ21+HH21+HF21+HD21+HB21 -> 0 | HR21: =HP21+HA21+HN21+HL21+HK21+HI21+HG21+HE21+HC21 -> 6 | HS21: =HR21+HQ21 -> 6 | HW21: 5 | HY21: 1 | IB21: =HZ21+HX21+HV21+HT21 -> 0 | IC21: =IA21+HY21+HW21+HU21 -> 6 | ID21: =IC21+IB21 -> 6 | IH21: 1 | IJ21: 1 | IL21: 1 | IS21: 5 | IT21: 1 | IU21: 1 | IX21: 1 | IY21: انعام نعمه منسي | IZ21: 7814850538 | JA21: مع م . المنارة للبنات
A22: النجف | B22: الحيدرية | C22: 14 | D22: 1400729 | E22: ام ابيها | G22: 1 | H22: 1 | L22: 1 | N22: 1 | R22: 1 | V22: 1 | Y22: 1 | AA22: 3 | AC22: 1 | AE22: 2 | AG22: 1 | AI22: 1 | AM22: =AK22+AI22+AG22+AE22+AC22+AA22+Y22 -> 9 | AN22: =AL22+AJ22+AH22+AF22+AD22+AB22+Z22 -> 0 | AO22: =AN22+AM22 -> 9 | AP22: 1 | AR22: 4 | AT22: 6 | AV22: 6 | AX22: 2 | AZ22: 4 | BB22: 3 | BD22: =BB22+AZ22+AX22+AV22+AT22+AR22+AP22 -> 26 | BE22: =BC22+BA22+AY22+AW22+AU22+AS22+AQ22 -> 0 | BF22: =BE22+BD22 -> 26 | BI22: 1 | BK22: 7 | BM22: 5 | BO22: 13 | BQ22: 3 | BS22: 4 | BU22: =BS22+BQ22+BO22+BM22+BK22+BI22+BG22 -> 33 | BV22: =BT22+BR22+BP22+BN22+BL22+BJ22+BH22 -> 0 | BW22: =BV22+BU22 -> 33 | BX22: =BG22+AP22+Y22 -> 2 | BY22: =BH22+AQ22+Z22 -> 0 | BZ22: =BI22+AR22+AA22 -> 8 | CA22: =BJ22+AS22+AB22 -> 0 | CB22: =BK22+AT22+AC22 -> 14 | CC22: =BL22+AU22+AD22 -> 0 | CD22: =BM22+AV22+AE22 -> 13 | CE22: =BN22+AW22+AF22 -> 0 | ... CK22: =BT22+BC22+AL22 -> 0 | CL22: =CJ22+CH22+CF22+CD22+CB22+BZ22+BX22 -> 68 | CM22: =CK22+CI22+CG22+CE22+CC22+CA22+BY22 -> 0 | CN22: =CM22+CL22 -> 68 | CO22: 1 | CR22: 1 | CU22: 1 | CX22: =CU22+CR22+CO22 -> 3 | CY22: =CV22+CS22+CP22 -> 0 | CZ22: =CW22+CT22+CQ22 -> 0 | DA22: =CZ22+CY22+CX22 -> 3 | DH22: =DF22+DD22+DB22 -> 0 | DI22: =DG22+DE22+DC22 -> 0 | DJ22: =DI22+DH22 -> 0 | DK22: 20 | DM22: 11 | DO22: 22 | DQ22: =DO22+DM22+DK22 -> 53 | DR22: =DP22+DN22+DL22 -> 0 | DS22: =DR22+DQ22 -> 53 | DT22: 9 | DV22: 21 | DX22: 15 | DZ22: =DX22+DV22+DT22 -> 45 | EA22: =DY22+DW22+DU22 -> 0 | EB22: =EA22+DZ22 -> 45 | EI22: =EG22+EE22+EC22 -> 0 | EJ22: =EH22+EF22+ED22 -> 0 | EK22: =EJ22+EI22 -> 0 | ER22: =EP22+EN22+EL22 -> 0 | ES22: =EQ22+EO22+EM22 -> 0 | ET22: =ES22+ER22 -> 0 | EU22: 1 | EY22: 7 | FC22: =FA22+EY22+EW22+EU22 -> 8 | FD22: =FB22+EZ22+EX22+EV22 -> 0 | FE22: =FD22+FC22 -> 8 | FN22: 1 | FU22: =FT22+FS22+FR22+FN22+FL22+FH22+FF22 -> 1 | FV22: =FO22+FM22+FI22+FG22 -> 0 | FW22: =FV22+FU22 -> 1 | GB22: 3 | GH22: 3 | GJ22: 1 | GL22: 1 | GN22: =GL22+GJ22+GH22+GF22+GD22+GB22+FZ22+FX22 -> 8 | GO22: =GM22+GK22+GI22+GG22+GE22+GC22+GA22+FY22 -> 0 | GP22: =GO22+GN22 -> 8 | GQ22: 8 | GW22: =GU22+GS22+GQ22 -> 8 | GX22: =GV22+GT22+GR22 -> 0 | GY22: =GX22+GW22 -> 8 | GZ22: 7 | HO22: 1 | HQ22: =HO22+GZ22+HM22+HJ22+HH22+HF22+HD22+HB22 -> 8 | HR22: =HP22+HA22+HN22+HL22+HK22+HI22+HG22+HE22+HC22 -> 0 | HS22: =HR22+HQ22 -> 8 | HT22: 2 | HV22: 6 | IB22: =HZ22+HX22+HV22+HT22 -> 8 | IC22: =IA22+HY22+HW22+HU22 -> 0 | ID22: =IC22+IB22 -> 8 | IE22: 3 | IH22: 1 | IJ22: 1 | IL22: 1 | IS22: 4 | IT22: 1 | IU22: 3 | IX22: 1 | IY22: محمد خلف جابر | IZ22: 7816033841 | JA22: المزارع - مع مدرسة محمد تقي الخوئي
A23: النجف | B23: الحيدرية | C23: 15 | D23: 1400814 | E23: الكنز | G23: 1 | H23: 1 | K23: 1 | N23: 1 | R23: 1 | V23: 1 | Y23: 4 | AA23: 2 | AC23: 3 | AE23: 2 | AG23: 2 | AI23: 2 | AM23: =AK23+AI23+AG23+AE23+AC23+AA23+Y23 -> 15 | AN23: =AL23+AJ23+AH23+AF23+AD23+AB23+Z23 -> 0 | AO23: =AN23+AM23 -> 15 | AR23: 8 | AT23: 5 | AV23: 7 | AX23: 8 | BD23: =BB23+AZ23+AX23+AV23+AT23+AR23+AP23 -> 28 | BE23: =BC23+BA23+AY23+AW23+AU23+AS23+AQ23 -> 0 | BF23: =BE23+BD23 -> 28 | BK23: 3 | BM23: 4 | BQ23: 3 | BS23: 20 | BU23: =BS23+BQ23+BO23+BM23+BK23+BI23+BG23 -> 30 | BV23: =BT23+BR23+BP23+BN23+BL23+BJ23+BH23 -> 0 | BW23: =BV23+BU23 -> 30 | BX23: =BG23+AP23+Y23 -> 4 | BY23: =BH23+AQ23+Z23 -> 0 | BZ23: =BI23+AR23+AA23 -> 10 | CA23: =BJ23+AS23+AB23 -> 0 | CB23: =BK23+AT23+AC23 -> 11 | CC23: =BL23+AU23+AD23 -> 0 | CD23: =BM23+AV23+AE23 -> 13 | CE23: =BN23+AW23+AF23 -> 0 | ... CK23: =BT23+BC23+AL23 -> 0 | CL23: =CJ23+CH23+CF23+CD23+CB23+BZ23+BX23 -> 73 | CM23: =CK23+CI23+CG23+CE23+CC23+CA23+BY23 -> 0 | CN23: =CM23+CL23 -> 73 | CO23: 1 | CR23: 1 | CU23: 1 | CX23: =CU23+CR23+CO23 -> 3 | CY23: =CV23+CS23+CP23 -> 0 | CZ23: =CW23+CT23+CQ23 -> 0 | DA23: =CZ23+CY23+CX23 -> 3 | DD23: 1 | DF23: 7 | DH23: =DF23+DD23+DB23 -> 8 | DI23: =DG23+DE23+DC23 -> 0 | DJ23: =DI23+DH23 -> 8 | DK23: 18 | DM23: 6 | DO23: 19 | DQ23: =DO23+DM23+DK23 -> 43 | DR23: =DP23+DN23+DL23 -> 0 | DS23: =DR23+DQ23 -> 43 | DT23: 4 | DV23: 11 | DX23: 26 | DZ23: =DX23+DV23+DT23 -> 41 | EA23: =DY23+DW23+DU23 -> 0 | EB23: =EA23+DZ23 -> 41 | EI23: =EG23+EE23+EC23 -> 0 | EJ23: =EH23+EF23+ED23 -> 0 | EK23: =EJ23+EI23 -> 0 | ER23: =EP23+EN23+EL23 -> 0 | ES23: =EQ23+EO23+EM23 -> 0 | ET23: =ES23+ER23 -> 0 | EU23: 1 | EY23: 7 | FC23: =FA23+EY23+EW23+EU23 -> 8 | FD23: =FB23+EZ23+EX23+EV23 -> 0 | FE23: =FD23+FC23 -> 8 | FN23: 1 | FU23: =FT23+FS23+FR23+FN23+FL23+FH23+FF23 -> 1 | FV23: =FO23+FM23+FI23+FG23 -> 0 | FW23: =FV23+FU23 -> 1 | GB23: 5 | GH23: 2 | GJ23: 1 | GN23: =GL23+GJ23+GH23+GF23+GD23+GB23+FZ23+FX23 -> 8 | GO23: =GM23+GK23+GI23+GG23+GE23+GC23+GA23+FY23 -> 0 | GP23: =GO23+GN23 -> 8 | GQ23: 8 | GW23: =GU23+GS23+GQ23 -> 8 | GX23: =GV23+GT23+GR23 -> 0 | GY23: =GX23+GW23 -> 8 | GZ23: 8 | HQ23: =HO23+GZ23+HM23+HJ23+HH23+HF23+HD23+HB23 -> 8 | HR23: =HP23+HA23+HN23+HL23+HK23+HI23+HG23+HE23+HC23 -> 0 | HS23: =HR23+HQ23 -> 8 | HV23: 8 | IB23: =HZ23+HX23+HV23+HT23 -> 8 | IC23: =IA23+HY23+HW23+HU23 -> 0 | ID23: =IC23+IB23 -> 8 | IE23: 5 | IH23: 1 | IJ23: 1 | IL23: 1 | IT23: 1 | IU23: 1 | IX23: 1 | IY23: علي عبيد اسماعيل | IZ23: 7802707634 | JA23: مركز الناحية - مع مدرسة عابس الشاكري
A24: مجموع الحيدرية | F24: =SUM(F21:F23) -> 0 | G24: =SUM(G21:G23) -> 3 | H24: =SUM(H21:H23) -> 2 | I24: =SUM(I21:I23) -> 1 | J24: =SUM(J21:J23) -> 0 | K24: =SUM(K21:K23) -> 2 | L24: =SUM(L21:L23) -> 1 | M24: =SUM(M21:M23) -> 0 | ... IX24: =SUM(IX21:IX23) -> 3
A25: النجف | B25: الرضوية | C25: 16 | D25: 1400819 | E25: يثرب | G25: 1 | H25: 1 | K25: 1 | N25: 1 | R25: 1 | V25: 1 | Y25: 5 | AA25: 6 | AC25: 6 | AE25: 4 | AI25: 1 | AM25: =AK25+AI25+AG25+AE25+AC25+AA25+Y25 -> 22 | AN25: =AL25+AJ25+AH25+AF25+AD25+AB25+Z25 -> 0 | AO25: =AN25+AM25 -> 22 | AR25: 7 | AT25: 5 | AV25: 5 | AZ25: 1 | BB25: 2 | BD25: =BB25+AZ25+AX25+AV25+AT25+AR25+AP25 -> 20 | BE25: =BC25+BA25+AY25+AW25+AU25+AS25+AQ25 -> 0 | BF25: =BE25+BD25 -> 20 | BI25: 1 | BK25: 11 | BM25: 12 | BO25: 23 | BQ25: 6 | BS25: 1 | BU25: =BS25+BQ25+BO25+BM25+BK25+BI25+BG25 -> 54 | BV25: =BT25+BR25+BP25+BN25+BL25+BJ25+BH25 -> 0 | BW25: =BV25+BU25 -> 54 | BX25: =BG25+AP25+Y25 -> 5 | BY25: =BH25+AQ25+Z25 -> 0 | BZ25: =BI25+AR25+AA25 -> 14 | CA25: =BJ25+AS25+AB25 -> 0 | CB25: =BK25+AT25+AC25 -> 22 | CC25: =BL25+AU25+AD25 -> 0 | CD25: =BM25+AV25+AE25 -> 21 | CE25: =BN25+AW25+AF25 -> 0 | ... CK25: =BT25+BC25+AL25 -> 0 | CL25: =CJ25+CH25+CF25+CD25+CB25+BZ25+BX25 -> 96 | CM25: =CK25+CI25+CG25+CE25+CC25+CA25+BY25 -> 0 | CN25: =CM25+CL25 -> 96 | CO25: 1 | CR25: 1 | CU25: 2 | CX25: =CU25+CR25+CO25 -> 4 | CY25: =CV25+CS25+CP25 -> 0 | CZ25: =CW25+CT25+CQ25 -> 0 | DA25: =CZ25+CY25+CX25 -> 4 | DH25: =DF25+DD25+DB25 -> 0 | DI25: =DG25+DE25+DC25 -> 0 | DJ25: =DI25+DH25 -> 0 | DK25: 17 | DM25: 18 | DO25: 26 | DQ25: =DO25+DM25+DK25 -> 61 | DR25: =DP25+DN25+DL25 -> 0 | DS25: =DR25+DQ25 -> 61 | DT25: 10 | DV25: 8 | DX25: 33 | DZ25: =DX25+DV25+DT25 -> 51 | EA25: =DY25+DW25+DU25 -> 0 | EB25: =EA25+DZ25 -> 51 | EI25: =EG25+EE25+EC25 -> 0 | EJ25: =EH25+EF25+ED25 -> 0 | EK25: =EJ25+EI25 -> 0 | ER25: =EP25+EN25+EL25 -> 0 | ES25: =EQ25+EO25+EM25 -> 0 | ET25: =ES25+ER25 -> 0 | EU25: 1 | EY25: 9 | FC25: =FA25+EY25+EW25+EU25 -> 10 | FD25: =FB25+EZ25+EX25+EV25 -> 0 | FE25: =FD25+FC25 -> 10 | FO25: 1 | FU25: =FT25+FS25+FR25+FN25+FL25+FH25+FF25 -> 0 | FV25: =FO25+FM25+FI25+FG25 -> 1 | FW25: =FV25+FU25 -> 1 | GB25: 6 | GH25: 4 | GN25: =GL25+GJ25+GH25+GF25+GD25+GB25+FZ25+FX25 -> 10 | GO25: =GM25+GK25+GI25+GG25+GE25+GC25+GA25+FY25 -> 0 | GP25: =GO25+GN25 -> 10 | GQ25: 10 | GW25: =GU25+GS25+GQ25 -> 10 | GX25: =GV25+GT25+GR25 -> 0 | GY25: =GX25+GW25 -> 10 | GZ25: 6 | HH25: 1 | HO25: 3 | HQ25: =HO25+GZ25+HM25+HJ25+HH25+HF25+HD25+HB25 -> 10 | HR25: =HP25+HA25+HN25+HL25+HK25+HI25+HG25+HE25+HC25 -> 0 | HS25: =HR25+HQ25 -> 10 | HV25: 10 | IB25: =HZ25+HX25+HV25+HT25 -> 10 | IC25: =IA25+HY25+HW25+HU25 -> 0 | ID25: =IC25+IB25 -> 10 | IH25: 1 | IJ25: 1 | IL25: 1 | IT25: 1 | IU25: 1 | IX25: 1 | IY25: انور صباح هاشم | IZ25: 7706911091 | JA25: الرضوية مع مدرسة الوتر للبنين | JE25: 0
A26: مجموع الرضوية | F26: =SUM(F25:F25) -> 0 | G26: =SUM(G25:G25) -> 1 | H26: =SUM(H25:H25) -> 1 | I26: =SUM(I25:I25) -> 0 | J26: =SUM(J25:J25) -> 0 | K26: =SUM(K25:K25) -> 1 | L26: =SUM(L25:L25) -> 0 | M26: =SUM(M25:M25) -> 0 | ... IX26: =SUM(IX25:IX25) -> 1
A27: قضاء النجف | F27: =F20+F24+F26 -> 0 | G27: =G20+G24+G26 -> 18 | H27: =H20+H24+H26 -> 9 | I27: =I20+I24+I26 -> 9 | J27: =J20+J24+J26 -> 0 | K27: =K20+K24+K26 -> 16 | L27: =L20+L24+L26 -> 2 | M27: =M20+M24+M26 -> 0 | ... IX27: =IX20+IX24+IX26 -> 17
A28: الكوفة | B28: المركز | C28: 17 | D28: 1400730 | E28: الرحيق | G28: 1 | H28: 1 | K28: 1 | N28: 1 | R28: 1 | V28: 1 | Y28: 1 | AA28: 9 | AC28: 12 | AE28: 13 | AG28: 7 | AI28: 3 | AK28: 4 | AM28: =AK28+AI28+AG28+AE28+AC28+AA28+Y28 -> 49 | AN28: =AL28+AJ28+AH28+AF28+AD28+AB28+Z28 -> 0 | AO28: =AN28+AM28 -> 49 | AR28: 8 | AT28: 6 | AV28: 14 | AX28: 12 | AZ28: 10 | BB28: 7 | BD28: =BB28+AZ28+AX28+AV28+AT28+AR28+AP28 -> 57 | BE28: =BC28+BA28+AY28+AW28+AU28+AS28+AQ28 -> 0 | BF28: =BE28+BD28 -> 57 | BK28: 4 | BM28: 2 | BO28: 25 | BQ28: 15 | BS28: 7 | BU28: =BS28+BQ28+BO28+BM28+BK28+BI28+BG28 -> 53 | BV28: =BT28+BR28+BP28+BN28+BL28+BJ28+BH28 -> 0 | BW28: =BV28+BU28 -> 53 | BX28: =BG28+AP28+Y28 -> 1 | BY28: =BH28+AQ28+Z28 -> 0 | BZ28: =BI28+AR28+AA28 -> 17 | CA28: =BJ28+AS28+AB28 -> 0 | CB28: =BK28+AT28+AC28 -> 22 | CC28: =BL28+AU28+AD28 -> 0 | CD28: =BM28+AV28+AE28 -> 29 | CE28: =BN28+AW28+AF28 -> 0 | ... CK28: =BT28+BC28+AL28 -> 0 | CL28: =CJ28+CH28+CF28+CD28+CB28+BZ28+BX28 -> 159 | CM28: =CK28+CI28+CG28+CE28+CC28+CA28+BY28 -> 0 | CN28: =CM28+CL28 -> 159 | CO28: 2 | CR28: 2 | CU28: 2 | CX28: =CU28+CR28+CO28 -> 6 | CY28: =CV28+CS28+CP28 -> 0 | CZ28: =CW28+CT28+CQ28 -> 0 | DA28: =CZ28+CY28+CX28 -> 6 | DH28: =DF28+DD28+DB28 -> 0 | DI28: =DG28+DE28+DC28 -> 0 | DJ28: =DI28+DH28 -> 0 | DK28: 27 | DM28: 21 | DO28: 37 | DQ28: =DO28+DM28+DK28 -> 85 | DR28: =DP28+DN28+DL28 -> 0 | DS28: =DR28+DQ28 -> 85 | DT28: 29 | DV28: 27 | DX28: 31 | DZ28: =DX28+DV28+DT28 -> 87 | EA28: =DY28+DW28+DU28 -> 0 | EB28: =EA28+DZ28 -> 87 | EI28: =EG28+EE28+EC28 -> 0 | EJ28: =EH28+EF28+ED28 -> 0 | EK28: =EJ28+EI28 -> 0 | ER28: =EP28+EN28+EL28 -> 0 | ES28: =EQ28+EO28+EM28 -> 0 | ET28: =ES28+ER28 -> 0 | EU28: 1 | EW28: 1 | EY28: 7 | FC28: =FA28+EY28+EW28+EU28 -> 9 | FD28: =FB28+EZ28+EX28+EV28 -> 0 | FE28: =FD28+FC28 -> 9 | FU28: =FT28+FS28+FR28+FN28+FL28+FH28+FF28 -> 0 | FV28: =FO28+FM28+FI28+FG28 -> 0 | FW28: =FV28+FU28 -> 0 | GB28: 2 | GH28: 7 | GN28: =GL28+GJ28+GH28+GF28+GD28+GB28+FZ28+FX28 -> 9 | GO28: =GM28+GK28+GI28+GG28+GE28+GC28+GA28+FY28 -> 0 | GP28: =GO28+GN28 -> 9 | GQ28: 9 | GW28: =GU28+GS28+GQ28 -> 9 | GX28: =GV28+GT28+GR28 -> 0 | GY28: =GX28+GW28 -> 9 | GZ28: 7 | HH28: 1 | HO28: 1 | HQ28: 9 | HR28: =HP28+HA28 -> 0 | HS28: 9 | HV28: 9 | IB28: =HZ28+HX28+HV28+HT28 -> 9 | IC28: =IA28+HY28+HW28+HU28 -> 0 | ID28: =IC28+IB28 -> 9 | IH28: 1 | IJ28: 1 | IL28: 1 | IS28: 3 | IT28: 1 | IU28: 1 | IW28: 1 | IY28: محمد عبد الرزاق ابراهيم | IZ28: 7812782060 | JA28: الجمهورية -قرب اولاد الحسن مع مدرسة الصحابة الابتدائية
A29: الكوفة | B29: المركز | C29: 18 | D29: 1400731 | E29: الوادي المقدس | G29: 1 | I29: 1 | K29: 1 | N29: 1 | R29: 1 | V29: 1 | Z29: 2 | AB29: 1 | AD29: 1 | AF29: 2 | AJ29: 1 | AM29: =AK29+AI29+AG29+AE29+AC29+AA29+Y29 -> 0 | AN29: =AL29+AJ29+AH29+AF29+AD29+AB29+Z29 -> 7 | AO29: =AN29+AM29 -> 7 | AQ29: 2 | AS29: 5 | AU29: 3 | AW29: 3 | AY29: 1 | BA29: 2 | BC29: 1 | BD29: =BB29+AZ29+AX29+AV29+AT29+AR29+AP29 -> 0 | BE29: =BC29+BA29+AY29+AW29+AU29+AS29+AQ29 -> 17 | BF29: =BE29+BD29 -> 17 | BH29: 1 | BJ29: 1 | BL29: 3 | BN29: 6 | BP29: 11 | BR29: 8 | BT29: 7 | BU29: =BS29+BQ29+BO29+BM29+BK29+BI29+BG29 -> 0 | BV29: =BT29+BR29+BP29+BN29+BL29+BJ29+BH29 -> 37 | BW29: =BV29+BU29 -> 37 | BX29: =BG29+AP29+Y29 -> 0 | BY29: =BH29+AQ29+Z29 -> 5 | BZ29: =BI29+AR29+AA29 -> 0 | CA29: =BJ29+AS29+AB29 -> 7 | CB29: =BK29+AT29+AC29 -> 0 | CC29: =BL29+AU29+AD29 -> 7 | CD29: =BM29+AV29+AE29 -> 0 | CE29: =BN29+AW29+AF29 -> 11 | ... CK29: =BT29+BC29+AL29 -> 8 | CL29: =CJ29+CH29+CF29+CD29+CB29+BZ29+BX29 -> 0 | CM29: =CK29+CI29+CG29+CE29+CC29+CA29+BY29 -> 61 | CN29: =CM29+CL29 -> 61 | CP29: 2 | CS29: 1 | CV29: 2 | CX29: =CU29+CR29+CO29 -> 0 | CY29: =CV29+CS29+CP29 -> 5 | CZ29: =CW29+CT29+CQ29 -> 0 | DA29: =CZ29+CY29+CX29 -> 5 | DC29: 5 | DE29: 4 | DG29: 14 | DH29: =DF29+DD29+DB29 -> 0 | DI29: =DG29+DE29+DC29 -> 23 | DJ29: =DI29+DH29 -> 23 | DL29: 9 | DN29: 21 | DP29: 29 | DQ29: =DO29+DM29+DK29 -> 0 | DR29: =DP29+DN29+DL29 -> 59 | DS29: =DR29+DQ29 -> 59 | DU29: 20 | DW29: 20 | DY29: 13 | DZ29: =DX29+DV29+DT29 -> 0 | EA29: =DY29+DW29+DU29 -> 53 | EB29: =EA29+DZ29 -> 53 | ED29: 1 | EF29: 2 | EH29: 29 | EI29: =EG29+EE29+EC29 -> 0 | EJ29: =EH29+EF29+ED29 -> 32 | EK29: =EJ29+EI29 -> 32 | ER29: =EP29+EN29+EL29 -> 0 | ES29: =EQ29+EO29+EM29 -> 0 | ET29: =ES29+ER29 -> 0 | EV29: 1 | EX29: 1 | EZ29: 3 | FC29: =FA29+EY29+EW29+EU29 -> 0 | FD29: =FB29+EZ29+EX29+EV29 -> 5 | FE29: =FD29+FC29 -> 5 | FO29: 1 | FU29: =FT29+FS29+FR29+FN29+FL29+FH29+FF29 -> 0 | FV29: =FO29+FM29+FI29+FG29 -> 1 | FW29: =FV29+FU29 -> 1 | GC29: 1 | GI29: 3 | GM29: 1 | GN29: =GL29+GJ29+GH29+GF29+GD29+GB29+FZ29+FX29 -> 0 | GO29: =GM29+GK29+GI29+GG29+GE29+GC29+GA29+FY29 -> 5 | GP29: =GO29+GN29 -> 5 | GR29: 5 | GW29: =GU29+GS29+GQ29 -> 0 | GX29: =GV29+GT29+GR29 -> 5 | GY29: =GX29+GW29 -> 5 | HA29: 5 | HQ29: =HO29+GZ29 -> 0 | HR29: =HP29+HA29 -> 5 | HS29: =HR29+HQ29 -> 5 | HU29: 1 | HW29: 4 | IB29: =HZ29+HX29+HV29+HT29 -> 0 | IC29: =IA29+HY29+HW29+HU29 -> 5 | ID29: =IC29+IB29 -> 5 | IF29: 1 | IG29: 1 | IJ29: 1 | IL29: 1 | IT29: 1 | IU29: 1 | IW29: 1 | IY29: خلود محسن متعب | IZ29: 7816116131 | JA29: حي الفرات - مع اعدادية الكوفة المركزية للبنين
A30: الكوفة | B30: المركز | C30: 19 | D30: 1400738 | E30: الشهب الثاقبة | G30: 1 | I30: 1 | K30: 1 | N30: 1 | R30: 1 | V30: 1 | Z30: 6 | AB30: 4 | AD30: 5 | AF30: 6 | AH30: 3 | AJ30: 1 | AL30: 4 | AM30: =AK30+AI30+AG30+AE30+AC30+AA30+Y30 -> 0 | AN30: =AL30+AJ30+AH30+AF30+AD30+AB30+Z30 -> 29 | AO30: =AN30+AM30 -> 29 | AQ30: 1 | AS30: 2 | AU30: 7 | AW30: 8 | AY30: 15 | BA30: 5 | BC30: 10 | BD30: =BB30+AZ30+AX30+AV30+AT30+AR30+AP30 -> 0 | BE30: =BC30+BA30+AY30+AW30+AU30+AS30+AQ30 -> 48 | BF30: =BE30+BD30 -> 48 | BL30: 2 | BN30: 1 | BP30: 6 | BR30: 9 | BT30: 5 | BU30: =BS30+BQ30+BO30+BM30+BK30+BI30+BG30 -> 0 | BV30: =BT30+BR30+BP30+BN30+BL30+BJ30+BH30 -> 23 | BW30: =BV30+BU30 -> 23 | BX30: =BG30+AP30+Y30 -> 0 | BY30: =BH30+AQ30+Z30 -> 7 | BZ30: =BI30+AR30+AA30 -> 0 | CA30: =BJ30+AS30+AB30 -> 6 | CB30: =BK30+AT30+AC30 -> 0 | CC30: =BL30+AU30+AD30 -> 14 | CD30: =BM30+AV30+AE30 -> 0 | CE30: =BN30+AW30+AF30 -> 15 | ... CK30: =BT30+BC30+AL30 -> 19 | CL30: =CJ30+CH30+CF30+CD30+CB30+BZ30+BX30 -> 0 | CM30: =CK30+CI30+CG30+CE30+CC30+CA30+BY30 -> 100 | CN30: =CM30+CL30 -> 100 | CP30: 1 | CS30: 1 | CV30: 1 | CX30: =CU30+CR30+CO30 -> 0 | CY30: =CV30+CS30+CP30 -> 3 | CZ30: =CW30+CT30+CQ30 -> 0 | DA30: =CZ30+CY30+CX30 -> 3 | DH30: =DF30+DD30+DB30 -> 0 | DI30: =DG30+DE30+DC30 -> 0 | DJ30: =DI30+DH30 -> 0 | DL30: 5 | DN30: 6 | DQ30: =DO30+DM30+DK30 -> 0 | DR30: =DP30+DN30+DL30 -> 11 | DS30: =DR30+DQ30 -> 11 | DU30: 9 | DZ30: =DX30+DV30+DT30 -> 0 | EA30: =DY30+DW30+DU30 -> 9 | EB30: =EA30+DZ30 -> 9 | EI30: =EG30+EE30+EC30 -> 0 | EJ30: =EH30+EF30+ED30 -> 0 | EK30: =EJ30+EI30 -> 0 | ER30: =EP30+EN30+EL30 -> 0 | ES30: =EQ30+EO30+EM30 -> 0 | ET30: =ES30+ER30 -> 0 | EV30: 1 | EZ30: 4 | FC30: =FA30+EY30+EW30+EU30 -> 0 | FD30: =FB30+EZ30+EX30+EV30 -> 5 | FE30: =FD30+FC30 -> 5 | FO30: 1 | FU30: =FT30+FS30+FR30+FN30+FL30+FH30+FF30 -> 0 | FV30: =FO30+FM30+FI30+FG30 -> 1 | FW30: =FV30+FU30 -> 1 | GC30: 2 | GI30: 2 | GK30: 1 | GN30: =GL30+GJ30+GH30+GF30+GD30+GB30+FZ30+FX30 -> 0 | GO30: =GM30+GK30+GI30+GG30+GE30+GC30+GA30+FY30 -> 5 | GP30: =GO30+GN30 -> 5 | GR30: 5 | GW30: =GU30+GS30+GQ30 -> 0 | GX30: =GV30+GT30+GR30 -> 5 | GY30: =GX30+GW30 -> 5 | HA30: 5 | HQ30: =HO30+GZ30 -> 0 | HR30: =HP30+HA30 -> 5 | HS30: =HR30+HQ30 -> 5 | HU30: 2 | HW30: 3 | IB30: =HZ30+HX30+HV30+HT30 -> 0 | IC30: =IA30+HY30+HW30+HU30 -> 5 | ID30: =IC30+IB30 -> 5 | IH30: 1 | IJ30: 1 | IL30: 1 | IQ30: 59 | IS30: 6 | IT30: 1 | IV30: 1 | IW30: 1 | IY30: زينب زيدان حسان | IZ30: 7811342562 | JA30: حي ميسان - مع متوسطة الوداد للبنات
A31: الكوفة | B31: المركز | C31: 20 | D31: 1401711 | E31: النخيل | G31: 1 | I31: 1 | K31: 1 | N31: 1 | R31: 1 | V31: 1 | X31: 1 | Z31: 6 | AB31: 4 | AM31: =AK31+AI31+AG31+AE31+AC31+AA31+Y31 -> 0 | AN31: =AL31+AJ31+AH31+AF31+AD31+AB31+Z31 -> 10 | AO31: =AN31+AM31 -> 10 | AQ31: 6 | AS31: 4 | BD31: =BB31+AZ31+AX31+AV31+AT31+AR31+AP31 -> 0 | BE31: =BC31+BA31+AY31+AW31+AU31+AS31+AQ31 -> 10 | BF31: =BE31+BD31 -> 10 | BL31: 10 | BN31: 10 | BU31: =BS31+BQ31+BO31+BM31+BK31+BI31+BG31 -> 0 | BV31: =BT31+BR31+BP31+BN31+BL31+BJ31+BH31 -> 20 | BW31: =BV31+BU31 -> 20 | BX31: =BG31+AP31+Y31 -> 0 | BY31: =BH31+AQ31+Z31 -> 12 | BZ31: =BI31+AR31+AA31 -> 0 | CA31: =BJ31+AS31+AB31 -> 8 | CB31: =BK31+AT31+AC31 -> 0 | CC31: =BL31+AU31+AD31 -> 10 | CD31: =BM31+AV31+AE31 -> 0 | CE31: =BN31+AW31+AF31 -> 10 | ... CK31: =BT31+BC31+AL31 -> 0 | CL31: =CJ31+CH31+CF31+CD31+CB31+BZ31+BX31 -> 0 | CM31: =CK31+CI31+CG31+CE31+CC31+CA31+BY31 -> 40 | CN31: =CM31+CL31 -> 40 | CP31: 1 | CS31: 1 | CV31: 1 | CX31: =CU31+CR31+CO31 -> 0 | CY31: =CV31+CS31+CP31 -> 3 | CZ31: =CW31+CT31+CQ31 -> 0 | DA31: =CZ31+CY31+CX31 -> 3 | DH31: =DF31+DD31+DB31 -> 0 | DI31: =DG31+DE31+DC31 -> 0 | DJ31: =DI31+DH31 -> 0 | DQ31: =DO31+DM31+DK31 -> 0 | DR31: =DP31+DN31+DL31 -> 0 | DS31: =DR31+DQ31 -> 0 | DZ31: =DX31+DV31+DT31 -> 0 | EA31: =DY31+DW31+DU31 -> 0 | EB31: =EA31+DZ31 -> 0 | EI31: =EG31+EE31+EC31 -> 0 | EJ31: =EH31+EF31+ED31 -> 0 | EK31: =EJ31+EI31 -> 0 | ER31: =EP31+EN31+EL31 -> 0 | ES31: =EQ31+EO31+EM31 -> 0 | ET31: =ES31+ER31 -> 0 | EV31: 1 | FC31: =FA31+EY31+EW31+EU31 -> 0 | FD31: =FB31+EZ31+EX31+EV31 -> 1 | FE31: =FD31+FC31 -> 1 | FU31: =FT31+FS31+FR31+FN31+FL31+FH31+FF31 -> 0 | FV31: =FO31+FM31+FI31+FG31 -> 0 | FW31: =FV31+FU31 -> 0 | GK31: 1 | GN31: =GL31+GJ31+GH31+GF31+GD31+GB31+FZ31+FX31 -> 0 | GO31: =GM31+GK31+GI31+GG31+GE31+GC31+GA31+FY31 -> 1 | GP31: =GO31+GN31 -> 1 | GR31: 1 | GW31: =GU31+GS31+GQ31 -> 0 | GX31: =GV31+GT31+GR31 -> 1 | GY31: =GX31+GW31 -> 1 | HA31: 1 | HQ31: =HO31+GZ31+HM31+HJ31+HH31+HF31+HD31+HB31 -> 0 | HR31: =HP31+HA31+HN31+HL31+HK31+HI31+HG31+HE31+HC31 -> 1 | HS31: =HR31+HQ31 -> 1 | HW31: 1 | IB31: =HZ31+HX31+HV31+HT31 -> 0 | IC31: =IA31+HY31+HW31+HU31 -> 1 | ID31: =IC31+IB31 -> 1 | IH31: 1 | IJ31: 1 | IL31: 1 | IU31: 1 | IX31: 1 | IY31: زمن احمد جودي | IZ31: 7831782460 | JA31: كوفة - شارع المعمل
A32: مركز الكوفة | F32: =SUM(F28:F31) -> 0 | G32: =SUM(G28:G31) -> 4 | H32: =SUM(H28:H31) -> 1 | I32: =SUM(I28:I31) -> 3 | J32: =SUM(J28:J31) -> 0 | K32: =SUM(K28:K31) -> 4 | L32: =SUM(L28:L31) -> 0 | M32: =SUM(M28:M31) -> 0 | ... IX32: =SUM(IX28:IX31) -> 1
A33: الكوفة | B33: العباسية | C33: 20 | D33: 1400732 | E33: زنة العرش | G33: 1 | H33: 1 | K33: 1 | N33: 1 | R33: 1 | V33: 1 | Y33: 12 | AA33: 13 | AC33: 9 | AE33: 9 | AG33: 5 | AI33: 4 | AK33: 2 | AM33: =AK33+AI33+AG33+AE33+AC33+AA33+Y33 -> 54 | AN33: =AL33+AJ33+AH33+AF33+AD33+AB33+Z33 -> 0 | AO33: =AN33+AM33 -> 54 | AP33: 4 | AR33: 2 | AT33: 6 | AV33: 11 | AX33: 5 | AZ33: 7 | BB33: 5 | BD33: =BB33+AZ33+AX33+AV33+AT33+AR33+AP33 -> 40 | BE33: =BC33+BA33+AY33+AW33+AU33+AS33+AQ33 -> 0 | BF33: =BE33+BD33 -> 40 | BG33: 10 | BI33: 5 | BK33: 4 | BM33: 14 | BO33: 10 | BQ33: 23 | BS33: 13 | BU33: =BS33+BQ33+BO33+BM33+BK33+BI33+BG33 -> 79 | BV33: =BT33+BR33+BP33+BN33+BL33+BJ33+BH33 -> 0 | BW33: =BV33+BU33 -> 79 | BX33: =BG33+AP33+Y33 -> 26 | BY33: =BH33+AQ33+Z33 -> 0 | BZ33: =BI33+AR33+AA33 -> 20 | CA33: =BJ33+AS33+AB33 -> 0 | CB33: =BK33+AT33+AC33 -> 19 | CC33: =BL33+AU33+AD33 -> 0 | CD33: =BM33+AV33+AE33 -> 34 | CE33: =BN33+AW33+AF33 -> 0 | ... CK33: =BT33+BC33+AL33 -> 0 | CL33: =CJ33+CH33+CF33+CD33+CB33+BZ33+BX33 -> 173 | CM33: =CK33+CI33+CG33+CE33+CC33+CA33+BY33 -> 0 | CN33: =CM33+CL33 -> 173 | CO33: 2 | CR33: 1 | CU33: 2 | CX33: =CU33+CR33+CO33 -> 5 | CY33: =CV33+CS33+CP33 -> 0 | CZ33: =CW33+CT33+CQ33 -> 0 | DA33: =CZ33+CY33+CX33 -> 5 | DH33: =DF33+DD33+DB33 -> 0 | DI33: =DG33+DE33+DC33 -> 0 | DJ33: =DI33+DH33 -> 0 | DK33: 34 | DM33: 21 | DO33: 17 | DQ33: =DO33+DM33+DK33 -> 72 | DR33: =DP33+DN33+DL33 -> 0 | DS33: =DR33+DQ33 -> 72 | DT33: 1 | DV33: 1 | DX33: 33 | DZ33: =DX33+DV33+DT33 -> 35 | EA33: =DY33+DW33+DU33 -> 0 | EB33: =EA33+DZ33 -> 35 | EC33: 32 | EE33: 9 | EG33: 18 | EI33: =EG33+EE33+EC33 -> 59 | EJ33: =EH33+EF33+ED33 -> 0 | EK33: =EJ33+EI33 -> 59 | ER33: =EP33+EN33+EL33 -> 0 | ES33: =EQ33+EO33+EM33 -> 0 | ET33: =ES33+ER33 -> 0 | EU33: 1 | EY33: 2 | FC33: =FA33+EY33+EW33+EU33 -> 3 | FD33: =FB33+EZ33+EX33+EV33 -> 0 | FE33: =FD33+FC33 -> 3 | FN33: 2 | FU33: =FT33+FS33+FR33+FN33+FL33+FH33+FF33 -> 2 | FV33: =FO33+FM33+FI33+FG33 -> 0 | FW33: =FV33+FU33 -> 2 | GB33: 1 | GJ33: 2 | GN33: =GL33+GJ33+GH33+GF33+GD33+GB33+FZ33+FX33 -> 3 | GO33: =GM33+GK33+GI33+GG33+GE33+GC33+GA33+FY33 -> 0 | GP33: =GO33+GN33 -> 3 | GQ33: 3 | GW33: =GU33+GS33+GQ33 -> 3 | GX33: =GV33+GT33+GR33 -> 0 | GY33: =GX33+GW33 -> 3 | GZ33: 3 | HQ33: =HO33+GZ33 -> 3 | HR33: =HP33+HA33 -> 0 | HS33: =HR33+HQ33 -> 3 | HV33: 3 | IB33: =HZ33+HX33+HV33+HT33 -> 3 | IC33: =IA33+HY33+HW33+HU33 -> 0 | ID33: =IC33+IB33 -> 3 | IH33: 1 | IJ33: 1 | IL33: 1 | IQ33: 80 | IS33: 5 | IT33: 1 | IU33: 1 | IX33: 1 | IY33: صلاح نوري غاوي | IZ33: 7831488275 | JA33: مركز العباسية مع مدرسة زرقاء اليمامة
A34: الكوفة | B34: العباسية | C34: 21 | D34: 1400766 | E34: هاجر | G34: 1 | I34: 1 | K34: 1 | N34: 1 | R34: 1 | V34: 1 | X34: 1 | Z34: 2 | AB34: 2 | AD34: 1 | AF34: 3 | AH34: 1 | AJ34: 4 | AL34: 2 | AM34: =AK34+AI34+AG34+AE34+AC34+AA34+Y34 -> 0 | AN34: =AL34+AJ34+AH34+AF34+AD34+AB34+Z34 -> 15 | AO34: =AN34+AM34 -> 15 | AQ34: 4 | AS34: 2 | AU34: 7 | AW34: 2 | AY34: 2 | BA34: 1 | BD34: =BB34+AZ34+AX34+AV34+AT34+AR34+AP34 -> 0 | BE34: =BC34+BA34+AY34+AW34+AU34+AS34+AQ34 -> 18 | BF34: =BE34+BD34 -> 18 | BH34: 2 | BJ34: 1 | BL34: 2 | BN34: 3 | BP34: 8 | BR34: 4 | BT34: 12 | BU34: =BS34+BQ34+BO34+BM34+BK34+BI34+BG34 -> 0 | BV34: =BT34+BR34+BP34+BN34+BL34+BJ34+BH34 -> 32 | BW34: =BV34+BU34 -> 32 | BX34: =BG34+AP34+Y34 -> 0 | BY34: =BH34+AQ34+Z34 -> 8 | BZ34: =BI34+AR34+AA34 -> 0 | CA34: =BJ34+AS34+AB34 -> 5 | CB34: =BK34+AT34+AC34 -> 0 | CC34: =BL34+AU34+AD34 -> 10 | CD34: =BM34+AV34+AE34 -> 0 | CE34: =BN34+AW34+AF34 -> 8 | ... CK34: =BT34+BC34+AL34 -> 14 | CL34: =CJ34+CH34+CF34+CD34+CB34+BZ34+BX34 -> 0 | CM34: =CK34+CI34+CG34+CE34+CC34+CA34+BY34 -> 65 | CN34: =CM34+CL34 -> 65 | CP34: 1 | CS34: 1 | CV34: 2 | CX34: =CU34+CR34+CO34 -> 0 | CY34: =CV34+CS34+CP34 -> 4 | CZ34: =CW34+CT34+CQ34 -> 0 | DA34: =CZ34+CY34+CX34 -> 4 | DE34: 2 | DG34: 1 | DH34: =DF34+DD34+DB34 -> 0 | DI34: =DG34+DE34+DC34 -> 3 | DJ34: =DI34+DH34 -> 3 | DL34: 10 | DN34: 10 | DP34: 13 | DQ34: =DO34+DM34+DK34 -> 0 | DR34: =DP34+DN34+DL34 -> 33 | DS34: =DR34+DQ34 -> 33 | DY34: 3 | DZ34: =DX34+DV34+DT34 -> 0 | EA34: =DY34+DW34+DU34 -> 3 | EB34: =EA34+DZ34 -> 3 | EH34: 3 | EI34: =EG34+EE34+EC34 -> 0 | EJ34: =EH34+EF34+ED34 -> 3 | EK34: =EJ34+EI34 -> 3 | EQ34: 3 | ER34: =EP34+EN34+EL34 -> 0 | ES34: =EQ34+EO34+EM34 -> 3 | ET34: =ES34+ER34 -> 3 | EV34: 1 | EZ34: 7 | FC34: =FA34+EY34+EW34+EU34 -> 0 | FD34: =FB34+EZ34+EX34+EV34 -> 8 | FE34: =FD34+FC34 -> 8 | FY34: 1 | GC34: 7 | GN34: =GL34+GJ34+GH34+GF34+GD34+GB34+FZ34+FX34 -> 0 | GO34: =GM34+GK34+GI34+GG34+GE34+GC34+GA34+FY34 -> 8 | GP34: =GO34+GN34 -> 8 | GR34: 8 | GW34: =GU34+GS34+GQ34 -> 0 | GX34: =GV34+GT34+GR34 -> 8 | GY34: =GX34+GW34 -> 8 | HA34: 7 | HK34: 1 | HQ34: =HO34+GZ34 -> 0 | HR34: =HP34+HA34 -> 7 | HS34: =HR34+HQ34 -> 7 | HU34: 1 | HW34: 7 | IB34: =HZ34+HX34+HV34+HT34 -> 0 | IC34: =IA34+HY34+HW34+HU34 -> 8 | ID34: =IC34+IB34 -> 8 | IH34: 1 | IJ34: 1 | IL34: 1 | IS34: 4 | IX34: 1 | IY34: حميدة جاسم محمد | IZ34: 7817918680 | JA34: ضيف على اعدادية المربد
A35: العباسية | F35: =SUM(F33:F34) -> 0 | G35: =SUM(G33:G34) -> 2 | H35: =SUM(H33:H34) -> 1 | I35: =SUM(I33:I34) -> 1 | J35: =SUM(J33:J34) -> 0 | K35: =SUM(K33:K34) -> 2 | L35: =SUM(L33:L34) -> 0 | M35: =SUM(M33:M34) -> 0 | ... IX35: =SUM(IX33:IX34) -> 2
A36: الكوفة | B36: الحرية | C36: 22 | D36: 1400733 | E36: الازل | G36: 1 | H36: 1 | K36: 1 | N36: 1 | R36: 1 | V36: 1 | AM36: =AK36+AI36+AG36+AE36+AC36+AA36+Y36 -> 0 | AN36: =AL36+AJ36+AH36+AF36+AD36+AB36+Z36 -> 0 | AO36: =AN36+AM36 -> 0 | AP36: 1 | AR36: 1 | AT36: 7 | AV36: 7 | AX36: 2 | BB36: 1 | BD36: =BB36+AZ36+AX36+AV36+AT36+AR36+AP36 -> 19 | BE36: =BC36+BA36+AY36+AW36+AU36+AS36+AQ36 -> 0 | BF36: =BE36+BD36 -> 19 | BI36: 2 | BK36: 14 | BM36: 9 | BO36: 20 | BQ36: 8 | BU36: =BS36+BQ36+BO36+BM36+BK36+BI36+BG36 -> 53 | BV36: =BT36+BR36+BP36+BN36+BL36+BJ36+BH36 -> 0 | BW36: =BV36+BU36 -> 53 | BX36: =BG36+AP36+Y36 -> 1 | BY36: =BH36+AQ36+Z36 -> 0 | BZ36: =BI36+AR36+AA36 -> 3 | CA36: =BJ36+AS36+AB36 -> 0 | CB36: =BK36+AT36+AC36 -> 21 | CC36: =BL36+AU36+AD36 -> 0 | CD36: =BM36+AV36+AE36 -> 16 | CE36: =BN36+AW36+AF36 -> 0 | ... CK36: =BT36+BC36+AL36 -> 0 | CL36: =CJ36+CH36+CF36+CD36+CB36+BZ36+BX36 -> 72 | CM36: =CK36+CI36+CG36+CE36+CC36+CA36+BY36 -> 0 | CN36: =CM36+CL36 -> 72 | CR36: 1 | CU36: 2 | CX36: =CU36+CR36+CO36 -> 3 | CY36: =CV36+CS36+CP36 -> 0 | CZ36: =CW36+CT36+CQ36 -> 0 | DA36: =CZ36+CY36+CX36 -> 3 | DH36: =DF36+DD36+DB36 -> 0 | DI36: =DG36+DE36+DC36 -> 0 | DJ36: =DI36+DH36 -> 0 | DN36: 14 | DP36: 4 | DQ36: =DO36+DM36+DK36 -> 0 | DR36: =DP36+DN36+DL36 -> 18 | DS36: =DR36+DQ36 -> 18 | DW36: 3 | DY36: 54 | DZ36: =DX36+DV36+DT36 -> 0 | EA36: =DY36+DW36+DU36 -> 57 | EB36: =EA36+DZ36 -> 57 | EF36: 7 | EH36: 10 | EI36: =EG36+EE36+EC36 -> 0 | EJ36: =EH36+EF36+ED36 -> 17 | EK36: =EJ36+EI36 -> 17 | ER36: =EP36+EN36+EL36 -> 0 | ES36: =EQ36+EO36+EM36 -> 0 | ET36: =ES36+ER36 -> 0 | EU36: 1 | EY36: 4 | FC36: =FA36+EY36+EW36+EU36 -> 5 | FD36: =FB36+EZ36+EX36+EV36 -> 0 | FE36: =FD36+FC36 -> 5 | FN36: 2 | FU36: =FT36+FS36+FR36+FN36+FL36+FH36+FF36 -> 2 | FV36: =FO36+FM36+FI36+FG36 -> 0 | FW36: =FV36+FU36 -> 2 | GB36: 1 | GH36: 4 | GN36: =GL36+GJ36+GH36+GF36+GD36+GB36+FZ36+FX36 -> 5 | GO36: =GM36+GK36+GI36+GG36+GE36+GC36+GA36+FY36 -> 0 | GP36: =GO36+GN36 -> 5 | GQ36: 5 | GW36: =GU36+GS36+GQ36 -> 5 | GX36: =GV36+GT36+GR36 -> 0 | GY36: =GX36+GW36 -> 5 | GZ36: 4 | HO36: 1 | HQ36: =HO36+GZ36 -> 5 | HR36: =HP36+HA36 -> 0 | HS36: =HR36+HQ36 -> 5 | HT36: 1 | HV36: 4 | IB36: =HZ36+HX36+HV36+HT36 -> 5 | IC36: =IA36+HY36+HW36+HU36 -> 0 | ID36: =IC36+IB36 -> 5 | IH36: 1 | IJ36: 1 | IL36: 1 | IT36: 1 | IU36: 1 | IX36: 1 | IY36: وسام هادي علي | IZ36: 7807413933 | JA36: حي النصر - قرب صيدلية زمزم - مع مدرسة جنة المعلى
A37: الحرية | F37: =SUM(F36:F36) -> 0 | G37: =G36 -> 1 | H37: =H36 -> 1 | I37: =I36 -> 0 | J37: =J36 -> 0 | K37: =K36 -> 1 | L37: =L36 -> 0 | M37: =M36 -> 0 | N37: =N36 -> 1 | ... IX37: =IX36 -> 1
A38: قضاء الكوفة | F38: =F32+F35+F37 -> 0 | G38: =G32+G35+G37 -> 7 | H38: =H32+H35+H37 -> 3 | I38: =I32+I35+I37 -> 4 | J38: =J32+J35+J37 -> 0 | K38: =K32+K35+K37 -> 7 | L38: =L32+L35+L37 -> 0 | M38: =M32+M35+M37 -> 0 | ... IX38: =IX32+IX35+IX37 -> 4
A39: قضاء المناذرة | B39: مركز المناذرة | C39: 1 | D39: 1400734 | E39: البقعة المباركة للتعليم المسرع | G39: 1 | H39: 1 | I39: 0 | J39: 0 | K39: 1 | L39: 0 | M39: 0 | N39: 1 | O39: 0 | P39: 0 | Q39: 0 | R39: 1 | T39: 0 | U39: 0 | V39: 1 | W39: 0 | X39: 0 | Y39: 6 | Z39: 0 | AA39: 12 | AB39: 0 | AC39: 6 | AD39: 0 | AE39: 4 | AF39: 0 | AG39: 6 | AH39: 0 | AI39: 1 | AJ39: 0 | AK39: 0 | AL39: 0 | AM39: 35 | AN39: 0 | AO39: =AN39+AM39 -> 35 | AP39: 2 | AQ39: 0 | AR39: 4 | AS39: 0 | AT39: 11 | AU39: 0 | AV39: 18 | AW39: 0 | AX39: 10 | AY39: 0 | AZ39: 6 | BA39: 0 | BB39: 6 | BC39: 0 | BD39: 57 | BE39: 0 | BF39: =BE39+BD39 -> 57 | BG39: 1 | BH39: 0 | BI39: 2 | BJ39: 0 | BK39: 1 | BL39: 0 | BM39: 6 | BN39: 0 | BO39: 9 | BP39: 0 | BQ39: 7 | BR39: 0 | BS39: 12 | BT39: 0 | BU39: 38 | BV39: 0 | BW39: =BV39+BU39 -> 38 | BX39: 9 | BY39: 0 | BZ39: 18 | CA39: 0 | CB39: 18 | CC39: 0 | CD39: 28 | CE39: 0 | CF39: 25 | CG39: 0 | CH39: 14 | CI39: 0 | CJ39: 18 | CK39: 0 | CL39: 130 | CM39: 0 | CN39: 130 | CO39: 1 | CP39: 0 | CQ39: 0 | CR39: 2 | CS39: 0 | CT39: 0 | CU39: 1 | CV39: 0 | CW39: 0 | CX39: =CU39+CR39+CO39 -> 4 | CY39: =CV39+CS39+CP39 -> 0 | CZ39: =CW39+CT39+CQ39 -> 0 | DA39: =CZ39+CY39+CX39 -> 4 | DB39: 1 | DC39: 0 | DD39: 13 | DE39: 0 | DF39: 4 | DG39: 0 | DH39: 18 | DI39: 0 | DJ39: 18 | DK39: 33 | DL39: 0 | DM39: 24 | DN39: 0 | DO39: 23 | DP39: 0 | DQ39: 80 | DR39: 0 | DS39: 80 | DT39: 8 | DU39: 0 | DV39: 12 | DW39: 0 | DX39: 7 | DY39: 0 | DZ39: 27 | EA39: 0 | EC39: 0 | ED39: 0 | EE39: 0 | EF39: 0 | EG39: 0 | EH39: 0 | EI39: 0 | EJ39: 0 | EL39: 0 | EM39: 0 | EN39: 0 | EO39: 0 | EP39: 0 | EQ39: 0 | ER39: 0 | ES39: 0 | EU39: 1 | EV39: 0 | EW39: 1 | EX39: 0 | EY39: 6 | EZ39: 0 | FA39: 0 | FB39: 0 | FC39: 8 | FD39: 0 | FE39: 8 | FF39: 0 | FG39: 0 | FH39: 0 | FI39: 0 | FJ39: 0 | FK39: 0 | FL39: 0 | FM39: 0 | FN39: 1 | FO39: 0 | FR39: 0 | FS39: 0 | FT39: 0 | FU39: 1 | FV39: 0 | FW39: 1 | FZ39: 0 | GA39: 0 | GB39: 2 | GC39: 0 | GD39: 0 | GE39: 0 | GF39: 0 | GG39: 0 | GH39: 6 | GI39: 0 | GJ39: 0 | GK39: 0 | GL39: 0 | GM39: 0 | GN39: 8 | GO39: 0 | GP39: 8 | GQ39: 8 | GR39: 0 | GS39: 0 | GT39: 0 | GU39: 0 | GV39: 0 | GW39: 8 | GX39: 0 | GY39: 8 | GZ39: 8 | HA39: 0 | HB39: 0 | HC39: 0 | HD39: 0 | HE39: 0 | HF39: 0 | HG39: 0 | HH39: 0 | HI39: 0 | HL39: 0 | HM39: 0 | HN39: 0 | HO39: 0 | HP39: 0 | HQ39: 8 | HR39: 0 | HS39: 8 | HT39: 0 | HU39: 0 | HV39: 8 | HW39: 0 | HX39: 0 | HY39: 0 | HZ39: 0 | IA39: 0 | IB39: 8 | IC39: 0 | ID39: 8 | IE39: 0 | IF39: 0 | IG39: 0 | IH39: 0 | II39: 0 | IJ39: 0 | IK39: 0 | IL39: 0 | IM39: 0 | IN39: 0 | IO39: 0 | IP39: 0 | IQ39: 50 | IR39: 0 | IS39: 12 | IT39: 0 | IU39: 1 | IV39: 0 | IX39: 1 | IY39: امير عباس علي | IZ39: 7812393803
A40: قضاء المناذرة | B40: مركز المناذرة | C40: 2 | D40: 1401568 | E40: ضياء العلم للتعليم المسرع | G40: 1 | H40: 0 | I40: 1 | J40: 0 | K40: 1 | L40: 0 | M40: 0 | N40: 1 | O40: 0 | P40: 0 | Q40: 0 | R40: 1 | T40: 0 | U40: 0 | V40: 1 | W40: 0 | X40: 0 | Y40: 0 | Z40: 7 | AA40: 0 | AB40: 1 | AC40: 0 | AD40: 8 | AE40: 0 | AF40: 3 | AG40: 0 | AH40: 0 | AI40: 0 | AJ40: 4 | AK40: 0 | AL40: 1 | AM40: 0 | AN40: 24 | AO40: =AN40+AM40 -> 24 | AP40: 0 | AQ40: 5 | AR40: 0 | AS40: 4 | AT40: 0 | AU40: 3 | AV40: 0 | AW40: 6 | AX40: 0 | AY40: 5 | AZ40: 0 | BA40: 2 | BB40: 0 | BC40: 0 | BD40: 0 | BE40: 25 | BF40: =BE40+BD40 -> 25 | BG40: 0 | BH40: 2 | BI40: 0 | BJ40: 0 | BK40: 0 | BL40: 5 | BM40: 0 | BN40: 7 | BO40: 0 | BP40: 9 | BQ40: 0 | BR40: 8 | BS40: 0 | BT40: 7 | BU40: 0 | BV40: 38 | BW40: =BV40+BU40 -> 38 | BX40: 0 | BY40: 14 | BZ40: 0 | CA40: 5 | CB40: 0 | CC40: 16 | CD40: 0 | CE40: 16 | CF40: 0 | CG40: 14 | CH40: 0 | CI40: 14 | CJ40: 0 | CK40: 8 | CL40: 0 | CM40: 87 | CN40: 87 | CO40: 0 | CP40: 1 | CQ40: 0 | CR40: 0 | CS40: 1 | CT40: 0 | CU40: 0 | CV40: 2 | CW40: 0 | CX40: =CU40+CR40+CO40 -> 0 | CY40: =CV40+CS40+CP40 -> 4 | CZ40: =CW40+CT40+CQ40 -> 0 | DA40: =CZ40+CY40+CX40 -> 4 | DB40: 0 | DC40: 2 | DD40: 0 | DE40: 2 | DF40: 0 | DG40: 1 | DH40: 0 | DI40: 5 | DJ40: 5 | DK40: 0 | DL40: 11 | DM40: 0 | DN40: 19 | DO40: 0 | DP40: 23 | DQ40: 0 | DR40: 53 | DS40: 53 | DT40: 0 | DU40: 19 | DV40: 0 | DW40: 17 | DX40: 0 | DY40: 12 | DZ40: 0 | EA40: 48 | EC40: 0 | ED40: 0 | EE40: 0 | EF40: 0 | EG40: 0 | EH40: 0 | EI40: 0 | EJ40: 0 | EL40: 0 | EM40: 0 | EN40: 0 | EO40: 0 | EP40: 0 | EQ40: 0 | ER40: 0 | ES40: 0 | EU40: 0 | EV40: 1 | EW40: 0 | EX40: 0 | EY40: 0 | EZ40: 0 | FA40: 0 | FB40: 0 | FC40: 0 | FD40: 1 | FE40: 1 | FF40: 0 | FG40: 0 | FH40: 0 | FI40: 0 | FJ40: 0 | FK40: 0 | FL40: 0 | FM40: 0 | FN40: 1 | FO40: 0 | FR40: 0 | FS40: 0 | FT40: 0 | FU40: 1 | FV40: 0 | FW40: 1 | FZ40: 0 | GA40: 0 | GB40: 0 | GC40: 1 | GD40: 0 | GE40: 0 | GF40: 0 | GG40: 0 | GH40: 0 | GI40: 0 | GJ40: 0 | GK40: 0 | GL40: 0 | GM40: 0 | GN40: 0 | GO40: 1 | GP40: 1 | GQ40: 0 | GR40: 1 | GS40: 0 | GT40: 0 | GU40: 0 | GV40: 0 | GW40: 0 | GX40: 1 | GY40: 1 | GZ40: 0 | HA40: 1 | HB40: 0 | HC40: 0 | HD40: 0 | HE40: 0 | HF40: 0 | HG40: 0 | HH40: 0 | HI40: 0 | HL40: 0 | HM40: 0 | HN40: 0 | HO40: 0 | HP40: 0 | HQ40: 0 | HR40: 1 | HS40: 1 | HT40: 0 | HU40: 0 | HV40: 0 | HW40: 1 | HX40: 0 | HY40: 0 | HZ40: 0 | IA40: 0 | IB40: 0 | IC40: 1 | ID40: 1 | IE40: 0 | IF40: 0 | IG40: 0 | IH40: 0 | II40: 0 | IJ40: 0 | IK40: 0 | IL40: 0 | IM40: 0 | IN40: 0 | IO40: 0 | IP40: 0 | IX40: 1 | IY40: فاطمة عباس سلمان | IZ40: 7825033403
A41: مركز المناذرة | F41: =SUM(F39:F40) -> 0 | G41: =SUM(G39:G40) -> 2 | H41: =SUM(H39:H40) -> 1 | I41: =SUM(I39:I40) -> 1 | J41: =SUM(J39:J40) -> 0 | K41: =SUM(K39:K40) -> 2 | L41: =SUM(L39:L40) -> 0 | M41: =SUM(M39:M40) -> 0 | ... IX41: =SUM(IX39:IX40) -> 2
A42: المناذرة | B42: الحيرة | E42: لايوجد مدرسة مسرع | AM42: =AK42+AI42+AG42+AE42+AC42+AA42+Y42 -> 0 | AN42: =AL42+AJ42+AH42+AF42+AD42+AB42+Z42 -> 0 | AO42: =AN42+AM42 -> 0 | BD42: =BB42+AZ42+AX42+AV42+AT42+AR42+AP42 -> 0 | BE42: =BC42+BA42+AY42+AW42+AU42+AS42+AQ42 -> 0 | BF42: =BE42+BD42 -> 0 | BU42: =BS42+BQ42+BO42+BM42+BK42+BI42+BG42 -> 0 | BV42: =BT42+BR42+BP42+BN42+BL42+BJ42+BH42 -> 0 | BW42: =BV42+BU42 -> 0 | BX42: =BG42+AP42+Y42 -> 0 | BY42: =BH42+AQ42+Z42 -> 0 | BZ42: =BI42+AR42+AA42 -> 0 | CA42: =BJ42+AS42+AB42 -> 0 | CB42: =BK42+AT42+AC42 -> 0 | CC42: =BL42+AU42+AD42 -> 0 | CD42: =BM42+AV42+AE42 -> 0 | CE42: =BN42+AW42+AF42 -> 0 | ... CK42: =BT42+BC42+AL42 -> 0 | CL42: =CJ42+CH42+CF42+CD42+CB42+BZ42+BX42 -> 0 | CM42: =CK42+CI42+CG42+CE42+CC42+CA42+BY42 -> 0 | CN42: =CM42+CL42 -> 0 | CX42: =CU42+CR42+CO42 -> 0 | CY42: =CV42+CS42+CP42 -> 0 | CZ42: =CW42+CT42+CQ42 -> 0 | DA42: =CZ42+CY42+CX42 -> 0 | DH42: =DF42+DD42+DB42 -> 0 | DI42: =DG42+DE42+DC42 -> 0 | DJ42: =DI42+DH42 -> 0 | DQ42: =DO42+DM42+DK42 -> 0 | DR42: =DP42+DN42+DL42 -> 0 | DS42: =DR42+DQ42 -> 0 | DZ42: =DX42+DV42+DT42 -> 0 | EA42: =DY42+DW42+DU42 -> 0 | EB42: =EA42+DZ42 -> 0 | EI42: =EG42+EE42+EC42 -> 0 | EJ42: =EH42+EF42+ED42 -> 0 | EK42: =EJ42+EI42 -> 0 | ER42: =EP42+EN42+EL42 -> 0 | ES42: =EQ42+EO42+EM42 -> 0 | ET42: =ES42+ER42 -> 0 | FC42: =FA42+EY42+EW42+EU42 -> 0 | FD42: =FB42+EZ42+EX42+EV42 -> 0 | FE42: =FD42+FC42 -> 0 | FU42: =FT42+FS42+FR42+FN42+FL42+FH42+FF42 -> 0 | FV42: =FO42+FM42+FI42+FG42 -> 0 | FW42: =FV42+FU42 -> 0 | GN42: =GL42+GJ42+GH42+GF42+GD42+GB42+FZ42+FX42 -> 0 | GO42: =GM42+GK42+GI42+GG42+GE42+GC42+GA42+FY42 -> 0 | GP42: =GO42+GN42 -> 0 | GW42: =GU42+GS42+GQ42 -> 0 | GX42: =GV42+GT42+GR42 -> 0 | GY42: =GX42+GW42 -> 0 | HQ42: =HO42+GZ42+HM42+HJ42+HH42+HF42+HD42+HB42 -> 0 | HR42: =HP42+HA42+HN42+HL42+HK42+HI42+HG42+HE42+HC42 -> 0 | HS42: =HR42+HQ42 -> 0 | IB42: =HZ42+HX42+HV42+HT42 -> 0 | IC42: =IA42+HY42+HW42+HU42 -> 0 | ID42: =IC42+IB42 -> 0
A43: ناحية الحيرة | F43: =SUM(F42:F42) -> 0 | G43: =SUM(G42:G42) -> 0 | H43: =SUM(H42:H42) -> 0 | I43: =SUM(I42:I42) -> 0 | J43: =SUM(J42:J42) -> 0 | K43: =SUM(K42:K42) -> 0 | L43: =SUM(L42:L42) -> 0 | M43: =SUM(M42:M42) -> 0 | ... IX43: =SUM(IX42:IX42) -> 0
A44: قضاء المناذرة | F44: =F43+F41 -> 0 | G44: =G43+G41 -> 2 | H44: =H43+H41 -> 1 | I44: =I43+I41 -> 1 | J44: =J43+J41 -> 0 | K44: =K43+K41 -> 2 | L44: =L43+L41 -> 0 | M44: =M43+M41 -> 0 | ... IX44: =IX43+IX41 -> 2
A45: قضاء المشخاب | B45: مركز المشخاب | C45: 1 | D45: 1400736 | E45: الانجم الزاهرة للتعليم المسرع | G45: 1 | H45: 0 | I45: 1 | J45: 0 | K45: 1 | L45: 0 | M45: 0 | N45: 1 | O45: 0 | P45: 0 | Q45: 0 | R45: 1 | T45: 0 | U45: 0 | V45: 1 | W45: 0 | X45: 0 | Y45: 0 | Z45: 3 | AA45: 0 | AB45: 2 | AC45: 0 | AD45: 1 | AE45: 0 | AF45: 1 | AG45: 0 | AH45: 0 | AI45: 0 | AJ45: 0 | AK45: 0 | AL45: 0 | AM45: 0 | AN45: 7 | AO45: =AN45+AM45 -> 7 | AP45: 0 | AQ45: 1 | AR45: 0 | AS45: 1 | AT45: 0 | AU45: 0 | AV45: 0 | AW45: 1 | AX45: 0 | AY45: 0 | AZ45: 0 | BA45: 1 | BB45: 0 | BC45: 2 | BD45: 0 | BE45: 6 | BF45: =BE45+BD45 -> 6 | BG45: 0 | BH45: 1 | BI45: 0 | BJ45: 1 | BK45: 0 | BL45: 7 | BM45: 0 | BN45: 3 | BO45: 0 | BP45: 2 | BQ45: 0 | BR45: 4 | BS45: 0 | BT45: 4 | BU45: 0 | BV45: 22 | BW45: =BV45+BU45 -> 22 | BX45: 0 | BY45: 5 | BZ45: 0 | CA45: 4 | CB45: 0 | CC45: 8 | CD45: 0 | CE45: 5 | CF45: 0 | CG45: 2 | CH45: 0 | CI45: 5 | CJ45: 0 | CK45: 6 | CL45: 0 | CM45: 35 | CN45: 35 | CO45: 0 | CP45: 1 | CQ45: 0 | CR45: 0 | CS45: 1 | CT45: 0 | CU45: 0 | CV45: 1 | CW45: 0 | CX45: =CU45+CR45+CO45 -> 0 | CY45: =CV45+CS45+CP45 -> 3 | CZ45: =CW45+CT45+CQ45 -> 0 | DA45: =CZ45+CY45+CX45 -> 3 | DB45: 0 | DC45: 0 | DD45: 0 | DE45: 0 | DF45: 0 | DG45: 0 | DH45: 0 | DI45: 0 | DJ45: 0 | DK45: 4 | DL45: 0 | DM45: 11 | DN45: 0 | DO45: 28 | DP45: 0 | DQ45: 43 | DR45: 0 | DS45: 43 | DT45: 7 | DU45: 0 | DV45: 9 | DW45: 0 | DX45: 17 | DY45: 0 | DZ45: 33 | EA45: 0 | EC45: 0 | ED45: 0 | EE45: 0 | EF45: 0 | EG45: 0 | EH45: 0 | EI45: 0 | EJ45: 0 | EL45: 0 | EM45: 0 | EN45: 0 | EO45: 0 | EP45: 0 | EQ45: 0 | ER45: 0 | ES45: 0 | EU45: 0 | EV45: 1 | EW45: 0 | EX45: 0 | EY45: 0 | EZ45: 5 | FA45: 0 | FB45: 0 | FC45: 0 | FD45: 6 | FE45: 6 | FF45: 0 | FG45: 0 | FH45: 0 | FI45: 0 | FJ45: 0 | FK45: 0 | FL45: 0 | FM45: 0 | FN45: 0 | FO45: 1 | FR45: 0 | FS45: 0 | FT45: 0 | FU45: 0 | FV45: 1 | FW45: 1 | FZ45: 0 | GA45: 0 | GB45: 0 | GC45: 2 | GD45: 0 | GE45: 0 | GF45: 0 | GG45: 0 | GH45: 0 | GI45: 4 | GJ45: 0 | GK45: 0 | GL45: 0 | GM45: 0 | GN45: 0 | GO45: 6 | GP45: 6 | GQ45: 0 | GR45: 6 | GS45: 0 | GT45: 0 | GU45: 0 | GV45: 0 | GW45: 0 | GX45: 6 | GY45: 6 | GZ45: 0 | HA45: 6 | HB45: 0 | HC45: 0 | HD45: 0 | HE45: 0 | HF45: 0 | HG45: 0 | HH45: 0 | HI45: 0 | HL45: 0 | HM45: 0 | HN45: 0 | HO45: 0 | HP45: 0 | HQ45: 0 | HR45: 6 | HS45: 6 | HT45: 0 | HU45: 1 | HV45: 0 | HW45: 5 | HX45: 0 | HY45: 0 | HZ45: 0 | IA45: 0 | IB45: 0 | IC45: 6 | ID45: 6 | IE45: 0 | IF45: 1 | IG45: 0 | IH45: 0 | II45: 0 | IJ45: 0 | IK45: 0 | IL45: 0 | IM45: 0 | IN45: 0 | IO45: 0 | IP45: 0 | IQ45: 0 | IR45: 0 | IS45: 5 | IT45: 0 | IU45: 0 | IV45: 0 | IX45: 1 | IY45: زينب كامل راهي | IZ45: 7807252685
A46: قضاء المشخاب | B46: مركز المشخاب | C46: 2 | D46: 1400737 | E46: الطارق للتعليم المسرع | G46: 1 | H46: 1 | I46: 0 | J46: 0 | K46: 1 | L46: 0 | M46: 0 | N46: 1 | O46: 0 | P46: 0 | R46: 1 | T46: 0 | U46: 0 | V46: 1 | W46: 0 | X46: 0 | Y46: 1 | Z46: 0 | AA46: 2 | AB46: 0 | AC46: 5 | AD46: 0 | AE46: 5 | AF46: 0 | AG46: 0 | AH46: 0 | AI46: 0 | AJ46: 0 | AK46: 0 | AL46: 0 | AM46: 13 | AN46: 0 | AO46: =AN46+AM46 -> 13 | AP46: 1 | AQ46: 0 | AR46: 6 | AS46: 0 | AT46: 9 | AU46: 0 | AV46: 9 | AW46: 0 | AX46: 8 | AY46: 0 | AZ46: 7 | BA46: 0 | BB46: 2 | BC46: 0 | BD46: 42 | BE46: 0 | BF46: =BE46+BD46 -> 42 | BG46: 3 | BH46: 0 | BI46: 6 | BJ46: 0 | BK46: 8 | BL46: 0 | BM46: 10 | BN46: 0 | BO46: 10 | BP46: 0 | BQ46: 9 | BR46: 0 | BS46: 13 | BT46: 0 | BU46: 59 | BV46: 0 | BW46: =BV46+BU46 -> 59 | BX46: 5 | BY46: 0 | BZ46: 14 | CA46: 0 | CB46: 22 | CC46: 0 | CD46: 24 | CE46: 0 | CF46: 18 | CG46: 0 | CH46: 16 | CI46: 0 | CJ46: 15 | CK46: 0 | CL46: 114 | CM46: 0 | CN46: 114 | CO46: 1 | CP46: 0 | CQ46: 0 | CR46: 2 | CS46: 0 | CT46: 0 | CU46: 2 | CV46: 0 | CW46: 0 | CX46: =CU46+CR46+CO46 -> 5 | CY46: =CV46+CS46+CP46 -> 0 | CZ46: =CW46+CT46+CQ46 -> 0 | DA46: =CZ46+CY46+CX46 -> 5 | DB46: 0 | DC46: 0 | DD46: 0 | DE46: 0 | DF46: 0 | DG46: 0 | DH46: 0 | DI46: 0 | DJ46: 0 | DK46: 33 | DL46: 0 | DM46: 36 | DN46: 0 | DO46: 0 | DP46: 0 | DQ46: 69 | DR46: 0 | DS46: 69 | DT46: 3 | DU46: 0 | DV46: 33 | DW46: 0 | DX46: 0 | DY46: 0 | DZ46: 36 | EA46: 0 | EC46: 0 | ED46: 0 | EE46: 0 | EF46: 0 | EG46: 0 | EH46: 0 | EI46: 0 | EJ46: 0 | EL46: 0 | EM46: 0 | EN46: 0 | EO46: 0 | EP46: 0 | EQ46: 0 | ER46: 0 | ES46: 0 | EU46: 1 | EV46: 0 | EW46: 1 | EX46: 0 | EY46: 3 | EZ46: 0 | FA46: 0 | FB46: 0 | FC46: 5 | FD46: 0 | FE46: 5 | FF46: 0 | FG46: 0 | FH46: 0 | FI46: 0 | FJ46: 0 | FK46: 0 | FL46: 0 | FM46: 0 | FN46: 1 | FO46: 0 | FR46: 0 | FS46: 1 | FT46: 0 | FU46: 2 | FV46: 0 | FW46: 2 | FZ46: 0 | GA46: 0 | GB46: 1 | GC46: 0 | GD46: 0 | GE46: 0 | GF46: 0 | GG46: 0 | GH46: 4 | GI46: 0 | GJ46: 0 | GK46: 0 | GL46: 0 | GM46: 0 | GN46: 5 | GO46: 0 | GP46: 5 | GQ46: 5 | GR46: 0 | GS46: 0 | GT46: 0 | GU46: 0 | GV46: 0 | GW46: 5 | GX46: 0 | GY46: 5 | GZ46: 4 | HA46: 0 | HB46: 0 | HC46: 0 | HD46: 0 | HE46: 0 | HF46: 0 | HG46: 0 | HH46: 0 | HI46: 0 | HL46: 0 | HM46: 0 | HN46: 0 | HO46: 1 | HP46: 0 | HQ46: 5 | HR46: 0 | HS46: 5 | HT46: 0 | HU46: 0 | HV46: 5 | HW46: 0 | HX46: 0 | HY46: 0 | HZ46: 0 | IA46: 0 | IB46: 5 | IC46: 0 | ID46: 5 | IE46: 0 | IF46: 0 | IG46: 0 | IH46: 0 | II46: 0 | IJ46: 0 | IK46: 0 | IL46: 0 | IM46: 0 | IN46: 0 | IO46: 0 | IP46: 0 | IQ46: 60 | IR46: 0 | IS46: 5 | IT46: 0 | IU46: 0 | IV46: 0 | IX46: 1 | IY46: عبدالحسين عبدالجواد صاحب | IZ46: 7816242610
A47: مركز المشخاب | F47: =SUM(F45:F46) -> 0 | G47: =SUM(G45:G46) -> 2 | H47: =SUM(H45:H46) -> 1 | I47: =SUM(I45:I46) -> 1 | J47: =SUM(J45:J46) -> 0 | K47: =SUM(K45:K46) -> 2 | L47: =SUM(L45:L46) -> 0 | M47: =SUM(M45:M46) -> 0 | ... IX47: =SUM(IX45:IX46) -> 2
A48: قضاء المشخاب | B48: ناحية القادسية | C48: 1 | D48: 1400739 | E48: الرواسي للتعليم المسرع | G48: 1 | H48: 1 | I48: 0 | J48: 0 | K48: 1 | L48: 0 | M48: 0 | N48: 1 | O48: 0 | P48: 0 | Q48: 0 | R48: 1 | T48: 0 | U48: 0 | V48: 1 | W48: 0 | X48: 0 | Y48: 3 | Z48: 0 | AA48: 1 | AB48: 0 | AC48: 3 | AD48: 0 | AE48: 2 | AF48: 0 | AG48: 0 | AH48: 0 | AI48: 2 | AJ48: 0 | AK48: 0 | AL48: 0 | AM48: 11 | AN48: 0 | AO48: =AN48+AM48 -> 11 | AP48: 2 | AQ48: 0 | AR48: 3 | AS48: 0 | AT48: 6 | AU48: 0 | AV48: 9 | AW48: 0 | AX48: 5 | AY48: 0 | AZ48: 4 | BA48: 0 | BB48: 6 | BC48: 0 | BD48: 35 | BE48: 0 | BF48: =BE48+BD48 -> 35 | BG48: 3 | BH48: 0 | BI48: 3 | BJ48: 0 | BK48: 4 | BL48: 0 | BM48: 7 | BN48: 0 | BO48: 13 | BP48: 0 | BQ48: 6 | BR48: 0 | BS48: 6 | BT48: 0 | BU48: 42 | BV48: 0 | BW48: =BV48+BU48 -> 42 | BX48: 8 | BY48: 0 | BZ48: 7 | CA48: 0 | CB48: 13 | CC48: 0 | CD48: 18 | CE48: 0 | CF48: 18 | CG48: 0 | CH48: 12 | CI48: 0 | CJ48: 12 | CK48: 0 | CL48: 88 | CM48: 0 | CN48: 88 | CO48: 1 | CP48: 0 | CQ48: 0 | CR48: 1 | CS48: 0 | CT48: 0 | CU48: 2 | CV48: 0 | CW48: 0 | CX48: =CU48+CR48+CO48 -> 4 | CY48: =CV48+CS48+CP48 -> 0 | CZ48: =CW48+CT48+CQ48 -> 0 | DA48: =CZ48+CY48+CX48 -> 4 | DB48: 0 | DC48: 0 | DD48: 0 | DE48: 0 | DF48: 0 | DG48: 0 | DH48: 0 | DI48: 0 | DJ48: 0 | DK48: 13 | DL48: 0 | DM48: 23 | DN48: 0 | DO48: 14 | DP48: 0 | DQ48: 50 | DR48: 0 | DS48: 50 | DT48: 6 | DU48: 0 | DV48: 6 | DW48: 0 | DX48: 24 | DY48: 0 | DZ48: 36 | EA48: 0 | EC48: 0 | ED48: 0 | EE48: 0 | EF48: 0 | EG48: 0 | EH48: 0 | EI48: 0 | EJ48: 0 | EL48: 0 | EM48: 0 | EN48: 0 | EO48: 0 | EP48: 0 | EQ48: 0 | ER48: 0 | ES48: 0 | EU48: 1 | EV48: 0 | EW48: 0 | EX48: 0 | EY48: 7 | EZ48: 0 | FA48: 0 | FB48: 0 | FC48: 8 | FD48: 0 | FE48: 8 | FF48: 0 | FG48: 0 | FH48: 0 | FI48: 0 | FJ48: 0 | FK48: 0 | FL48: 0 | FM48: 0 | FN48: 0 | FO48: 0 | FR48: 0 | FS48: 0 | FT48: 0 | FU48: 0 | FV48: 0 | FW48: 0 | FZ48: 0 | GA48: 0 | GB48: 5 | GC48: 0 | GD48: 0 | GE48: 0 | GF48: 0 | GG48: 0 | GH48: 3 | GI48: 0 | GJ48: 0 | GK48: 0 | GL48: 0 | GM48: 0 | GN48: 8 | GO48: 0 | GP48: 8 | GQ48: 8 | GR48: 0 | GS48: 0 | GT48: 0 | GU48: 0 | GV48: 0 | GW48: 8 | GX48: 0 | GY48: 8 | GZ48: 8 | HA48: 0 | HB48: 0 | HC48: 0 | HD48: 0 | HE48: 0 | HF48: 0 | HG48: 0 | HH48: 0 | HI48: 0 | HL48: 0 | HM48: 0 | HN48: 0 | HO48: 0 | HP48: 0 | HQ48: 8 | HR48: 0 | HS48: 8 | HT48: 0 | HU48: 0 | HV48: 8 | HW48: 0 | HX48: 0 | HY48: 0 | HZ48: 0 | IA48: 0 | IB48: 8 | IC48: 0 | ID48: 8 | IE48: 0 | IF48: 0 | IG48: 0 | IH48: 0 | II48: 0 | IJ48: 0 | IK48: 0 | IL48: 0 | IM48: 0 | IN48: 0 | IO48: 0 | IP48: 0 | IQ48: 80 | IR48: 0 | IS48: 0 | IT48: 1 | IU48: 0 | IV48: 0 | IX48: 1 | IY48: عقيل كامل عبدالزهرة | IZ48: 7816146469
A49: ناحية القادسية | F49: =SUM(F48) -> 0 | G49: =SUM(G48) -> 1 | H49: =SUM(H48) -> 1 | I49: =SUM(I48) -> 0 | J49: =SUM(J48) -> 0 | K49: =SUM(K48) -> 1 | L49: =SUM(L48) -> 0 | M49: =SUM(M48) -> 0 | ... R49: =SUM(R48) -> 1 | T49: =SUM(T48) -> 0 | U49: =SUM(U48) -> 0 | V49: =SUM(V48) -> 1 | W49: =SUM(W48) -> 0 | X49: =SUM(X48) -> 0 | Y49: =SUM(Y48) -> 3 | Z49: =SUM(Z48) -> 0 | AA49: =SUM(AA48) -> 1 | ... IX49: =SUM(IX48) -> 1
A50: قضاء المشخاب | F50: =F47+F49 -> 0 | G50: =G47+G49 -> 3 | H50: =H47+H49 -> 2 | I50: =I47+I49 -> 1 | J50: =J47+J49 -> 0 | K50: =K47+K49 -> 3 | L50: =L47+L49 -> 0 | M50: =M47+M49 -> 0 | ... R50: =R47+R49 -> 3 | T50: =T47+T49 -> 0 | U50: =U47+U49 -> 0 | V50: =V47+V49 -> 3 | W50: =W47+W49 -> 0 | X50: =X47+X49 -> 0 | Y50: =Y47+Y49 -> 4 | Z50: =Z47+Z49 -> 3 | AA50: =AA47+AA49 -> 3 | ... IX50: =IX47+IX49 -> 3
A51: خلاصة المحافظة | F51: =F27+F38+F50+F44 -> 0 | G51: =G27+G38+G50+G44 -> 30 | H51: =H27+H38+H50+H44 -> 15 | I51: =I27+I38+I50+I44 -> 15 | J51: =J27+J38+J50+J44 -> 0 | K51: =K27+K38+K50+K44 -> 28 | L51: =L27+L38+L50+L44 -> 2 | M51: =M27+M38+M50+M44 -> 0 | ... R51: =R27+R38+R50+R44 -> 30 | T51: =T27+T38+T50+T44 -> 0 | U51: =U27+U38+U50+U44 -> 0 | V51: =V27+V38+V50+V44 -> 30 | W51: =W27+W38+W50+W44 -> 0 | X51: =X27+X38+X50+X44 -> 3 | Y51: =Y27+Y38+Y50+Y44 -> 94 | Z51: =Z27+Z38+Z50+Z44 -> 73 | AA51: =AA27+AA38+AA50+AA44 -> 129 | ... IX51: =IX27+IX38+IX50+IX44 -> 26
IA52: =SUM(IT46) -> 0

Sheet المحافظة
A1: وزارة التربية
A2: المديرية العامة للتربية في محافظة النجف الاشرف
A3: خلاصة محافظة النجف الاشرف لمدارس التعليم المسرع
E5: البيانات الاحصائية لمدارس التعليم المسرع للعام الدراسي 2026/2025
A7: اسم المحافظة | B7: محافظة النجف الاشرف | F7: القضاء | G7: النجف / الكوفة / المناذرة / المشخاب | K7: الناحية
A9: عدد المدرسة | B9: ='التعليم المسرع'!H51+'التعليم المسرع'!I51+'التعليم المسرع'!J51 -> 30 | F9: الاصلية | G9: ='التعليم المسرع'!Q51 -> 0 | K9: الضيف | L9: ='التعليم المسرع'!R51 -> 30
B12: الموقع البيئي للمدرسة | F12: جنس المدرسة | K12: عدد اعضاء الهيئة التعليمية
B13: حضر | C13: ريف | F13: بنون | G13: بنات | H13: مختلط | K13: ذكور | L13: اناث | M13: المجموع
B14: ='التعليم المسرع'!K51 -> 28 | C14: ='التعليم المسرع'!L51 -> 2 | F14: ='التعليم المسرع'!H51 -> 15 | G14: ='التعليم المسرع'!I51 -> 15 | H14: ='التعليم المسرع'!J51 -> 0 | K14: ='التعليم المسرع'!FC51 -> 85 | L14: ='التعليم المسرع'!FD51 -> 75 | M14: =SUM(K14:L14) -> 160
B17: عدد الشعب حسب المرحلة والجنس | J17: عدد اعضاء الهيئة التعليمية حسب العنوان الوظيفي
B18: المرحلة | C18: بنون | D18: بنات | E18: مختلط | F18: المجموع | J18: العنوان | K18: مدير | L18: معاون | M18: معلم | N18: مرشد | O18: مجموع
B19: المرحلة الاولى | C19: ='التعليم المسرع'!CO51 -> 24 | D19: ='التعليم المسرع'!CP51 -> 17 | E19: ='التعليم المسرع'!CQ51 -> 0 | F19: =C19+D19+E19 -> 41
J20: ذكور | K20: ='التعليم المسرع'!EU51 -> 15 | L20: ='التعليم المسرع'!EW51 -> 6 | M20: ='التعليم المسرع'!EY51 -> 64 | N20: ='التعليم المسرع'!FA51 -> 0 | O20: =SUM(K20:N21) -> 85
B21: المرحلة الثانية | C21: ='التعليم المسرع'!CR51 -> 23 | D21: ='التعليم المسرع'!CS51 -> 18 | E21: ='التعليم المسرع'!CT51 -> 0 | F21: =C21+D21+E21 -> 41
J22: اناث | K22: ='التعليم المسرع'!EV51 -> 15 | L22: ='التعليم المسرع'!EX51 -> 4 | M22: ='التعليم المسرع'!EZ51 -> 55 | N22: ='التعليم المسرع'!FB51 -> 1 | O22: =SUM(K22:N23) -> 75
B23: المرحلة الثالثة | C23: ='التعليم المسرع'!CU51 -> 31 | D23: ='التعليم المسرع'!CV51 -> 20 | E23: ='التعليم المسرع'!CW51 -> 0 | F23: =C23+D23+E23 -> 51
J24: المجموع | K24: =K20+K22 -> 30 | L24: =L20+L22 -> 10 | M24: =M20+M22 -> 119 | N24: =N20+N22 -> 1 | O24: =O20+O22 -> 160
B25: المجموع | C25: =SUM(C19:C24) -> 78 | D25: =SUM(D19:D24) -> 55 | E25: =SUM(E19:E24) -> 0 | F25: =C25+D25+E25 -> 133
B27: عدد اعضاء الهيئة التعليمية حسب الشهادة
B28: اعلى شهادة تم الحصول عليها | C28: دور المعلمين والمعلمات | D28: الدراسة الاعدادية | E28: المدارس المهنية | F28: معاهد اعداد المعلمين والمعلمات | G28: جامعية تربوية | H28: جامعية اخرى | I28: اخرى | J28: المجموع
B30: ذكور | C30: ='التعليم المسرع'!FZ51 -> 0 | D30: ='التعليم المسرع'!FX51 -> 0 | E30: ='التعليم المسرع'!GD51 -> 0 | F30: ='التعليم المسرع'!GB51 -> 38 | G30: ='التعليم المسرع'!GH51 -> 40 | H30: ='التعليم المسرع'!GJ51 -> 6 | I30: ='التعليم المسرع'!GL51+'التعليم المسرع'!GF51 -> 1 | J30: =I30+H30+G30+F30+E30+D30+C30 -> 85
B32: اناث | C32: ='التعليم المسرع'!GA51 -> 0 | D32: ='التعليم المسرع'!FY51 -> 1 | E32: ='التعليم المسرع'!GE51 -> 0 | F32: ='التعليم المسرع'!GC51 -> 28 | G32: ='التعليم المسرع'!GI51 -> 37 | H32: ='التعليم المسرع'!GK51 -> 5 | I32: ='التعليم المسرع'!GM51+'التعليم المسرع'!GG51 -> 4 | J32: =I32+H32+G32+F32+E32+D32+C32 -> 75
B34: المجموع | C34: =C30+C32 -> 0 | D34: =D30+D32 -> 1 | E34: =E30+E32 -> 0 | F34: =F30+F32 -> 66 | G34: =G30+G32 -> 77 | H34: =H30+H32 -> 11 | I34: =I30+I32 -> 5 | J34: =I34+H34+G34+F34+E34+D34+C34 -> 160
A37: وزارة التربية
A38: المديرية العامة للتربية في محافظة النجف الاشرف | J38: قسم التخطيط التربوي
E40: خلاصة محافظة النجف الاشرف لمدارس التعليم المسرع
B42: العمر | C42: المرحلة الاولى | E42: المرحلة الثانية | G42: المرحلة الثالثة | I42: المجموع الكلي
C43: بنون | D43: بنات | E43: بنون | F43: بنات | G43: بنون | H43: بنات | I43: بنون | J43: بنات | K43: المجموع
B44: 12سنة | C44: ='التعليم المسرع'!Y51 -> 94 | D44: ='التعليم المسرع'!Z51 -> 73 | E44: ='التعليم المسرع'!AP51 -> 19 | F44: ='التعليم المسرع'!AQ51 -> 36 | G44: ='التعليم المسرع'!BG51 -> 24 | H44: ='التعليم المسرع'!BH51 -> 22 | I44: =C44+E44+G44 -> 137 | J44: =D44+F44+H44 -> 131 | K44: =SUM(I44:J44) -> 268
B46: 13سنة | C46: ='التعليم المسرع'!AA51 -> 129 | D46: ='التعليم المسرع'!AB51 -> 45 | E46: ='التعليم المسرع'!AR51 -> 71 | F46: ='التعليم المسرع'!AS51 -> 46 | G46: ='التعليم المسرع'!BI51 -> 53 | H46: ='التعليم المسرع'!BJ51 -> 27 | I46: =C46+E46+G46 -> 253 | J46: =D46+F46+H46 -> 118 | K46: =SUM(I46:J46) -> 371
B48: 14سنة | C48: ='التعليم المسرع'!AC51 -> 135 | D48: ='التعليم المسرع'!AD51 -> 54 | E48: ='التعليم المسرع'!AT51 -> 107 | F48: ='التعليم المسرع'!AU51 -> 67 | G48: ='التعليم المسرع'!BK51 -> 114 | H48: ='التعليم المسرع'!BL51 -> 70 | I48: =C48+E48+G48 -> 356 | J48: =D48+F48+H48 -> 191 | K48: =SUM(I48:J48) -> 547
B50: 15سنة | C50: ='التعليم المسرع'!AE51 -> 107 | D50: ='التعليم المسرع'!AF51 -> 36 | E50: ='التعليم المسرع'!AV51 -> 148 | F50: ='التعليم المسرع'!AW51 -> 59 | G50: ='التعليم المسرع'!BM51 -> 167 | H50: ='التعليم المسرع'!BN51 -> 77 | I50: =C50+E50+G50 -> 422 | J50: =D50+F50+H50 -> 172 | K50: =SUM(I50:J50) -> 594
B52: 16سنة | C52: ='التعليم المسرع'!AG51 -> 57 | D52: ='التعليم المسرع'!AH51 -> 24 | E52: ='التعليم المسرع'!AX51 -> 99 | F52: ='التعليم المسرع'!AY51 -> 70 | G52: ='التعليم المسرع'!BO51 -> 239 | H52: ='التعليم المسرع'!BP51 -> 103 | I52: =C52+E52+G52 -> 395 | J52: =D52+F52+H52 -> 197 | K52: =SUM(I52:J52) -> 592
B54: 17سنة | C54: ='التعليم المسرع'!AI51 -> 30 | D54: ='التعليم المسرع'!AJ51 -> 30 | E54: ='التعليم المسرع'!AZ51 -> 64 | F54: ='التعليم المسرع'!BA51 -> 51 | G54: ='التعليم المسرع'!BQ51 -> 144 | H54: ='التعليم المسرع'!BR51 -> 72 | I54: =C54+E54+G54 -> 238 | J54: =D54+F54+H54 -> 153 | K54: =SUM(I54:J54) -> 391
B56: 18سنة | C56: ='التعليم المسرع'!AK51 -> 14 | D56: ='التعليم المسرع'!AL51 -> 23 | E56: ='التعليم المسرع'!BB51 -> 53 | F56: ='التعليم المسرع'!BC51 -> 42 | G56: ='التعليم المسرع'!BS51 -> 126 | H56: ='التعليم المسرع'!BT51 -> 89 | I56: =C56+E56+G56 -> 193 | J56: =D56+F56+H56 -> 154 | K56: =SUM(I56:J56) -> 347
B58: المجموع | C58: =C44+C46+C48+C50+C52+C54+C56 -> 566 | D58: =D44+D46+D48+D50+D52+D54+D56 -> 285 | E58: =E44+E46+E48+E50+E52+E54+E56 -> 561 | F58: =F44+F46+F48+F50+F52+F54+F56 -> 371 | G58: =G44+G46+G48+G50+G52+G54+G56 -> 867 | H58: =H44+H46+H48+H50+H52+H54+H56 -> 460 | I58: =C58+E58+G58 -> 1994 | J58: =D58+F58+H58 -> 1116 | K58: =SUM(I58:J58) -> 3110
B61: التاركين للعام الدراسي2026/2025 | E61: الناجحون للعام الدراسي 2025/2024 | H61: الراسبون لجميع الاسباب للعام الدراسي 2025/2024 | N61: مجموع الراسبين
H62: الفشل بألامتحان | J62: تجاوز الغياب | L62: اسباب الاخرى
B63: بنون | C63: بنات | D63: المجموع | E63: بنون | F63: بنات | G63: المجموع | H63: بنون | I63: بنات | J63: بنون | K63: بنات | L63: بنون | M63: بنات | N63: بنون | O63: بنات | P63: المجموع
A65: المرحلة الاولى | B65: ='التعليم المسرع'!DB51 -> 41 | C65: ='التعليم المسرع'!DC51 -> 35 | D65: =C65+B65 -> 76 | E65: ='التعليم المسرع'!DK51 -> 296 | F65: ='التعليم المسرع'!DL51 -> 139 | G65: =F65+E65 -> 435 | H65: ='التعليم المسرع'!DT51 -> 147 | I65: ='التعليم المسرع'!DU51 -> 136 | J65: ='التعليم المسرع'!EC51 -> 32 | K65: ='التعليم المسرع'!ED51 -> 1 | L65: ='التعليم المسرع'!EL51 -> 0 | M65: ='التعليم المسرع'!EM51 -> 0 | N65: =L65+J65+H65 -> 179 | O65: =M65+K65+I65 -> 137 | P65: =O65+N65 -> 316
A67: المرحلة الثانية | B67: ='التعليم المسرع'!DD51 -> 27 | C67: ='التعليم المسرع'!DE51 -> 39 | D67: =C67+B67 -> 66 | E67: ='التعليم المسرع'!DM51 -> 296 | F67: ='التعليم المسرع'!DN51 -> 199 | G67: =F67+E67 -> 495 | H67: ='التعليم المسرع'!DV51 -> 156 | I67: ='التعليم المسرع'!DW51 -> 132 | J67: ='التعليم المسرع'!EE51 -> 9 | K67: ='التعليم المسرع'!EF51 -> 9 | L67: ='التعليم المسرع'!EN51 -> 0 | M67: ='التعليم المسرع'!EO51 -> 0 | N67: =L67+J67+H67 -> 165 | O67: =M67+K67+I67 -> 141 | P67: =O67+N67 -> 306
A69: المرحلة الثالثة | B69: ='التعليم المسرع'!DF51 -> 53 | C69: ='التعليم المسرع'!DG51 -> 64 | D69: =C69+B69 -> 117 | E69: ='التعليم المسرع'!DO51 -> 417 | F69: ='التعليم المسرع'!DP51 -> 356 | G69: =F69+E69 -> 773 | H69: ='التعليم المسرع'!DX51 -> 287 | I69: ='التعليم المسرع'!DY51 -> 210 | J69: ='التعليم المسرع'!EG51 -> 18 | K69: ='التعليم المسرع'!EH51 -> 42 | L69: ='التعليم المسرع'!EP51 -> 0 | M69: ='التعليم المسرع'!EQ51 -> 3 | N69: =L69+J69+H69 -> 305 | O69: =M69+K69+I69 -> 255 | P69: =O69+N69 -> 560

Sheet قضاء النجف
A1: وزارة التربية
A2: المديرية العامة للتربية في محافظة النجف الاشرف
A3: خلاصة قضاء النجف لمدارس التعليم المسرع
E4: البيانات الاحصائية لمدارس التعليم المسرع للعام الدراسي 2026/2025
A6: اسم المحافظة | B6: محافظة النجف الاشرف | F6: القضاء | G6: النجف | K6: الناحية | L6: المركز/ الحيدرية
A8: عدد المدرسة | B8: ='التعليم المسرع'!K27+'التعليم المسرع'!L27 -> 18 | F8: الاصلية | G8: ='التعليم المسرع'!Q27 -> 0 | K8: الضيف | L8: ='التعليم المسرع'!R27 -> 18
B11: الموقع البيئي للمدرسة | F11: جنس المدرسة | K11: عدد اعضاء الهيئة التعليمية
B12: حضر | C12: ريف | F12: بنون | G12: بنات | H12: مختلط | K12: ذكور | L12: اناث | M12: المجموع
B13: ='التعليم المسرع'!K27 -> 16 | C13: ='التعليم المسرع'!L27 -> 2 | F13: ='التعليم المسرع'!H27 -> 9 | G13: ='التعليم المسرع'!I27 -> 9 | H13: ='التعليم المسرع'!J27 -> 0 | K13: ='التعليم المسرع'!FC27 -> 47 | L13: ='التعليم المسرع'!FD27 -> 49 | M13: =SUM(K13:L13) -> 96
B16: عدد الشعب حسب المرحلة والجنس | J16: عدد اعضاء الهيئة التعليمية حسب العنوان الوظيفي
B17: المرحلة | C17: بنون | D17: بنات | E17: مختلط | F17: المجموع | J17: العنوان | K17: مدير | L17: معاون | M17: معلم | N17: مرشد | O17: مجموع
B18: المرحلة الاولى | C18: ='التعليم المسرع'!CO27 -> 17 | D18: ='التعليم المسرع'!CP27 -> 10 | E18: ='التعليم المسرع'!CQ27 -> 0 | F18: =C18+D18+E18 -> 27
J19: ذكور | K19: ='التعليم المسرع'!EU27 -> 9 | L19: ='التعليم المسرع'!EW27 -> 3 | M19: ='التعليم المسرع'!EY27 -> 35 | N19: ='التعليم المسرع'!FA27 -> 0 | O19: =SUM(K19:N20) -> 47
B20: المرحلة الثانية | C20: ='التعليم المسرع'!CR27 -> 14 | D20: ='التعليم المسرع'!CS27 -> 12 | E20: ='التعليم المسرع'!CT27 -> 0 | F20: =C20+D20+E20 -> 26
J21: اناث | K21: ='التعليم المسرع'!EV27 -> 9 | L21: ='التعليم المسرع'!EX27 -> 3 | M21: ='التعليم المسرع'!EZ27 -> 36 | N21: ='التعليم المسرع'!FB27 -> 1 | O21: =SUM(K21:N22) -> 49
B22: المرحلة الثالثة | C22: ='التعليم المسرع'!CU27 -> 20 | D22: ='التعليم المسرع'!CV27 -> 11 | E22: ='التعليم المسرع'!CW27 -> 0 | F22: =C22+D22+E22 -> 31
J23: المجموع | K23: =K19+K21 -> 18 | L23: =L19+L21 -> 6 | M23: =M19+M21 -> 71 | N23: =N19+N21 -> 1 | O23: =O19+O21 -> 96
B24: المجموع | C24: =SUM(C18:C23) -> 51 | D24: =SUM(D18:D23) -> 33 | E24: =SUM(E18:E23) -> 0 | F24: =C24+D24+E24 -> 84
B26: عدد اعضاء الهيئة التعليمية حسب الشهادة
B27: اعلى شهادة تم الحصول عليها | C27: دور المعلمين والمعلمات | D27: الدراسة الاعدادية | E27: المدارس المهنية | F27: معاهد اعداد المعلمين والمعلمات | G27: جامعية تربوية | H27: جامعية اخرى | I27: اخرى | J27: المجموع
B29: ذكور | C29: ='التعليم المسرع'!FZ27 -> 0 | D29: ='التعليم المسرع'!FX27 -> 0 | E29: ='التعليم المسرع'!GD27 -> 0 | F29: ='التعليم المسرع'!GB27 -> 26 | G29: ='التعليم المسرع'!GH27 -> 16 | H29: ='التعليم المسرع'!GJ27 -> 4 | I29: ='التعليم المسرع'!GL27 -> 1 | J29: =I29+H29+G29+F29+E29+D29+C29 -> 47
B31: اناث | C31: ='التعليم المسرع'!GA27 -> 0 | D31: ='التعليم المسرع'!FY27 -> 0 | E31: ='التعليم المسرع'!GE27 -> 0 | F31: ='التعليم المسرع'!GC27 -> 15 | G31: ='التعليم المسرع'!GI27 -> 28 | H31: ='التعليم المسرع'!GK27 -> 3 | I31: ='التعليم المسرع'!GM27 -> 1 | J31: =I31+H31+G31+F31+E31+D31+C31 -> 47
B33: المجموع | C33: =C29+C31 -> 0 | D33: =D29+D31 -> 0 | E33: =E29+E31 -> 0 | F33: =F29+F31 -> 41 | G33: =G29+G31 -> 44 | H33: =H29+H31 -> 7 | I33: =I29+I31 -> 2 | J33: =I33+H33+G33+F33+E33+D33+C33 -> 94
A36: وزارة التربية
A37: المديرية العامة للتربية في محافظة النجف الاشرف | J37: قسم التخطيط التربوي
D38: خلاصة قضاء النجف لمدارس التعليم المسرع
B40: العمر | C40: المرحلة الاولى | E40: المرحلة الثانية | G40: المرحلة الثالثة | I40: المجموع الكلي
C41: بنون | D41: بنات | E41: بنون | F41: بنات | G41: بنون | H41: بنات | I41: بنون | J41: بنات | K41: المجموع
B42: 12سنة | C42: ='التعليم المسرع'!Y27 -> 71 | D42: ='التعليم المسرع'!Z27 -> 47 | E42: ='التعليم المسرع'!AP27 -> 9 | F42: ='التعليم المسرع'!AQ27 -> 17 | G42: ='التعليم المسرع'!BG27 -> 7 | H42: ='التعليم المسرع'!BH27 -> 16 | I42: =C42+E42+G42 -> 87 | J42: =D42+F42+H42 -> 80 | K42: =SUM(I42:J42) -> 167
B44: 13سنة | C44: ='التعليم المسرع'!AA27 -> 92 | D44: ='التعليم المسرع'!AB27 -> 31 | E44: ='التعليم المسرع'!AR27 -> 47 | F44: ='التعليم المسرع'!AS27 -> 28 | G44: ='التعليم المسرع'!BI27 -> 35 | H44: ='التعليم المسرع'!BJ27 -> 24 | I44: =C44+E44+G44 -> 174 | J44: =D44+F44+H44 -> 83 | K44: =SUM(I44:J44) -> 257
B46: 14سنة | C46: ='التعليم المسرع'!AC27 -> 100 | D46: ='التعليم المسرع'!AD27 -> 38 | E46: ='التعليم المسرع'!AT27 -> 62 | F46: ='التعليم المسرع'!AU27 -> 47 | G46: ='التعليم المسرع'!BK27 -> 79 | H46: ='التعليم المسرع'!BL27 -> 41 | I46: =C46+E46+G46 -> 241 | J46: =D46+F46+H46 -> 126 | K46: =SUM(I46:J46) -> 367
B48: 15سنة | C48: ='التعليم المسرع'!AE27 -> 74 | D48: ='التعليم المسرع'!AF27 -> 21 | E48: ='التعليم المسرع'!AV27 -> 80 | F48: ='التعليم المسرع'!AW27 -> 39 | G48: ='التعليم المسرع'!BM27 -> 119 | H48: ='التعليم المسرع'!BN27 -> 47 | I48: =C48+E48+G48 -> 273 | J48: =D48+F48+H48 -> 107 | K48: =SUM(I48:J48) -> 380
B50: 16سنة | C50: ='التعليم المسرع'!AG27 -> 39 | D50: ='التعليم المسرع'!AH27 -> 20 | E50: ='التعليم المسرع'!AX27 -> 57 | F50: ='التعليم المسرع'!AY27 -> 47 | G50: ='التعليم المسرع'!BO27 -> 152 | H50: ='التعليم المسرع'!BP27 -> 67 | I50: =C50+E50+G50 -> 248 | J50: =D50+F50+H50 -> 134 | K50: =SUM(I50:J50) -> 382
B52: 17سنة | C52: ='التعليم المسرع'!AI27 -> 20 | D52: ='التعليم المسرع'!AJ27 -> 20 | E52: ='التعليم المسرع'!AZ27 -> 30 | F52: ='التعليم المسرع'!BA27 -> 40 | G52: ='التعليم المسرع'!BQ27 -> 76 | H52: ='التعليم المسرع'!BR27 -> 39 | I52: =C52+E52+G52 -> 126 | J52: =D52+F52+H52 -> 99 | K52: =SUM(I52:J52) -> 225
B54: 18سنة | C54: ='التعليم المسرع'!AK27 -> 8 | D54: ='التعليم المسرع'!AL27 -> 16 | E54: ='التعليم المسرع'!BB27 -> 26 | F54: ='التعليم المسرع'!BC27 -> 29 | G54: ='التعليم المسرع'!BS27 -> 75 | H54: ='التعليم المسرع'!BT27 -> 54 | I54: =C54+E54+G54 -> 109 | J54: =D54+F54+H54 -> 99 | K54: =SUM(I54:J54) -> 208
B56: المجموع | C56: =C42+C44+C46+C48+C50+C52+C54 -> 404 | D56: =D42+D44+D46+D48+D50+D52+D54 -> 193 | E56: =E42+E44+E46+E48+E50+E52+E54 -> 311 | F56: =F42+F44+F46+F48+F50+F52+F54 -> 247 | G56: =G42+G44+G46+G48+G50+G52+G54 -> 543 | H56: =H42+H44+H46+H48+H50+H52+H54 -> 288 | I56: =C56+E56+G56 -> 1258 | J56: =D56+F56+H56 -> 728 | K56: =SUM(I56:J56) -> 1986
B60: التاركين للعام الدراسي2026/2025 | E60: الناجحون للعام الدراسي 2025/2024 | H60: الراسبون لجميع الاسباب للعام الدراسي 2025/2024 | N60: المجموع
H61: الفشل بألامتحان | J61: تجاوز الغياب | L61: اسباب الاخرى
B62: بنون | C62: بنات | D62: المجموع | E62: بنون | F62: بنات | G62: المجموع | H62: بنون | I62: بنات | J62: بنون | K62: بنات | L62: بنون | M62: بنات | N62: بنون | O62: بنات | P62: المجموع
A64: المرحلة الاولى | B64: ='التعليم المسرع'!DB27 -> 40 | C64: ='التعليم المسرع'!DC27 -> 28 | D64: =C64+B64 -> 68 | E64: ='التعليم المسرع'!DK27 -> 152 | F64: ='التعليم المسرع'!DL27 -> 104 | G64: =F64+E64 -> 256 | H64: ='التعليم المسرع'!DT27 -> 93 | I64: ='التعليم المسرع'!DU27 -> 88 | J64: ='التعليم المسرع'!EC27 -> 0 | K64: ='التعليم المسرع'!ED27 -> 0 | L64: ='التعليم المسرع'!EL27 -> 0 | M64: ='التعليم المسرع'!EM27 -> 0 | N64: =L64+J64+H64 -> 93 | O64: =M64+K64+I64 -> 88 | P64: =O64+N64 -> 181
A66: المرحلة الثانية | B66: ='التعليم المسرع'!DD27 -> 14 | C66: ='التعليم المسرع'!DE27 -> 31 | D66: =C66+B66 -> 45 | E66: ='التعليم المسرع'!DM27 -> 160 | F66: ='التعليم المسرع'!DN27 -> 129 | G66: =F66+E66 -> 289 | H66: ='التعليم المسرع'!DV27 -> 68 | I66: ='التعليم المسرع'!DW27 -> 92 | J66: ='التعليم المسرع'!EE27 -> 0 | K66: ='التعليم المسرع'!EF27 -> 0 | L66: ='التعليم المسرع'!EN27 -> 0 | M66: ='التعليم المسرع'!EO27 -> 0 | N66: =L66+J66+H66 -> 68 | O66: =M66+K66+I66 -> 92 | P66: =O66+N66 -> 160
A68: المرحلة الثالثة | B68: ='التعليم المسرع'!DF27 -> 49 | C68: ='التعليم المسرع'!DG27 -> 48 | D68: =C68+B68 -> 97 | E68: ='التعليم المسرع'!DO27 -> 298 | F68: ='التعليم المسرع'!DP27 -> 287 | G68: =F68+E68 -> 585 | H68: ='التعليم المسرع'!DX27 -> 175 | I68: ='التعليم المسرع'!DY27 -> 128 | J68: ='التعليم المسرع'!EG27 -> 0 | K68: ='التعليم المسرع'!EH27 -> 0 | L68: ='التعليم المسرع'!EP27 -> 0 | M68: ='التعليم المسرع'!EQ27 -> 0 | N68: =L68+J68+H68 -> 175 | O68: =M68+K68+I68 -> 128 | P68: =O68+N68 -> 303

Sheet مركزالنجف
A1: وزارة التربية
A2: المديرية العامة للتربية في محافظة النجف الاشرف
A3: خلاصة مدارس التعليم المسرع
E4: البيانات الاحصائية لمدارس التعليم المسرع للعام الدراسي 2026/2025
A6: اسم المحافظة | B6: محافظة النجف الاشرف | F6: القضاء | G6: النجف | K6: الناحية | L6: المركز
A8: عدد المدرسة | B8: ='التعليم المسرع'!K20+'التعليم المسرع'!L20 -> 14 | F8: الاصلية | G8: ='التعليم المسرع'!Q20 -> 0 | K8: الضيف | L8: ='التعليم المسرع'!R20 -> 14
B11: الموقع البيئي للمدرسة | F11: جنس المدرسة | K11: عدد اعضاء الهيئة التعليمية
B12: حضر | C12: ريف | F12: بنون | G12: بنات | H12: مختلط | K12: ذكور | L12: اناث | M12: المجموع
B13: ='التعليم المسرع'!K20 -> 13 | C13: ='التعليم المسرع'!L20 -> 1 | F13: ='التعليم المسرع'!H20 -> 6 | G13: ='التعليم المسرع'!I20 -> 8 | H13: ='التعليم المسرع'!J20 -> 0 | K13: ='التعليم المسرع'!FC20 -> 21 | L13: ='التعليم المسرع'!FD20 -> 43 | M13: =SUM(K13:L13) -> 64
B16: عدد الشعب حسب المرحلة والجنس | J16: عدد اعضاء الهيئة التعليمية حسب العنوان الوظيفي
B17: المرحلة | C17: بنون | D17: بنات | E17: مختلط | F17: المجموع | J17: العنوان | K17: مدير | L17: معاون | M17: معلم | N17: مجموع
B18: المرحلة الاولى | C18: ='التعليم المسرع'!CO20 -> 14 | D18: ='التعليم المسرع'!CP20 -> 9 | E18: ='التعليم المسرع'!CQ20 -> 0 | F18: =C18+D18+E18 -> 23
J19: ذكور | K19: ='التعليم المسرع'!EU20 -> 6 | L19: ='التعليم المسرع'!EW20 -> 3 | M19: ='التعليم المسرع'!EY20 -> 12 | N19: =SUM(K19:M19) -> 21
B20: المرحلة الثانية | C20: ='التعليم المسرع'!CR20 -> 11 | D20: ='التعليم المسرع'!CS20 -> 11 | E20: ='التعليم المسرع'!CT20 -> 0 | F20: =C20+D20+E20 -> 22
J21: اناث | K21: ='التعليم المسرع'!EV20 -> 8 | L21: ='التعليم المسرع'!EX20 -> 3 | M21: ='التعليم المسرع'!EZ20 -> 31 | N21: =SUM(K21:M21) -> 42
B22: المرحلة الثالثة | C22: ='التعليم المسرع'!CU20 -> 16 | D22: ='التعليم المسرع'!CV20 -> 10 | E22: ='التعليم المسرع'!CW20 -> 0 | F22: =C22+D22+E22 -> 26
J23: المجموع | K23: =K19+K21 -> 14 | L23: =L19+L21 -> 6 | M23: =M19+M21 -> 43 | N23: =N19+N21 -> 63
B24: المجموع | C24: =SUM(C18:C23) -> 41 | D24: =SUM(D18:D23) -> 30 | E24: =SUM(E18:E23) -> 0 | F24: =C24+D24+E24 -> 71
B26: عدد اعضاء الهيئة التعليمية حسب الشهادة
B27: اعلى شهادة تم الحصول عليها | C27: دور المعلمين والمعلمات | D27: الدراسة الاعدادية | E27: المدارس المهنية | F27: معاهد اعداد المعلمين والمعلمات | G27: جامعية تربوية | H27: جامعية اخرى | I27: اخرى | J27: المجموع
B29: ذكور | C29: ='التعليم المسرع'!FZ20 -> 0 | D29: ='التعليم المسرع'!FX20 -> 0 | E29: ='التعليم المسرع'!GD20 -> 0 | F29: ='التعليم المسرع'!GB20 -> 12 | G29: ='التعليم المسرع'!GH20 -> 7 | H29: ='التعليم المسرع'!GJ20 -> 2 | I29: ='التعليم المسرع'!GL20 -> 0 | J29: =I29+H29+G29+F29+E29+D29+C29 -> 21
B31: اناث | C31: ='التعليم المسرع'!GA20 -> 0 | D31: ='التعليم المسرع'!FY20 -> 0 | E31: ='التعليم المسرع'!GE20 -> 0 | F31: ='التعليم المسرع'!GC20 -> 11 | G31: ='التعليم المسرع'!GI20 -> 27 | H31: ='التعليم المسرع'!GK20 -> 3 | I31: ='التعليم المسرع'!GM20 -> 1 | J31: =I31+H31+G31+F31+E31+D31+C31 -> 42
B33: المجموع | C33: =C29+C31 -> 0 | D33: =D29+D31 -> 0 | E33: =E29+E31 -> 0 | F33: =F29+F31 -> 23 | G33: =G29+G31 -> 34 | H33: =H29+H31 -> 5 | I33: =I29+I31 -> 1 | J33: =I33+H33+G33+F33+E33+D33+C33 -> 63
A36: وزارة التربية
A37: المديرية العامة للتربية في محافظة النجف الاشرف | L37: مركز النجف
D38: خلاصة قضاء النجف لمدارس التعليم المسرع
B40: العمر | C40: المرحلة الاولى | E40: المرحلة الثانية | G40: المرحلة الثالثة | I40: المجموع الكلي
C41: بنون | D41: بنات | E41: بنون | F41: بنات | G41: بنون | H41: بنات | I41: بنون | J41: بنات | K41: المجموع
B42: 12سنة | C42: ='التعليم المسرع'!Y20 -> 61 | D42: ='التعليم المسرع'!Z20 -> 46 | E42: ='التعليم المسرع'!AP20 -> 8 | F42: ='التعليم المسرع'!AQ20 -> 17 | G42: ='التعليم المسرع'!BG20 -> 7 | H42: ='التعليم المسرع'!BH20 -> 16 | I42: =C42+E42+G42 -> 76 | J42: =D42+F42+H42 -> 79 | K42: =SUM(I42:J42) -> 155
B44: 13سنة | C44: ='التعليم المسرع'!AA20 -> 81 | D44: ='التعليم المسرع'!AB20 -> 30 | E44: ='التعليم المسرع'!AR20 -> 28 | F44: ='التعليم المسرع'!AS20 -> 28 | G44: ='التعليم المسرع'!BI20 -> 33 | H44: ='التعليم المسرع'!BJ20 -> 24 | I44: =C44+E44+G44 -> 142 | J44: =D44+F44+H44 -> 82 | K44: =SUM(I44:J44) -> 224
B46: 14سنة | C46: ='التعليم المسرع'!AC20 -> 90 | D46: ='التعليم المسرع'!AD20 -> 35 | E46: ='التعليم المسرع'!AT20 -> 46 | F46: ='التعليم المسرع'!AU20 -> 44 | G46: ='التعليم المسرع'!BK20 -> 58 | H46: ='التعليم المسرع'!BL20 -> 39 | I46: =C46+E46+G46 -> 194 | J46: =D46+F46+H46 -> 118 | K46: =SUM(I46:J46) -> 312
B48: 15سنة | C48: ='التعليم المسرع'!AE20 -> 66 | D48: ='التعليم المسرع'!AF20 -> 18 | E48: ='التعليم المسرع'!AV20 -> 62 | F48: ='التعليم المسرع'!AW20 -> 35 | G48: ='التعليم المسرع'!BM20 -> 98 | H48: ='التعليم المسرع'!BN20 -> 43 | I48: =C48+E48+G48 -> 226 | J48: =D48+F48+H48 -> 96 | K48: =SUM(I48:J48) -> 322
B50: 16سنة | C50: ='التعليم المسرع'!AG20 -> 36 | D50: ='التعليم المسرع'!AH20 -> 20 | E50: ='التعليم المسرع'!AX20 -> 47 | F50: ='التعليم المسرع'!AY20 -> 44 | G50: ='التعليم المسرع'!BO20 -> 116 | H50: ='التعليم المسرع'!BP20 -> 60 | I50: =C50+E50+G50 -> 199 | J50: =D50+F50+H50 -> 124 | K50: =SUM(I50:J50) -> 323
B52: 17سنة | C52: ='التعليم المسرع'!AI20 -> 16 | D52: ='التعليم المسرع'!AJ20 -> 18 | E52: ='التعليم المسرع'!AZ20 -> 25 | F52: ='التعليم المسرع'!BA20 -> 37 | G52: ='التعليم المسرع'!BQ20 -> 64 | H52: ='التعليم المسرع'!BR20 -> 35 | I52: =C52+E52+G52 -> 105 | J52: =D52+F52+H52 -> 90 | K52: =SUM(I52:J52) -> 195
B54: 18سنة | C54: ='التعليم المسرع'!AK20 -> 8 | D54: ='التعليم المسرع'!AL20 -> 14 | E54: ='التعليم المسرع'!BB20 -> 21 | F54: ='التعليم المسرع'!BC20 -> 27 | G54: ='التعليم المسرع'!BS20 -> 50 | H54: ='التعليم المسرع'!BT20 -> 49 | I54: =C54+E54+G54 -> 79 | J54: =D54+F54+H54 -> 90 | K54: =SUM(I54:J54) -> 169
B56: المجموع | C56: =C42+C44+C46+C48+C50+C52+C54 -> 358 | D56: =D42+D44+D46+D48+D50+D52+D54 -> 181 | E56: =E42+E44+E46+E48+E50+E52+E54 -> 237 | F56: =F42+F44+F46+F48+F50+F52+F54 -> 232 | G56: =G42+G44+G46+G48+G50+G52+G54 -> 426 | H56: =H42+H44+H46+H48+H50+H52+H54 -> 266 | I56: =C56+E56+G56 -> 1021 | J56: =D56+F56+H56 -> 679 | K56: =SUM(I56:J56) -> 1700
B60: التاركين للعام الدراسي2026/2025 | E60: الناجحون للعام الدراسي 2025/2024 | H60: الراسبون لجميع الاسباب للعام الدراسي 2025/2024 | N60: المجموع
H61: الفشل بألامتحان | J61: تجاوز الغياب | L61: اسباب الاخرى
B62: بنون | C62: بنات | D62: المجموع | E62: بنون | F62: بنات | G62: المجموع | H62: بنون | I62: بنات | J62: بنون | K62: بنات | L62: بنون | M62: بنات | N62: بنون | O62: بنات | P62: المجموع
A64: المرحلة الاولى | B64: ='التعليم المسرع'!DB20 -> 40 | C64: ='التعليم المسرع'!DC20 -> 27 | D64: =C64+B64 -> 67 | E64: ='التعليم المسرع'!DK20 -> 97 | F64: ='التعليم المسرع'!DL20 -> 96 | G64: =F64+E64 -> 193 | H64: ='التعليم المسرع'!DT20 -> 70 | I64: ='التعليم المسرع'!DU20 -> 83 | J64: ='التعليم المسرع'!EC20 -> 0 | K64: ='التعليم المسرع'!ED20 -> 0 | L64: ='التعليم المسرع'!EL20 -> 0 | M64: ='التعليم المسرع'!EM20 -> 0 | N64: =L64+J64+H64 -> 70 | O64: =M64+K64+I64 -> 83 | P64: =O64+N64 -> 153
A66: المرحلة الثانية | B66: ='التعليم المسرع'!DD20 -> 13 | C66: ='التعليم المسرع'!DE20 -> 30 | D66: =C66+B66 -> 43 | E66: ='التعليم المسرع'!DM20 -> 125 | F66: ='التعليم المسرع'!DN20 -> 118 | G66: =F66+E66 -> 243 | H66: ='التعليم المسرع'!DV20 -> 28 | I66: ='التعليم المسرع'!DW20 -> 88 | J66: ='التعليم المسرع'!EE20 -> 0 | K66: ='التعليم المسرع'!EF20 -> 0 | L66: ='التعليم المسرع'!EN20 -> 0 | M66: ='التعليم المسرع'!EO20 -> 0 | N66: =L66+J66+H66 -> 28 | O66: =M66+K66+I66 -> 88 | P66: =O66+N66 -> 116
A68: المرحلة الثالثة | B68: ='التعليم المسرع'!DF20 -> 42 | C68: ='التعليم المسرع'!DG20 -> 44 | D68: =C68+B68 -> 86 | E68: ='التعليم المسرع'!DO20 -> 231 | F68: ='التعليم المسرع'!DP20 -> 264 | G68: =F68+E68 -> 495 | H68: ='التعليم المسرع'!DX20 -> 101 | I68: ='التعليم المسرع'!DY20 -> 117 | J68: ='التعليم المسرع'!EG20 -> 0 | K68: ='التعليم المسرع'!EH20 -> 0 | L68: ='التعليم المسرع'!EP20 -> 0 | M68: ='التعليم المسرع'!EQ20 -> 0 | N68: =L68+J68+H68 -> 101 | O68: =M68+K68+I68 -> 117 | P68: =O68+N68 -> 218

Sheet الحيدرية
A1: وزارة التربية
A2: المديرية العامة للتربية في محافظة النجف الاشرف
A3: خلاصة قضاء النجف لمدارس التعليم المسرع
E4: البيانات الاحصائية لمدارس التعليم المسرع للعام الدراسي 2026/2025
A6: اسم المحافظة | B6: محافظة النجف الاشرف | F6: القضاء | G6: النجف | K6: الناحية | L6: الحيدرية
A8: عدد المدرسة | B8: ='التعليم المسرع'!K24+'التعليم المسرع'!L24 -> 3 | F8: الاصلية | G8: ='التعليم المسرع'!Q24 -> 0 | K8: الضيف | L8: ='التعليم المسرع'!R24 -> 3
B11: الموقع البيئي للمدرسة | F11: جنس المدرسة | K11: عدد اعضاء الهيئة التعليمية
B12: حضر | C12: ريف | F12: بنون | G12: بنات | H12: مختلط | K12: ذكور | L12: اناث | M12: المجموع
B13: ='التعليم المسرع'!K24 -> 2 | C13: ='التعليم المسرع'!L24 -> 1 | F13: ='التعليم المسرع'!H24 -> 2 | G13: ='التعليم المسرع'!I24 -> 1 | H13: ='التعليم المسرع'!J24 -> 0 | K13: ='التعليم المسرع'!FC24 -> 16 | L13: ='التعليم المسرع'!FD24 -> 6 | M13: =SUM(K13:L13) -> 22
B16: عدد الشعب حسب المرحلة والجنس | J16: عدد اعضاء الهيئة التعليمية حسب العنوان الوظيفي
B17: المرحلة | C17: بنون | D17: بنات | E17: مختلط | F17: المجموع | J17: العنوان | K17: مدير | L17: معاون | M17: معلم | N17: مجموع
B18: المرحلة الاولى | C18: ='التعليم المسرع'!CO24 -> 2 | D18: ='التعليم المسرع'!CP24 -> 1 | E18: ='التعليم المسرع'!CQ24 -> 0 | F18: =C18+D18+E18 -> 3
J19: ذكور | K19: ='التعليم المسرع'!EU24 -> 2 | L19: ='التعليم المسرع'!EW24 -> 0 | M19: ='التعليم المسرع'!EY24 -> 14 | N19: =SUM(K19:M19) -> 16
B20: المرحلة الثانية | C20: ='التعليم المسرع'!CR24 -> 2 | D20: ='التعليم المسرع'!CS24 -> 1 | E20: ='التعليم المسرع'!CT24 -> 0 | F20: =C20+D20+E20 -> 3
J21: اناث | K21: ='التعليم المسرع'!EV24 -> 1 | L21: ='التعليم المسرع'!EX24 -> 0 | M21: ='التعليم المسرع'!EZ24 -> 5 | N21: =SUM(K21:M21) -> 6
B22: المرحلة الثالثة | C22: ='التعليم المسرع'!CU24 -> 2 | D22: ='التعليم المسرع'!CV24 -> 1 | E22: ='التعليم المسرع'!CW24 -> 0 | F22: =C22+D22+E22 -> 3
J23: المجموع | K23: =K19+K21 -> 3 | L23: =L19+L21 -> 0 | M23: =M19+M21 -> 19 | N23: =N19+N21 -> 22
B24: المجموع | C24: =SUM(C18:C23) -> 6 | D24: =SUM(D18:D23) -> 3 | E24: =SUM(E18:E23) -> 0 | F24: =C24+D24+E24 -> 9
B26: عدد اعضاء الهيئة التعليمية حسب الشهادة
B27: اعلى شهادة تم الحصول عليها | C27: دور المعلمين والمعلمات | D27: الدراسة الاعدادية | E27: المدارس المهنية | F27: معاهد اعداد المعلمين والمعلمات | G27: جامعية تربوية | H27: جامعية اخرى | I27: اخرى | J27: المجموع
B29: ذكور | C29: ='التعليم المسرع'!FZ24 -> 0 | D29: ='التعليم المسرع'!FX24 -> 0 | E29: ='التعليم المسرع'!GD24 -> 0 | F29: ='التعليم المسرع'!GB24 -> 8 | G29: ='التعليم المسرع'!GH24 -> 5 | H29: ='التعليم المسرع'!GJ24 -> 2 | I29: ='التعليم المسرع'!GL24+'التعليم المسرع'!GF24 -> 1 | J29: =I29+H29+G29+F29+E29+D29+C29 -> 16
B31: اناث | C31: ='التعليم المسرع'!GA24 -> 0 | D31: ='التعليم المسرع'!FY24 -> 0 | E31: ='التعليم المسرع'!GE24 -> 0 | F31: ='التعليم المسرع'!GC24 -> 4 | G31: ='التعليم المسرع'!GI24 -> 1 | H31: ='التعليم المسرع'!GK24 -> 0 | I31: ='التعليم المسرع'!GM24+'التعليم المسرع'!GE24 -> 0 | J31: =I31+H31+G31+F31+E31+D31+C31 -> 5
B33: المجموع | C33: =C29+C31 -> 0 | D33: =D29+D31 -> 0 | E33: =E29+E31 -> 0 | F33: =F29+F31 -> 12 | G33: =G29+G31 -> 6 | H33: =H29+H31 -> 2 | I33: =I29+I31 -> 1 | J33: =I33+H33+G33+F33+E33+D33+C33 -> 21
A36: وزارة التربية
A37: المديرية العامة للتربية في محافظة النجف الاشرف | M37: ناحية الحيدرية
D38: خلاصة قضاء النجف لمدارس التعليم المسرع
B40: العمر | C40: المرحلة الاولى | E40: المرحلة الثانية | G40: المرحلة الثالثة | I40: المجموع الكلي
C41: بنون | D41: بنات | E41: بنون | F41: بنات | G41: بنون | H41: بنات | I41: بنون | J41: بنات | K41: المجموع
B42: 12سنة | C42: ='التعليم المسرع'!Y24 -> 5 | D42: ='التعليم المسرع'!Z24 -> 1 | E42: ='التعليم المسرع'!AP24 -> 1 | F42: ='التعليم المسرع'!AQ24 -> 0 | G42: ='التعليم المسرع'!BG24 -> 0 | H42: ='التعليم المسرع'!BH24 -> 0 | I42: =C42+E42+G42 -> 6 | J42: =D42+F42+H42 -> 1 | K42: =SUM(I42:J42) -> 7
B44: 13سنة | C44: ='التعليم المسرع'!AA24 -> 5 | D44: ='التعليم المسرع'!AB24 -> 1 | E44: ='التعليم المسرع'!AR24 -> 12 | F44: ='التعليم المسرع'!AS24 -> 0 | G44: ='التعليم المسرع'!BI24 -> 1 | H44: ='التعليم المسرع'!BJ24 -> 0 | I44: =C44+E44+G44 -> 18 | J44: =D44+F44+H44 -> 1 | K44: =SUM(I44:J44) -> 19
B46: 14سنة | C46: ='التعليم المسرع'!AC24 -> 4 | D46: ='التعليم المسرع'!AD24 -> 3 | E46: ='التعليم المسرع'!AT24 -> 11 | F46: ='التعليم المسرع'!AU24 -> 3 | G46: ='التعليم المسرع'!BK24 -> 10 | H46: ='التعليم المسرع'!BL24 -> 2 | I46: =C46+E46+G46 -> 25 | J46: =D46+F46+H46 -> 8 | K46: =SUM(I46:J46) -> 33
B48: 15سنة | C48: ='التعليم المسرع'!AE24 -> 4 | D48: ='التعليم المسرع'!AF24 -> 3 | E48: ='التعليم المسرع'!AV24 -> 13 | F48: ='التعليم المسرع'!AW24 -> 4 | G48: ='التعليم المسرع'!BM24 -> 9 | H48: ='التعليم المسرع'!BN24 -> 4 | I48: =C48+E48+G48 -> 26 | J48: =D48+F48+H48 -> 11 | K48: =SUM(I48:J48) -> 37
B50: 16سنة | C50: ='التعليم المسرع'!AG24 -> 3 | D50: ='التعليم المسرع'!AH24 -> 0 | E50: ='التعليم المسرع'!AX24 -> 10 | F50: ='التعليم المسرع'!AY24 -> 3 | G50: ='التعليم المسرع'!BO24 -> 13 | H50: ='التعليم المسرع'!BP24 -> 7 | I50: =C50+E50+G50 -> 26 | J50: =D50+F50+H50 -> 10 | K50: =SUM(I50:J50) -> 36
B52: 17سنة | C52: ='التعليم المسرع'!AI24 -> 3 | D52: ='التعليم المسرع'!AJ24 -> 2 | E52: ='التعليم المسرع'!AZ24 -> 4 | F52: ='التعليم المسرع'!BA24 -> 3 | G52: ='التعليم المسرع'!BQ24 -> 6 | H52: ='التعليم المسرع'!BR24 -> 4 | I52: =C52+E52+G52 -> 13 | J52: =D52+F52+H52 -> 9 | K52: =SUM(I52:J52) -> 22
B54: 18سنة | C54: ='التعليم المسرع'!AK24 -> 0 | D54: ='التعليم المسرع'!AL24 -> 2 | E54: ='التعليم المسرع'!BB24 -> 3 | F54: ='التعليم المسرع'!BC24 -> 2 | G54: ='التعليم المسرع'!BS24 -> 24 | H54: ='التعليم المسرع'!BT24 -> 5 | I54: =C54+E54+G54 -> 27 | J54: =D54+F54+H54 -> 9 | K54: =SUM(I54:J54) -> 36
B56: المجموع | C56: =C42+C44+C46+C48+C50+C52+C54 -> 24 | D56: =D42+D44+D46+D48+D50+D52+D54 -> 12 | E56: =E42+E44+E46+E48+E50+E52+E54 -> 54 | F56: =F42+F44+F46+F48+F50+F52+F54 -> 15 | G56: =G42+G44+G46+G48+G50+G52+G54 -> 63 | H56: =H42+H44+H46+H48+H50+H52+H54 -> 22 | I56: =C56+E56+G56 -> 141 | J56: =D56+F56+H56 -> 49 | K56: =SUM(I56:J56) -> 190
B59: التاركين للعام الدراسي2026/2025 | E59: الناجحون للعام الدراسي 2025/2024 | H59: الراسبون لجميع الاسباب للعام الدراسي 2025/2024 | N59: المجموع
H60: الفشل بألامتحان | J60: تجاوز الغياب | L60: اسباب الاخرى
B61: بنون | C61: بنات | D61: المجموع | E61: بنون | F61: بنات | G61: المجموع | H61: بنون | I61: بنات | J61: بنون | K61: بنات | L61: بنون | M61: بنات | N61: بنون | O61: بنات | P61: المجموع
A63: المرحلة الاولى | B63: ='التعليم المسرع'!DB24 -> 0 | C63: ='التعليم المسرع'!DC24 -> 1 | D63: =C63+B63 -> 1 | E63: ='التعليم المسرع'!DK24 -> 38 | F63: ='التعليم المسرع'!DL24 -> 8 | G63: =F63+E63 -> 46 | H63: ='التعليم المسرع'!DT24 -> 13 | I63: ='التعليم المسرع'!DU24 -> 5 | J63: ='التعليم المسرع'!EC24 -> 0 | K63: ='التعليم المسرع'!ED24 -> 0 | L63: ='التعليم المسرع'!EL24 -> 0 | M63: ='التعليم المسرع'!EM24 -> 0 | N63: =L63+J63+H63 -> 13 | O63: =M63+K63+I63 -> 5 | P63: =O63+N63 -> 18
A65: المرحلة الثانية | B65: ='التعليم المسرع'!DD24 -> 1 | C65: ='التعليم المسرع'!DE24 -> 1 | D65: =C65+B65 -> 2 | E65: ='التعليم المسرع'!DM24 -> 17 | F65: ='التعليم المسرع'!DN24 -> 11 | G65: =F65+E65 -> 28 | H65: ='التعليم المسرع'!DV24 -> 32 | I65: ='التعليم المسرع'!DW24 -> 4 | J65: ='التعليم المسرع'!EE24 -> 0 | K65: ='التعليم المسرع'!EF24 -> 0 | L65: ='التعليم المسرع'!EN24 -> 0 | M65: ='التعليم المسرع'!EO24 -> 0 | N65: =L65+J65+H65 -> 32 | O65: =M65+K65+I65 -> 4 | P65: =O65+N65 -> 36
A67: المرحلة الثالثة | B67: ='التعليم المسرع'!DF24 -> 7 | C67: ='التعليم المسرع'!DG24 -> 4 | D67: =C67+B67 -> 11 | E67: ='التعليم المسرع'!DO24 -> 41 | F67: ='التعليم المسرع'!DP24 -> 23 | G67: =F67+E67 -> 64 | H67: ='التعليم المسرع'!DX24 -> 41 | I67: ='التعليم المسرع'!DY24 -> 11 | J67: ='التعليم المسرع'!EG24 -> 0 | K67: ='التعليم المسرع'!EH24 -> 0 | L67: ='التعليم المسرع'!EP24 -> 0 | M67: ='التعليم المسرع'!EQ24 -> 0 | N67: =L67+J67+H67 -> 41 | O67: =M67+K67+I67 -> 11 | P67: =O67+N67 -> 52

Sheet الرضوية
A1: وزارة التربية
A2: المديرية العامة للتربية في محافظة النجف الاشرف
A3: خلاصة مدارس التعليم المسرع
E4: البيانات الاحصائية لمدارس التعليم المسرع للعام الدراسي 2026/2025
A6: اسم المحافظة | B6: النجف الاشرف | F6: القضاء | G6: النجف | K6: الناحية | L6: الرضوية
A8: عدد المدرسة | B8: ='التعليم المسرع'!K26+'التعليم المسرع'!L26 -> 1 | F8: الاصلية | G8: ='التعليم المسرع'!Q26 -> 0 | K8: الضيف | L8: ='التعليم المسرع'!R26 -> 1
B11: الموقع البيئي للمدرسة | F11: جنس المدرسة | K11: عدد اعضاء الهيئة التعليمية
B12: حضر | C12: ريف | F12: بنون | G12: بنات | H12: مختلط | K12: ذكور | L12: اناث | M12: المجموع
B13: ='التعليم المسرع'!K26 -> 1 | C13: ='التعليم المسرع'!L26 -> 0 | F13: ='التعليم المسرع'!H26 -> 1 | G13: ='التعليم المسرع'!I26 -> 0 | H13: ='التعليم المسرع'!J26 -> 0 | K13: ='التعليم المسرع'!FC26 -> 10 | L13: ='التعليم المسرع'!FD26 -> 0 | M13: =SUM(K13:L13) -> 10
B16: عدد الشعب حسب المرحلة والجنس | I16: عدد اعضاء الهيئة التعليمية حسب العنوان الوظيفي
B17: المرحلة | C17: بنون | D17: بنات | E17: مختلط | F17: المجموع | I17: العنوان | J17: مدير | K17: معاون | L17: معلم | M17: مجموع
B18: المرحلة الاولى | C18: ='التعليم المسرع'!CO26 -> 1 | D18: ='التعليم المسرع'!CP26 -> 0 | E18: ='التعليم المسرع'!CQ26 -> 0 | F18: =C18+D18+E18 -> 1
I19: ذكور | J19: ='التعليم المسرع'!EU26 -> 1 | K19: ='التعليم المسرع'!EW26 -> 0 | L19: ='التعليم المسرع'!EY26 -> 9 | M19: =SUM(J19:L19) -> 10
B20: المرحلة الثانية | C20: ='التعليم المسرع'!CR26 -> 1 | D20: ='التعليم المسرع'!CS26 -> 0 | E20: ='التعليم المسرع'!CT26 -> 0 | F20: =C20+D20+E20 -> 1
I21: اناث | J21: ='التعليم المسرع'!EV26 -> 0 | K21: ='التعليم المسرع'!EX26 -> 0 | L21: ='التعليم المسرع'!EZ26 -> 0 | M21: =SUM(J21:L21) -> 0
B22: المرحلة الثالثة | C22: ='التعليم المسرع'!CU26 -> 2 | D22: ='التعليم المسرع'!CV26 -> 0 | E22: ='التعليم المسرع'!CW26 -> 0 | F22: =C22+D22+E22 -> 2
I23: المجموع | J23: =J19+J21 -> 1 | K23: =K19+K21 -> 0 | L23: =L19+L21 -> 9 | M23: =M19+M21 -> 10
B24: المجموع | C24: =SUM(C18:C23) -> 4 | D24: =SUM(D18:D23) -> 0 | E24: =SUM(E18:E23) -> 0 | F24: =C24+D24+E24 -> 4
B26: عدد اعضاء الهيئة التعليمية حسب الشهادة
B27: اعلى شهادة تم الحصول عليها | C27: دور المعلمين والمعلمات | D27: الدراسة الاعدادية | E27: المدارس المهنية | F27: معاهد اعداد المعلمين والمعلمات | G27: جامعية تربوية | H27: جامعية اخرى | I27: اخرى | J27: المجموع
B29: ذكور | C29: ='التعليم المسرع'!FZ26 -> 0 | D29: ='التعليم المسرع'!FX26 -> 0 | E29: ='التعليم المسرع'!GF26 -> 0 | F29: ='التعليم المسرع'!GB26 -> 6 | G29: ='التعليم المسرع'!GH26 -> 4 | H29: ='التعليم المسرع'!GJ26 -> 0 | I29: ='التعليم المسرع'!GL26 -> 0 | J29: =I29+H29+G29+F29+E29+D29+C29 -> 10
B31: اناث | C31: ='التعليم المسرع'!GA26 -> 0 | D31: ='التعليم المسرع'!FY26 -> 0 | E31: ='التعليم المسرع'!GG26 -> 0 | F31: ='التعليم المسرع'!GC26 -> 0 | G31: ='التعليم المسرع'!GI26 -> 0 | H31: ='التعليم المسرع'!GK26 -> 0 | I31: ='التعليم المسرع'!GM26 -> 0 | J31: =I31+H31+G31+F31+E31+D31+C31 -> 0
B33: المجموع | C33: =C29+C31 -> 0 | D33: =D29+D31 -> 0 | E33: =E29+E31 -> 0 | F33: =F29+F31 -> 6 | G33: =G29+G31 -> 4 | H33: =H29+H31 -> 0 | I33: =I29+I31 -> 0 | J33: =I33+H33+G33+F33+E33+D33+C33 -> 10
A36: وزارة التربية
A37: المديرية العامة للتربية في محافظة النجف الاشرف | K37: ناحية الرضوية
D38: خلاصة قضاء المناذرة لمدارس التعليم المسرع
B40: العمر | C40: المرحلة الاولى | E40: المرحلة الثانية | G40: المرحلة الثالثة | I40: المجموع الكلي
C41: بنون | D41: بنات | E41: بنون | F41: بنات | G41: بنون | H41: بنات | I41: بنون | J41: بنات | K41: المجموع
B42: 12سنة | C42: ='التعليم المسرع'!Y26 -> 5 | D42: ='التعليم المسرع'!Z26 -> 0 | E42: ='التعليم المسرع'!AP26 -> 0 | F42: ='التعليم المسرع'!AQ26 -> 0 | G42: ='التعليم المسرع'!BG26 -> 0 | H42: ='التعليم المسرع'!BH26 -> 0 | I42: =C42+E42+G42 -> 5 | J42: =D42+F42+H42 -> 0 | K42: =SUM(I42:J42) -> 5
B44: 13سنة | C44: ='التعليم المسرع'!AA26 -> 6 | D44: ='التعليم المسرع'!AB26 -> 0 | E44: ='التعليم المسرع'!AR26 -> 7 | F44: ='التعليم المسرع'!AS26 -> 0 | G44: ='التعليم المسرع'!BI26 -> 1 | H44: ='التعليم المسرع'!BJ26 -> 0 | I44: =C44+E44+G44 -> 14 | J44: =D44+F44+H44 -> 0 | K44: =SUM(I44:J44) -> 14
B46: 14سنة | C46: ='التعليم المسرع'!AC26 -> 6 | D46: ='التعليم المسرع'!AD26 -> 0 | E46: ='التعليم المسرع'!AT26 -> 5 | F46: ='التعليم المسرع'!AU26 -> 0 | G46: ='التعليم المسرع'!BK26 -> 11 | H46: ='التعليم المسرع'!BL26 -> 0 | I46: =C46+E46+G46 -> 22 | J46: =D46+F46+H46 -> 0 | K46: =SUM(I46:J46) -> 22
B48: 15سنة | C48: ='التعليم المسرع'!AE26 -> 4 | D48: ='التعليم المسرع'!AF26 -> 0 | E48: ='التعليم المسرع'!AV26 -> 5 | F48: ='التعليم المسرع'!AW26 -> 0 | G48: ='التعليم المسرع'!BM26 -> 12 | H48: ='التعليم المسرع'!BN26 -> 0 | I48: =C48+E48+G48 -> 21 | J48: =D48+F48+H48 -> 0 | K48: =SUM(I48:J48) -> 21
B50: 16سنة | C50: ='التعليم المسرع'!AG26 -> 0 | D50: ='التعليم المسرع'!AH26 -> 0 | E50: ='التعليم المسرع'!AX26 -> 0 | F50: ='التعليم المسرع'!AY26 -> 0 | G50: ='التعليم المسرع'!BO26 -> 23 | H50: ='التعليم المسرع'!BP26 -> 0 | I50: =C50+E50+G50 -> 23 | J50: =D50+F50+H50 -> 0 | K50: =SUM(I50:J50) -> 23
B52: 17سنة | C52: ='التعليم المسرع'!AI26 -> 1 | D52: ='التعليم المسرع'!AJ26 -> 0 | E52: ='التعليم المسرع'!AZ26 -> 1 | F52: ='التعليم المسرع'!BA26 -> 0 | G52: ='التعليم المسرع'!BQ26 -> 6 | H52: ='التعليم المسرع'!BR26 -> 0 | I52: =C52+E52+G52 -> 8 | J52: =D52+F52+H52 -> 0 | K52: =SUM(I52:J52) -> 8
B54: 18سنة | C54: ='التعليم المسرع'!AK26 -> 0 | D54: ='التعليم المسرع'!AL26 -> 0 | E54: ='التعليم المسرع'!BB26 -> 2 | F54: ='التعليم المسرع'!BC26 -> 0 | G54: ='التعليم المسرع'!BS26 -> 1 | H54: ='التعليم المسرع'!BT26 -> 0 | I54: =C54+E54+G54 -> 3 | J54: =D54+F54+H54 -> 0 | K54: =SUM(I54:J54) -> 3
B56: المجموع | C56: =C42+C44+C46+C48+C50+C52+C54 -> 22 | D56: =D42+D44+D46+D48+D50+D52+D54 -> 0 | E56: =E42+E44+E46+E48+E50+E52+E54 -> 20 | F56: =F42+F44+F46+F48+F50+F52+F54 -> 0 | G56: =G42+G44+G46+G48+G50+G52+G54 -> 54 | H56: =H42+H44+H46+H48+H50+H52+H54 -> 0 | I56: =C56+E56+G56 -> 96 | J56: =D56+F56+H56 -> 0 | K56: =SUM(I56:J56) -> 96
B59: التاركين للعام الدراسي2026/2025 | E59: الناجحون للعام الدراسي 2025/2024 | H59: الراسبون لجميع الاسباب للعام الدراسي 2025/2024 | N59: المجموع
H60: الفشل بألامتحان | J60: تجاوز الغياب | L60: اسباب الاخرى
B61: بنون | C61: بنات | D61: المجموع | E61: بنون | F61: بنات | G61: المجموع | H61: بنون | I61: بنات | J61: بنون | K61: بنات | L61: بنون | M61: بنات | N61: بنون | O61: بنات | P61: المجموع
A63: المرحلة الاولى | B63: ='التعليم المسرع'!DB26 -> 0 | C63: ='التعليم المسرع'!DC26 -> 0 | D63: =C63+B63 -> 0 | E63: ='التعليم المسرع'!DK26 -> 17 | F63: ='التعليم المسرع'!DL26 -> 0 | G63: =F63+E63 -> 17 | H63: ='التعليم المسرع'!DT26 -> 10 | I63: ='التعليم المسرع'!DU26 -> 0 | J63: ='التعليم المسرع'!EC26 -> 0 | K63: ='التعليم المسرع'!ED26 -> 0 | L63: ='التعليم المسرع'!EL26 -> 0 | M63: ='التعليم المسرع'!EM26 -> 0 | N63: =L63+J63+H63 -> 10 | O63: =M63+K63+I63 -> 0 | P63: =O63+N63 -> 10
A65: المرحلة الثانية | B65: ='التعليم المسرع'!DD26 -> 0 | C65: ='التعليم المسرع'!DE26 -> 0 | D65: =C65+B65 -> 0 | E65: ='التعليم المسرع'!DM26 -> 18 | F65: ='التعليم المسرع'!DN26 -> 0 | G65: =F65+E65 -> 18 | H65: ='التعليم المسرع'!DV26 -> 8 | I65: ='التعليم المسرع'!DW26 -> 0 | J65: ='التعليم المسرع'!EE26 -> 0 | K65: ='التعليم المسرع'!EF26 -> 0 | L65: ='التعليم المسرع'!EN26 -> 0 | M65: ='التعليم المسرع'!EO26 -> 0 | N65: =L65+J65+H65 -> 8 | O65: =M65+K65+I65 -> 0 | P65: =O65+N65 -> 8
A67: المرحلة الثالثة | B67: ='التعليم المسرع'!DF26 -> 0 | C67: ='التعليم المسرع'!DG26 -> 0 | D67: =C67+B67 -> 0 | E67: ='التعليم المسرع'!DO26 -> 26 | F67: ='التعليم المسرع'!DP26 -> 0 | G67: =F67+E67 -> 26 | H67: ='التعليم المسرع'!DX26 -> 33 | I67: ='التعليم المسرع'!DY26 -> 0 | J67: ='التعليم المسرع'!EG26 -> 0 | K67: ='التعليم المسرع'!EH26 -> 0 | L67: ='التعليم المسرع'!EP26 -> 0 | M67: ='التعليم المسرع'!EQ26 -> 0 | N67: =L67+J67+H67 -> 33 | O67: =M67+K67+I67 -> 0 | P67: =O67+N67 -> 33

Sheet قضاء الكوفة
A1: وزارة التربية
A2: المديرية العامة للتربية في محافظة النجف الاشرف
A3: خلاصة قضاء الكوفة لمدارس التعليم المسرع
E4: البيانات الاحصائية لمدارس التعليم المسرع للعام الدراسي 2026/2025
A6: اسم المحافظة | B6: محافظة النجف الاشرف | F6: القضاء | G6: الكوفة | K6: الناحية | L6: المركز/ العباسية/ الحرية
A8: عدد المدرسة | B8: ='التعليم المسرع'!H38+'التعليم المسرع'!I38+'التعليم المسرع'!J38 -> 7 | F8: الاصلية | G8: ='التعليم المسرع'!Q38 -> 0 | K8: الضيف | L8: ='التعليم المسرع'!R38 -> 7
B11: الموقع البيئي للمدرسة | F11: جنس المدرسة | K11: عدد اعضاء الهيئة التعليمية
B12: حضر | C12: ريف | F12: بنون | G12: بنات | H12: مختلط | K12: ذكور | L12: اناث | M12: المجموع
B13: ='التعليم المسرع'!K38 -> 7 | C13: ='التعليم المسرع'!L38 -> 0 | F13: ='التعليم المسرع'!H38 -> 3 | G13: ='التعليم المسرع'!I38 -> 4 | H13: ='التعليم المسرع'!J38 -> 0 | K13: ='التعليم المسرع'!FC38 -> 17 | L13: ='التعليم المسرع'!FD38 -> 19 | M13: =SUM(K13:L13) -> 36
B16: عدد الشعب حسب المرحلة والجنس | J16: عدد اعضاء الهيئة التعليمية حسب العنوان الوظيفي
B17: المرحلة | C17: بنون | D17: بنات | E17: مختلط | F17: المجموع | J17: العنوان | K17: مدير | L17: معاون | M17: معلم | N17: مرشد | O17: مجموع
B18: المرحلة الاولى | C18: ='التعليم المسرع'!CO38 -> 4 | D18: ='التعليم المسرع'!CP38 -> 5 | E18: ='التعليم المسرع'!CQ38 -> 0 | F18: =C18+D18+E18 -> 9
J19: ذكور | K19: ='التعليم المسرع'!EU38 -> 3 | L19: ='التعليم المسرع'!EW38 -> 1 | M19: ='التعليم المسرع'!EY38 -> 13 | N19: ='التعليم المسرع'!FA38 -> 0 | O19: =SUM(K19:N20) -> 17
B20: المرحلة الثانية | C20: ='التعليم المسرع'!CR38 -> 4 | D20: ='التعليم المسرع'!CS38 -> 4 | E20: ='التعليم المسرع'!CT38 -> 0 | F20: =C20+D20+E20 -> 8
J21: اناث | K21: ='التعليم المسرع'!EV38 -> 4 | L21: ='التعليم المسرع'!EX38 -> 1 | M21: ='التعليم المسرع'!EZ38 -> 14 | N21: ='التعليم المسرع'!FB38 -> 0 | O21: =SUM(K21:N22) -> 19
B22: المرحلة الثالثة | C22: ='التعليم المسرع'!CU38 -> 6 | D22: ='التعليم المسرع'!CV38 -> 6 | E22: ='التعليم المسرع'!CW38 -> 0 | F22: =C22+D22+E22 -> 12
J23: المجموع | K23: =K19+K21 -> 7 | L23: =L19+L21 -> 2 | M23: =M19+M21 -> 27 | N23: =N19+N21 -> 0 | O23: =O19+O21 -> 36
B24: المجموع | C24: =SUM(C18:C23) -> 14 | D24: =SUM(D18:D23) -> 15 | E24: =SUM(E18:E23) -> 0 | F24: =C24+D24+E24 -> 29
B26: عدد اعضاء الهيئة التعليمية حسب الشهادة
B27: اعلى شهادة تم الحصول عليها | C27: دور المعلمين والمعلمات | D27: الدراسة الاعدادية | E27: المدارس المهنية | F27: معاهد اعداد المعلمين والمعلمات | G27: جامعية تربوية | H27: جامعية اخرى | I27: اخرى | J27: المجموع
B29: ذكور | C29: ='التعليم المسرع'!FZ38 -> 0 | D29: ='التعليم المسرع'!FX38 -> 0 | E29: ='التعليم المسرع'!GD38 -> 0 | F29: ='التعليم المسرع'!GB38 -> 4 | G29: ='التعليم المسرع'!GH38 -> 11 | H29: ='التعليم المسرع'!GJ38 -> 2 | I29: ='التعليم المسرع'!GL38+'التعليم المسرع'!GF38 -> 0 | J29: =I29+H29+G29+F29+E29+D29+C29 -> 17
B31: اناث | C31: ='التعليم المسرع'!GA38 -> 0 | D31: ='التعليم المسرع'!FY38 -> 1 | E31: ='التعليم المسرع'!GE38 -> 0 | F31: ='التعليم المسرع'!GC38 -> 10 | G31: ='التعليم المسرع'!GI38 -> 5 | H31: ='التعليم المسرع'!GK38 -> 2 | I31: ='التعليم المسرع'!GM38+'التعليم المسرع'!GG38 -> 1 | J31: =I31+H31+G31+F31+E31+D31+C31 -> 19
B33: المجموع | C33: =C29+C31 -> 0 | D33: =D29+D31 -> 1 | E33: =E29+E31 -> 0 | F33: =F29+F31 -> 14 | G33: =G29+G31 -> 16 | H33: =H29+H31 -> 4 | I33: =I29+I31 -> 1 | J33: =I33+H33+G33+F33+E33+D33+C33 -> 36
A36: وزارة التربية
A37: المديرية العامة للتربية في محافظة النجف الاشرف
D39: خلاصة قضاء الكوفة لمدارس التعليم المسرع
B41: العمر | C41: المرحلة الاولى | E41: المرحلة الثانية | G41: المرحلة الثالثة | I41: المجموع الكلي
C42: بنون | D42: بنات | E42: بنون | F42: بنات | G42: بنون | H42: بنات | I42: بنون | J42: بنات | K42: المجموع
B43: 12سنة | C43: ='التعليم المسرع'!Y38 -> 13 | D43: ='التعليم المسرع'!Z38 -> 16 | E43: ='التعليم المسرع'!AP38 -> 5 | F43: ='التعليم المسرع'!AQ38 -> 13 | G43: ='التعليم المسرع'!BG38 -> 10 | H43: ='التعليم المسرع'!BH38 -> 3 | I43: =C43+E43+G43 -> 28 | J43: =D43+F43+H43 -> 32 | K43: =SUM(I43:J43) -> 60
B45: 13سنة | C45: ='التعليم المسرع'!AA38 -> 22 | D45: ='التعليم المسرع'!AB38 -> 11 | E45: ='التعليم المسرع'!AR38 -> 11 | F45: ='التعليم المسرع'!AS38 -> 13 | G45: ='التعليم المسرع'!BI38 -> 7 | H45: ='التعليم المسرع'!BJ38 -> 2 | I45: =C45+E45+G45 -> 40 | J45: =D45+F45+H45 -> 26 | K45: =SUM(I45:J45) -> 66
B47: 14سنة | C47: ='التعليم المسرع'!AC38 -> 21 | D47: ='التعليم المسرع'!AD38 -> 7 | E47: ='التعليم المسرع'!AT38 -> 19 | F47: ='التعليم المسرع'!AU38 -> 17 | G47: ='التعليم المسرع'!BK38 -> 22 | H47: ='التعليم المسرع'!BL38 -> 17 | I47: =C47+E47+G47 -> 62 | J47: =D47+F47+H47 -> 41 | K47: =SUM(I47:J47) -> 103
B49: 15سنة | C49: ='التعليم المسرع'!AE38 -> 22 | D49: ='التعليم المسرع'!AF38 -> 11 | E49: ='التعليم المسرع'!AV38 -> 32 | F49: ='التعليم المسرع'!AW38 -> 13 | G49: ='التعليم المسرع'!BM38 -> 25 | H49: ='التعليم المسرع'!BN38 -> 20 | I49: =C49+E49+G49 -> 79 | J49: =D49+F49+H49 -> 44 | K49: =SUM(I49:J49) -> 123
B51: 16سنة | C51: ='التعليم المسرع'!AG38 -> 12 | D51: ='التعليم المسرع'!AH38 -> 4 | E51: ='التعليم المسرع'!AX38 -> 19 | F51: ='التعليم المسرع'!AY38 -> 18 | G51: ='التعليم المسرع'!BO38 -> 55 | H51: ='التعليم المسرع'!BP38 -> 25 | I51: =C51+E51+G51 -> 86 | J51: =D51+F51+H51 -> 47 | K51: =SUM(I51:J51) -> 133
B53: 17سنة | C53: ='التعليم المسرع'!AI38 -> 7 | D53: ='التعليم المسرع'!AJ38 -> 6 | E53: ='التعليم المسرع'!AZ38 -> 17 | F53: ='التعليم المسرع'!BA38 -> 8 | G53: ='التعليم المسرع'!BQ38 -> 46 | H53: ='التعليم المسرع'!BR38 -> 21 | I53: =C53+E53+G53 -> 70 | J53: =D53+F53+H53 -> 35 | K53: =SUM(I53:J53) -> 105
B55: 18سنة | C55: ='التعليم المسرع'!AK38 -> 6 | D55: ='التعليم المسرع'!AL38 -> 6 | E55: ='التعليم المسرع'!BB38 -> 13 | F55: ='التعليم المسرع'!BC38 -> 11 | G55: ='التعليم المسرع'!BS38 -> 20 | H55: ='التعليم المسرع'!BT38 -> 24 | I55: =C55+E55+G55 -> 39 | J55: =D55+F55+H55 -> 41 | K55: =SUM(I55:J55) -> 80
B57: المجموع | C57: =C43+C45+C47+C49+C51+C53+C55 -> 103 | D57: =D43+D45+D47+D49+D51+D53+D55 -> 61 | E57: =E43+E45+E47+E49+E51+E53+E55 -> 116 | F57: =F43+F45+F47+F49+F51+F53+F55 -> 93 | G57: =G43+G45+G47+G49+G51+G53+G55 -> 185 | H57: =H43+H45+H47+H49+H51+H53+H55 -> 112 | I57: =C57+E57+G57 -> 404 | J57: =D57+F57+H57 -> 266 | K57: =SUM(I57:J57) -> 670
B60: التاركين للعام الدراسي2026/2025 | E60: الناجحون للعام الدراسي 2025/2024 | H60: الراسبون لجميع الاسباب للعام الدراسي 2025/2024 | N60: المجموع
H61: الفشل بألامتحان | J61: تجاوز الغياب | L61: اسباب الاخرى
B62: بنون | C62: بنات | D62: المجموع | E62: بنون | F62: بنات | G62: المجموع | H62: بنون | I62: بنات | J62: بنون | K62: بنات | L62: بنون | M62: بنات | N62: بنون | O62: بنات | P62: المجموع
A64: المرحلة الاولى | B64: ='التعليم المسرع'!DB38 -> 0 | C64: ='التعليم المسرع'!DC38 -> 5 | D64: =C64+B64 -> 5 | E64: ='التعليم المسرع'!DK38 -> 61 | F64: ='التعليم المسرع'!DL38 -> 24 | G64: =F64+E64 -> 85 | H64: ='التعليم المسرع'!DT38 -> 30 | I64: ='التعليم المسرع'!DU38 -> 29 | J64: ='التعليم المسرع'!EC38 -> 32 | K64: ='التعليم المسرع'!ED38 -> 1 | L64: ='التعليم المسرع'!EL38 -> 0 | M64: ='التعليم المسرع'!EM38 -> 0 | N64: =L64+J64+H64 -> 62 | O64: =M64+K64+I64 -> 30 | P64: =O64+N64 -> 92
A66: المرحلة الثانية | B66: ='التعليم المسرع'!DD38 -> 0 | C66: ='التعليم المسرع'!DE38 -> 6 | D66: =C66+B66 -> 6 | E66: ='التعليم المسرع'!DM38 -> 42 | F66: ='التعليم المسرع'!DN38 -> 51 | G66: =F66+E66 -> 93 | H66: ='التعليم المسرع'!DV38 -> 28 | I66: ='التعليم المسرع'!DW38 -> 23 | J66: ='التعليم المسرع'!EE38 -> 9 | K66: ='التعليم المسرع'!EF38 -> 9 | L66: ='التعليم المسرع'!EN38 -> 0 | M66: ='التعليم المسرع'!EO38 -> 0 | N66: =L66+J66+H66 -> 37 | O66: =M66+K66+I66 -> 32 | P66: =O66+N66 -> 69
A68: المرحلة الثالثة | B68: ='التعليم المسرع'!DF38 -> 0 | C68: ='التعليم المسرع'!DG38 -> 15 | D68: =C68+B68 -> 15 | E68: ='التعليم المسرع'!DO38 -> 54 | F68: ='التعليم المسرع'!DP38 -> 46 | G68: =F68+E68 -> 100 | H68: ='التعليم المسرع'!DX38 -> 64 | I68: ='التعليم المسرع'!DY38 -> 70 | J68: ='التعليم المسرع'!EG38 -> 18 | K68: ='التعليم المسرع'!EH38 -> 42 | L68: ='التعليم المسرع'!EP38 -> 0 | M68: ='التعليم المسرع'!EQ38 -> 3 | N68: =L68+J68+H68 -> 82 | O68: =M68+K68+I68 -> 115 | P68: =O68+N68 -> 197

Sheet مركزالكوفة
A1: وزارة التربية
A2: المديرية العامة للتربية في محافظة النجف الاشرف
A3: خلاصة مدارس التعليم المسرع
E4: البيانات الاحصائية لمدارس التعليم المسرع للعام الدراسي 2026/2025
A6: اسم المحافظة | B6: النجف الاشرف | F6: القضاء | G6: الكوفة | K6: الناحية | L6: المركز
A8: عدد المدرسة | B8: ='التعليم المسرع'!K32+'التعليم المسرع'!L32 -> 4 | F8: الاصلية | G8: ='التعليم المسرع'!Q32 -> 0 | K8: الضيف | L8: ='التعليم المسرع'!R32 -> 4
B11: الموقع البيئي للمدرسة | F11: جنس المدرسة | K11: عدد اعضاء الهيئة التعليمية
B12: حضر | C12: ريف | F12: بنون | G12: بنات | H12: مختلط | K12: ذكور | L12: اناث | M12: المجموع
B13: ='التعليم المسرع'!K32 -> 4 | C13: ='التعليم المسرع'!L32 -> 0 | F13: ='التعليم المسرع'!H32 -> 1 | G13: ='التعليم المسرع'!I32 -> 3 | H13: ='التعليم المسرع'!J32 -> 0 | K13: ='التعليم المسرع'!FC32 -> 9 | L13: ='التعليم المسرع'!FD32 -> 11 | M13: =SUM(K13:L13) -> 20
B16: عدد الشعب حسب المرحلة والجنس | I16: عدد اعضاء الهيئة التعليمية حسب العنوان الوظيفي
B17: المرحلة | C17: بنون | D17: بنات | E17: مختلط | F17: المجموع | I17: العنوان | J17: مدير | K17: معاون | L17: معلم | M17: مجموع
B18: المرحلة الاولى | C18: ='التعليم المسرع'!CO32 -> 2 | D18: ='التعليم المسرع'!CP32 -> 4 | E18: ='التعليم المسرع'!CQ32 -> 0 | F18: =C18+D18+E18 -> 6
I19: ذكور | J19: ='التعليم المسرع'!EU32 -> 1 | K19: ='التعليم المسرع'!EW32 -> 1 | L19: ='التعليم المسرع'!EY32 -> 7 | M19: =SUM(J19:L19) -> 9
B20: المرحلة الثانية | C20: ='التعليم المسرع'!CR32 -> 2 | D20: ='التعليم المسرع'!CS32 -> 3 | E20: ='التعليم المسرع'!CT32 -> 0 | F20: =C20+D20+E20 -> 5
I21: اناث | J21: ='التعليم المسرع'!EV32 -> 3 | K21: ='التعليم المسرع'!EX32 -> 1 | L21: ='التعليم المسرع'!EZ32 -> 7 | M21: =SUM(J21:L21) -> 11
B22: المرحلة الثالثة | C22: ='التعليم المسرع'!CU32 -> 2 | D22: ='التعليم المسرع'!CV32 -> 4 | E22: ='التعليم المسرع'!CW32 -> 0 | F22: =C22+D22+E22 -> 6
I23: المجموع | J23: =J19+J21 -> 4 | K23: =K19+K21 -> 2 | L23: =L19+L21 -> 14 | M23: =M19+M21 -> 20
B24: المجموع | C24: =SUM(C18:C23) -> 6 | D24: =SUM(D18:D23) -> 11 | E24: =SUM(E18:E23) -> 0 | F24: =C24+D24+E24 -> 17
B26: عدد اعضاء الهيئة التعليمية حسب الشهادة
B27: اعلى شهادة تم الحصول عليها | C27: دور المعلمين والمعلمات | D27: الدراسة الاعدادية | E27: المدارس المهنية | F27: معاهد اعداد المعلمين والمعلمات | G27: جامعية تربوية | H27: جامعية اخرى | I27: اخرى | J27: المجموع
B29: ذكور | C29: ='التعليم المسرع'!FZ32 -> 0 | D29: ='التعليم المسرع'!FX32 -> 0 | E29: ='التعليم المسرع'!GD32 -> 0 | F29: ='التعليم المسرع'!GB32 -> 2 | G29: ='التعليم المسرع'!GH32 -> 7 | H29: ='التعليم المسرع'!GJ32 -> 0 | I29: ='التعليم المسرع'!GL32+'التعليم المسرع'!GF32 -> 0 | J29: =I29+H29+G29+F29+E29+D29+C29 -> 9
B31: اناث | C31: ='التعليم المسرع'!GA32 -> 0 | D31: ='التعليم المسرع'!FY32 -> 0 | E31: ='التعليم المسرع'!GE32 -> 0 | F31: ='التعليم المسرع'!GC32 -> 3 | G31: ='التعليم المسرع'!GI32 -> 5 | H31: ='التعليم المسرع'!GK32 -> 2 | I31: ='التعليم المسرع'!GM32+'التعليم المسرع'!GG32 -> 1 | J31: =I31+H31+G31+F31+E31+D31+C31 -> 11
B33: المجموع | C33: =C29+C31 -> 0 | D33: =D29+D31 -> 0 | E33: =E29+E31 -> 0 | F33: =F29+F31 -> 5 | G33: =G29+G31 -> 12 | H33: =H29+H31 -> 2 | I33: =I29+I31 -> 1 | J33: =I33+H33+G33+F33+E33+D33+C33 -> 20
A36: وزارة التربية
A37: المديرية العامة للتربية في محافظة النجف الاشرف | L37: مركز الكوفة
D38: خلاصة قضاء الكوفة لمدارس التعليم المسرع
B40: العمر | C40: المرحلة الاولى | E40: المرحلة الثانية | G40: المرحلة الثالثة | I40: المجموع الكلي
C41: بنون | D41: بنات | E41: بنون | F41: بنات | G41: بنون | H41: بنات | I41: بنون | J41: بنات | K41: المجموع
B42: 12سنة | C42: ='التعليم المسرع'!Y32 -> 1 | D42: ='التعليم المسرع'!Z32 -> 14 | E42: ='التعليم المسرع'!AP32 -> 0 | F42: ='التعليم المسرع'!AQ32 -> 9 | G42: ='التعليم المسرع'!BG32 -> 0 | H42: ='التعليم المسرع'!BH32 -> 1 | I42: =C42+E42+G42 -> 1 | J42: =D42+F42+H42 -> 24 | K42: =SUM(I42:J42) -> 25
B44: 13سنة | C44: ='التعليم المسرع'!AA32 -> 9 | D44: ='التعليم المسرع'!AB32 -> 9 | E44: ='التعليم المسرع'!AR32 -> 8 | F44: ='التعليم المسرع'!AS32 -> 11 | G44: ='التعليم المسرع'!BI32 -> 0 | H44: ='التعليم المسرع'!BJ32 -> 1 | I44: =C44+E44+G44 -> 17 | J44: =D44+F44+H44 -> 21 | K44: =SUM(I44:J44) -> 38
B46: 14سنة | C46: ='التعليم المسرع'!AC32 -> 12 | D46: ='التعليم المسرع'!AD32 -> 6 | E46: ='التعليم المسرع'!AT32 -> 6 | F46: ='التعليم المسرع'!AU32 -> 10 | G46: ='التعليم المسرع'!BK32 -> 4 | H46: ='التعليم المسرع'!BL32 -> 15 | I46: =C46+E46+G46 -> 22 | J46: =D46+F46+H46 -> 31 | K46: =SUM(I46:J46) -> 53
B48: 15سنة | C48: ='التعليم المسرع'!AE32 -> 13 | D48: ='التعليم المسرع'!AF32 -> 8 | E48: ='التعليم المسرع'!AV32 -> 14 | F48: ='التعليم المسرع'!AW32 -> 11 | G48: ='التعليم المسرع'!BM32 -> 2 | H48: ='التعليم المسرع'!BN32 -> 17 | I48: =C48+E48+G48 -> 29 | J48: =D48+F48+H48 -> 36 | K48: =SUM(I48:J48) -> 65
B50: 16سنة | C50: ='التعليم المسرع'!AG32 -> 7 | D50: ='التعليم المسرع'!AH32 -> 3 | E50: ='التعليم المسرع'!AX32 -> 12 | F50: ='التعليم المسرع'!AY32 -> 16 | G50: ='التعليم المسرع'!BO32 -> 25 | H50: ='التعليم المسرع'!BP32 -> 17 | I50: =C50+E50+G50 -> 44 | J50: =D50+F50+H50 -> 36 | K50: =SUM(I50:J50) -> 80
B52: 17سنة | C52: ='التعليم المسرع'!AI32 -> 3 | D52: ='التعليم المسرع'!AJ32 -> 2 | E52: ='التعليم المسرع'!AZ32 -> 10 | F52: ='التعليم المسرع'!BA32 -> 7 | G52: ='التعليم المسرع'!BQ32 -> 15 | H52: ='التعليم المسرع'!BR32 -> 17 | I52: =C52+E52+G52 -> 28 | J52: =D52+F52+H52 -> 26 | K52: =SUM(I52:J52) -> 54
B54: 18سنة | C54: ='التعليم المسرع'!AK32 -> 4 | D54: ='التعليم المسرع'!AL32 -> 4 | E54: ='التعليم المسرع'!BB32 -> 7 | F54: ='التعليم المسرع'!BC32 -> 11 | G54: ='التعليم المسرع'!BS32 -> 7 | H54: ='التعليم المسرع'!BT32 -> 12 | I54: =C54+E54+G54 -> 18 | J54: =D54+F54+H54 -> 27 | K54: =SUM(I54:J54) -> 45
B56: المجموع | C56: =C42+C44+C46+C48+C50+C52+C54 -> 49 | D56: =D42+D44+D46+D48+D50+D52+D54 -> 46 | E56: =E42+E44+E46+E48+E50+E52+E54 -> 57 | F56: =F42+F44+F46+F48+F50+F52+F54 -> 75 | G56: =G42+G44+G46+G48+G50+G52+G54 -> 53 | H56: =H42+H44+H46+H48+H50+H52+H54 -> 80 | I56: =C56+E56+G56 -> 159 | J56: =D56+F56+H56 -> 201 | K56: =SUM(I56:J56) -> 360
B59: التاركين للعام الدراسي2026/2025 | E59: الناجحون للعام الدراسي 2025/2024 | H59: الراسبون لجميع الاسباب للعام الدراسي 2025/2024 | N59: المجموع
H60: الفشل بألامتحان | J60: تجاوز الغياب | L60: اسباب الاخرى
B61: بنون | C61: بنات | D61: المجموع | E61: بنون | F61: بنات | G61: المجموع | H61: بنون | I61: بنات | J61: بنون | K61: بنات | L61: بنون | M61: بنات | N61: بنون | O61: بنات | P61: المجموع
A63: المرحلة الاولى | B63: ='التعليم المسرع'!DB32 -> 0 | C63: ='التعليم المسرع'!DC32 -> 5 | D63: =C63+B63 -> 5 | E63: ='التعليم المسرع'!DK32 -> 27 | F63: ='التعليم المسرع'!DL32 -> 14 | G63: =F63+E63 -> 41 | H63: ='التعليم المسرع'!DT32 -> 29 | I63: ='التعليم المسرع'!DU32 -> 29 | J63: ='التعليم المسرع'!EC32 -> 0 | K63: ='التعليم المسرع'!ED32 -> 1 | L63: ='التعليم المسرع'!EL32 -> 0 | M63: ='التعليم المسرع'!EM32 -> 0 | N63: =L63+J63+H63 -> 29 | O63: =M63+K63+I63 -> 30 | P63: =O63+N63 -> 59
A65: المرحلة الثانية | B65: ='التعليم المسرع'!DD32 -> 0 | C65: ='التعليم المسرع'!DE32 -> 4 | D65: =C65+B65 -> 4 | E65: ='التعليم المسرع'!DM32 -> 21 | F65: ='التعليم المسرع'!DN32 -> 27 | G65: =F65+E65 -> 48 | H65: ='التعليم المسرع'!DV32 -> 27 | I65: ='التعليم المسرع'!DW32 -> 20 | J65: ='التعليم المسرع'!EE32 -> 0 | K65: ='التعليم المسرع'!EF32 -> 2 | L65: ='التعليم المسرع'!EN32 -> 0 | M65: ='التعليم المسرع'!EO32 -> 0 | N65: =L65+J65+H65 -> 27 | O65: =M65+K65+I65 -> 22 | P65: =O65+N65 -> 49
A67: المرحلة الثالثة | B67: ='التعليم المسرع'!DF32 -> 0 | C67: ='التعليم المسرع'!DG32 -> 14 | D67: =C67+B67 -> 14 | E67: ='التعليم المسرع'!DO32 -> 37 | F67: ='التعليم المسرع'!DP32 -> 29 | G67: =F67+E67 -> 66 | H67: ='التعليم المسرع'!DX32 -> 31 | I67: ='التعليم المسرع'!DY32 -> 13 | J67: ='التعليم المسرع'!EG32 -> 0 | K67: ='التعليم المسرع'!EH32 -> 29 | L67: ='التعليم المسرع'!EP32 -> 0 | M67: ='التعليم المسرع'!EQ32 -> 0 | N67: =L67+J67+H67 -> 31 | O67: =M67+K67+I67 -> 42 | P67: =O67+N67 -> 73

Sheet العباسية
A1: وزارة التربية
A2: المديرية العامة للتربية في محافظة النجف الاشرف
A3: خلاصة مدارس التعليم المسرع
E4: البيانات الاحصائية لمدارس التعليم المسرع للعام الدراسي 2026/2025
A6: اسم المحافظة | B6: النجف الاشرف | F6: القضاء | G6: الكوفة | K6: الناحية | L6: العباسية
A8: عدد المدرسة | B8: ='التعليم المسرع'!K35+'التعليم المسرع'!L35 -> 2 | F8: الاصلية | G8: ='التعليم المسرع'!Q35 -> 0 | K8: الضيف | L8: ='التعليم المسرع'!R35 -> 2
B11: الموقع البيئي للمدرسة | F11: جنس المدرسة | K11: عدد اعضاء الهيئة التعليمية
B12: حضر | C12: ريف | F12: بنون | G12: بنات | H12: مختلط | K12: ذكور | L12: اناث | M12: المجموع
B13: ='التعليم المسرع'!K35 -> 2 | C13: ='التعليم المسرع'!L35 -> 0 | F13: ='التعليم المسرع'!H35 -> 1 | G13: ='التعليم المسرع'!I35 -> 1 | H13: ='التعليم المسرع'!J35 -> 0 | K13: ='التعليم المسرع'!FC35 -> 3 | L13: ='التعليم المسرع'!FD35 -> 8 | M13: =SUM(K13:L13) -> 11
B16: عدد الشعب حسب المرحلة والجنس | J16: عدد اعضاء الهيئة التعليمية حسب العنوان الوظيفي
B17: المرحلة | C17: بنون | D17: بنات | E17: مختلط | F17: المجموع | J17: العنوان | K17: مدير | L17: معاون | M17: معلم | N17: مجموع
B18: المرحلة الاولى | C18: ='التعليم المسرع'!CO35 -> 2 | D18: ='التعليم المسرع'!CP35 -> 1 | E18: ='التعليم المسرع'!CQ35 -> 0 | F18: =C18+D18+E18 -> 3
J19: ذكور | K19: ='التعليم المسرع'!EU35 -> 1 | L19: ='التعليم المسرع'!EW35 -> 0 | M19: ='التعليم المسرع'!EY35 -> 2 | N19: =SUM(K19:M19) -> 3
B20: المرحلة الثانية | C20: ='التعليم المسرع'!CR35 -> 1 | D20: ='التعليم المسرع'!CS35 -> 1 | E20: ='التعليم المسرع'!CT35 -> 0 | F20: =C20+D20+E20 -> 2
J21: اناث | K21: ='التعليم المسرع'!EV35 -> 1 | L21: ='التعليم المسرع'!EX35 -> 0 | M21: ='التعليم المسرع'!EZ35 -> 7 | N21: =SUM(K21:M21) -> 8
B22: المرحلة الثالثة | C22: ='التعليم المسرع'!CU35 -> 2 | D22: ='التعليم المسرع'!CV35 -> 2 | E22: ='التعليم المسرع'!CW35 -> 0 | F22: =C22+D22+E22 -> 4
J23: المجموع | K23: =K19+K21 -> 2 | L23: =L19+L21 -> 0 | M23: =M19+M21 -> 9 | N23: =N19+N21 -> 11
B24: المجموع | C24: =SUM(C18:C23) -> 5 | D24: =SUM(D18:D23) -> 4 | E24: =SUM(E18:E23) -> 0 | F24: =C24+D24+E24 -> 9
B27: عدد اعضاء الهيئة التعليمية حسب الشهادة
B28: اعلى شهادة تم الحصول عليها | C28: دور المعلمين والمعلمات | D28: الدراسة الاعدادية | E28: المدارس المهنية | F28: معاهد اعداد المعلمين والمعلمات | G28: جامعية تربوية | H28: جامعية اخرى | I28: اخرى | J28: المجموع
B30: ذكور | C30: ='التعليم المسرع'!FZ35 -> 0 | D30: ='التعليم المسرع'!FX35 -> 0 | E30: ='التعليم المسرع'!GD35 -> 0 | F30: ='التعليم المسرع'!GB35 -> 1 | G30: ='التعليم المسرع'!GH35 -> 0 | H30: ='التعليم المسرع'!GJ35 -> 2 | I30: ='التعليم المسرع'!GL35 -> 0 | J30: =I30+H30+G30+F30+E30+D30+C30 -> 3
B32: اناث | C32: ='التعليم المسرع'!GA35 -> 0 | D32: ='التعليم المسرع'!FY35 -> 1 | E32: ='التعليم المسرع'!GE35 -> 0 | F32: ='التعليم المسرع'!GC35 -> 7 | G32: ='التعليم المسرع'!GI35 -> 0 | H32: ='التعليم المسرع'!GK35 -> 0 | I32: ='التعليم المسرع'!GM35 -> 0 | J32: =I32+H32+G32+F32+E32+D32+C32 -> 8
B34: المجموع | C34: =C30+C32 -> 0 | D34: =D30+D32 -> 1 | E34: =E30+E32 -> 0 | F34: =F30+F32 -> 8 | G34: =G30+G32 -> 0 | H34: =H30+H32 -> 2 | I34: =I30+I32 -> 0 | J34: =I34+H34+G34+F34+E34+D34+C34 -> 11
A37: وزارة التربية | J37: ناحية العباسية
A38: المديرية العامة للتربية في محافظة النجف الاشرف
D39: خلاصة قضاء الكوفة لمدارس التعليم المسرع
B41: العمر | C41: المرحلة الاولى | E41: المرحلة الثانية | G41: المرحلة الثالثة | I41: المجموع الكلي
C42: بنون | D42: بنات | E42: بنون | F42: بنات | G42: بنون | H42: بنات | I42: بنون | J42: بنات | K42: المجموع
B43: 12سنة | C43: ='التعليم المسرع'!Y35 -> 12 | D43: ='التعليم المسرع'!Z35 -> 2 | E43: ='التعليم المسرع'!AP35 -> 4 | F43: ='التعليم المسرع'!AQ35 -> 4 | G43: ='التعليم المسرع'!BG35 -> 10 | H43: ='التعليم المسرع'!BH35 -> 2 | I43: =C43+E43+G43 -> 26 | J43: =D43+F43+H43 -> 8 | K43: =SUM(I43:J43) -> 34
B45: 13سنة | C45: ='التعليم المسرع'!AA35 -> 13 | D45: ='التعليم المسرع'!AB35 -> 2 | E45: ='التعليم المسرع'!AR35 -> 2 | F45: ='التعليم المسرع'!AS35 -> 2 | G45: ='التعليم المسرع'!BI35 -> 5 | H45: ='التعليم المسرع'!BJ35 -> 1 | I45: =C45+E45+G45 -> 20 | J45: =D45+F45+H45 -> 5 | K45: =SUM(I45:J45) -> 25
B47: 14سنة | C47: ='التعليم المسرع'!AC35 -> 9 | D47: ='التعليم المسرع'!AD35 -> 1 | E47: ='التعليم المسرع'!AT35 -> 6 | F47: ='التعليم المسرع'!AU35 -> 7 | G47: ='التعليم المسرع'!BK35 -> 4 | H47: ='التعليم المسرع'!BL35 -> 2 | I47: =C47+E47+G47 -> 19 | J47: =D47+F47+H47 -> 10 | K47: =SUM(I47:J47) -> 29
B49: 15سنة | C49: ='التعليم المسرع'!AE35 -> 9 | D49: ='التعليم المسرع'!AF35 -> 3 | E49: ='التعليم المسرع'!AV35 -> 11 | F49: ='التعليم المسرع'!AW35 -> 2 | G49: ='التعليم المسرع'!BM35 -> 14 | H49: ='التعليم المسرع'!BN35 -> 3 | I49: =C49+E49+G49 -> 34 | J49: =D49+F49+H49 -> 8 | K49: =SUM(I49:J49) -> 42
B51: 16سنة | C51: ='التعليم المسرع'!AG35 -> 5 | D51: ='التعليم المسرع'!AH35 -> 1 | E51: ='التعليم المسرع'!AX35 -> 5 | F51: ='التعليم المسرع'!AY35 -> 2 | G51: ='التعليم المسرع'!BO35 -> 10 | H51: ='التعليم المسرع'!BP35 -> 8 | I51: =C51+E51+G51 -> 20 | J51: =D51+F51+H51 -> 11 | K51: =SUM(I51:J51) -> 31
B53: 17سنة | C53: ='التعليم المسرع'!AI35 -> 4 | D53: ='التعليم المسرع'!AJ35 -> 4 | E53: ='التعليم المسرع'!AZ35 -> 7 | F53: ='التعليم المسرع'!BA35 -> 1 | G53: ='التعليم المسرع'!BQ35 -> 23 | H53: ='التعليم المسرع'!BR35 -> 4 | I53: =C53+E53+G53 -> 34 | J53: =D53+F53+H53 -> 9 | K53: =SUM(I53:J53) -> 43
B55: 18سنة | C55: ='التعليم المسرع'!AK35 -> 2 | D55: ='التعليم المسرع'!AL35 -> 2 | E55: ='التعليم المسرع'!BB35 -> 5 | F55: ='التعليم المسرع'!BC35 -> 0 | G55: ='التعليم المسرع'!BS35 -> 13 | H55: ='التعليم المسرع'!BT35 -> 12 | I55: =C55+E55+G55 -> 20 | J55: =D55+F55+H55 -> 14 | K55: =SUM(I55:J55) -> 34
B57: المجموع | C57: =C43+C45+C47+C49+C51+C53+C55 -> 54 | D57: =D43+D45+D47+D49+D51+D53+D55 -> 15 | E57: =E43+E45+E47+E49+E51+E53+E55 -> 40 | F57: =F43+F45+F47+F49+F51+F53+F55 -> 18 | G57: =G43+G45+G47+G49+G51+G53+G55 -> 79 | H57: =H43+H45+H47+H49+H51+H53+H55 -> 32 | I57: =C57+E57+G57 -> 173 | J57: =D57+F57+H57 -> 65 | K57: =SUM(I57:J57) -> 238
B61: التاركين للعام الدراسي2026/2025 | E61: الناجحون للعام الدراسي 2025/2024 | H61: الراسبون لجميع الاسباب للعام الدراسي 2025/2024 | N61: المجموع
H62: الفشل بألامتحان | J62: تجاوز الغياب | L62: اسباب الاخرى
B63: بنون | C63: بنات | D63: المجموع | E63: بنون | F63: بنات | G63: المجموع | H63: بنون | I63: بنات | J63: بنون | K63: بنات | L63: بنون | M63: بنات | N63: بنون | O63: بنات | P63: المجموع
A65: المرحلة الاولى | B65: ='التعليم المسرع'!DB35 -> 0 | C65: ='التعليم المسرع'!DC35 -> 0 | D65: =C65+B65 -> 0 | E65: ='التعليم المسرع'!DK35 -> 34 | F65: ='التعليم المسرع'!DL35 -> 10 | G65: =F65+E65 -> 44 | H65: ='التعليم المسرع'!DT35 -> 1 | I65: ='التعليم المسرع'!DU35 -> 0 | J65: ='التعليم المسرع'!EC35 -> 32 | K65: ='التعليم المسرع'!ED35 -> 0 | L65: ='التعليم المسرع'!EL35 -> 0 | M65: ='التعليم المسرع'!EM35 -> 0 | N65: =L65+J65+H65 -> 33 | O65: =M65+K65+I65 -> 0 | P65: =O65+N65 -> 33
A67: المرحلة الثانية | B67: ='التعليم المسرع'!DD35 -> 0 | C67: ='التعليم المسرع'!DE35 -> 2 | D67: =C67+B67 -> 2 | E67: ='التعليم المسرع'!DM35 -> 21 | F67: ='التعليم المسرع'!DN35 -> 10 | G67: =F67+E67 -> 31 | H67: ='التعليم المسرع'!DV35 -> 1 | I67: ='التعليم المسرع'!DW35 -> 0 | J67: ='التعليم المسرع'!EE35 -> 9 | K67: ='التعليم المسرع'!EF35 -> 0 | L67: ='التعليم المسرع'!EN35 -> 0 | M67: ='التعليم المسرع'!EO35 -> 0 | N67: =L67+J67+H67 -> 10 | O67: =M67+K67+I67 -> 0 | P67: =O67+N67 -> 10
A69: المرحلة الثالثة | B69: ='التعليم المسرع'!DF35 -> 0 | C69: ='التعليم المسرع'!DG35 -> 1 | D69: =C69+B69 -> 1 | E69: ='التعليم المسرع'!DO35 -> 17 | F69: ='التعليم المسرع'!DP35 -> 13 | G69: =F69+E69 -> 30 | H69: ='التعليم المسرع'!DX35 -> 33 | I69: ='التعليم المسرع'!DY35 -> 3 | J69: ='التعليم المسرع'!EG35 -> 18 | K69: ='التعليم المسرع'!EH35 -> 3 | L69: ='التعليم المسرع'!EP35 -> 0 | M69: ='التعليم المسرع'!EQ35 -> 3 | N69: =L69+J69+H69 -> 51 | O69: =M69+K69+I69 -> 9 | P69: =O69+N69 -> 60

Sheet الحرية
A1: وزارة التربية
A2: المديرية العامة للتربية في محافظة النجف الاشرف
A3: خلاصة مدارس التعليم المسرع
E4: البيانات الاحصائية لمدارس التعليم المسرع للعام الدراسي 2026/2025
A6: اسم المحافظة | B6: النجف الاشرف | F6: القضاء | G6: الكوفة | K6: الناحية | L6: الحرية
A8: عدد المدرسة | B8: ='التعليم المسرع'!K37+'التعليم المسرع'!L37 -> 1 | F8: الاصلية | G8: ='التعليم المسرع'!Q37 -> 0 | K8: الضيف | L8: ='التعليم المسرع'!R37 -> 1
B11: الموقع البيئي للمدرسة | F11: جنس المدرسة | K11: عدد اعضاء الهيئة التعليمية
B12: حضر | C12: ريف | F12: بنون | G12: بنات | H12: مختلط | K12: ذكور | L12: اناث | M12: المجموع
B13: ='التعليم المسرع'!K37 -> 1 | C13: ='التعليم المسرع'!L37 -> 0 | F13: ='التعليم المسرع'!H37 -> 1 | G13: ='التعليم المسرع'!I37 -> 0 | H13: ='التعليم المسرع'!J37 -> 0 | K13: ='التعليم المسرع'!FC37 -> 5 | L13: ='التعليم المسرع'!FD37 -> 0 | M13: =SUM(K13:L13) -> 5
B16: عدد الشعب حسب المرحلة والجنس | I16: عدد اعضاء الهيئة التعليمية حسب العنوان الوظيفي
B17: المرحلة | C17: بنون | D17: بنات | E17: مختلط | F17: المجموع | I17: العنوان | J17: مدير | K17: معاون | L17: معلم | M17: مجموع
B18: المرحلة الاولى | C18: ='التعليم المسرع'!CO37 -> 0 | D18: ='التعليم المسرع'!CP37 -> 0 | E18: ='التعليم المسرع'!CQ37 -> 0 | F18: =C18+D18+E18 -> 0
I19: ذكور | J19: ='التعليم المسرع'!EU37 -> 1 | K19: ='التعليم المسرع'!EW37 -> 0 | L19: ='التعليم المسرع'!EY37 -> 4 | M19: =SUM(J19:L19) -> 5
B20: المرحلة الثانية | C20: ='التعليم المسرع'!CR37 -> 1 | D20: ='التعليم المسرع'!CS37 -> 0 | E20: ='التعليم المسرع'!CT37 -> 0 | F20: =C20+D20+E20 -> 1
I21: اناث | J21: ='التعليم المسرع'!EV37 -> 0 | K21: ='التعليم المسرع'!EX37 -> 0 | L21: ='التعليم المسرع'!EZ37 -> 0 | M21: =SUM(J21:L21) -> 0
B22: المرحلة الثالثة | C22: ='التعليم المسرع'!CU37 -> 2 | D22: ='التعليم المسرع'!CV37 -> 0 | E22: ='التعليم المسرع'!CW37 -> 0 | F22: =C22+D22+E22 -> 2
I23: المجموع | J23: =J19+J21 -> 1 | K23: =K19+K21 -> 0 | L23: =L19+L21 -> 4 | M23: =M19+M21 -> 5
B24: المجموع | C24: =SUM(C18:C23) -> 3 | D24: =SUM(D18:D23) -> 0 | E24: =SUM(E18:E23) -> 0 | F24: =C24+D24+E24 -> 3
B27: عدد اعضاء الهيئة التعليمية حسب الشهادة
B28: اعلى شهادة تم الحصول عليها | C28: دور المعلمين والمعلمات | D28: الدراسة الاعدادية | E28: المدارس المهنية | F28: معاهد اعداد المعلمين والمعلمات | G28: جامعية تربوية | H28: جامعية اخرى | I28: اخرى | J28: المجموع
B30: ذكور | C30: ='التعليم المسرع'!FZ37 -> 0 | D30: ='التعليم المسرع'!FX37 -> 0 | E30: ='التعليم المسرع'!GD37 -> 0 | F30: ='التعليم المسرع'!GB37 -> 1 | G30: ='التعليم المسرع'!GH37 -> 4 | H30: ='التعليم المسرع'!GJ37 -> 0 | I30: ='التعليم المسرع'!GL37 -> 0 | J30: =I30+H30+G30+F30+E30+D30+C30 -> 5
B32: اناث | C32: ='التعليم المسرع'!GA37 -> 0 | D32: ='التعليم المسرع'!FY37 -> 0 | E32: ='التعليم المسرع'!GE37 -> 0 | F32: ='التعليم المسرع'!GC37 -> 0 | G32: ='التعليم المسرع'!GI37 -> 0 | H32: ='التعليم المسرع'!GK37 -> 0 | I32: ='التعليم المسرع'!GM37 -> 0 | J32: =I32+H32+G32+F32+E32+D32+C32 -> 0
B34: المجموع | C34: =C30+C32 -> 0 | D34: =D30+D32 -> 0 | E34: =E30+E32 -> 0 | F34: =F30+F32 -> 1 | G34: =G30+G32 -> 4 | H34: =H30+H32 -> 0 | I34: =I30+I32 -> 0 | J34: =I34+H34+G34+F34+E34+D34+C34 -> 5
A37: وزارة التربية
A38: المديرية العامة للتربية في محافظة النجف الاشرف | K38: ناحية الحرية
D39: خلاصة قضاء الكوفة لمدارس التعليم المسرع
B41: العمر | C41: المرحلة الاولى | E41: المرحلة الثانية | G41: المرحلة الثالثة | I41: المجموع الكلي
C42: بنون | D42: بنات | E42: بنون | F42: بنات | G42: بنون | H42: بنات | I42: بنون | J42: بنات | K42: المجموع
B43: 12سنة | C43: ='التعليم المسرع'!Y37 -> 0 | D43: ='التعليم المسرع'!Z37 -> 0 | E43: ='التعليم المسرع'!AP37 -> 1 | F43: ='التعليم المسرع'!AQ37 -> 0 | G43: ='التعليم المسرع'!BG37 -> 0 | H43: ='التعليم المسرع'!BH37 -> 0 | I43: =C43+E43+G43 -> 1 | J43: =D43+F43+H43 -> 0 | K43: =SUM(I43:J43) -> 1
B45: 13سنة | C45: ='التعليم المسرع'!AA37 -> 0 | D45: ='التعليم المسرع'!AB37 -> 0 | E45: ='التعليم المسرع'!AR37 -> 1 | F45: ='التعليم المسرع'!AS37 -> 0 | G45: ='التعليم المسرع'!BI37 -> 2 | H45: ='التعليم المسرع'!BJ37 -> 0 | I45: =C45+E45+G45 -> 3 | J45: =D45+F45+H45 -> 0 | K45: =SUM(I45:J45) -> 3
B47: 14سنة | C47: ='التعليم المسرع'!AC37 -> 0 | D47: ='التعليم المسرع'!AD37 -> 0 | E47: ='التعليم المسرع'!AT37 -> 7 | F47: ='التعليم المسرع'!AU37 -> 0 | G47: ='التعليم المسرع'!BK37 -> 14 | H47: ='التعليم المسرع'!BL37 -> 0 | I47: =C47+E47+G47 -> 21 | J47: =D47+F47+H47 -> 0 | K47: =SUM(I47:J47) -> 21
B49: 15سنة | C49: ='التعليم المسرع'!AE37 -> 0 | D49: ='التعليم المسرع'!AF37 -> 0 | E49: ='التعليم المسرع'!AV37 -> 7 | F49: ='التعليم المسرع'!AW37 -> 0 | G49: ='التعليم المسرع'!BM37 -> 9 | H49: ='التعليم المسرع'!BN37 -> 0 | I49: =C49+E49+G49 -> 16 | J49: =D49+F49+H49 -> 0 | K49: =SUM(I49:J49) -> 16
B51: 16سنة | C51: ='التعليم المسرع'!AG37 -> 0 | D51: ='التعليم المسرع'!AH37 -> 0 | E51: ='التعليم المسرع'!AX37 -> 2 | F51: ='التعليم المسرع'!AY37 -> 0 | G51: ='التعليم المسرع'!BO37 -> 20 | H51: ='التعليم المسرع'!BP37 -> 0 | I51: =C51+E51+G51 -> 22 | J51: =D51+F51+H51 -> 0 | K51: =SUM(I51:J51) -> 22
B53: 17سنة | C53: ='التعليم المسرع'!AI37 -> 0 | D53: ='التعليم المسرع'!AJ37 -> 0 | E53: ='التعليم المسرع'!AZ37 -> 0 | F53: ='التعليم المسرع'!BA37 -> 0 | G53: ='التعليم المسرع'!BQ37 -> 8 | H53: ='التعليم المسرع'!BR37 -> 0 | I53: =C53+E53+G53 -> 8 | J53: =D53+F53+H53 -> 0 | K53: =SUM(I53:J53) -> 8
B55: 18سنة | C55: ='التعليم المسرع'!AK37 -> 0 | D55: ='التعليم المسرع'!AL37 -> 0 | E55: ='التعليم المسرع'!BB37 -> 1 | F55: ='التعليم المسرع'!BC37 -> 0 | G55: ='التعليم المسرع'!BS37 -> 0 | H55: ='التعليم المسرع'!BT37 -> 0 | I55: =C55+E55+G55 -> 1 | J55: =D55+F55+H55 -> 0 | K55: =SUM(I55:J55) -> 1
B57: المجموع | C57: =C43+C45+C47+C49+C51+C53+C55 -> 0 | D57: =D43+D45+D47+D49+D51+D53+D55 -> 0 | E57: =E43+E45+E47+E49+E51+E53+E55 -> 19 | F57: =F43+F45+F47+F49+F51+F53+F55 -> 0 | G57: =G43+G45+G47+G49+G51+G53+G55 -> 53 | H57: =H43+H45+H47+H49+H51+H53+H55 -> 0 | I57: =C57+E57+G57 -> 72 | J57: =D57+F57+H57 -> 0 | K57: =SUM(I57:J57) -> 72
B61: التاركين للعام الدراسي2026/2025 | E61: الناجحون للعام الدراسي 2025/2024 | H61: الراسبون لجميع الاسباب للعام الدراسي 2025/2024 | N61: المجموع
H62: الفشل بألامتحان | J62: تجاوز الغياب | L62: اسباب الاخرى
B63: بنون | C63: بنات | D63: المجموع | E63: بنون | F63: بنات | G63: المجموع | H63: بنون | I63: بنات | J63: بنون | K63: بنات | L63: بنون | M63: بنات | N63: بنون | O63: بنات | P63: المجموع
A65: المرحلة الاولى | B65: ='التعليم المسرع'!DB37 -> 0 | C65: ='التعليم المسرع'!DC37 -> 0 | D65: =C65+B65 -> 0 | E65: ='التعليم المسرع'!DK37 -> 0 | F65: ='التعليم المسرع'!DL37 -> 0 | G65: =F65+E65 -> 0 | H65: ='التعليم المسرع'!DT37 -> 0 | I65: ='التعليم المسرع'!DU37 -> 0 | J65: ='التعليم المسرع'!EC37 -> 0 | K65: ='التعليم المسرع'!ED37 -> 0 | L65: ='التعليم المسرع'!EL37 -> 0 | M65: ='التعليم المسرع'!EM37 -> 0 | N65: =L65+J65+H65 -> 0 | O65: =M65+K65+I65 -> 0 | P65: =O65+N65 -> 0
A67: المرحلة الثانية | B67: ='التعليم المسرع'!DD37 -> 0 | C67: ='التعليم المسرع'!DE37 -> 0 | D67: =C67+B67 -> 0 | E67: ='التعليم المسرع'!DM37 -> 0 | F67: ='التعليم المسرع'!DN37 -> 14 | G67: =F67+E67 -> 14 | H67: ='التعليم المسرع'!DV37 -> 0 | I67: ='التعليم المسرع'!DW37 -> 3 | J67: ='التعليم المسرع'!EE37 -> 0 | K67: ='التعليم المسرع'!EF37 -> 7 | L67: ='التعليم المسرع'!EN37 -> 0 | M67: ='التعليم المسرع'!EO37 -> 0 | N67: =L67+J67+H67 -> 0 | O67: =M67+K67+I67 -> 10 | P67: =O67+N67 -> 10
A69: المرحلة الثالثة | B69: ='التعليم المسرع'!DF37 -> 0 | C69: ='التعليم المسرع'!DG37 -> 0 | D69: =C69+B69 -> 0 | E69: ='التعليم المسرع'!DO37 -> 0 | F69: ='التعليم المسرع'!DP37 -> 4 | G69: =F69+E69 -> 4 | H69: ='التعليم المسرع'!DX37 -> 0 | I69: ='التعليم المسرع'!DY37 -> 54 | J69: ='التعليم المسرع'!EG37 -> 0 | K69: ='التعليم المسرع'!EH37 -> 10 | L69: ='التعليم المسرع'!EP37 -> 0 | M69: ='التعليم المسرع'!EQ37 -> 0 | N69: =L69+J69+H69 -> 0 | O69: =M69+K69+I69 -> 64 | P69: =O69+N69 -> 64

Sheet قضاء المناذرة
A1: وزارة التربية
A2: المديرية العامة للتربية في محافظة النجف الاشرف
C3: خلاصة قضاء المناذرة لمدارس التعليم المسرع
E5: البيانات الاحصائية لمدارس التعليم المسرع للعام الدراسي 2026/2025
A7: اسم المحافظة | B7: محافظة النجف الاشرف | F7: القضاء | G7: المناذرة | K7: الناحية | L7: مركزالمناذرة / الحيرة
A9: عدد المدرسة | B9: ='التعليم المسرع'!K44+'التعليم المسرع'!L44 -> 2 | F9: الاصلية | G9: ='التعليم المسرع'!Q44 -> 0 | K9: الضيف | L9: ='التعليم المسرع'!R44 -> 2
B12: الموقع البيئي للمدرسة | F12: جنس المدرسة | K12: عدد اعضاء الهيئة التعليمية
B13: حضر | C13: ريف | F13: بنون | G13: بنات | H13: مختلط | K13: ذكور | L13: اناث | M13: المجموع
B14: ='التعليم المسرع'!K44 -> 2 | C14: ='التعليم المسرع'!L44 -> 0 | F14: ='التعليم المسرع'!H44 -> 1 | G14: ='التعليم المسرع'!I44 -> 1 | H14: ='التعليم المسرع'!J44 -> 0 | K14: ='التعليم المسرع'!FC44 -> 8 | L14: ='التعليم المسرع'!FD44 -> 1 | M14: =SUM(K14:L14) -> 9
B17: عدد الشعب حسب المرحلة والجنس | I17: عدد اعضاء الهيئة التعليمية حسب العنوان الوظيفي
B18: المرحلة | C18: بنون | D18: بنات | E18: مختلط | F18: المجموع | I18: العنوان | J18: مدير | K18: معاون | L18: معلم | M18: مرشد | N18: مجموع
B19: المرحلة الاولى | C19: ='التعليم المسرع'!CO44 -> 1 | D19: ='التعليم المسرع'!CP44 -> 1 | E19: ='التعليم المسرع'!CQ44 -> 0 | F19: =C19+D19+E19 -> 2
I20: ذكور | J20: ='التعليم المسرع'!EU44 -> 1 | K20: ='التعليم المسرع'!EW44 -> 1 | L20: ='التعليم المسرع'!EY44 -> 6 | M20: ='التعليم المسرع'!FA44 -> 0 | N20: =SUM(J20:M21) -> 8
B21: المرحلة الثانية | C21: ='التعليم المسرع'!CR44 -> 2 | D21: ='التعليم المسرع'!CS44 -> 1 | E21: ='التعليم المسرع'!CT44 -> 0 | F21: =C21+D21+E21 -> 3
I22: اناث | J22: ='التعليم المسرع'!EV44 -> 1 | K22: ='التعليم المسرع'!EX44 -> 0 | L22: ='التعليم المسرع'!EZ44 -> 0 | M22: ='التعليم المسرع'!FB44 -> 0 | N22: =SUM(J22:M23) -> 1
B23: المرحلة الثالثة | C23: ='التعليم المسرع'!CU44 -> 1 | D23: ='التعليم المسرع'!CV44 -> 2 | E23: ='التعليم المسرع'!CW44 -> 0 | F23: =C23+D23+E23 -> 3
I24: المجموع | J24: =J20+J22 -> 2 | L24: =L20+L22 -> 6 | M24: =M20+M22 -> 0 | N24: =N20+N22 -> 9
B25: المجموع | C25: =SUM(C19:C24) -> 4 | D25: =SUM(D19:D24) -> 4 | E25: =SUM(E19:E24) -> 0 | F25: =C25+D25+E25 -> 8
B28: عدد اعضاء الهيئة التعليمية حسب الشهادة
B29: اعلى شهادة تم الحصول عليها | C29: دور المعلمين والمعلمات | D29: الدراسة الاعدادية | E29: المدارس المهنية | F29: معاهد اعداد المعلمين والمعلمات | G29: جامعية تربوية | H29: جامعية اخرى | I29: اخرى | J29: المجموع
B31: ذكور | C31: ='التعليم المسرع'!FZ44 -> 0 | D31: ='التعليم المسرع'!FX44 -> 0 | E31: ='التعليم المسرع'!GD44 -> 0 | F31: ='التعليم المسرع'!GB44 -> 2 | G31: ='التعليم المسرع'!GH44 -> 6 | H31: ='التعليم المسرع'!GJ44 -> 0 | I31: ='التعليم المسرع'!GL44 -> 0 | J31: =I31+H31+G31+F31+E31+D31+C31 -> 8
B33: اناث | C33: ='التعليم المسرع'!GA44 -> 0 | D33: ='التعليم المسرع'!FY44 -> 0 | E33: ='التعليم المسرع'!GE44 -> 0 | F33: ='التعليم المسرع'!GC44 -> 1 | G33: ='التعليم المسرع'!GI44 -> 0 | H33: ='التعليم المسرع'!GK44 -> 0 | I33: ='التعليم المسرع'!GM44 -> 0 | J33: =I33+H33+G33+F33+E33+D33+C33 -> 1
B35: المجموع | C35: =C31+C33 -> 0 | D35: =D31+D33 -> 0 | E35: =E31+E33 -> 0 | F35: =F31+F33 -> 3 | G35: =G31+G33 -> 6 | H35: =H31+H33 -> 0 | I35: =I31+I33 -> 0 | J35: =I35+H35+G35+F35+E35+D35+C35 -> 9
A38: وزارة التربية
A39: المديرية العامة للتربية في محافظة النجف الاشرف
E41: خلاصة قضاء المناذرة لمدارس التعليم المسرع
B43: العمر | C43: المرحلة الاولى | E43: المرحلة الثانية | G43: المرحلة الثالثة | I43: المجموع الكلي
C44: بنون | D44: بنات | E44: بنون | F44: بنات | G44: بنون | H44: بنات | I44: بنون | J44: بنات | K44: المجموع
B45: 12سنة | C45: ='التعليم المسرع'!Y44 -> 6 | D45: ='التعليم المسرع'!Z44 -> 7 | E45: ='التعليم المسرع'!AP44 -> 2 | F45: ='التعليم المسرع'!AQ44 -> 5 | G45: ='التعليم المسرع'!BG44 -> 1 | H45: ='التعليم المسرع'!BH44 -> 2 | I45: =C45+E45+G45 -> 9 | J45: =D45+F45+H45 -> 14 | K45: =SUM(I45:J45) -> 23
B47: 13سنة | C47: ='التعليم المسرع'!AA44 -> 12 | D47: ='التعليم المسرع'!AB44 -> 1 | E47: ='التعليم المسرع'!AR44 -> 4 | F47: ='التعليم المسرع'!AS44 -> 4 | G47: ='التعليم المسرع'!BI44 -> 2 | H47: ='التعليم المسرع'!BJ44 -> 0 | I47: =C47+E47+G47 -> 18 | J47: =D47+F47+H47 -> 5 | K47: =SUM(I47:J47) -> 23
B49: 14سنة | C49: ='التعليم المسرع'!AC44 -> 6 | D49: ='التعليم المسرع'!AD44 -> 8 | E49: ='التعليم المسرع'!AT44 -> 11 | F49: ='التعليم المسرع'!AU44 -> 3 | G49: ='التعليم المسرع'!BK44 -> 1 | H49: ='التعليم المسرع'!BL44 -> 5 | I49: =C49+E49+G49 -> 18 | J49: =D49+F49+H49 -> 16 | K49: =SUM(I49:J49) -> 34
B51: 15سنة | C51: ='التعليم المسرع'!AE44 -> 4 | D51: ='التعليم المسرع'!AF44 -> 3 | E51: ='التعليم المسرع'!AV44 -> 18 | F51: ='التعليم المسرع'!AW44 -> 6 | G51: ='التعليم المسرع'!BM44 -> 6 | H51: ='التعليم المسرع'!BN44 -> 7 | I51: =C51+E51+G51 -> 28 | J51: =D51+F51+H51 -> 16 | K51: =SUM(I51:J51) -> 44
B53: 16سنة | C53: ='التعليم المسرع'!AG44 -> 6 | D53: ='التعليم المسرع'!AH44 -> 0 | E53: ='التعليم المسرع'!AX44 -> 10 | F53: ='التعليم المسرع'!AY44 -> 5 | G53: ='التعليم المسرع'!BO44 -> 9 | H53: ='التعليم المسرع'!BP44 -> 9 | I53: =C53+E53+G53 -> 25 | J53: =D53+F53+H53 -> 14 | K53: =SUM(I53:J53) -> 39
B55: 17سنة | C55: ='التعليم المسرع'!AI44 -> 1 | D55: ='التعليم المسرع'!AJ44 -> 4 | E55: ='التعليم المسرع'!AZ44 -> 6 | F55: ='التعليم المسرع'!BA44 -> 2 | G55: ='التعليم المسرع'!BQ44 -> 7 | H55: ='التعليم المسرع'!BR44 -> 8 | I55: =C55+E55+G55 -> 14 | J55: =D55+F55+H55 -> 14 | K55: =SUM(I55:J55) -> 28
B57: 18سنة | C57: ='التعليم المسرع'!AK44 -> 0 | D57: ='التعليم المسرع'!AL44 -> 1 | E57: ='التعليم المسرع'!BB44 -> 6 | F57: ='التعليم المسرع'!BC44 -> 0 | G57: ='التعليم المسرع'!BS44 -> 12 | H57: ='التعليم المسرع'!BT44 -> 7 | I57: =C57+E57+G57 -> 18 | J57: =D57+F57+H57 -> 8 | K57: =SUM(I57:J57) -> 26
B59: المجموع | C59: =C45+C47+C49+C51+C53+C55+C57 -> 35 | D59: =D45+D47+D49+D51+D53+D55+D57 -> 24 | E59: =E45+E47+E49+E51+E53+E55+E57 -> 57 | F59: =F45+F47+F49+F51+F53+F55+F57 -> 25 | G59: =G45+G47+G49+G51+G53+G55+G57 -> 38 | H59: =H45+H47+H49+H51+H53+H55+H57 -> 38 | I59: =C59+E59+G59 -> 130 | J59: =D59+F59+H59 -> 87 | K59: =SUM(I59:J59) -> 217
B62: التاركين للعام الدراسي2026/2025 | E62: الناجحون للعام الدراسي 2025/2024 | H62: الراسبون لجميع الاسباب للعام الدراسي 2025/2024 | N62: المجموع
H63: الفشل بألامتحان | J63: تجاوز الغياب | L63: اسباب الاخرى
B64: بنون | C64: بنات | D64: المجموع | E64: بنون | F64: بنات | G64: المجموع | H64: بنون | I64: بنات | J64: بنون | K64: بنات | L64: بنون | M64: بنات | N64: بنون | O64: بنات | P64: المجموع
A66: المرحلة الاولى | B66: ='التعليم المسرع'!DB44 -> 1 | C66: ='التعليم المسرع'!DC44 -> 2 | D66: =C66+B66 -> 3 | E66: ='التعليم المسرع'!DK44 -> 33 | F66: ='التعليم المسرع'!DL44 -> 11 | G66: =F66+E66 -> 44 | H66: ='التعليم المسرع'!DT44 -> 8 | I66: ='التعليم المسرع'!DU44 -> 19 | J66: ='التعليم المسرع'!EC44 -> 0 | K66: ='التعليم المسرع'!ED44 -> 0 | L66: ='التعليم المسرع'!EL44 -> 0 | M66: ='التعليم المسرع'!EM44 -> 0 | N66: =L66+J66+H66 -> 8 | O66: =M66+K66+I66 -> 19 | P66: =O66+N66 -> 27
A68: المرحلة الثانية | B68: ='التعليم المسرع'!DD44 -> 13 | C68: ='التعليم المسرع'!DE44 -> 2 | D68: =C68+B68 -> 15 | E68: ='التعليم المسرع'!DM44 -> 24 | F68: ='التعليم المسرع'!DN44 -> 19 | G68: =F68+E68 -> 43 | H68: ='التعليم المسرع'!DV44 -> 12 | I68: ='التعليم المسرع'!DW44 -> 17 | J68: ='التعليم المسرع'!EE44 -> 0 | K68: ='التعليم المسرع'!EF44 -> 0 | L68: ='التعليم المسرع'!EN44 -> 0 | M68: ='التعليم المسرع'!EO44 -> 0 | N68: =L68+J68+H68 -> 12 | O68: =M68+K68+I68 -> 17 | P68: =O68+N68 -> 29
A70: المرحلة الثالثة | B70: ='التعليم المسرع'!DF44 -> 4 | C70: ='التعليم المسرع'!DG44 -> 1 | D70: =C70+B70 -> 5 | E70: ='التعليم المسرع'!DO44 -> 23 | F70: ='التعليم المسرع'!DP44 -> 23 | G70: =F70+E70 -> 46 | H70: ='التعليم المسرع'!DX44 -> 7 | I70: ='التعليم المسرع'!DY44 -> 12 | J70: ='التعليم المسرع'!EG44 -> 0 | K70: ='التعليم المسرع'!EH44 -> 0 | L70: ='التعليم المسرع'!EP44 -> 0 | M70: ='التعليم المسرع'!EQ44 -> 0 | N70: =L70+J70+H70 -> 7 | O70: =M70+K70+I70 -> 12 | P70: =O70+N70 -> 19

Sheet مركزالمناذرة
A1: وزارة التربية
A2: المديرية العامة للتربية في محافظة النجف الاشرف
A3: خلاصة مدارس التعليم المسرع
E4: البيانات الاحصائية لمدارس التعليم المسرع للعام الدراسي 2026/2025
A6: اسم المحافظة | B6: النجف الاشرف | F6: القضاء | G6: المناذرة | K6: الناحية | L6: المركز
A8: عدد المدرسة | B8: ='التعليم المسرع'!K41+'التعليم المسرع'!L41 -> 2 | F8: الاصلية | G8: ='التعليم المسرع'!Q41 -> 0 | K8: الضيف | L8: ='التعليم المسرع'!R41 -> 2
B11: الموقع البيئي للمدرسة | F11: جنس المدرسة | K11: عدد اعضاء الهيئة التعليمية
B12: حضر | C12: ريف | F12: بنون | G12: بنات | H12: مختلط | K12: ذكور | L12: اناث | M12: المجموع
B13: ='التعليم المسرع'!K41 -> 2 | C13: ='التعليم المسرع'!L41 -> 0 | F13: ='التعليم المسرع'!H41 -> 1 | G13: ='التعليم المسرع'!I41 -> 1 | H13: ='التعليم المسرع'!J41 -> 0 | K13: ='التعليم المسرع'!FC41 -> 8 | L13: ='التعليم المسرع'!FD41 -> 1 | M13: =SUM(K13:L13) -> 9
B16: عدد الشعب حسب المرحلة والجنس | I16: عدد اعضاء الهيئة التعليمية حسب العنوان الوظيفي
B17: المرحلة | C17: بنون | D17: بنات | E17: مختلط | F17: المجموع | I17: العنوان | J17: مدير | K17: معاون | L17: معلم | M17: مجموع
B18: المرحلة الاولى | C18: ='التعليم المسرع'!CO41 -> 1 | D18: ='التعليم المسرع'!CP41 -> 1 | E18: ='التعليم المسرع'!CQ41 -> 0 | F18: =C18+D18+E18 -> 2
I19: ذكور | J19: ='التعليم المسرع'!EU41 -> 1 | K19: ='التعليم المسرع'!EW41 -> 1 | L19: ='التعليم المسرع'!EY41 -> 6 | M19: =SUM(J19:L19) -> 8
B20: المرحلة الثانية | C20: ='التعليم المسرع'!CR41 -> 2 | D20: ='التعليم المسرع'!CS41 -> 1 | E20: ='التعليم المسرع'!CT41 -> 0 | F20: =C20+D20+E20 -> 3
I21: اناث | J21: ='التعليم المسرع'!EV41 -> 1 | K21: ='التعليم المسرع'!EX41 -> 0 | L21: ='التعليم المسرع'!EZ41 -> 0 | M21: =SUM(J21:L21) -> 1
B22: المرحلة الثالثة | C22: ='التعليم المسرع'!CU41 -> 1 | D22: ='التعليم المسرع'!CV41 -> 2 | E22: ='التعليم المسرع'!CW41 -> 0 | F22: =C22+D22+E22 -> 3
I23: المجموع | J23: =J19+J21 -> 2 | K23: =K19+K21 -> 1 | L23: =L19+L21 -> 6 | M23: =M19+M21 -> 9
B24: المجموع | C24: =SUM(C18:C23) -> 4 | D24: =SUM(D18:D23) -> 4 | E24: =SUM(E18:E23) -> 0 | F24: =C24+D24+E24 -> 8
B27: عدد اعضاء الهيئة التعليمية حسب الشهادة
B28: اعلى شهادة تم الحصول عليها | C28: دور المعلمين والمعلمات | D28: الدراسة الاعدادية | E28: المدارس المهنية | F28: معاهد اعداد المعلمين والمعلمات | G28: جامعية تربوية | H28: جامعية اخرى | I28: اخرى | J28: المجموع
B30: ذكور | C30: ='التعليم المسرع'!FZ41 -> 0 | D30: ='التعليم المسرع'!FX41 -> 0 | E30: ='التعليم المسرع'!GD41 -> 0 | F30: ='التعليم المسرع'!GB41 -> 2 | G30: ='التعليم المسرع'!GH41 -> 6 | H30: ='التعليم المسرع'!GJ41 -> 0 | I30: ='التعليم المسرع'!GL41 -> 0 | J30: =I30+H30+G30+F30+E30+D30+C30 -> 8
B32: اناث | C32: ='التعليم المسرع'!GA41 -> 0 | D32: ='التعليم المسرع'!FY41 -> 0 | E32: ='التعليم المسرع'!GE41 -> 0 | F32: ='التعليم المسرع'!GC41 -> 1 | G32: ='التعليم المسرع'!GI41 -> 0 | H32: ='التعليم المسرع'!GK41 -> 0 | I32: ='التعليم المسرع'!GM41 -> 0 | J32: =I32+H32+G32+F32+E32+D32+C32 -> 1
B34: المجموع | C34: =C30+C32 -> 0 | D34: =D30+D32 -> 0 | E34: =E30+E32 -> 0 | F34: =F30+F32 -> 3 | G34: =G30+G32 -> 6 | H34: =H30+H32 -> 0 | I34: =I30+I32 -> 0 | J34: =I34+H34+G34+F34+E34+D34+C34 -> 9
A37: وزارة التربية
A38: المديرية العامة للتربية في محافظة النجف الاشرف | K38: مركز المناذرة
D39: خلاصة قضاء المناذرة لمدارس التعليم المسرع
B41: العمر | C41: المرحلة الاولى | E41: المرحلة الثانية | G41: المرحلة الثالثة | I41: المجموع الكلي
C42: بنون | D42: بنات | E42: بنون | F42: بنات | G42: بنون | H42: بنات | I42: بنون | J42: بنات | K42: المجموع
B43: 12سنة | C43: ='التعليم المسرع'!Y41 -> 6 | D43: ='التعليم المسرع'!Z41 -> 7 | E43: ='التعليم المسرع'!AP41 -> 2 | F43: ='التعليم المسرع'!AQ41 -> 5 | G43: ='التعليم المسرع'!BG41 -> 1 | H43: ='التعليم المسرع'!BH41 -> 2 | I43: =C43+E43+G43 -> 9 | J43: =D43+F43+H43 -> 14 | K43: =SUM(I43:J43) -> 23
B45: 13سنة | C45: ='التعليم المسرع'!AA41 -> 12 | D45: ='التعليم المسرع'!AB41 -> 1 | E45: ='التعليم المسرع'!AR41 -> 4 | F45: ='التعليم المسرع'!AS41 -> 4 | G45: ='التعليم المسرع'!BI41 -> 2 | H45: ='التعليم المسرع'!BJ41 -> 0 | I45: =C45+E45+G45 -> 18 | J45: =D45+F45+H45 -> 5 | K45: =SUM(I45:J45) -> 23
B47: 14سنة | C47: ='التعليم المسرع'!AC41 -> 6 | D47: ='التعليم المسرع'!AD41 -> 8 | E47: ='التعليم المسرع'!AT41 -> 11 | F47: ='التعليم المسرع'!AU41 -> 3 | G47: ='التعليم المسرع'!BK41 -> 1 | H47: ='التعليم المسرع'!BL41 -> 5 | I47: =C47+E47+G47 -> 18 | J47: =D47+F47+H47 -> 16 | K47: =SUM(I47:J47) -> 34
B49: 15سنة | C49: ='التعليم المسرع'!AE41 -> 4 | D49: ='التعليم المسرع'!AF41 -> 3 | E49: ='التعليم المسرع'!AV41 -> 18 | F49: ='التعليم المسرع'!AW41 -> 6 | G49: ='التعليم المسرع'!BM41 -> 6 | H49: ='التعليم المسرع'!BN41 -> 7 | I49: =C49+E49+G49 -> 28 | J49: =D49+F49+H49 -> 16 | K49: =SUM(I49:J49) -> 44
B51: 16سنة | C51: ='التعليم المسرع'!AG41 -> 6 | D51: ='التعليم المسرع'!AH41 -> 0 | E51: ='التعليم المسرع'!AX41 -> 10 | F51: ='التعليم المسرع'!AY41 -> 5 | G51: ='التعليم المسرع'!BO41 -> 9 | H51: ='التعليم المسرع'!BP41 -> 9 | I51: =C51+E51+G51 -> 25 | J51: =D51+F51+H51 -> 14 | K51: =SUM(I51:J51) -> 39
B53: 17سنة | C53: ='التعليم المسرع'!AI41 -> 1 | D53: ='التعليم المسرع'!AJ41 -> 4 | E53: ='التعليم المسرع'!AZ41 -> 6 | F53: ='التعليم المسرع'!BA41 -> 2 | G53: ='التعليم المسرع'!BQ41 -> 7 | H53: ='التعليم المسرع'!BR41 -> 8 | I53: =C53+E53+G53 -> 14 | J53: =D53+F53+H53 -> 14 | K53: =SUM(I53:J53) -> 28
B55: 18سنة | C55: ='التعليم المسرع'!AK41 -> 0 | D55: ='التعليم المسرع'!AL41 -> 1 | E55: ='التعليم المسرع'!BB41 -> 6 | F55: ='التعليم المسرع'!BC41 -> 0 | G55: ='التعليم المسرع'!BS41 -> 12 | H55: ='التعليم المسرع'!BT41 -> 7 | I55: =C55+E55+G55 -> 18 | J55: =D55+F55+H55 -> 8 | K55: =SUM(I55:J55) -> 26
B57: المجموع | C57: =C43+C45+C47+C49+C51+C53+C55 -> 35 | D57: =D43+D45+D47+D49+D51+D53+D55 -> 24 | E57: =E43+E45+E47+E49+E51+E53+E55 -> 57 | F57: =F43+F45+F47+F49+F51+F53+F55 -> 25 | G57: =G43+G45+G47+G49+G51+G53+G55 -> 38 | H57: =H43+H45+H47+H49+H51+H53+H55 -> 38 | I57: =C57+E57+G57 -> 130 | J57: =D57+F57+H57 -> 87 | K57: =SUM(I57:J57) -> 217
B60: التاركين للعام الدراسي2026/2025 | E60: الناجحون للعام الدراسي 2025/2024 | H60: الراسبون لجميع الاسباب للعام الدراسي 2025/2024 | N60: المجموع
H61: الفشل بألامتحان | J61: تجاوز الغياب | L61: اسباب الاخرى
B62: بنون | C62: بنات | D62: المجموع | E62: بنون | F62: بنات | G62: المجموع | H62: بنون | I62: بنات | J62: بنون | K62: بنات | L62: بنون | M62: بنات | N62: بنون | O62: بنات | P62: المجموع
A64: المرحلة الاولى | B64: ='التعليم المسرع'!DB41 -> 1 | C64: ='التعليم المسرع'!DC41 -> 2 | D64: =C64+B64 -> 3 | E64: ='التعليم المسرع'!DK41 -> 33 | F64: ='التعليم المسرع'!DL41 -> 11 | G64: =F64+E64 -> 44 | H64: ='التعليم المسرع'!DT41 -> 8 | I64: ='التعليم المسرع'!DU41 -> 19 | J64: ='التعليم المسرع'!EC41 -> 0 | K64: ='التعليم المسرع'!ED41 -> 0 | L64: ='التعليم المسرع'!EL41 -> 0 | M64: ='التعليم المسرع'!EM41 -> 0 | N64: =L64+J64+H64 -> 8 | O64: =M64+K64+I64 -> 19 | P64: =O64+N64 -> 27
A66: المرحلة الثانية | B66: ='التعليم المسرع'!DD41 -> 13 | C66: ='التعليم المسرع'!DE41 -> 2 | D66: =C66+B66 -> 15 | E66: ='التعليم المسرع'!DM41 -> 24 | F66: ='التعليم المسرع'!DN41 -> 19 | G66: =F66+E66 -> 43 | H66: ='التعليم المسرع'!DV41 -> 12 | I66: ='التعليم المسرع'!DW41 -> 17 | J66: ='التعليم المسرع'!EE41 -> 0 | K66: ='التعليم المسرع'!EF41 -> 0 | L66: ='التعليم المسرع'!EN41 -> 0 | M66: ='التعليم المسرع'!EO41 -> 0 | N66: =L66+J66+H66 -> 12 | O66: =M66+K66+I66 -> 17 | P66: =O66+N66 -> 29
A68: المرحلة الثالثة | B68: ='التعليم المسرع'!DF41 -> 4 | C68: ='التعليم المسرع'!DG41 -> 1 | D68: =C68+B68 -> 5 | E68: ='التعليم المسرع'!DO41 -> 23 | F68: ='التعليم المسرع'!DP41 -> 23 | G68: =F68+E68 -> 46 | H68: ='التعليم المسرع'!DX41 -> 7 | I68: ='التعليم المسرع'!DY41 -> 12 | J68: ='التعليم المسرع'!EG41 -> 0 | K68: ='التعليم المسرع'!EH41 -> 0 | L68: ='التعليم المسرع'!EP41 -> 0 | M68: ='التعليم المسرع'!EQ41 -> 0 | N68: =L68+J68+H68 -> 7 | O68: =M68+K68+I68 -> 12 | P68: =O68+N68 -> 19

Sheet الحيرة
A1: وزارة التربية
A2: المديرية العامة للتربية في محافظة النجف الاشرف
A3: خلاصة مدارس التعليم المسرع
E4: البيانات الاحصائية لمدارس التعليم المسرع للعام الدراسي 2026/2025
A6: اسم المحافظة | B6: النجف الاشرف | F6: القضاء | G6: المناذرة | K6: الناحية | L6: الحيرة
A8: عدد المدرسة | B8: ='التعليم المسرع'!K43+'التعليم المسرع'!L43 -> 0 | F8: الاصلية | G8: ='التعليم المسرع'!Q43 -> 0 | K8: الضيف | L8: ='التعليم المسرع'!R43 -> 0
B11: الموقع البيئي للمدرسة | F11: جنس المدرسة | K11: عدد اعضاء الهيئة التعليمية
B12: حضر | C12: ريف | F12: بنون | G12: بنات | H12: مختلط | K12: ذكور | L12: اناث | M12: المجموع
B13: ='التعليم المسرع'!K43 -> 0 | C13: ='التعليم المسرع'!L43 -> 0 | F13: ='التعليم المسرع'!H43 -> 0 | G13: ='التعليم المسرع'!I43 -> 0 | H13: ='التعليم المسرع'!J43 -> 0 | K13: ='التعليم المسرع'!FC43 -> 0 | L13: ='التعليم المسرع'!FD43 -> 0 | M13: =SUM(K13:L13) -> 0
B16: عدد الشعب حسب المرحلة والجنس | I16: عدد اعضاء الهيئة التعليمية حسب العنوان الوظيفي
B17: المرحلة | C17: بنون | D17: بنات | E17: مختلط | F17: المجموع | I17: العنوان | J17: مدير | K17: معاون | L17: معلم | M17: مجموع
B18: المرحلة الاولى | C18: ='التعليم المسرع'!CO43 -> 0 | D18: ='التعليم المسرع'!CP43 -> 0 | E18: ='التعليم المسرع'!CQ43 -> 0 | F18: =C18+D18+E18 -> 0
I19: ذكور | J19: ='التعليم المسرع'!EU43 -> 0 | K19: ='التعليم المسرع'!EW43 -> 0 | L19: ='التعليم المسرع'!EY43 -> 0 | M19: =SUM(J19:L19) -> 0
B20: المرحلة الثانية | C20: ='التعليم المسرع'!CR43 -> 0 | D20: ='التعليم المسرع'!CS43 -> 0 | E20: ='التعليم المسرع'!CT43 -> 0 | F20: =C20+D20+E20 -> 0
I21: اناث | J21: ='التعليم المسرع'!EV43 -> 0 | K21: ='التعليم المسرع'!EX43 -> 0 | L21: ='التعليم المسرع'!EZ43 -> 0 | M21: =SUM(J21:L21) -> 0
B22: المرحلة الثالثة | C22: ='التعليم المسرع'!CU43 -> 0 | D22: ='التعليم المسرع'!CV43 -> 0 | E22: ='التعليم المسرع'!CW43 -> 0 | F22: =C22+D22+E22 -> 0
I23: المجموع | J23: =J19+J21 -> 0 | K23: =K19+K21 -> 0 | L23: =L19+L21 -> 0 | M23: =M19+M21 -> 0
B24: المجموع | C24: =SUM(C18:C23) -> 0 | D24: =SUM(D18:D23) -> 0 | E24: =SUM(E18:E23) -> 0 | F24: =C24+D24+E24 -> 0
B26: عدد اعضاء الهيئة التعليمية حسب الشهادة
B27: اعلى شهادة تم الحصول عليها | C27: دور المعلمين والمعلمات | D27: الدراسة الاعدادية | E27: المدارس المهنية | F27: معاهد اعداد المعلمين والمعلمات | G27: جامعية تربوية | H27: جامعية اخرى | I27: اخرى | J27: المجموع
B29: ذكور | C29: ='التعليم المسرع'!FZ43 -> 0 | D29: ='التعليم المسرع'!FX43 -> 0 | E29: ='التعليم المسرع'!GF43 -> 0 | F29: ='التعليم المسرع'!GB43 -> 0 | G29: ='التعليم المسرع'!GH43 -> 0 | H29: ='التعليم المسرع'!GJ43 -> 0 | I29: ='التعليم المسرع'!GL43 -> 0 | J29: =I29+H29+G29+F29+E29+D29+C29 -> 0
B31: اناث | C31: ='التعليم المسرع'!GA43 -> 0 | D31: ='التعليم المسرع'!FY43 -> 0 | E31: ='التعليم المسرع'!GG43 -> 0 | F31: ='التعليم المسرع'!GC43 -> 0 | G31: ='التعليم المسرع'!GI43 -> 0 | H31: ='التعليم المسرع'!GK43 -> 0 | I31: ='التعليم المسرع'!GM43 -> 0 | J31: =I31+H31+G31+F31+E31+D31+C31 -> 0
B33: المجموع | C33: =C29+C31 -> 0 | D33: =D29+D31 -> 0 | E33: =E29+E31 -> 0 | F33: =F29+F31 -> 0 | G33: =G29+G31 -> 0 | H33: =H29+H31 -> 0 | I33: =I29+I31 -> 0 | J33: =I33+H33+G33+F33+E33+D33+C33 -> 0
A36: وزارة التربية
A37: المديرية العامة للتربية في محافظة النجف الاشرف | K37: ناحية الحيرة
D38: خلاصة قضاء المناذرة لمدارس التعليم المسرع
B40: العمر | C40: المرحلة الاولى | E40: المرحلة الثانية | G40: المرحلة الثالثة | I40: المجموع الكلي
C41: بنون | D41: بنات | E41: بنون | F41: بنات | G41: بنون | H41: بنات | I41: بنون | J41: بنات | K41: المجموع
B42: 12سنة | C42: ='التعليم المسرع'!Y43 -> 0 | D42: ='التعليم المسرع'!Z43 -> 0 | E42: ='التعليم المسرع'!AP43 -> 0 | F42: ='التعليم المسرع'!AQ43 -> 0 | G42: ='التعليم المسرع'!BG43 -> 0 | H42: ='التعليم المسرع'!BH43 -> 0 | I42: =C42+E42+G42 -> 0 | J42: =D42+F42+H42 -> 0 | K42: =SUM(I42:J42) -> 0
B44: 13سنة | C44: ='التعليم المسرع'!AA43 -> 0 | D44: ='التعليم المسرع'!AB43 -> 0 | E44: ='التعليم المسرع'!AR43 -> 0 | F44: ='التعليم المسرع'!AS43 -> 0 | G44: ='التعليم المسرع'!BI43 -> 0 | H44: ='التعليم المسرع'!BJ43 -> 0 | I44: =C44+E44+G44 -> 0 | J44: =D44+F44+H44 -> 0 | K44: =SUM(I44:J44) -> 0
B46: 14سنة | C46: ='التعليم المسرع'!AC43 -> 0 | D46: ='التعليم المسرع'!AD43 -> 0 | E46: ='التعليم المسرع'!AT43 -> 0 | F46: ='التعليم المسرع'!AU43 -> 0 | G46: ='التعليم المسرع'!BK43 -> 0 | H46: ='التعليم المسرع'!BL43 -> 0 | I46: =C46+E46+G46 -> 0 | J46: =D46+F46+H46 -> 0 | K46: =SUM(I46:J46) -> 0
B48: 15سنة | C48: ='التعليم المسرع'!AE43 -> 0 | D48: ='التعليم المسرع'!AF43 -> 0 | E48: ='التعليم المسرع'!AV43 -> 0 | F48: ='التعليم المسرع'!AW43 -> 0 | G48: ='التعليم المسرع'!BM43 -> 0 | H48: ='التعليم المسرع'!BN43 -> 0 | I48: =C48+E48+G48 -> 0 | J48: =D48+F48+H48 -> 0 | K48: =SUM(I48:J48) -> 0
B50: 16سنة | C50: ='التعليم المسرع'!AG43 -> 0 | D50: ='التعليم المسرع'!AH43 -> 0 | E50: ='التعليم المسرع'!AX43 -> 0 | F50: ='التعليم المسرع'!AY43 -> 0 | G50: ='التعليم المسرع'!BO43 -> 0 | H50: ='التعليم المسرع'!BP43 -> 0 | I50: =C50+E50+G50 -> 0 | J50: =D50+F50+H50 -> 0 | K50: =SUM(I50:J50) -> 0
B52: 17سنة | C52: ='التعليم المسرع'!AI43 -> 0 | D52: ='التعليم المسرع'!AJ43 -> 0 | E52: ='التعليم المسرع'!AZ43 -> 0 | F52: ='التعليم المسرع'!BA43 -> 0 | G52: ='التعليم المسرع'!BQ43 -> 0 | H52: ='التعليم المسرع'!BR43 -> 0 | I52: =C52+E52+G52 -> 0 | J52: =D52+F52+H52 -> 0 | K52: =SUM(I52:J52) -> 0
B54: 18سنة | C54: ='التعليم المسرع'!AK43 -> 0 | D54: ='التعليم المسرع'!AL43 -> 0 | E54: ='التعليم المسرع'!BB43 -> 0 | F54: ='التعليم المسرع'!BC43 -> 0 | G54: ='التعليم المسرع'!BS43 -> 0 | H54: ='التعليم المسرع'!BT43 -> 0 | I54: =C54+E54+G54 -> 0 | J54: =D54+F54+H54 -> 0 | K54: =SUM(I54:J54) -> 0
B56: المجموع | C56: =C42+C44+C46+C48+C50+C52+C54 -> 0 | D56: =D42+D44+D46+D48+D50+D52+D54 -> 0 | E56: =E42+E44+E46+E48+E50+E52+E54 -> 0 | F56: =F42+F44+F46+F48+F50+F52+F54 -> 0 | G56: =G42+G44+G46+G48+G50+G52+G54 -> 0 | H56: =H42+H44+H46+H48+H50+H52+H54 -> 0 | I56: =C56+E56+G56 -> 0 | J56: =D56+F56+H56 -> 0 | K56: =SUM(I56:J56) -> 0
B59: التاركين للعام الدراسي2026/2025 | E59: الناجحون للعام الدراسي 2025/2024 | H59: الراسبون لجميع الاسباب للعام الدراسي 2025/2024 | N59: المجموع
H60: الفشل بألامتحان | J60: تجاوز الغياب | L60: اسباب الاخرى
B61: بنون | C61: بنات | D61: المجموع | E61: بنون | F61: بنات | G61: المجموع | H61: بنون | I61: بنات | J61: بنون | K61: بنات | L61: بنون | M61: بنات | N61: بنون | O61: بنات | P61: المجموع
A63: المرحلة الاولى | B63: ='التعليم المسرع'!DB43 -> 0 | C63: ='التعليم المسرع'!DC43 -> 0 | D63: =C63+B63 -> 0 | E63: ='التعليم المسرع'!DK43 -> 0 | F63: ='التعليم المسرع'!DL43 -> 0 | G63: =F63+E63 -> 0 | H63: ='التعليم المسرع'!DT43 -> 0 | I63: ='التعليم المسرع'!DU43 -> 0 | J63: ='التعليم المسرع'!EC43 -> 0 | K63: ='التعليم المسرع'!ED43 -> 0 | L63: ='التعليم المسرع'!EL43 -> 0 | M63: ='التعليم المسرع'!EM43 -> 0 | N63: =L63+J63+H63 -> 0 | O63: =M63+K63+I63 -> 0 | P63: =O63+N63 -> 0
A65: المرحلة الثانية | B65: ='التعليم المسرع'!DD43 -> 0 | C65: ='التعليم المسرع'!DE43 -> 0 | D65: =C65+B65 -> 0 | E65: ='التعليم المسرع'!DM43 -> 0 | F65: ='التعليم المسرع'!DN43 -> 0 | G65: =F65+E65 -> 0 | H65: ='التعليم المسرع'!DV43 -> 0 | I65: ='التعليم المسرع'!DW43 -> 0 | J65: ='التعليم المسرع'!EE43 -> 0 | K65: ='التعليم المسرع'!EF43 -> 0 | L65: ='التعليم المسرع'!EN43 -> 0 | M65: ='التعليم المسرع'!EO43 -> 0 | N65: =L65+J65+H65 -> 0 | O65: =M65+K65+I65 -> 0 | P65: =O65+N65 -> 0
A67: المرحلة الثالثة | B67: ='التعليم المسرع'!DF43 -> 0 | C67: ='التعليم المسرع'!DG43 -> 0 | D67: =C67+B67 -> 0 | E67: ='التعليم المسرع'!DO43 -> 0 | F67: ='التعليم المسرع'!DP43 -> 0 | G67: =F67+E67 -> 0 | H67: ='التعليم المسرع'!DX43 -> 0 | I67: ='التعليم المسرع'!DY43 -> 0 | J67: ='التعليم المسرع'!EG43 -> 0 | K67: ='التعليم المسرع'!EH43 -> 0 | L67: ='التعليم المسرع'!EP43 -> 0 | M67: ='التعليم المسرع'!EQ43 -> 0 | N67: =L67+J67+H67 -> 0 | O67: =M67+K67+I67 -> 0 | P67: =O67+N67 -> 0

Sheet قضاءالمشخاب
A1: وزارة التربية
A2: المديرية العامة للتربية في محافظة النجف الاشرف
A3: خلاصة مدارس التعليم المسرع
E4: البيانات الاحصائية لمدارس التعليم المسرع للعام الدراسي 2026/2025
A6: اسم المحافظة | B6: النجف الاشرف | F6: القضاء | G6: المشخاب | K6: الناحية | L6: مركزالمشخاب + القادسية
A8: عدد المدرسة | B8: ='التعليم المسرع'!K50+'التعليم المسرع'!L50 -> 3 | F8: الاصلية | G8: ='التعليم المسرع'!Q50 -> 0 | K8: الضيف | L8: ='التعليم المسرع'!R50 -> 3
B11: الموقع البيئي للمدرسة | F11: جنس المدرسة | K11: عدد اعضاء الهيئة التعليمية
B12: حضر | C12: ريف | F12: بنون | G12: بنات | H12: مختلط | K12: ذكور | L12: اناث | M12: المجموع
B13: ='التعليم المسرع'!K50 -> 3 | C13: ='التعليم المسرع'!L50 -> 0 | F13: ='التعليم المسرع'!H50 -> 2 | G13: ='التعليم المسرع'!I50 -> 1 | H13: ='التعليم المسرع'!J50 -> 0 | K13: ='التعليم المسرع'!FC50 -> 13 | L13: ='التعليم المسرع'!FD50 -> 6 | M13: =SUM(K13:L13) -> 19
B16: عدد الشعب حسب المرحلة والجنس | I16: عدد اعضاء الهيئة التعليمية حسب العنوان الوظيفي
B17: المرحلة | C17: بنون | D17: بنات | E17: مختلط | F17: المجموع | I17: العنوان | J17: مدير | K17: معاون | L17: معلم | M17: مرشد | N17: مجموع
B18: المرحلة الاولى | C18: ='التعليم المسرع'!CO50 -> 2 | D18: ='التعليم المسرع'!CP50 -> 1 | E18: ='التعليم المسرع'!CQ50 -> 0 | F18: =C18+D18+E18 -> 3
I19: ذكور | J19: ='التعليم المسرع'!EU50 -> 2 | K19: ='التعليم المسرع'!EW50 -> 1 | L19: ='التعليم المسرع'!EY50 -> 10 | M19: ='التعليم المسرع'!FA50 -> 0 | N19: =SUM(J19:M20) -> 13
B20: المرحلة الثانية | C20: ='التعليم المسرع'!CR50 -> 3 | D20: ='التعليم المسرع'!CS50 -> 1 | E20: ='التعليم المسرع'!CT50 -> 0 | F20: =C20+D20+E20 -> 4
I21: اناث | J21: ='التعليم المسرع'!EV50 -> 1 | K21: ='التعليم المسرع'!EX50 -> 0 | L21: ='التعليم المسرع'!EZ50 -> 5 | M21: ='التعليم المسرع'!FB50 -> 0 | N21: =SUM(J21:M22) -> 6
B22: المرحلة الثالثة | C22: ='التعليم المسرع'!CU50 -> 4 | D22: ='التعليم المسرع'!CV50 -> 1 | E22: ='التعليم المسرع'!CW50 -> 0 | F22: =C22+D22+E22 -> 5
I23: المجموع | J23: =J19+J21 -> 3 | K23: =K19+K21 -> 1 | L23: =L19+L21 -> 15 | M23: =M19+M21 -> 0 | N23: =N19+N21 -> 19
B24: المجموع | C24: =SUM(C18:C23) -> 9 | D24: =SUM(D18:D23) -> 3 | E24: =SUM(E18:E23) -> 0 | F24: =C24+D24+E24 -> 12
B27: عدد اعضاء الهيئة التعليمية حسب الشهادة
B28: اعلى شهادة تم الحصول عليها | C28: دور المعلمين والمعلمات | D28: الدراسة الاعدادية | E28: المدارس المهنية | F28: معاهد اعداد المعلمين والمعلمات | G28: جامعية تربوية | H28: جامعية اخرى | I28: اخرى | J28: المجموع
B30: ذكور | C30: ='التعليم المسرع'!FZ50 -> 0 | D30: ='التعليم المسرع'!FX50 -> 0 | E30: ='التعليم المسرع'!GD50 -> 0 | F30: ='التعليم المسرع'!GB50 -> 6 | G30: ='التعليم المسرع'!GH50 -> 7 | H30: ='التعليم المسرع'!GJ50 -> 0 | I30: ='التعليم المسرع'!GL50 -> 0 | J30: =I30+H30+G30+F30+E30+D30+C30 -> 13
B32: اناث | C32: ='التعليم المسرع'!GA50 -> 0 | D32: ='التعليم المسرع'!FY50 -> 0 | E32: ='التعليم المسرع'!GE50 -> 0 | F32: ='التعليم المسرع'!GC50 -> 2 | G32: ='التعليم المسرع'!GI50 -> 4 | H32: ='التعليم المسرع'!GK50 -> 0 | I32: ='التعليم المسرع'!GM50 -> 0 | J32: =I32+H32+G32+F32+E32+D32+C32 -> 6
B34: المجموع | C34: =C30+C32 -> 0 | D34: =D30+D32 -> 0 | E34: =E30+E32 -> 0 | F34: =F30+F32 -> 8 | G34: =G30+G32 -> 11 | H34: =H30+H32 -> 0 | I34: =I30+I32 -> 0 | J34: =I34+H34+G34+F34+E34+D34+C34 -> 19
A36: وزارة التربية
A37: المديرية العامة للتربية في محافظة النجف الاشرف | K37: ناحية المشخاب
D38: خلاصة قضاء المناذرة لمدارس التعليم المسرع
B40: العمر | C40: المرحلة الاولى | E40: المرحلة الثانية | G40: المرحلة الثالثة | I40: المجموع الكلي
C41: بنون | D41: بنات | E41: بنون | F41: بنات | G41: بنون | H41: بنات | I41: بنون | J41: بنات | K41: المجموع
B42: 12سنة | C42: ='التعليم المسرع'!Y50 -> 4 | D42: ='التعليم المسرع'!Z50 -> 3 | E42: ='التعليم المسرع'!AP50 -> 3 | F42: ='التعليم المسرع'!AQ50 -> 1 | G42: ='التعليم المسرع'!BG50 -> 6 | H42: ='التعليم المسرع'!BH50 -> 1 | I42: =C42+E42+G42 -> 13 | J42: =D42+F42+H42 -> 5 | K42: =SUM(I42:J42) -> 18
B44: 13سنة | C44: ='التعليم المسرع'!AA50 -> 3 | D44: ='التعليم المسرع'!AB50 -> 2 | E44: ='التعليم المسرع'!AR50 -> 9 | F44: ='التعليم المسرع'!AS50 -> 1 | G44: ='التعليم المسرع'!BI50 -> 9 | H44: ='التعليم المسرع'!BJ50 -> 1 | I44: =C44+E44+G44 -> 21 | J44: =D44+F44+H44 -> 4 | K44: =SUM(I44:J44) -> 25
B46: 14سنة | C46: ='التعليم المسرع'!AC50 -> 8 | D46: ='التعليم المسرع'!AD50 -> 1 | E46: ='التعليم المسرع'!AT50 -> 15 | F46: ='التعليم المسرع'!AU50 -> 0 | G46: ='التعليم المسرع'!BK50 -> 12 | H46: ='التعليم المسرع'!BL50 -> 7 | I46: =C46+E46+G46 -> 35 | J46: =D46+F46+H46 -> 8 | K46: =SUM(I46:J46) -> 43
B48: 15سنة | C48: ='التعليم المسرع'!AE50 -> 7 | D48: ='التعليم المسرع'!AF50 -> 1 | E48: ='التعليم المسرع'!AV50 -> 18 | F48: ='التعليم المسرع'!AW50 -> 1 | G48: ='التعليم المسرع'!BM50 -> 17 | H48: ='التعليم المسرع'!BN50 -> 3 | I48: =C48+E48+G48 -> 42 | J48: =D48+F48+H48 -> 5 | K48: =SUM(I48:J48) -> 47
B50: 16سنة | C50: ='التعليم المسرع'!AG50 -> 0 | D50: ='التعليم المسرع'!AH50 -> 0 | E50: ='التعليم المسرع'!AX50 -> 13 | F50: ='التعليم المسرع'!AY50 -> 0 | G50: ='التعليم المسرع'!BO50 -> 23 | H50: ='التعليم المسرع'!BP50 -> 2 | I50: =C50+E50+G50 -> 36 | J50: =D50+F50+H50 -> 2 | K50: =SUM(I50:J50) -> 38
B52: 17سنة | C52: ='التعليم المسرع'!AI50 -> 2 | D52: ='التعليم المسرع'!AJ50 -> 0 | E52: ='التعليم المسرع'!AZ50 -> 11 | F52: ='التعليم المسرع'!BA50 -> 1 | G52: ='التعليم المسرع'!BQ50 -> 15 | H52: ='التعليم المسرع'!BR50 -> 4 | I52: =C52+E52+G52 -> 28 | J52: =D52+F52+H52 -> 5 | K52: =SUM(I52:J52) -> 33
B54: 18سنة | C54: ='التعليم المسرع'!AK50 -> 0 | D54: ='التعليم المسرع'!AL50 -> 0 | E54: ='التعليم المسرع'!BB50 -> 8 | F54: ='التعليم المسرع'!BC50 -> 2 | G54: ='التعليم المسرع'!BS50 -> 19 | H54: ='التعليم المسرع'!BT50 -> 4 | I54: =C54+E54+G54 -> 27 | J54: =D54+F54+H54 -> 6 | K54: =SUM(I54:J54) -> 33
B56: المجموع | C56: =C42+C44+C46+C48+C50+C52+C54 -> 24 | D56: =D42+D44+D46+D48+D50+D52+D54 -> 7 | E56: =E42+E44+E46+E48+E50+E52+E54 -> 77 | F56: =F42+F44+F46+F48+F50+F52+F54 -> 6 | G56: =G42+G44+G46+G48+G50+G52+G54 -> 101 | H56: =H42+H44+H46+H48+H50+H52+H54 -> 22 | I56: =C56+E56+G56 -> 202 | J56: =D56+F56+H56 -> 35 | K56: =SUM(I56:J56) -> 237
B60: التاركين للعام الدراسي2026/2025 | E60: الناجحون للعام الدراسي 2025/2024 | H60: الراسبون لجميع الاسباب للعام الدراسي 2025/2024 | N60: المجموع
H61: الفشل بألامتحان | J61: تجاوز الغياب | L61: اسباب الاخرى
B62: بنون | C62: بنات | D62: المجموع | E62: بنون | F62: بنات | G62: المجموع | H62: بنون | I62: بنات | J62: بنون | K62: بنات | L62: بنون | M62: بنات | N62: بنون | O62: بنات | P62: المجموع
A64: المرحلة الاولى | B64: ='التعليم المسرع'!DB50 -> 0 | C64: ='التعليم المسرع'!DC50 -> 0 | D64: =C64+B64 -> 0 | E64: ='التعليم المسرع'!DK50 -> 50 | F64: ='التعليم المسرع'!DL50 -> 0 | G64: =F64+E64 -> 50 | H64: ='التعليم المسرع'!DT50 -> 16 | I64: ='التعليم المسرع'!DU50 -> 0 | J64: ='التعليم المسرع'!EC50 -> 0 | K64: ='التعليم المسرع'!ED50 -> 0 | L64: ='التعليم المسرع'!EL50 -> 0 | M64: ='التعليم المسرع'!EM50 -> 0 | N64: =L64+J64+H64 -> 16 | O64: =M64+K64+I64 -> 0 | P64: =O64+N64 -> 16
A66: المرحلة الثانية | B66: ='التعليم المسرع'!DD50 -> 0 | C66: ='التعليم المسرع'!DE50 -> 0 | D66: =C66+B66 -> 0 | E66: ='التعليم المسرع'!DM50 -> 70 | F66: ='التعليم المسرع'!DN50 -> 0 | G66: =F66+E66 -> 70 | H66: ='التعليم المسرع'!DV50 -> 48 | I66: ='التعليم المسرع'!DW50 -> 0 | J66: ='التعليم المسرع'!EE50 -> 0 | K66: ='التعليم المسرع'!EF50 -> 0 | L66: ='التعليم المسرع'!EN50 -> 0 | M66: ='التعليم المسرع'!EO50 -> 0 | N66: =L66+J66+H66 -> 48 | O66: =M66+K66+I66 -> 0 | P66: =O66+N66 -> 48
A68: المرحلة الثالثة | B68: ='التعليم المسرع'!DF50 -> 0 | C68: ='التعليم المسرع'!DG50 -> 0 | D68: =C68+B68 -> 0 | E68: ='التعليم المسرع'!DO50 -> 42 | F68: ='التعليم المسرع'!DP50 -> 0 | G68: =F68+E68 -> 42 | H68: ='التعليم المسرع'!DX50 -> 41 | I68: ='التعليم المسرع'!DY50 -> 0 | J68: ='التعليم المسرع'!EG50 -> 0 | K68: ='التعليم المسرع'!EH50 -> 0 | L68: ='التعليم المسرع'!EP50 -> 0 | M68: ='التعليم المسرع'!EQ50 -> 0 | N68: =L68+J68+H68 -> 41 | O68: =M68+K68+I68 -> 0 | P68: =O68+N68 -> 41

Sheet المشخاب
A1: وزارة التربية
A2: المديرية العامة للتربية في محافظة النجف الاشرف
A3: خلاصة مدارس التعليم المسرع
E4: البيانات الاحصائية لمدارس التعليم المسرع للعام الدراسي 2026/2025
A6: اسم المحافظة | B6: النجف الاشرف | F6: القضاء | G6: المشخاب | K6: الناحية | L6: المركز
A8: عدد المدرسة | B8: ='التعليم المسرع'!K47+'التعليم المسرع'!L47 -> 2 | F8: الاصلية | G8: ='التعليم المسرع'!Q47 -> 0 | K8: الضيف | L8: ='التعليم المسرع'!R47 -> 2
B11: الموقع البيئي للمدرسة | F11: جنس المدرسة | K11: عدد اعضاء الهيئة التعليمية
B12: حضر | C12: ريف | F12: بنون | G12: بنات | H12: مختلط | K12: ذكور | L12: اناث | M12: المجموع
B13: ='التعليم المسرع'!K47 -> 2 | C13: ='التعليم المسرع'!L47 -> 0 | F13: ='التعليم المسرع'!H47 -> 1 | G13: ='التعليم المسرع'!I47 -> 1 | H13: ='التعليم المسرع'!J47 -> 0 | K13: ='التعليم المسرع'!FC47 -> 5 | L13: ='التعليم المسرع'!FD47 -> 6 | M13: =SUM(K13:L13) -> 11
B16: عدد الشعب حسب المرحلة والجنس | I16: عدد اعضاء الهيئة التعليمية حسب العنوان الوظيفي
B17: المرحلة | C17: بنون | D17: بنات | E17: مختلط | F17: المجموع | I17: العنوان | J17: مدير | K17: معاون | L17: معلم | M17: مجموع
B18: المرحلة الاولى | C18: ='التعليم المسرع'!CO47 -> 1 | D18: ='التعليم المسرع'!CP47 -> 1 | E18: ='التعليم المسرع'!CQ47 -> 0 | F18: =C18+D18+E18 -> 2
I19: ذكور | J19: ='التعليم المسرع'!EU47 -> 1 | K19: ='التعليم المسرع'!EW47 -> 1 | L19: ='التعليم المسرع'!EY47 -> 3 | M19: =SUM(J19:L19) -> 5
B20: المرحلة الثانية | C20: ='التعليم المسرع'!CR47 -> 2 | D20: ='التعليم المسرع'!CS47 -> 1 | E20: ='التعليم المسرع'!CT47 -> 0 | F20: =C20+D20+E20 -> 3
I21: اناث | J21: ='التعليم المسرع'!EV47 -> 1 | K21: ='التعليم المسرع'!EX47 -> 0 | L21: ='التعليم المسرع'!EZ47 -> 5 | M21: =SUM(J21:L21) -> 6
B22: المرحلة الثالثة | C22: ='التعليم المسرع'!CU47 -> 2 | D22: ='التعليم المسرع'!CV47 -> 1 | E22: ='التعليم المسرع'!CW47 -> 0 | F22: =C22+D22+E22 -> 3
I23: المجموع | J23: =J19+J21 -> 2 | K23: =K19+K21 -> 1 | L23: =L19+L21 -> 8 | M23: =M19+M21 -> 11
B24: المجموع | C24: =SUM(C18:C23) -> 5 | D24: =SUM(D18:D23) -> 3 | E24: =SUM(E18:E23) -> 0 | F24: =C24+D24+E24 -> 8
B27: عدد اعضاء الهيئة التعليمية حسب الشهادة
B28: اعلى شهادة تم الحصول عليها | C28: دور المعلمين والمعلمات | D28: الدراسة الاعدادية | E28: المدارس المهنية | F28: معاهد اعداد المعلمين والمعلمات | G28: جامعية تربوية | H28: جامعية اخرى | I28: اخرى | J28: المجموع
B30: ذكور | C30: ='التعليم المسرع'!FZ47 -> 0 | D30: ='التعليم المسرع'!FX47 -> 0 | E30: ='التعليم المسرع'!GD47 -> 0 | F30: ='التعليم المسرع'!GB47 -> 1 | G30: ='التعليم المسرع'!GH47 -> 4 | H30: ='التعليم المسرع'!GJ47 -> 0 | I30: ='التعليم المسرع'!GL47 -> 0 | J30: =I30+H30+G30+F30+E30+D30+C30 -> 5
B32: اناث | C32: ='التعليم المسرع'!GA47 -> 0 | D32: ='التعليم المسرع'!FY47 -> 0 | E32: ='التعليم المسرع'!GE47 -> 0 | F32: ='التعليم المسرع'!GC47 -> 2 | G32: ='التعليم المسرع'!GI47 -> 4 | H32: ='التعليم المسرع'!GK47 -> 0 | I32: ='التعليم المسرع'!GM47 -> 0 | J32: =I32+H32+G32+F32+E32+D32+C32 -> 6
B34: المجموع | C34: =C30+C32 -> 0 | D34: =D30+D32 -> 0 | E34: =E30+E32 -> 0 | F34: =F30+F32 -> 3 | G34: =G30+G32 -> 8 | H34: =H30+H32 -> 0 | I34: =I30+I32 -> 0 | J34: =I34+H34+G34+F34+E34+D34+C34 -> 11
A36: وزارة التربية
A37: المديرية العامة للتربية في محافظة النجف الاشرف | K37: مركز المشخاب
D38: خلاصة قضاء المناذرة لمدارس التعليم المسرع
B40: العمر | C40: المرحلة الاولى | E40: المرحلة الثانية | G40: المرحلة الثالثة | I40: المجموع الكلي
C41: بنون | D41: بنات | E41: بنون | F41: بنات | G41: بنون | H41: بنات | I41: بنون | J41: بنات | K41: المجموع
B42: 12سنة | C42: ='التعليم المسرع'!Y47 -> 1 | D42: ='التعليم المسرع'!Z47 -> 3 | E42: ='التعليم المسرع'!AP47 -> 1 | F42: ='التعليم المسرع'!AQ47 -> 1 | G42: ='التعليم المسرع'!BG47 -> 3 | H42: ='التعليم المسرع'!BH47 -> 1 | I42: =C42+E42+G42 -> 5 | J42: =D42+F42+H42 -> 5 | K42: =SUM(I42:J42) -> 10
B44: 13سنة | C44: ='التعليم المسرع'!AA47 -> 2 | D44: ='التعليم المسرع'!AB47 -> 2 | E44: ='التعليم المسرع'!AR47 -> 6 | F44: ='التعليم المسرع'!AS47 -> 1 | G44: ='التعليم المسرع'!BI47 -> 6 | H44: ='التعليم المسرع'!BJ47 -> 1 | I44: =C44+E44+G44 -> 14 | J44: =D44+F44+H44 -> 4 | K44: =SUM(I44:J44) -> 18
B46: 14سنة | C46: ='التعليم المسرع'!AC47 -> 5 | D46: ='التعليم المسرع'!AD47 -> 1 | E46: ='التعليم المسرع'!AT47 -> 9 | F46: ='التعليم المسرع'!AU47 -> 0 | G46: ='التعليم المسرع'!BK47 -> 8 | H46: ='التعليم المسرع'!BL47 -> 7 | I46: =C46+E46+G46 -> 22 | J46: =D46+F46+H46 -> 8 | K46: =SUM(I46:J46) -> 30
B48: 15سنة | C48: ='التعليم المسرع'!AE47 -> 5 | D48: ='التعليم المسرع'!AF47 -> 1 | E48: ='التعليم المسرع'!AV47 -> 9 | F48: ='التعليم المسرع'!AW47 -> 1 | G48: ='التعليم المسرع'!BM47 -> 10 | H48: ='التعليم المسرع'!BN47 -> 3 | I48: =C48+E48+G48 -> 24 | J48: =D48+F48+H48 -> 5 | K48: =SUM(I48:J48) -> 29
B50: 16سنة | C50: ='التعليم المسرع'!AG47 -> 0 | D50: ='التعليم المسرع'!AH47 -> 0 | E50: ='التعليم المسرع'!AX47 -> 8 | F50: ='التعليم المسرع'!AY47 -> 0 | G50: ='التعليم المسرع'!BO47 -> 10 | H50: ='التعليم المسرع'!BP47 -> 2 | I50: =C50+E50+G50 -> 18 | J50: =D50+F50+H50 -> 2 | K50: =SUM(I50:J50) -> 20
B52: 17سنة | C52: ='التعليم المسرع'!AI47 -> 0 | D52: ='التعليم المسرع'!AJ47 -> 0 | E52: ='التعليم المسرع'!AZ47 -> 7 | F52: ='التعليم المسرع'!BA47 -> 1 | G52: ='التعليم المسرع'!BQ47 -> 9 | H52: ='التعليم المسرع'!BR47 -> 4 | I52: =C52+E52+G52 -> 16 | J52: =D52+F52+H52 -> 5 | K52: =SUM(I52:J52) -> 21
B54: 18سنة | C54: ='التعليم المسرع'!AK47 -> 0 | D54: ='التعليم المسرع'!AL47 -> 0 | E54: ='التعليم المسرع'!BB47 -> 2 | F54: ='التعليم المسرع'!BC47 -> 2 | G54: ='التعليم المسرع'!BS47 -> 13 | H54: ='التعليم المسرع'!BT47 -> 4 | I54: =C54+E54+G54 -> 15 | J54: =D54+F54+H54 -> 6 | K54: =SUM(I54:J54) -> 21
B56: المجموع | C56: =C42+C44+C46+C48+C50+C52+C54 -> 13 | D56: =D42+D44+D46+D48+D50+D52+D54 -> 7 | E56: =E42+E44+E46+E48+E50+E52+E54 -> 42 | F56: =F42+F44+F46+F48+F50+F52+F54 -> 6 | G56: =G42+G44+G46+G48+G50+G52+G54 -> 59 | H56: =H42+H44+H46+H48+H50+H52+H54 -> 22 | I56: =C56+E56+G56 -> 114 | J56: =D56+F56+H56 -> 35 | K56: =SUM(I56:J56) -> 149
B60: التاركين للعام الدراسي2026/2025 | E60: الناجحون للعام الدراسي 2025/2024 | H60: الراسبون لجميع الاسباب للعام الدراسي 2025/2024 | N60: المجموع
H61: الفشل بألامتحان | J61: تجاوز الغياب | L61: اسباب الاخرى
B62: بنون | C62: بنات | D62: المجموع | E62: بنون | F62: بنات | G62: المجموع | H62: بنون | I62: بنات | J62: بنون | K62: بنات | L62: بنون | M62: بنات | N62: بنون | O62: بنات | P62: المجموع
A64: المرحلة الاولى | B64: ='التعليم المسرع'!DB47 -> 0 | C64: ='التعليم المسرع'!DC47 -> 0 | D64: =C64+B64 -> 0 | E64: ='التعليم المسرع'!DK47 -> 37 | F64: ='التعليم المسرع'!DL47 -> 0 | G64: =F64+E64 -> 37 | H64: ='التعليم المسرع'!DT47 -> 10 | I64: ='التعليم المسرع'!DU47 -> 0 | J64: ='التعليم المسرع'!EC47 -> 0 | K64: ='التعليم المسرع'!ED47 -> 0 | L64: ='التعليم المسرع'!EL47 -> 0 | M64: ='التعليم المسرع'!EM47 -> 0 | N64: =L64+J64+H64 -> 10 | O64: =M64+K64+I64 -> 0 | P64: =O64+N64 -> 10
A66: المرحلة الثانية | B66: ='التعليم المسرع'!DD47 -> 0 | C66: ='التعليم المسرع'!DE47 -> 0 | D66: =C66+B66 -> 0 | E66: ='التعليم المسرع'!DM47 -> 47 | F66: ='التعليم المسرع'!DN47 -> 0 | G66: =F66+E66 -> 47 | H66: ='التعليم المسرع'!DV47 -> 42 | I66: ='التعليم المسرع'!DW47 -> 0 | J66: ='التعليم المسرع'!EE47 -> 0 | K66: ='التعليم المسرع'!EF47 -> 0 | L66: ='التعليم المسرع'!EN47 -> 0 | M66: ='التعليم المسرع'!EO47 -> 0 | N66: =L66+J66+H66 -> 42 | O66: =M66+K66+I66 -> 0 | P66: =O66+N66 -> 42
A68: المرحلة الثالثة | B68: ='التعليم المسرع'!DF47 -> 0 | C68: ='التعليم المسرع'!DG47 -> 0 | D68: =C68+B68 -> 0 | E68: ='التعليم المسرع'!DO47 -> 28 | F68: ='التعليم المسرع'!DP47 -> 0 | G68: =F68+E68 -> 28 | H68: ='التعليم المسرع'!DX47 -> 17 | I68: ='التعليم المسرع'!DY47 -> 0 | J68: ='التعليم المسرع'!EG47 -> 0 | K68: ='التعليم المسرع'!EH47 -> 0 | L68: ='التعليم المسرع'!EP47 -> 0 | M68: ='التعليم المسرع'!EQ47 -> 0 | N68: =L68+J68+H68 -> 17 | O68: =M68+K68+I68 -> 0 | P68: =O68+N68 -> 17

Sheet القادسية
A1: وزارة التربية
A2: المديرية العامة للتربية في محافظة النجف الاشرف
A3: خلاصة مدارس التعليم المسرع
E4: البيانات الاحصائية لمدارس التعليم المسرع للعام الدراسي 2026/2025
A6: اسم المحافظة | B6: النجف الاشرف | F6: القضاء | G6: المشخاب | K6: الناحية | L6: القادسية
A8: عدد المدرسة | B8: ='التعليم المسرع'!K49+'التعليم المسرع'!L49 -> 1 | F8: الاصلية | G8: ='التعليم المسرع'!Q49 -> 0 | K8: الضيف | L8: ='التعليم المسرع'!R49 -> 1
B11: الموقع البيئي للمدرسة | F11: جنس المدرسة | K11: عدد اعضاء الهيئة التعليمية
B12: حضر | C12: ريف | F12: بنون | G12: بنات | H12: مختلط | K12: ذكور | L12: اناث | M12: المجموع
B13: ='التعليم المسرع'!K49 -> 1 | C13: ='التعليم المسرع'!L49 -> 0 | F13: ='التعليم المسرع'!H49 -> 1 | G13: ='التعليم المسرع'!I49 -> 0 | H13: ='التعليم المسرع'!J49 -> 0 | K13: ='التعليم المسرع'!GW49 -> 8 | L13: ='التعليم المسرع'!GO49 -> 0 | M13: =SUM(K13:L13) -> 8
B16: عدد الشعب حسب المرحلة والجنس | I16: عدد اعضاء الهيئة التعليمية حسب العنوان الوظيفي
B17: المرحلة | C17: بنون | D17: بنات | E17: مختلط | F17: المجموع | I17: العنوان | J17: مدير | K17: معاون | L17: معلم | M17: مجموع
B18: المرحلة الاولى | C18: ='التعليم المسرع'!CO49 -> 1 | D18: ='التعليم المسرع'!CP49 -> 0 | E18: ='التعليم المسرع'!CQ49 -> 0 | F18: =C18+D18+E18 -> 1
I19: ذكور | J19: ='التعليم المسرع'!EU49 -> 1 | K19: ='التعليم المسرع'!EW49 -> 0 | L19: ='التعليم المسرع'!EY49 -> 7 | M19: =SUM(J19:L19) -> 8
B20: المرحلة الثانية | C20: ='التعليم المسرع'!CR49 -> 1 | D20: ='التعليم المسرع'!CS49 -> 0 | E20: ='التعليم المسرع'!CT49 -> 0 | F20: =C20+D20+E20 -> 1
