Workbook

Sheet survey
A1: رقم المدرسة الاحصائي | B1: التصنيف | C1: بيئة المدرسة | D1: اسم المدرسة | E1: القضاء | F1: الناحية | G1: القرية | H1: الحي | I1: المحلة | J1: الزقاق | K1: سنة التأسيس | L1: هل المدرسة فتح جديد | M1: رقم الهاتف | N1: عائدية البناية | O1: رقم المبنى | P1: جنس المدرسة | Q1: دوام المدرسة | R1: استقلالية المدرسة | S1: اسم المدرسة الاصلية | T1: الرقم الاحصائي للمدرسة الاصلية | U1: هل المدرسة | V1: عدد التلامذة المستجدين في الصف الأول الابتدائي | W1: 5 سنوات | X1: بنون | Y1: بنات | Z1: 6 سنوات | AA1: بنون | AB1: بنات | AC1: 7 سنوات | AD1: بنون | AE1: بنات | AF1: 8 سنوات | AG1: بنون | AH1: بنات | AI1: 9 سنوات | AJ1: بنون | AK1: بنات | AL1: 10 سنوات | AM1: بنون | AN1: بنات | AO1: المجموع الكلي | AP1: بنون | AQ1: بنات | AR1: المجموع | AS1: عدد التلامذة المسجلين في الصف الاول الابتدائي | AT1: 5 سنوات | AU1: بنون | AV1: بنات | AW1: 6 سنوات | AX1: بنون | AY1: بنات | AZ1: 7 سنوات | BA1: بنون | BB1: بنات | BC1: 8 سنوات | BD1: بنون | BE1: بنات | BF1: 9 سنوات | BG1: بنون | BH1: بنات | BI1: 10 سنوات | BJ1: بنون | BK1: بنات | BL1: المجموع | BM1: بنون | BN1: بنات | BO1: المجموع | BP1: عدد التلامذة المسجلين في الصف الثاني الابتدائي | BQ1: 7 سنوات | BR1: بنون | BS1: بنات | BT1: 8 سنوات | BU1: بنون | BV1: بنات | BW1: 9 سنوات | BX1: بنون | BY1: بنات | BZ1: 10 سنوات | CA1: بنون | CB1: بنات | CC1: 11 سنوات | CD1: بنون | CE1: بنات | CF1: المجموع | CG1: بنون | CH1: بنات | CI1: المجموع | CJ1: عدد التلامذة المسجلين في الصف الثالث الابتدائي | CK1: 8 سنوات | CL1: بنون | CM1: بنات | CN1: 9 سنوات | CO1: بنون | CP1: بنات | CQ1: 10 سنوات | CR1: بنون | CS1: بنات | CT1: 11 سنوات | CU1: بنون | CV1: بنات | CW1: 12 سنوات | CX1: بنون | CY1: بنات | CZ1: المجموع | DA1: بنون | DB1: بنات | DC1: المجموع | DD1: عدد التلامذة المسجلين في الصف الرابع الابتدائي | DE1: 9 سنوات | DF1: بنون | DG1: بنات | DH1: 10 سنوات | DI1: بنون | DJ1: بنات | DK1: 11 سنوات | DL1: بنون | DM1: بنات | DN1: 12 سنوات | DO1: بنون | DP1: بنات | DQ1: 13 سنوات | DR1: بنون | DS1: بنات | DT1: المجموع | DU1: بنون | DV1: بنات | DW1: المجموع | DX1: عدد التلامذة المسجلين في الصف الخامس الابتدائي | DY1: 10 سنوات | DZ1: بنون | EA1: بنات | EB1: 11 سنوات | EC1: بنون | ED1: بنات | EE1: 12 سنوات | EF1: بنون | EG1: بنات | EH1: 13 سنوات | EI1: بنون | EJ1: بنات | EK1: 14 سنوات | EL1: بنون | EM1: بنات | EN1: المجموع | EO1: بنون | EP1: بنات | EQ1: المجموع | ER1: عدد التلامذة المسجلين في الصف السادس الابتدائي | ES1: 11 سنوات | ET1: بنون | EU1: بنات | EV1: 12 سنوات | EW1: بنون | EX1: بنات | EY1: 13 سنوات | EZ1: بنون | FA1: بنات | FB1: 14 سنوات | FC1: بنون | FD1: بنات | FE1: 15 سنوات | FF1: بنون | FG1: بنات | FH1: المجموع | FI1: بنون | FJ1: بنات | FK1: المجموع | FL1: عدد الشعب حسب الصف والجنس | FM1: الصف الاول | FN1: بنون | FO1: بنات | FP1: مختلط | FQ1: الصف الثاني | FR1: بنون | FS1: بنات | FT1: مختلط | FU1: الصف الثالث | FV1: بنون | FW1: بنات | FX1: مختلط | FY1: الصف الرابع | FZ1: بنون | GA1: بنات | GB1: مختلط | GC1: الصف الخامس | GD1: بنون | GE1: بنات | GF1: مختلط | GG1: الصف السادس | GH1: بنون | GI1: بنات | GJ1: مختلط | GK1: المجموع | GL1: بنون | GM1: بنات | GN1: مختلط | GO1: المجموع | GP1: عدد التلامذة التاركين | GQ1: الاول | GR1: بنون | GS1: بنات | GT1: الثاني | GU1: بنون | GV1: بنات | GW1: الثالث | GX1: بنون | GY1: بنات | GZ1: الرابع | HA1: بنون | HB1: بنات | HC1: الخامس | HD1: بنون | HE1: بنات | HF1: السادس | HG1: بنون | HH1: بنات | HI1: المجموع | HJ1: بنون | HK1: بنات | HL1: المجموع | HM1: عدد التلامذة الناجحون | HN1: الاول | HO1: بنون | HP1: بنات | HQ1: الثاني | HR1: بنون | HS1: بنات | HT1: الثالث | HU1: بنون | HV1: بنات | HW1: الرابع | HX1: بنون | HY1: بنات | HZ1: الخامس | IA1: بنون | IB1: بنات | IC1: السادس | ID1: بنون | IE1: بنات | IF1: المجموع | IG1: بنون | IH1: بنات | II1: المجموع | IJ1: التلامذة الراسبين بسبب الفشل بالامتحان | IK1: الاول | IL1: بنون | IM1: بنات | IN1: الثاني | IO1: بنون | IP1: بنات | IQ1: الثالث | IR1: بنون | IS1: بنات | IT1: الرابع | IU1: بنون | IV1: بنات | IW1: الخامس | IX1: بنون | IY1: بنات | IZ1: السادس | JA1: بنون | JB1: بنات | JC1: المجموع | JD1: بنون | JE1: بنات | JF1: المجموع | JG1: التلامذة الراسبين بسبب تجاوز أيام الغياب | JH1: الاول | JI1: بنون | JJ1: بنات | JK1: الثاني | JL1: بنون | JM1: بنات | JN1: الثالث | JO1: بنون | JP1: بنات | JQ1: الرابع | JR1: بنون | JS1: بنات | JT1: الخامس | JU1: بنون | JV1: بنات | JW1: السادس | JX1: بنون | JY1: بنات | JZ1: المجموع | KA1: بنون | KB1: بنات | KC1: المجموع | KD1: التلامذة الراسبين لاسباب أخرى | KE1: الاول | KF1: بنون | KG1: بنات | KH1: الثاني | KI1: بنون | KJ1: بنات | KK1: الثالث | KL1: بنون | KM1: بنات | KN1: الرابع | KO1: بنون | KP1: بنات | KQ1: الخامس | KR1: بنون | KS1: بنات | KT1: السادس | KU1: بنون | KV1: بنات | KW1: المجموع | KX1: بنون | KY1: بنات | KZ1: المجموع | LA1: مجموع التلامذة الراسبين لكل الاسباب | LB1: الاول | LC1: بنون | LD1: بنات | LE1: الثاني | LF1: بنون | LG1: بنات | LH1: الثالث | LI1: بنون | LJ1: بنات | LK1: الرابع | LL1: بنون | LM1: بنات | LN1: الخامس | LO1: بنون | LP1: بنات | LQ1: السادس | LR1: بنون | LS1: بنات | LT1: المجموع | LU1: بنون | LV1: بنات | LW1: المجموع | LX1: أعضاء الهيئة التعليمية حسب العنوان الوظيفي | LY1: مدير | LZ1: ذكور | MA1: اناث | MB1: معاون | MC1: ذكور | MD1: اناث | ME1: مدرس | MF1: ذكور | MG1: اناث | MH1: مرشد | MI1: ذكور | MJ1: اناث | MK1: المجموع | ML1: ذكور | MM1: اناث | MN1: المجموع | MO1: الموظفون الاداريون والخدميون حسب العنوان الوظيفي | MP1: موظف ادراي | MQ1: ذكور | MR1: اناث | MS1: محاسب | MT1: ذكور | MU1: اناث | MV1: كاتب | MW1: ذكور | MX1: اناث | MY1: مساعد مختبر | MZ1: ذكور | NA1: اناث | NB1: امين مكتبة | NC1: ذكور | ND1: اناث | NE1: موظف خدمات | NF1: ذكور | NG1: اناث | NH1: حارس | NI1: ذكور | NJ1: اناث | NK1: سائق | NL1: ذكور | NM1: اناث | NN1: فلاح | NO1: ذكور | NP1: اناث | NQ1: المجموع | NR1: ذكور | NS1: اناث | NT1: المجموع | NU1: عدد أعضاء الهيئة التدريسية حسب الجنسية | NV1: عراقية | NW1: ذكور | NX1: اناث | NY1: عربية | NZ1: ذكور | OA1: اناث | OB1: اجنبية | OC1: ذكور | OD1: اناث | OE1: المجموع | OF1: ذكور | OG1: اناث | OH1: المجموع | OI1: عدد أعضاء الهيئة التدريسية حسب الحالة الوظيفية | OJ1: داخل قوة العمل | OK1: ذكور | OL1: اناث | OM1: بعثة او زمالة دراسية | ON1: ذكور | OO1: اناث | OP1: إجازة دراسية | OQ1: ذكور | OR1: اناث | OS1: إجازة مصاحبة | OT1: ذكور | OU1: اناث | OV1: اجازة بدون راتب | OW1: ذكور | OX1: اناث | OY1: إجازة مرضية طويلة | OZ1: ذكور | PA1: اناث | PB1: إجازة امومة | PC1: ذكور | PD1: اناث | PE1: منسب الى جهات اخرى | PF1: ذكور | PG1: اناث | PH1: اجازة (4-5) سنوات | PI1: ذكور | PJ1: اناث | PK1: المجموع | PL1: ذكور | PM1: اناث | PN1: المجموع | PO1: عدد أعضاء الهيئة التدريسية حسب الحالة الاجتماعية | PP1: اعزب | PQ1: ذكور | PR1: اناث | PS1: متزوج | PT1: ذكور | PU1: اناث | PV1: ارمل | PW1: ذكور | PX1: اناث | PY1: مطلق | PZ1: ذكور | QA1: اناث | QB1: المجموع | QC1: ذكور | QD1: اناث | QE1: المجموع | QF1: عدد أعضاء الهيئة التدريسية حسب سنوات الخدمة | QG1: 5 سنوات او اقل | QH1: ذكور | QI1: اناث | QJ1: من 6 الى 10 | QK1: ذكور | QL1: اناث | QM1: من 11 الى 15 | QN1: ذكور | QO1: اناث | QP1: 16 فاكثر | QQ1: ذكور | QR1: اناث | QS1: المجموع | QT1: ذكور | QU1: اناث | QV1: المجموع | QW1: عدد أعضاء الهيئة التدريسية حسب العمر | QX1: اقل من 30 | QY1: ذكور | QZ1: اناث | RA1: من 30 الى 39 | RB1: ذكور | RC1: اناث | RD1: من 40 الى 49 | RE1: ذكور | RF1: اناث | RG1: من 50 الى 59 | RH1: ذكور | RI1: اناث | RJ1: 60 فاكثر | RK1: ذكور | RL1: اناث | RM1: المجموع | RN1: ذكور | RO1: اناث | RP1: المجموع | RQ1: عدد أعضاء الهيئة التدريسية المشاركين في الدورات التدريبية للعام السابق | RR1: ذكور | RS1: اناث | RT1: المجموع | RU1: عدد أعضاء الهيئة التدريسية حسب الشهادة والتخصص والجنس | RV1: التربية الإسلامية | RW1: الذكور | RX1: الاناث | RY1: المجموع | RZ1: اللعة العربية | SA1: الذكور | SB1: الاناث | SC1: المجموع | SD1: اللغة الانكليزية | SE1: الذكور | SF1: الاناث | SG1: المجموع | SH1: اللغة الكردية | SI1: الذكور | SJ1: الاناث | SK1: المجموع | SL1: رياضيات | SM1: الذكور | SN1: الاناث | SO1: المجموع | SP1: علوم وعلوم الحياة | SQ1: الذكور | SR1: الاناث | SS1: المجموع | ST1: كيمياء | SU1: الذكور | SV1: الاناث | SW1: المجموع | SX1: فيزياء | SY1: الذكور | SZ1: الاناث | TA1: المجموع | TB1: اجتماعيات | TC1: الذكور | TD1: الاناث | TE1: المجموع | TF1: تاريخ | TG1: الذكور | TH1: الاناث | TI1: المجموع | TJ1: جغرافية | TK1: الذكور | TL1: الاناث | TM1: المجموع | TN1: اقتصاد منزلي | TO1: الذكور | TP1: الاناث | TQ1: المجموع | TR1: تربية خاصة | TS1: الذكور | TT1: الاناث | TU1: المجموع | TV1: علم النفس | TW1: الذكور | TX1: الاناث | TY1: المجموع | TZ1: تربية الفنية | UA1: الذكور | UB1: الاناث | UC1: المجموع | UD1: تربية رياضية | UE1: الذكور | UF1: الاناث | UG1: المجموع | UH1: حاسوب | UI1: الذكور | UJ1: الاناث | UK1: المجموع | UL1: اللغة التركمانية | UM1: الذكور | UN1: الاناث | UO1: المجموع | UP1: اللغة السريانية | UQ1: الذكور | UR1: الاناث | US1: المجموع | UT1: عام | UU1: الذكور | UV1: الاناث | UW1: المجموع | UX1: اخرى | UY1: الذكور | UZ1: الاناث | VA1: المجموع | VB1: المجموع | VC1: ذكور | VD1: دورات تربوية | VE1: دبلوم تعليمي | VF1: دبلوم فنون جميلة | VG1: دبلوم عام | VH1: بكالوريوس تعليمي | VI1: بكالوريوس عام | VJ1: دبلوم عالي | VK1: ماجستير | VL1: دكتوراه | VM1: اخرى | VN1: المجموع | VO1: اناث | VP1: دورات تربوية | VQ1: دبلوم تعليمي | VR1: دبلوم فنون جميلة | VS1: دبلوم عام | VT1: بكالوريوس تعليمي | VU1: بكالوريوس عام | VV1: دبلوم عالي | VW1: ماجستير | VX1: دكتوراه | VY1: اخرى | VZ1: المجموع | WA1: المجموع | WB1: دورات تربوية | WC1: دبلوم تعليمي | WD1: دبلوم فنون جميلة | WE1: دبلوم عام | WF1: بكالوريوس تعليمي | WG1: بكالوريوس عام | WH1: دبلوم عالي | WI1: ماجستير | WJ1: دكتوراه | WK1: اخرى | WL1: المجموع | WM1: 7| عدد التلامذة المسجلين من غير العراقيين | WN1: الاول | WO1: بنون | WP1: بنات | WQ1: الثاني | WR1: بنون | WS1: بنات | WT1: الثالث | WU1: بنون | WV1: بنات | WW1: الرابع | WX1: بنون | WY1: بنات | WZ1: الخامس | XA1: بنون | XB1: بنات | XC1: السادس | XD1: بنون | XE1: بنات | XF1: المجموع | XG1: بنون | XH1: بنات | XI1: المجموع | XJ1: هل المدرسة مشمولة بـــ : | XK1: الارشاد التربوي | XL1: التغذية المدرسية | XM1: خدمة الانترنت | XN1: تدريس الحاسوب | XO1: تدريس اللغات الأجنبية | XP1: ما هي اللغة الأجنبية | XQ1: اللغات المحلية | XR1: نوع البناء | XS1: سنة البناء | XT1: رقم القطعة | XU1: رقم المقاطعة | XV1: هل توجد مساحة للتوسيع؟ | XW1: عدد طوابق البناية | XX1: هل المدرسة بحاجة الى صفوف إضافية | XY1: عدد الصفوف الإضافية | XZ1: سعة المدرسة | YA1: عدد الغرف بالبناية / صفوف | YB1: عدد الغرف بالبناية / أخرى | YC1: المجموع | YD1: مادة البناء | YE1: هل تتوفر في المدرسة مرافق صحية | YF1: صالحة / غير صالحة | YG1: كافية / غير كافية | YH1: هل ترتبط البناية بشبكة الماء الصالح للشرب؟ | YI1: مصدرالماء الصالح للشرب | YJ1: هل المدرسة مزودة بخدمة المجاري؟ | YK1: ما نوع خدمه المجاري | YL1: هل هناك سياج حول البناية؟ | YM1: نوع السياج | YN1: حالة السياج | YO1: هل توجد ساحة رياضية في المدرسة؟ | YP1: هل توجد حديقة مدرسية؟ | YQ1: هل توجد قاعة أنشطة مستقلة؟ | YR1: نوعها | YS1: هل البناية تشغلها | YT1: عائدية البناية | YU1: الحالة العمرانية | YV1: عدد الرحلات ذات المقعدين | YW1: صالحة | YX1: غير صالحة | YY1: عدد الرحلات ذات المقعد الواحد | YZ1: صالحة | ZA1: غير صالحة | ZB1: عدد لوحات الكتابة (السبورات) | ZC1: صالحة | ZD1: غير صالحة | ZE1: عدد الحاسبات الالكترونية (كمبيوتر) | ZF1: صالحة | ZG1: غير صالحة | ZH1: عدد الطابعات | ZI1: صالحة | ZJ1: غير صالحة | ZK1: عدد الماسح الضوئي (سكنر) | ZL1: صالحة | ZM1: غير صالحة | ZN1: هل توجد مكتبة | ZO1: المسؤول عن المكتبة | ZP1: نوعية المكتبة | ZQ1: عدد الكتب والمجلات في المكتبة | ZR1: عدد الكتب | ZS1: عدد المجلات او القصص | ZT1: المجموع | ZU1: هل يوجد مختبر | ZV1: اسم المدير | ZW1: اقرب نقطة دالة | ZX1: اسم المدرسة الضيف | ZY1: _id | ZZ1: _uuid | AAA1: _submission_time | AAB1: _validation_status | AAC1: _notes | AAD1: _status | AAE1: _submitted_by | AAF1: __version__ | AAG1: _tags | AAH1: meta/rootUuid | AAI1: _index
A2: 1400955 | B2: ابتدائي حكومي | C2: حضر | D2: الرسل الابتدائية للبنات | E2: النجف | F2: مركز النجف | G2: 0 | H2: الرحمة | I2: 0 | J2: 0 | K2: 2024 | L2: لا | M2: 07810483096 | N2: حكومية | O2: 0 | P2: بنات | Q2: صباحاً | R2: اصلية | U2: مزدوجة مع نفسها ومع اخرى | Y2: 0 | AB2: 64 | AE2: 39 | AH2: 12 | AK2: 5 | AN2: 5 | AQ2: 125 | AR2: 125 | AV2: 0 | AY2: 64 | BB2: 39 | BE2: 12 | BH2: 5 | BK2: 5 | BN2: 125 | BO2: 125 | BS2: 68 | BV2: 33 | BY2: 15 | CB2: 7 | CE2: 9 | CH2: 132 | CI2: 132 | CM2: 76 | CP2: 46 | CS2: 20 | CV2: 10 | CY2: 10 | DB2: 162 | DC2: 162 | DG2: 66 | DJ2: 56 | DM2: 13 | DP2: 11 | DS2: 10 | DV2: 156 | DW2: 156 | EA2: 64 | ED2: 55 | EG2: 20 | EJ2: 11 | EM2: 10 | EP2: 160 | EQ2: 160 | EU2: 29 | EX2: 20 | FA2: 15 | FD2: 5 | FG2: 10 | FJ2: 79 | FK2: 79 | FO2: 3 | FS2: 3 | FW2: 3 | GA2: 3 | GE2: 3 | GI2: 3 | GM2: 18 | GO2: 18 | GS2: 6 | GV2: 9 | GY2: 8 | HB2: 17 | HE2: 15 | HH2: 10 | HK2: 65 | HL2: 65 | HP2: 92 | HS2: 91 | HV2: 121 | HY2: 89 | IB2: 42 | IE2: 57 | IH2: 492 | II2: 492 | IM2: 9 | IP2: 7 | IS2: 0 | IV2: 14 | IY2: 38 | JB2: 6 | JE2: 74 | JF2: 74 | JJ2: 3 | JM2: 2 | JP2: 0 | JS2: 0 | JV2: 18 | JY2: 13 | KB2: 36 | KC2: 36 | KG2: 0 | KJ2: 0 | KM2: 0 | KP2: 0 | KS2: 0 | KV2: 0 | KY2: 0 | KZ2: 0 | LD2: 12 | LG2: 9 | LJ2: 0 | LM2: 14 | LP2: 56 | LS2: 19 | LV2: 110 | LW2: 110 | MA2: 1 | MD2: 2 | MG2: 15 | ML2: 0 | MM2: 18 | MN2: 18 | ND2: 1 | NF2: 1 | NG2: 1 | NR2: 1 | NS2: 2 | NT2: 3 | NW2: 0 | NX2: 18 | OF2: 0 | OG2: 18 | OH2: 18 | OL2: 12 | PA2: 4 | PJ2: 2 | PL2: 0 | PM2: 18 | PN2: 18 | PU2: 17 | PX2: 1 | QC2: 0 | QD2: 18 | QE2: 18 | QL2: 5 | QO2: 5 | QR2: 8 | QT2: 0 | QU2: 18 | QV2: 18 | RC2: 4 | RF2: 11 | RI2: 3 | RN2: 0 | RO2: 18 | RP2: 18 | RR2: 0 | RS2: 0 | RT2: 0 | RX2: 2 | RY2: 2 | SB2: 3 | SC2: 3 | SF2: 2 | SG2: 2 | SJ2: 0 | SK2: 0 | SN2: 4 | SO2: 4 | SR2: 0 | SS2: 0 | SV2: 0 | SW2: 0 | SZ2: 1 | TA2: 1 | TD2: 0 | TE2: 0 | TH2: 1 | TI2: 1 | TL2: 0 | TM2: 0 | TP2: 0 | TQ2: 0 | TT2: 0 | TU2: 0 | TX2: 1 | TY2: 1 | UB2: 1 | UC2: 1 | UF2: 3 | UG2: 3 | UJ2: 0 | UK2: 0 | UN2: 0 | UO2: 0 | UR2: 0 | US2: 0 | UV2: 0 | UW2: 0 | UZ2: 0 | VA2: 0 | VP2: 0 | VQ2: 10 | VR2: 0 | VS2: 2 | VT2: 5 | VU2: 0 | VV2: 0 | VW2: 1 | VX2: 0 | VY2: 0 | VZ2: 18 | WB2: 0 | WC2: 10 | WD2: 0 | WE2: 2 | WF2: 5 | WG2: 0 | WH2: 0 | WI2: 1 | WJ2: 0 | WK2: 0 | WL2: 18 | WP2: 1 | WS2: 1 | WV2: 0 | WY2: 0 | XB2: 0 | XE2: 0 | XH2: 0 | XK2: نعم | XL2: كلا | XM2: كلا | XN2: كلا | XO2: كلا | XR2: مدرسي | XS2: 1900 | XT2: 0 | XU2: 0 | XV2: نعم | XW2: طابقين | XX2: نعم | XY2: 6 | XZ2: 18 صف | YA2: 18 | YB2: 6 | YC2: 24 | YD2: طابوق او حجر او بلوك | YE2: نعم | YF2: صالحة | YG2: كافية | YH2: نعم | YI2: بلدية | YJ2: نعم | YK2: صهاريج | YL2: نعم | YM2: بناء | YN2: جيد | YO2: كلا | YP2: نعم | YQ2: كلا | YS2: مدرستان | YT2: حكومية تابعة لجهات أخرى | YU2: صالحة | YW2: 75 | YX2: 85 | YZ2: 0 | ZA2: 0 | ZC2: 13 | ZD2: 11 | ZF2: 1 | ZG2: 2 | ZI2: 1 | ZJ2: 2 | ZL2: 0 | ZM2: 0 | ZN2: نعم | ZO2: معلم غير متفرغ | ZP2: غرفة | ZR2: 200 | ZS2: 50 | ZT2: 250 | ZU2: نعم | ZV2: ركزان جبار صياح | ZW2: 0 | ZX2: 0 | ZY2: 753718442 | ZZ2: 13956a09-34ec-4af7-a61d-7e54ff2b3942 | AAA2: 46085.383 | AAD2: submitted_via_web | AAF2: vVzzfX65n7BFB4zHT6BDkS | AAH2: uuid:352469fb-42b1-41d8-a2ac-16c50030b28b | AAI2: 1
A3: 1400507 | B3: ابتدائي حكومي | C3: حضر | D3: انوار الصحراء | E3: النجف | F3: الحيدرية | G3: 0 | H3: 0 | I3: 0 | J3: 0 | K3: 2006 | L3: لا | M3: 07827749457 | N3: حكومية | O3: 0 | P3: مختلط | Q3: صباحاً | R3: اصلية | U3: مزدوجة مع اخرى | X3: 1 | Y3: 0 | AA3: 26 | AB3: 23 | AD3: 11 | AE3: 10 | AG3: 3 | AH3: 4 | AJ3: 1 | AK3: 1 | AM3: 0 | AN3: 0 | AP3: 42 | AQ3: 38 | AR3: 80 | AU3: 1 | AV3: 0 | AX3: 26 | AY3: 23 | BA3: 17 | BB3: 15 | BD3: 5 | BE3: 6 | BG3: 6 | BH3: 2 | BJ3: 0 | BK3: 0 | BM3: 55 | BN3: 46 | BO3: 101 | BR3: 16 | BS3: 16 | BU3: 14 | BV3: 10 | BX3: 17 | BY3: 6 | CA3: 2 | CB3: 1 | CD3: 5 | CE3: 1 | CG3: 54 | CH3: 34 | CI3: 88 | CL3: 21 | CM3: 18 | CO3: 9 | CP3: 12 | CR3: 9 | CS3: 2 | CU3: 6 | CV3: 8 | CX3: 1 | CY3: 1 | DA3: 46 | DB3: 41 | DC3: 87 | DF3: 14 | DG3: 15 | DI3: 13 | DJ3: 8 | DL3: 20 | DM3: 12 | DO3: 9 | DP3: 7 | DR3: 7 | DS3: 7 | DU3: 63 | DV3: 49 | DW3: 112 | DZ3: 11 | EA3: 8 | EC3: 8 | ED3: 7 | EF3: 9 | EG3: 1 | EI3: 3 | EJ3: 5 | EL3: 4 | EM3: 2 | EO3: 35 | EP3: 23 | EQ3: 58 | ET3: 9 | EU3: 10 | EW3: 10 | EX3: 6 | EZ3: 6 | FA3: 9 | FC3: 2 | FD3: 2 | FF3: 2 | FG3: 1 | FI3: 29 | FJ3: 28 | FK3: 57 | FN3: 0 | FO3: 0 | FP3: 2 | FR3: 1 | FS3: 1 | FT3: 0 | FV3: 1 | FW3: 1 | FX3: 0 | FZ3: 1 | GA3: 1 | GB3: 0 | GD3: 0 | GE3: 0 | GF3: 1 | GH3: 0 | GI3: 0 | GJ3: 1 | GL3: 3 | GM3: 3 | GN3: 4 | GO3: 10 | GR3: 0 | GS3: 0 | GU3: 0 | GV3: 0 | GX3: 0 | GY3: 0 | HA3: 0 | HB3: 0 | HD3: 0 | HE3: 0 | HG3: 0 | HH3: 0 | HJ3: 0 | HK3: 0 | HL3: 0 | HO3: 39 | HP3: 29 | HR3: 36 | HS3: 35 | HU3: 41 | HV3: 36 | HX3: 25 | HY3: 15 | IA3: 26 | IB3: 24 | ID3: 19 | IE3: 16 | IG3: 186 | IH3: 155 | II3: 341 | IL3: 7 | IM3: 10 | IO3: 13 | IP3: 6 | IR3: 10 | IS3: 7 | IU3: 26 | IV3: 14 | IX3: 11 | IY3: 8 | JA3: 5 | JB3: 1 | JD3: 72 | JE3: 46 | JF3: 118 | JI3: 9 | JJ3: 2 | JL3: 2 | JM3: 1 | JO3: 2 | JP3: 1 | JR3: 6 | JS3: 3 | JU3: 5 | JV3: 1 | JX3: 2 | JY3: 3 | KA3: 26 | KB3: 11 | KC3: 37 | KF3: 0 | KG3: 0 | KI3: 0 | KJ3: 0 | KL3: 0 | KM3: 0 | KO3: 0 | KP3: 0 | KR3: 0 | KS3: 0 | KU3: 0 | KV3: 0 | KX3: 0 | KY3: 0 | KZ3: 0 | LC3: 16 | LD3: 12 | LF3: 15 | LG3: 7 | LI3: 12 | LJ3: 8 | LL3: 32 | LM3: 17 | LO3: 16 | LP3: 9 | LR3: 7 | LS3: 4 | LU3: 98 | LV3: 57 | LW3: 155 | LZ3: 1 | MC3: 2 | MF3: 26 | MG3: 46 | ML3: 29 | MM3: 46 | MN3: 75 | NF3: 1 | NG3: 1 | NI3: 1 | NR3: 2 | NS3: 1 | NT3: 3 | NW3: 29 | NX3: 46 | OF3: 29 | OG3: 46 | OH3: 75 | OK3: 27 | OL3: 41 | OQ3: 1 | OR3: 2 | OT3: 1 | PD3: 2 | PJ3: 1 | PL3: 29 | PM3: 46 | PN3: 75 | PQ3: 2 | PR3: 4 | PT3: 27 | PU3: 41 | QA3: 1 | QC3: 29 | QD3: 46 | QE3: 75 | QH3: 16 | QI3: 41 | QK3: 10 | QL3: 3 | QN3: 3 | QO3: 2 | QT3: 29 | QU3: 46 | QV3: 75 | QY3: 3 | QZ3: 2 | RB3: 22 | RC3: 34 | RE3: 3 | RF3: 8 | RH3: 1 | RI3: 2 | RN3: 29 | RO3: 46 | RP3: 75 | RR3: 4 | RS3: 2 | RT3: 6 | RW3: 5 | RX3: 7 | RY3: 12 | SA3: 9 | SB3: 12 | SC3: 21 | SE3: 2 | SF3: 6 | SG3: 8 | SI3: 0 | SJ3: 0 | SK3: 0 | SM3: 2 | SN3: 13 | SO3: 15 | SQ3: 0 | SR3: 1 | SS3: 1 | SU3: 0 | SV3: 0 | SW3: 0 | SY3: 2 | SZ3: 0 | TA3: 2 | TC3: 0 | TD3: 0 | TE3: 0 | TG3: 1 | TH3: 0 | TI3: 1 | TK3: 0 | TL3: 5 | TM3: 5 | TO3: 0 | TP3: 0 | TQ3: 0 | TS3: 0 | TT3: 0 | TU3: 0 | TW3: 0 | TX3: 0 | TY3: 0 | UA3: 5 | UB3: 0 | UC3: 5 | UE3: 2 | UF3: 1 | UG3: 3 | UI3: 0 | UJ3: 0 | UK3: 0 | UM3: 0 | UN3: 0 | UO3: 0 | UQ3: 0 | UR3: 0 | US3: 0 | UU3: 0 | UV3: 0 | UW3: 0 | UY3: 1 | UZ3: 1 | VA3: 2 | VD3: 0 | VE3: 12 | VF3: 0 | VG3: 0 | VH3: 16 | VI3: 1 | VJ3: 0 | VK3: 0 | VL3: 0 | VM3: 0 | VN3: 29 | VP3: 0 | VQ3: 21 | VR3: 0 | VS3: 0 | VT3: 20 | VU3: 3 | VV3: 0 | VW3: 1 | VX3: 1 | VY3: 0 | VZ3: 46 | WB3: 0 | WC3: 33 | WD3: 0 | WE3: 0 | WF3: 36 | WG3: 4 | WH3: 0 | WI3: 1 | WJ3: 1 | WK3: 0 | WL3: 75 | WO3: 0 | WP3: 0 | WR3: 0 | WS3: 0 | WU3: 0 | WV3: 0 | WX3: 0 | WY3: 0 | XA3: 0 | XB3: 0 | XD3: 0 | XE3: 0 | XG3: 0 | XH3: 0 | XI3: 0 | XK3: كلا | XL3: كلا | XM3: كلا | XN3: كلا | XO3: كلا | XR3: مدرسي | XS3: 2005 | XT3: 0 | XU3: 0 | XV3: نعم | XW3: طابقين | XX3: كلا | XZ3: 9 صف | YA3: 9 | YB3: 6 | YC3: 15 | YD3: طابوق او حجر او بلوك | YE3: نعم | YF3: صالحة | YG3: كافية | YH3: نعم | YI3: بئر عميق | YJ3: نعم | YK3: صهاريج | YL3: نعم | YM3: اسلاك | YN3: جيد | YO3: كلا | YP3: كلا | YQ3: كلا | YS3: ثلاث مدارس فأكثر | YT3: حكومية تابعة لوزارة التربية | YU3: بحاجة الى ترميم | YW3: 221 | YX3: 21 | YZ3: 0 | ZA3: 50 | ZC3: 16 | ZD3: 35 | ZF3: 0 | ZG3: 2 | ZI3: 0 | ZJ3: 1 | ZL3: 0 | ZM3: 2 | ZN3: كلا | ZU3: كلا | ZV3: علي عبدالرضا حياوي | ZW3: 0 | ZX3: 0 | ZY3: 753990291 | ZZ3: 04432313-680c-4850-8091-166b6c26b98e | AAA3: 46086.232 | AAD3: submitted_via_web | AAF3: vFhJwvyD6D9zebJz27xgr3 | AAH3: uuid:a30b9470-9b89-4747-ab73-55dc7db27359 | AAI3: 2
A4: 1400231 | B4: ابتدائي حكومي | C4: حضر | D4: الانصاف | E4: النجف | F4: مركز النجف | G4: 0 | H4: المثنى | I4: 0 | J4: 0 | K4: 1973 | L4: لا | M4: 07813817009 | N4: حكومية | O4: 0 | P4: بنات | Q4: صباحاً | R4: اصلية | U4: مزدوجة مع اخرى | Y4: 0 | AB4: 52 | AE4: 0 | AH4: 0 | AK4: 0 | AN4: 0 | AQ4: 52 | AR4: 52 | AV4: 0 | AY4: 52 | BB4: 2 | BE4: 0 | BH4: 0 | BK4: 0 | BN4: 54 | BO4: 54 | BS4: 46 | BV4: 0 | BY4: 0 | CB4: 0 | CE4: 0 | CH4: 46 | CI4: 46 | CM4: 48 | CP4: 0 | CS4: 0 | CV4: 0 | CY4: 0 | DB4: 48 | DC4: 48 | DG4: 62 | DJ4: 0 | DM4: 0 | DP4: 0 | DS4: 0 | DV4: 62 | DW4: 62 | EA4: 54 | ED4: 0 | EG4: 0 | EJ4: 0 | EM4: 0 | EP4: 54 | EQ4: 54 | EU4: 58 | EX4: 0 | FA4: 0 | FD4: 0 | FG4: 0 | FJ4: 58 | FK4: 58 | FO4: 2 | FS4: 2 | FW4: 2 | GA4: 2 | GE4: 2 | GI4: 2 | GM4: 12 | GO4: 12 | GS4: 0 | GV4: 0 | GY4: 0 | HB4: 0 | HE4: 0 | HH4: 0 | HK4: 0 | HL4: 0 | HP4: 46 | HS4: 48 | HV4: 62 | HY4: 54 | IB4: 58 | IE4: 76 | IH4: 344 | II4: 344 | IM4: 2 | IP4: 1 | IS4: 0 | IV4: 1 | IY4: 4 | JB4: 0 | JE4: 8 | JF4: 8 | JJ4: 0 | JM4: 0 | JP4: 0 | JS4: 0 | JV4: 0 | JY4: 0 | KB4: 0 | KC4: 0 | KG4: 0 | KJ4: 0 | KM4: 0 | KP4: 0 | KS4: 0 | KV4: 0 | KY4: 0 | KZ4: 0 | LD4: 2 | LG4: 1 | LJ4: 0 | LM4: 1 | LP4: 4 | LS4: 0 | LV4: 8 | LW4: 8 | MA4: 1 | MD4: 2 | MG4: 16 | ML4: 0 | MM4: 19 | MN4: 19 | NG4: 1 | NI4: 1 | NR4: 1 | NS4: 1 | NT4: 2 | NW4: 0 | NX4: 19 | OF4: 0 | OG4: 19 | OH4: 19 | OL4: 17 | PA4: 2 | PL4: 0 | PM4: 19 | PN4: 19 | PR4: 2 | PU4: 14 | PX4: 2 | QA4: 1 | QC4: 0 | QD4: 19 | QE4: 19 | QO4: 1 | QR4: 18 | QT4: 0 | QU4: 19 | QV4: 19 | RC4: 3 | RI4: 14 | RL4: 2 | RN4: 0 | RO4: 19 | RP4: 19 | RR4: 0 | RS4: 0 | RT4: 0 | RX4: 2 | RY4: 2 | SB4: 2 | SC4: 2 | SF4: 3 | SG4: 3 | SJ4: 0 | SK4: 0 | SN4: 0 | SO4: 0 | SR4: 0 | SS4: 0 | SV4: 1 | SW4: 1 | SZ4: 0 | TA4: 0 | TD4: 0 | TE4: 0 | TH4: 2 | TI4: 2 | TL4: 0 | TM4: 0 | TP4: 0 | TQ4: 0 | TT4: 0 | TU4: 0 | TX4: 0 | TY4: 0 | UB4: 2 | UC4: 2 | UF4: 2 | UG4: 2 | UJ4: 0 | UK4: 0 | UN4: 0 | UO4: 0 | UR4: 0 | US4: 0 | UV4: 4 | UW4: 4 | UZ4: 1 | VA4: 1 | VP4: 1 | VQ4: 7 | VR4: 0 | VS4: 4 | VT4: 7 | VU4: 0 | VV4: 0 | VW4: 0 | VX4: 0 | VY4: 0 | VZ4: 19 | WB4: 1 | WC4: 7 | WD4: 0 | WE4: 4 | WF4: 7 | WG4: 0 | WH4: 0 | WI4: 0 | WJ4: 0 | WK4: 0 | WL4: 19 | WP4: 0 | WS4: 0 | WV4: 0 | WY4: 0 | XB4: 0 | XE4: 0 | XH4: 0 | XK4: كلا | XL4: كلا | XM4: كلا | XN4: كلا | XO4: كلا | XR4: مدرسي | XS4: 1973 | XT4: 0 | XU4: 0 | XV4: كلا | XW4: طابق | XX4: كلا | XZ4: 12 صف | YA4: 13 | YB4: 2 | YC4: 15 | YD4: طابوق او حجر او بلوك | YE4: نعم | YF4: صالحة | YG4: كافية | YH4: نعم | YI4: بلدية | YJ4: نعم | YK4: شبكة مجاري | YL4: نعم | YM4: بناء | YN4: جيد | YO4: نعم | YP4: نعم | YQ4: كلا | YS4: مدرسة واحدة | YT4: حكومية تابعة لوزارة التربية | YU4: بحاجة الى ترميم | YW4: 240 | YX4: 0 | YZ4: 0 | ZA4: 0 | ZC4: 0 | ZD4: 0 | ZF4: 1 | ZG4: 0 | ZI4: 2 | ZJ4: 0 | ZL4: 0 | ZM4: 0 | ZN4: نعم | ZO4: معلم غير متفرغ | ZP4: خزانة | ZR4: 414 | ZS4: 100 | ZT4: 514 | ZU4: كلا | ZV4: زينب جعفر جواد | ZW4: 0 | ZX4: 0 | ZY4: 753993798 | ZZ4: edeb681b-2027-4812-b8a8-64b8fe3974c1 | AAA4: 46086.24 | AAD4: submitted_via_web | AAF4: vFhJwvyD6D9zebJz27xgr3 | AAH4: uuid:a1bd8c75-e3b3-485c-8bc5-02d13c0efdf1 | AAI4: 3
A5: 1400304 | B5: ابتدائي حكومي | C5: حضر | D5: مصعب بن عمير | E5: النجف | F5: مركز النجف | G5: 0 | H5: الجديدة الثانية | I5: 0 | J5: 0 | K5: 2001 | L5: لا | M5: 07865146950 | N5: حكومية | O5: 0 | P5: بنون | Q5: ظهراً | R5: ضيف | S5: النضال الابتدائية | T5: 0 | U5: مزدوجة مع اخرى | X5: 0 | AA5: 34 | AD5: 12 | AG5: 3 | AJ5: 0 | AM5: 0 | AP5: 49 | AR5: 49 | AU5: 0 | AX5: 34 | BA5: 12 | BD5: 3 | BG5: 0 | BJ5: 0 | BM5: 49 | BO5: 49 | BR5: 16 | BU5: 20 | BX5: 11 | CA5: 10 | CD5: 0 | CG5: 57 | CI5: 57 | CL5: 19 | CO5: 30 | CR5: 10 | CU5: 0 | CX5: 0 | DA5: 59 | DC5: 59 | DF5: 13 | DI5: 33 | DL5: 3 | DO5: 4 | DR5: 0 | DU5: 53 | DW5: 53 | DZ5: 15 | EC5: 20 | EF5: 16 | EI5: 11 | EL5: 0 | EO5: 62 | EQ5: 62 | ET5: 10 | EW5: 12 | EZ5: 3 | FC5: 0 | FF5: 0 | FI5: 25 | FK5: 25 | FN5: 2 | FR5: 2 | FV5: 1 | FZ5: 2 | GD5: 2 | GH5: 1 | GL5: 10 | GO5: 10 | GR5: 3 | GU5: 4 | GX5: 3 | HA5: 4 | HD5: 2 | HG5: 4 | HJ5: 20 | HL5: 20 | HO5: 39 | HR5: 24 | HU5: 47 | HX5: 34 | IA5: 21 | ID5: 39 | IG5: 204 | II5: 204 | IL5: 4 | IO5: 5 | IR5: 0 | IU5: 3 | IX5: 18 | JA5: 0 | JD5: 30 | JF5: 30 | JI5: 0 | JL5: 0 | JO5: 0 | JR5: 0 | JU5: 0 | JX5: 0 | KA5: 0 | KC5: 0 | KF5: 0 | KI5: 0 | KL5: 0 | KO5: 0 | KR5: 0 | KU5: 0 | KX5: 0 | KZ5: 0 | LC5: 4 | LF5: 5 | LI5: 0 | LL5: 3 | LO5: 18 | LR5: 0 | LU5: 30 | LW5: 30 | LZ5: 1 | MC5: 2 | MF5: 8 | MG5: 1 | ML5: 11 | MM5: 1 | MN5: 12 | NG5: 1 | NR5: 0 | NS5: 1 | NT5: 1 | NW5: 11 | NX5: 1 | OF5: 11 | OG5: 1 | OH5: 12 | OK5: 10 | OL5: 1 | OW5: 1 | PL5: 11 | PM5: 1 | PN5: 12 | PQ5: 1 | PT5: 10 | PU5: 1 | QC5: 11 | QD5: 1 | QE5: 12 | QK5: 6 | QN5: 3 | QO5: 1 | QQ5: 2 | QT5: 11 | QU5: 1 | QV5: 12 | RB5: 2 | RE5: 3 | RF5: 1 | RH5: 6 | RN5: 11 | RO5: 1 | RP5: 12 | RR5: 3 | RS5: 0 | RT5: 3 | RW5: 2 | RX5: 0 | RY5: 2 | SA5: 1 | SB5: 0 | SC5: 1 | SE5: 1 | SF5: 1 | SG5: 2 | SI5: 0 | SJ5: 0 | SK5: 0 | SM5: 1 | SN5: 0 | SO5: 1 | SQ5: 0 | SR5: 0 | SS5: 0 | SU5: 0 | SV5: 0 | SW5: 0 | SY5: 0 | SZ5: 0 | TA5: 0 | TC5: 0 | TD5: 0 | TE5: 0 | TG5: 2 | TH5: 0 | TI5: 2 | TK5: 0 | TL5: 0 | TM5: 0 | TO5: 0 | TP5: 0 | TQ5: 0 | TS5: 0 | TT5: 0 | TU5: 0 | TW5: 0 | TX5: 0 | TY5: 0 | UA5: 0 | UB5: 0 | UC5: 0 | UE5: 1 | UF5: 0 | UG5: 1 | UI5: 1 | UJ5: 0 | UK5: 1 | UM5: 0 | UN5: 0 | UO5: 0 | UQ5: 0 | UR5: 0 | US5: 0 | UU5: 0 | UV5: 0 | UW5: 0 | UY5: 2 | UZ5: 0 | VA5: 2 | VD5: 0 | VE5: 5 | VF5: 0 | VG5: 0 | VH5: 4 | VI5: 0 | VJ5: 0 | VK5: 0 | VL5: 2 | VM5: 0 | VN5: 11 | VP5: 0 | VQ5: 1 | VR5: 0 | VS5: 0 | VT5: 0 | VU5: 0 | VV5: 0 | VW5: 0 | VX5: 0 | VY5: 0 | VZ5: 1 | WB5: 0 | WC5: 6 | WD5: 0 | WE5: 0 | WF5: 4 | WG5: 0 | WH5: 0 | WI5: 0 | WJ5: 2 | WK5: 0 | WL5: 12 | WO5: 13 | WR5: 10 | WU5: 4 | WX5: 3 | XA5: 3 | XD5: 1 | XG5: 0 | XK5: كلا | XL5: كلا | XM5: كلا | XN5: كلا | XO5: كلا | YW5: 23 | YX5: 44 | YZ5: 0 | ZA5: 0 | ZC5: 3 | ZD5: 8 | ZF5: 0 | ZG5: 1 | ZI5: 0 | ZJ5: 2 | ZL5: 0 | ZM5: 0 | ZN5: نعم | ZO5: معاون | ZP5: خزانة | ZR5: 33 | ZS5: 1350 | ZT5: 1383 | ZU5: كلا | ZV5: محمد عبد الزهرة إبراهيم | ZW5: جديدة 2 المنطقة القديمة | ZY5: 755778828 | ZZ5: b03c7708-7671-423e-af65-73bb19a7b322 | AAA5: 46091.745 | AAD5: submitted_via_web | AAF5: v6nmEQkamJVjF9JCqSwLhn | AAH5: uuid:b03c7708-7671-423e-af65-73bb19a7b322 | AAI5: 4

Sheet e_codes
A1: code_key | B1: القضاء | C1: الناحية | D1: ت | E1: اسم المدرسة | F1: الحي او المحلة | G1: TRUE
A2: 1400179 | B2: النجف | C2: المركز | D2: 1 | E2: الغفاري | F2: الجديدة الثانية | G2: =VLOOKUP(A2,survey!$1:$1048576,1,FALSE) -> #N/A
A3: 1400180 | B3: النجف | C3: المركز | D3: 2 | E3: الحيدرية | F3: الجديدة الاولى | G3: =VLOOKUP(A3,survey!$1:$1048576,1,FALSE) -> #N/A
A4: 1400181 | B4: النجف | C4: المركز | D4: 3 | E4: النضــال | F4: الجديدة الثانية | G4: =VLOOKUP(A4,survey!$1:$1048576,1,FALSE) -> #N/A
A5: 1400182 | B5: النجف | C5: المركز | D5: 4 | E5: التهــذيب | F5: الجديدة الرابعة | G5: =VLOOKUP(A5,survey!$1:$1048576,1,FALSE) -> #N/A
A6: 1400183 | B6: النجف | C6: المركز | D6: 5 | E6: مالك الاشتر | F6: الجديدة الرابعة | G6: =VLOOKUP(A6,survey!$1:$1048576,1,FALSE) -> #N/A
A7: 1400184 | B7: النجف | C7: المركز | D7: 6 | E7: حليف القرآن | F7: المثنى | G7: =VLOOKUP(A7,survey!$1:$1048576,1,FALSE) -> #N/A
A8: 1400185 | B8: النجف | C8: المركز | D8: 7 | E8: اصحاب الكساء | F8: الجديدة الثالثة | G8: =VLOOKUP(A8,survey!$1:$1048576,1,FALSE) -> #N/A
A9: 1400186 | B9: النجف | C9: المركز | D9: 8 | E9: السدير الأساسية | F9: الجديدة الاولى | G9: =VLOOKUP(A9,survey!$1:$1048576,1,FALSE) -> #N/A
A10: 1400188 | B10: النجف | C10: المركز | D10: 9 | E10: الاميــــر | F10: الجديدة الرابعة | G10: =VLOOKUP(A10,survey!$1:$1048576,1,FALSE) -> #N/A
A11: 1400189 | B11: النجف | C11: المركز | D11: 10 | E11: التيسير | F11: الكرامة | G11: =VLOOKUP(A11,survey!$1:$1048576,1,FALSE) -> #N/A
A12: 1400190 | B12: النجف | C12: المركز | D12: 11 | E12: العاصفة | F12: الاسكان | G12: =VLOOKUP(A12,survey!$1:$1048576,1,FALSE) -> #N/A
A13: 1400191 | B13: النجف | C13: المركز | D13: 12 | E13: دعبل الخزاعي | F13: المعلمين | G13: =VLOOKUP(A13,survey!$1:$1048576,1,FALSE) -> #N/A
... A280: 1401644 | B280: النجف | C280: المركز | D280: 279 | E280: الفرح/2 النموذجية المختلطة | F280: الانصار | G280: =VLOOKUP(A280,survey!$1:$1048576,1,FALSE) -> #N/A
A281: 1401645 | B281: النجف | C281: المركز | E281: الفرح / 1 النموذجية للينات | F281: الانصار | G281: =VLOOKUP(A281,survey!$1:$1048576,1,FALSE) -> #N/A
A282: 1401646 | B282: النجف | C282: المركز | D282: 280 | E282: الفرح / 1 النموذجية المختلطة | F282: الجمعية | G282: =VLOOKUP(A282,survey!$1:$1048576,1,FALSE) -> #N/A
A283: 1401647 | B283: النجف | C283: المركز | E283: الفرح /2 النموذجية للبنات | F283: الجمعية | G283: =VLOOKUP(A283,survey!$1:$1048576,1,FALSE) -> #N/A
A284: 1401649 | B284: النجف | C284: المركز | D284: 281 | E284: الرفعة | F284: الرحمة | G284: =VLOOKUP(A284,survey!$1:$1048576,1,FALSE) -> #N/A
A285: 1401550 | B285: النجف | C285: المركز | D285: 282 | E285: عبدالزهرة عنوز | F285: الميلاد / شمال الحولي | G285: =VLOOKUP(A285,survey!$1:$1048576,1,FALSE) -> #N/A
A286: 1401665 | B286: النجف | C286: المركز | D286: 283 | E286: زهور الغد الاساسية (قرض) | F286: مجمع السلطان | G286: =VLOOKUP(A286,survey!$1:$1048576,1,FALSE) -> #N/A
A287: 1401664 | B287: النجف | C287: المركز | D287: 284 | E287: تراث النجف الاساسية | F287: مجمع السلطان | G287: =VLOOKUP(A287,survey!$1:$1048576,1,FALSE) -> #N/A
A288: 1401680 | B288: النجف | C288: المركز | D288: 285 | E288: الشهيد ثائر الهلالي | F288: النداء | G288: =VLOOKUP(A288,survey!$1:$1048576,1,FALSE) -> #N/A
A289: 1401666 | B289: النجف | C289: المركز | D289: 286 | E289: ثمرة العلم | F289: السلام | G289: =VLOOKUP(A289,survey!$1:$1048576,1,FALSE) -> #N/A
A290: 1401709 | B290: النجف | C290: المركز | D290: 287 | E290: زهور السوسن | F290: المكرمة | G290: =VLOOKUP(A290,survey!$1:$1048576,1,FALSE) -> #N/A
A291: 1400324 | B291: النجف | C291: الحيدرية | D291: 1 | E291: الكاظمي | F291: المركز | G291: =VLOOKUP(A291,survey!$1:$1048576,1,FALSE) -> #N/A
A292: 1400325 | B292: النجف | C292: الحيدرية | D292: 2 | E292: الاصمعي | F292: المنيثر | G292: =VLOOKUP(A292,survey!$1:$1048576,1,FALSE) -> #N/A
A293: 1400326 | B293: النجف | C293: الحيدرية | D293: 3 | E293: غرناطــة | F293: المزوكة | G293: =VLOOKUP(A293,survey!$1:$1048576,1,FALSE) -> #N/A
A294: 1400327 | B294: النجف | C294: الحيدرية | D294: 4 | E294: الفجر الجديد | F294: الاجدع الشمالي | G294: =VLOOKUP(A294,survey!$1:$1048576,1,FALSE) -> #N/A
A295: 1400328 | B295: النجف | C295: الحيدرية | D295: 5 | E295: الشموس | F295: الزهراء | G295: =VLOOKUP(A295,survey!$1:$1048576,1,FALSE) -> #N/A
... A629: 1400563 | B629: قضاء المشخاب | C629: مركز المشخاب | D629: 3 | E629: العزة | F629: العصري | G629: =VLOOKUP(A629,survey!$1:$1048576,1,FALSE) -> #N/A
A630: 1400564 | B630: قضاء المشخاب | C630: مركز المشخاب | D630: 4 | E630: الحديبية | F630: ابو واوية | G630: =VLOOKUP(A630,survey!$1:$1048576,1,FALSE) -> #N/A
A631: 1400529 | B631: قضاء المشخاب | C631: مركز المشخاب | D631: 5 | E631: الخورنق | F631: رمل الثواير | G631: =VLOOKUP(A631,survey!$1:$1048576,1,FALSE) -> #N/A
A632: 1400565 | B632: قضاء المشخاب | C632: مركز المشخاب | D632: 6 | E632: النجاح | F632: هور فريق | G632: =VLOOKUP(A632,survey!$1:$1048576,1,FALSE) -> #N/A
A633: 1400566 | B633: قضاء المشخاب | C633: مركز المشخاب | D633: 7 | E633: التأخي | F633: الهارمية | G633: =VLOOKUP(A633,survey!$1:$1048576,1,FALSE) -> #N/A
A634: 1400567 | B634: قضاء المشخاب | C634: مركز المشخاب | D634: 8 | E634: السعادة | F634: المالحة | G634: =VLOOKUP(A634,survey!$1:$1048576,1,FALSE) -> #N/A
A635: 1400568 | B635: قضاء المشخاب | C635: مركز المشخاب | D635: 9 | E635: ثورة العشرين | F635: راك الحصوة | G635: =VLOOKUP(A635,survey!$1:$1048576,1,FALSE) -> #N/A
A636: 1400569 | B636: قضاء المشخاب | C636: مركز المشخاب | D636: 10 | E636: الخمائل | F636: طبر سيد نور | G636: =VLOOKUP(A636,survey!$1:$1048576,1,FALSE) -> #N/A
A637: 1400570 | B637: قضاء المشخاب | C637: مركز المشخاب | D637: 11 | E637: النبوغ | F637: الجفلاوية | G637: =VLOOKUP(A637,survey!$1:$1048576,1,FALSE) -> #N/A
A638: 1400571 | B638: قضاء المشخاب | C638: مركز المشخاب | D638: 12 | E638: الشهيد راهي عبدالواحد | F638: راك الحصوة | G638: =VLOOKUP(A638,survey!$1:$1048576,1,FALSE) -> #N/A
A639: 1400572 | B639: قضاء المشخاب | C639: مركز المشخاب | D639: 13 | E639: النهروان | F639: ال فرعون | G639: =VLOOKUP(A639,survey!$1:$1048576,1,FALSE) -> #N/A
A640: 1400573 | B640: قضاء المشخاب | C640: مركز المشخاب | D640: 14 | E640: جنين | F640: ابريهي | G640: =VLOOKUP(A640,survey!$1:$1048576,1,FALSE) -> #N/A
A641: 1400574 | B641: قضاء المشخاب | C641: مركز المشخاب | D641: 15 | E641: الفضائل | F641: شويلة مزهر | G641: =VLOOKUP(A641,survey!$1:$1048576,1,FALSE) -> #N/A
A642: 1400575 | B642: قضاء المشخاب | C642: مركز المشخاب | D642: 16 | E642: ابن الهيثم | F642: الجباية | G642: =VLOOKUP(A642,survey!$1:$1048576,1,FALSE) -> #N/A
... A718: 1400475 | B718: قضاء المشخاب | C718: ناحية القادسية | D718: 26 | E718: التعاون | F718: الغزالي | G718: =VLOOKUP(A718,survey!$1:$1048576,1,FALSE) -> #N/A
A719: 1400476 | B719: قضاء المشخاب | C719: ناحية القادسية | D719: 27 | E719: فاطمة بنت اسد | F719: التوبي | G719: =VLOOKUP(A719,survey!$1:$1048576,1,FALSE) -> #N/A
A720: 1400477 | B720: قضاء المشخاب | C720: ناحية القادسية | D720: 28 | E720: قريش | F720: ام البط الغربية | G720: =VLOOKUP(A720,survey!$1:$1048576,1,FALSE) -> #N/A
A721: 1400478 | B721: قضاء المشخاب | C721: ناحية القادسية | D721: 29 | E721: الرملة | F721: سوق شعلان | G721: =VLOOKUP(A721,survey!$1:$1048576,1,FALSE) -> #N/A
A722: 1400479 | B722: قضاء المشخاب | C722: ناحية القادسية | D722: 30 | E722: الاقصى | F722: المرانة | G722: =VLOOKUP(A722,survey!$1:$1048576,1,FALSE) -> #N/A
A723: 1400480 | B723: قضاء المشخاب | C723: ناحية القادسية | D723: 31 | E723: زيد بن علي | F723: الطرمة | G723: =VLOOKUP(A723,survey!$1:$1048576,1,FALSE) -> #N/A
A724: 1400646 | B724: قضاء المشخاب | C724: ناحية القادسية | D724: 32 | E724: الافاق | F724: المركز | G724: =VLOOKUP(A724,survey!$1:$1048576,1,FALSE) -> #N/A
A725: 1400808 | B725: قضاء المشخاب | C725: ناحية القادسية | D725: 33 | E725: السنبلة | F725: الدعارية | G725: =VLOOKUP(A725,survey!$1:$1048576,1,FALSE) -> #N/A
A726: 1400809 | B726: قضاء المشخاب | C726: ناحية القادسية | D726: 34 | E726: شجرة النبوة | F726: العرايا | G726: =VLOOKUP(A726,survey!$1:$1048576,1,FALSE) -> #N/A
A727: 1400936 | B727: قضاء المشخاب | C727: ناحية القادسية | D727: 35 | E727: الامام الموعود | F727: الشويلة - الغدير | G727: =VLOOKUP(A727,survey!$1:$1048576,1,FALSE) -> #N/A
A728: 1400937 | B728: قضاء المشخاب | C728: ناحية القادسية | D728: 36 | E728: الحضارة | F728: الشويلة ج | G728: =VLOOKUP(A728,survey!$1:$1048576,1,FALSE) -> #N/A
A729: 1401548 | B729: قضاء المشخاب | C729: ناحية القادسية | D729: 37 | E729: صناع الغد | F729: الغدير | G729: =VLOOKUP(A729,survey!$1:$1048576,1,FALSE) -> #N/A
A730: 1401549 | B730: قضاء المشخاب | C730: ناحية القادسية | D730: 38 | E730: الامال الابتدائية | F730: الغدير | G730: =VLOOKUP(A730,survey!$1:$1048576,1,FALSE) -> #N/A
A731: 1400956 | B731: قضاء المشخاب | C731: ناحية القادسية | D731: 39 | E731: غصن الزيتون | F731: الشويلة - الغدير | G731: =VLOOKUP(A731,survey!$1:$1048576,1,FALSE) -> #N/A
A732: 1400967 | B732: قضاء المشخاب | C732: ناحية القادسية | D732: 40 | E732: الصادق الامين | F732: المكير | G732: =VLOOKUP(A732,survey!$1:$1048576,1,FALSE) -> #N/A

Sheet t1
A1: المديرية العامة للتربية في محافظة النجف الاشرف | S1: خلاصة محافظة النجف الاشرف
A2: قسم التخطيط التربوي | T2: التعليم الابتدائي
B4: جدول رقم (( 1 ))
B5: التعليم الابتدائي للعام الدراسي2025/2024
B6: عدد المدارس والتلامذة الموجودين والمقبولين الجدد وعدد اعضاء الهيئة التعليمية واستقلالية المدرسة ( الصباحي والمسائي )
A9: الموقع البيئي | B9: عدد المدارس | F9: عدد التلامذة المقبولين ( الجدد ) | I9: عدد التلامذة الموجودين | L9: عدد اعضاء الهيئة التعليمية | O9: عدد المدارس حسب الاستقلالية | Q9: عدد المدارس حسب الدوام | V9: مدارس الفتح الجديد
F10: في الصف الاول
B11: بنون | C11: بنات | D11: مختلطة | E11: المجموع | F11: بنون | G11: بنات | H11: المجموع | I11: بنون | J11: بنات | K11: المجموع | L11: ذكور | M11: اناث | N11: المجموع | O11: اصلية | P11: ضيف | Q11: صباحاً | R11: ظهرا | S11: صباحا وظهرا | T11: مساءاً | U11: المجموع
A12: حضـــر | B12: =COUNTIFS(survey!C:C,"حضر",survey!P:P,"بنون") -> 1
A14: ريـــــف
A16: المجموع
B17: ملاحظة : لايوجد في محافظتنا مدارس ابتدائية مسائية .
A18: المديرية العامة للتربية في محافظة النجف الاشرف | S18: قضاء النجف
A19: قسم التخطيط التربوي | S19: التعليم الابتدائي
B21: جدول رقم (( 1 ))
B22: التعليم الابتدائي للعام الدراسي2025/2024
B23: عدد المدارس والتلامذة الموجودين والمقبولين الجدد وعدد اعضاء الهيئة التعليمية واستقلالية المدرسة ( الصباحي والمسائي )
A26: الموقع البيئي | B26: عدد المدارس | F26: عدد التلامذة المقبولين ( الجدد ) | I26: عدد التلامذة الموجودين | L26: عدد اعضاء الهيئة التعليمية | O26: استقلالية المدرسة | Q26: عدد المدارس حسب الدوام | V26: مدارس الفتح الجديد
F27: في الصف الاول
B28: بنون | C28: بنات | D28: مختلطة | E28: المجموع | F28: بنون | G28: بنات | H28: المجموع | I28: بنون | J28: بنات | K28: المجموع | L28: ذكور | M28: اناث | N28: المجموع | O28: اصلية | P28: ضيف | Q28: صباحاً | R28: ظهرا | S28: صباحا وظهرا | T28: مساءاً | U28: المجموع
A29: حضـــر | B29: =[1]الحضر!G329 -> 0 | C29: =[1]الحضر!H329 -> 0 | D29: =[1]الحضر!I329 -> 0 | E29: =D29+C29+B29 -> 0 | F29: =[1]الحضر!AM329 -> 0 | G29: =[1]الحضر!AN329 -> 0 | H29: =F29+G29 -> 0 | I29: =[1]الحضر!EN329 -> 0 | J29: =[1]الحضر!EO329 -> 0 | K29: =I29+J29 -> 0 | L29: =[1]الحضر!JG329 -> 0 | M29: =[1]الحضر!JH329 -> 0 | N29: =L29+M29 -> 0 | O29: =[1]الحضر!P329 -> 0 | P29: =[1]الحضر!Q329 -> 0 | Q29: =[1]الحضر!L329 -> 0 | R29: =[1]الحضر!M329 -> 0 | S29: =[1]الحضر!N329 -> 0 | T29: =[1]الحضر!O329 -> 0 | U29: =T29+S29+R29+Q29 -> 0 | V29: =[1]الحضر!W329 -> 0
A31: ريـــــف | B31: =[1]الريف!G73 -> 0 | C31: =[1]الريف!H73 -> 0 | D31: =[1]الريف!I73 -> 0 | E31: =D31+C31+B31 -> 0 | F31: =[1]الريف!AM73 -> 0 | G31: =[1]الريف!AN73 -> 0 | H31: =F31+G31 -> 0 | I31: =[1]الريف!EN73 -> 0 | J31: =[1]الريف!EO73 -> 0 | K31: =I31+J31 -> 0 | L31: =[1]الريف!JG73 -> 0 | M31: =[1]الريف!JH73 -> 0 | N31: =L31+M31 -> 0 | O31: =[1]الريف!P73 -> 0 | P31: =[1]الريف!Q73 -> 0 | Q31: =[1]الريف!L73 -> 0 | R31: =[1]الريف!M73 -> 0 | S31: =[1]الريف!N73 -> 0 | T31: =[1]الريف!O73 -> 0 | U31: =T31+S31+R31+Q31 -> 0 | V31: =[1]الريف!W73 -> 0
A33: المجموع | B33: =SUM(B29:B32) -> 0 | C33: =SUM(C29:C32) -> 0 | D33: =SUM(D29:D32) -> 0 | E33: =SUM(E29:E32) -> 0 | F33: =SUM(F29:F32) -> 0 | G33: =SUM(G29:G32) -> 0 | H33: =SUM(H29:H32) -> 0 | I33: =SUM(I29:I32) -> 0 | J33: =SUM(J29:J32) -> 0 | K33: =J33+I33 -> 0 | L33: =SUM(L29:L32) -> 0 | M33: =SUM(M29:M32) -> 0 | N33: =SUM(N29:N32) -> 0 | O33: =SUM(O29:O32) -> 0 | P33: =SUM(P29:P32) -> 0 | Q33: =SUM(Q29:Q32) -> 0 | R33: =SUM(R29:R32) -> 0 | S33: =SUM(S29:S32) -> 0 | ... U33: =SUM(U29:U32) -> 0 | V33: =V31+V29 -> 0
A35: المديرية العامة للتربية في محافظة النجف الاشرف | R35: مركز النجف
A36: قسم التخطيط التربوي | R36: التعليم الابتدائي
B38: جدول رقم (( 1 ))
B39: التعليم الابتدائي للعام الدراسي2025/2024
B40: عدد المدارس والتلامذة الموجودين والمقبولين الجدد وعدد اعضاء الهيئة التعليمية واستقلالية المدرسة ( الصباحي والمسائي )
A43: الموقع البيئي | B43: عدد المدارس | F43: عدد التلامذة المقبولين ( الجدد ) | I43: عدد التلامذة الموجودين | L43: عدد اعضاء الهيئة التعليمية | O43: استقلالية المدرسة | Q43: عدد المدارس حسب الدوام | V43: مدارس الفتح الجديد
F44: في الصف الاول
B45: بنون | C45: بنات | D45: مختلطة | E45: المجموع | F45: بنون | G45: بنات | H45: المجموع | I45: بنون | J45: بنات | K45: المجموع | L45: ذكور | M45: اناث | N45: المجموع | O45: اصلية | P45: ضيف | Q45: صباحاً | R45: ظهرا | S45: صباحا وظهرا | T45: مساءاً | U45: المجموع
A46: حضـــر
A48: ريـــــف
A50: المجموع
A52: المديرية العامة للتربية في محافظة النجف الاشرف | R52: ناحية الحيدرية
A53: قسم التخطيط التربوي | R53: التعليم الابتدائي
B55: جدول رقم (( 1 ))
B56: التعليم الابتدائي للعام الدراسي2025/2024
B57: عدد المدارس والتلامذة الموجودين والمقبولين الجدد وعدد اعضاء الهيئة التعليمية واستقلالية المدرسة ( الصباحي والمسائي )
A59: الموقع البيئي | B59: عدد المدارس | F59: عدد التلامذة المقبولين ( الجدد ) | I59: عدد التلامذة الموجودين | L59: عدد اعضاء الهيئة التعليمية | O59: استقلالية المدرسة | Q59: عدد المدارس حسب الدوام | V59: مدارس الفتح الجديد
F60: في الصف الاول
B61: بنون | C61: بنات | D61: مختلطة | E61: المجموع | F61: بنون | G61: بنات | H61: المجموع | I61: بنون | J61: بنات | K61: المجموع | L61: ذكور | M61: اناث | N61: المجموع | O61: اصلية | P61: ضيف | Q61: صباحاً | R61: ظهرا | S61: صباحا وظهرا | T61: مساءاً | U61: المجموع
A62: حضـــر | B62: =[1]الحضر!G303 -> 0 | C62: =[1]الحضر!H303 -> 0 | D62: =[1]الحضر!I303 -> 0 | E62: =D62+C62+B62 -> 0 | F62: =[1]الحضر!AM303 -> 0 | G62: =[1]الحضر!AN303 -> 0 | H62: =G62+F62 -> 0 | I62: =[1]الحضر!EN303 -> 0 | J62: =[1]الحضر!EO303 -> 0 | K62: =J62+I62 -> 0 | L62: =[1]الحضر!JG303 -> 0 | M62: =[1]الحضر!JH303 -> 0 | N62: =M62+L62 -> 0 | O62: =[1]الحضر!P303 -> 0 | P62: =[1]الحضر!Q303 -> 0 | Q62: =[1]الحضر!L303 -> 0 | R62: =[1]الحضر!M303 -> 0 | S62: =[1]الحضر!N303 -> 0 | T62: =[1]الحضر!O303 -> 0 | U62: =T62+S62+R62+Q62 -> 0 | V62: =[1]الحضر!W303 -> 0
A64: ريـــــف | B64: =[1]الريف!G56 -> 0 | C64: =[1]الريف!H56 -> 0 | D64: =[1]الريف!I56 -> 0 | E64: =D64+C64+B64 -> 0 | F64: =[1]الريف!AM56 -> 0 | G64: =[1]الريف!AN56 -> 0 | H64: =G64+F64 -> 0 | I64: =[1]الريف!EN56 -> 0 | J64: =[1]الريف!EO56 -> 0 | K64: =J64+I64 -> 0 | L64: =[1]الريف!JG56 -> 0 | M64: =[1]الريف!JH56 -> 0 | N64: =M64+L64 -> 0 | O64: =[1]الريف!P56 -> 0 | P64: =[1]الريف!Q56 -> 0 | Q64: =[1]الريف!L56 -> 0 | R64: =[1]الريف!M56 -> 0 | S64: =[1]الريف!N56 -> 0 | T64: =[1]الريف!O56 -> 0 | U64: =T64+S64+R64+Q64 -> 0 | V64: =[1]الريف!W56 -> 0
A66: المجموع | B66: =SUM(B62:B65) -> 0 | C66: =SUM(C62:C65) -> 0 | D66: =SUM(D62:D65) -> 0 | E66: =SUM(E62:E65) -> 0 | F66: =SUM(F62:F65) -> 0 | G66: =SUM(G62:G65) -> 0 | H66: =SUM(H62:H65) -> 0 | I66: =SUM(I62:I65) -> 0 | J66: =SUM(J62:J65) -> 0 | K66: =J66+I66 -> 0 | L66: =SUM(L62:L65) -> 0 | M66: =SUM(M62:M65) -> 0 | N66: =SUM(N62:N65) -> 0 | O66: =SUM(O62:O65) -> 0 | P66: =SUM(P62:P65) -> 0 | Q66: =SUM(Q62:Q65) -> 0 | R66: =SUM(R62:R65) -> 0 | S66: =SUM(S62:S65) -> 0 | ... U66: =SUM(U62:U65) -> 0 | V66: =V64+V62 -> 0
A68: المديرية العامة للتربية في محافظة النجف الاشرف | R68: ناحية الشبكة
A69: قسم التخطيط التربوي | R69: التعليم الابتدائي
B71: جدول رقم (( 1 ))
B72: التعليم الابتدائي للعام الدراسي2025/2024
B73: عدد المدارس والتلامذة الموجودين والمقبولين الجدد وعدد اعضاء الهيئة التعليمية واستقلالية المدرسة ( الصباحي والمسائي )
A76: الموقع البيئي | B76: عدد المدارس | F76: عدد التلامذة المقبولين ( الجدد ) | I76: عدد التلامذة الموجودين | L76: عدد اعضاء الهيئة التعليمية | O76: استقلالية المدرسة | Q76: عدد المدارس حسب الدوام | V76: مدارس الفتح الجديد
F77: في الصف الاول
B78: بنون | C78: بنات | D78: مختلطة | E78: المجموع | F78: بنون | G78: بنات | H78: المجموع | I78: بنون | J78: بنات | K78: المجموع | L78: ذكور | M78: اناث | N78: المجموع | O78: اصلية | P78: ضيف | Q78: صباحاً | R78: ظهرا | S78: صباحا وظهرا | T78: مساءاً | U78: المجموع
A79: حضـــر | B79: =[1]الحضر!G305 -> 0 | C79: =[1]الحضر!H305 -> 0 | D79: =[1]الحضر!I305 -> 0 | E79: =D79+C79+B79 -> 0 | F79: =[1]الحضر!AM305 -> 0 | G79: =[1]الحضر!AN305 -> 0 | H79: =G79+F79 -> 0 | I79: =[1]الحضر!EN305 -> 0 | J79: =[1]الحضر!EO305 -> 0 | K79: =J79+I79 -> 0 | L79: =[1]الحضر!JG305 -> 0 | M79: =[1]الحضر!JH305 -> 0 | N79: =M79+L79 -> 0 | O79: =[1]الحضر!P305 -> 0 | P79: =[1]الحضر!Q305 -> 0 | Q79: =[1]الحضر!L305 -> 0 | R79: =[1]الحضر!M305 -> 0 | S79: =[1]الحضر!N305 -> 0 | T79: =[1]الحضر!O305 -> 0 | U79: =T79+S79+R79+Q79 -> 0 | V79: =[1]الحضر!W305 -> 0
A81: ريـــــف | B81: 0 | C81: 0 | D81: 0 | E81: =D81+C81+B81 -> 0 | F81: 0 | G81: 0 | H81: =G81+F81 -> 0 | I81: 0 | J81: 0 | K81: =J81+I81 -> 0 | L81: 0 | M81: 0 | N81: =M81+L81 -> 0 | O81: 0 | P81: 0 | Q81: 0 | R81: 0 | S81: 0 | T81: 0 | U81: =T81+S81+R81+Q81 -> 0 | V81: 0
A83: المجموع | B83: =B81+B79 -> 0 | C83: =C81+C79 -> 0 | D83: =D81+D79 -> 0 | E83: =E81+E79 -> 0 | F83: =F81+F79 -> 0 | G83: =G81+G79 -> 0 | H83: =H81+H79 -> 0 | I83: =I81+I79 -> 0 | ... V83: =V81+V79 -> 0
A85: المديرية العامة للتربية في محافظة النجف الاشرف | R85: ناحية الرضوبة
A86: قسم التخطيط التربوي | R86: التعليم الابتدائي
B88: جدول رقم (( 1 ))
B89: التعليم الابتدائي للعام الدراسي2025/2024
B90: عدد المدارس والتلامذة الموجودين والمقبولين الجدد وعدد اعضاء الهيئة التعليمية واستقلالية المدرسة ( الصباحي والمسائي )
A93: الموقع البيئي | B93: عدد المدارس | F93: عدد التلامذة المقبولين ( الجدد ) | I93: عدد التلامذة الموجودين | L93: عدد اعضاء الهيئة التعليمية | O93: استقلالية المدرسة | Q93: عدد المدارس حسب الدوام | V93: مدارس الفتح الجديد
F94: في الصف الاول
B95: بنون | C95: بنات | D95: مختلطة | E95: المجموع | F95: بنون | G95: بنات | H95: المجموع | I95: بنون | J95: بنات | K95: المجموع | L95: ذكور | M95: اناث | N95: المجموع | O95: اصلية | P95: ضيف | Q95: صباحاً | R95: ظهرا | S95: صباحا وظهرا | T95: مساءاً | U95: المجموع
A96: حضـــر | B96: =[1]الحضر!G323 -> 0 | C96: =[1]الحضر!H323 -> 0 | D96: =[1]الحضر!I323 -> 0 | E96: =D96+C96+B96 -> 0 | F96: =[1]الحضر!AM323 -> 0 | G96: =[1]الحضر!AN323 -> 0 | H96: =G96+F96 -> 0 | I96: =[1]الحضر!EN323 -> 0 | J96: =[1]الحضر!EO323 -> 0 | K96: =J96+I96 -> 0 | L96: =[1]الحضر!JG323 -> 0 | M96: =[1]الحضر!JH323 -> 0 | N96: =M96+L96 -> 0 | O96: =[1]الحضر!P323 -> 0 | P96: =[1]الحضر!Q323 -> 0 | Q96: =[1]الحضر!L323 -> 0 | R96: =[1]الحضر!M323 -> 0 | S96: =[1]الحضر!N323 -> 0 | T96: =[1]الحضر!O323 -> 0 | U96: =T96+S96+R96+Q96 -> 0 | V96: =[1]الحضر!W323 -> 0
A98: ريـــــف | B98: =[1]الريف!G65 -> 0 | C98: =[1]الريف!H65 -> 0 | D98: =[1]الريف!I65 -> 0 | E98: =D98+C98+B98 -> 0 | F98: =[1]الريف!AM65 -> 0 | G98: =[1]الريف!AN65 -> 0 | H98: =G98+F98 -> 0 | I98: =[1]الريف!EN65 -> 0 | J98: =[1]الريف!EO65 -> 0 | K98: =J98+I98 -> 0 | L98: =[1]الريف!JG65 -> 0 | M98: =[1]الريف!JH65 -> 0 | N98: =M98+L98 -> 0 | O98: =[1]الريف!P65 -> 0 | P98: =[1]الريف!Q65 -> 0 | Q98: =[1]الريف!L65 -> 0 | R98: =[1]الريف!M65 -> 0 | S98: =[1]الريف!N65 -> 0 | T98: =[1]الريف!O65 -> 0 | U98: =T98+S98+R98+Q98 -> 0 | V98: =[1]الريف!W65 -> 0
A100: المجموع | B100: =B98+B96 -> 0 | C100: =C98+C96 -> 0 | D100: =D98+D96 -> 0 | E100: =E98+E96 -> 0 | F100: =F98+F96 -> 0 | G100: =G98+G96 -> 0 | H100: =H98+H96 -> 0 | I100: =I98+I96 -> 0 | ... V100: =V98+V96 -> 0
A102: المديرية العامة للتربية في محافظة النجف الاشرف | R102: ناحية بانيقيا ( النور )
A103: قسم التخطيط التربوي | R103: التعليم الابتدائي
B105: جدول رقم (( 1 ))
B106: التعليم الابتدائي للعام الدراسي2025/2024
B107: عدد المدارس والتلامذة الموجودين والمقبولين الجدد وعدد اعضاء الهيئة التعليمية واستقلالية المدرسة ( الصباحي والمسائي )
A110: الموقع البيئي | B110: عدد المدارس | F110: عدد التلامذة المقبولين ( الجدد ) | I110: عدد التلامذة الموجودين | L110: عدد اعضاء الهيئة التعليمية | O110: استقلالية المدرسة | Q110: عدد المدارس حسب الدوام | V110: مدارس الفتح الجديد
F111: في الصف الاول
B112: بنون | C112: بنات | D112: مختلطة | E112: المجموع | F112: بنون | G112: بنات | H112: المجموع | I112: بنون | J112: بنات | K112: المجموع | L112: ذكور | M112: اناث | N112: المجموع | O112: اصلية | P112: ضيف | Q112: صباحاً | R112: ظهرا | S112: صباحا وظهرا | T112: مساءاً | U112: المجموع
A113: حضـــر | B113: =[1]الحضر!G328 -> 0 | C113: =[1]الحضر!H328 -> 0 | D113: =[1]الحضر!I328 -> 0 | E113: =D113+C113+B113 -> 0 | F113: =[1]الحضر!AM328 -> 0 | G113: =[1]الحضر!AN328 -> 0 | H113: =G113+F113 -> 0 | I113: =[1]الحضر!EN328 -> 0 | J113: =[1]الحضر!EO328 -> 0 | K113: =J113+I113 -> 0 | L113: =[1]الحضر!JG328 -> 0 | M113: =[1]الحضر!JH328 -> 0 | N113: =M113+L113 -> 0 | O113: =[1]الحضر!P328 -> 0 | P113: =[1]الحضر!Q328 -> 0 | Q113: =[1]الحضر!L328 -> 0 | R113: =[1]الحضر!M328 -> 0 | S113: =[1]الحضر!N328 -> 0 | T113: =[1]الحضر!O328 -> 0 | U113: =T113+S113+R113+Q113 -> 0 | V113: =[1]الحضر!W328 -> 0
A115: ريـــــف | B115: =[1]الريف!G72 -> 0 | C115: =[1]الريف!H72 -> 0 | D115: =[1]الريف!I72 -> 0 | E115: =D115+C115+B115 -> 0 | F115: =[1]الريف!AM72 -> 0 | G115: =[1]الريف!AN72 -> 0 | H115: =G115+F115 -> 0 | I115: =[1]الريف!EN72 -> 0 | J115: =[1]الريف!EO72 -> 0 | K115: =J115+I115 -> 0 | L115: =[1]الريف!JG72 -> 0 | M115: =[1]الريف!JH72 -> 0 | N115: =M115+L115 -> 0 | O115: =[1]الريف!P72 -> 0 | P115: =[1]الريف!Q72 -> 0 | Q115: =[1]الريف!L72 -> 0 | R115: =[1]الريف!M72 -> 0 | S115: =[1]الريف!N72 -> 0 | T115: =[1]الريف!O72 -> 0 | U115: =T115+S115+R115+Q115 -> 0 | V115: =[1]الريف!W72 -> 0
A117: المجموع | B117: =B115+B113 -> 0 | C117: =C115+C113 -> 0 | D117: =D115+D113 -> 0 | E117: =E115+E113 -> 0 | F117: =F115+F113 -> 0 | G117: =G115+G113 -> 0 | H117: =H115+H113 -> 0 | I117: =I115+I113 -> 0 | ... V117: =V115+V113 -> 0
A118: المديرية العامة للتربية في محافظة النجف الاشرف | R118: قضاء الكوفة
A119: قسم التخطيط التربوي | R119: التعليم الابتدائي
B121: جدول رقم (( 1 ))
B122: التعليم الابتدائي للعام الدراسي2025/2024
B123: عدد المدارس والتلامذة الموجودين والمقبولين الجدد وعدد اعضاء الهيئة التعليمية واستقلالية المدرسة ( الصباحي والمسائي )
A126: الموقع البيئي | B126: عدد المدارس | F126: عدد التلامذة المقبولين ( الجدد ) | I126: عدد التلامذة الموجودين | L126: عدد اعضاء الهيئة التعليمية | O126: استقلالية المدرسة | Q126: عدد المدارس حسب الدوام | V126: مدارس الفتح الجديد
F127: في الصف الاول
B128: بنون | C128: بنات | D128: مختلطة | E128: المجموع | F128: بنون | G128: بنات | H128: المجموع | I128: بنون | J128: بنات | K128: المجموع | L128: ذكور | M128: اناث | N128: المجموع | O128: اصلية | P128: ضيف | Q128: صباحاً | R128: ظهرا | S128: صباحا وظهرا | T128: مساءاً | U128: المجموع
A129: حضـــر | B129: =[1]الحضر!G431 -> 0 | C129: =[1]الحضر!H431 -> 0 | D129: =[1]الحضر!I431 -> 0 | E129: =D129+C129+B129 -> 0 | F129: =[1]الحضر!AM431 -> 0 | G129: =[1]الحضر!AN431 -> 0 | H129: =G129+F129 -> 0 | I129: =[1]الحضر!EN431 -> 0 | J129: =[1]الحضر!EO431 -> 0 | K129: =J129+I129 -> 0 | L129: =[1]الحضر!JG431 -> 0 | M129: =[1]الحضر!JH431 -> 0 | N129: =M129+L129 -> 0 | O129: =[1]الحضر!P431 -> 0 | P129: =[1]الحضر!Q431 -> 0 | Q129: =[1]الحضر!L431 -> 0 | R129: =[1]الحضر!M431 -> 0 | S129: =[1]الحضر!N431 -> 0 | T129: =[1]الحضر!O431 -> 0 | U129: =T129+S129+R129+Q129 -> 0 | V129: =[1]الحضر!W431 -> 0
A131: ريـــــف | B131: =[1]الريف!G189 -> 0 | C131: =[1]الريف!H189 -> 0 | D131: =[1]الريف!I189 -> 0 | E131: =D131+C131+B131 -> 0 | F131: =[1]الريف!AM189 -> 0 | G131: =[1]الريف!AN189 -> 0 | H131: =G131+F131 -> 0 | I131: =[1]الريف!EN189 -> 0 | J131: =[1]الريف!EO189 -> 0 | K131: =J131+I131 -> 0 | L131: =[1]الريف!JG189 -> 0 | M131: =[1]الريف!JH189 -> 0 | N131: =M131+L131 -> 0 | O131: =[1]الريف!P189 -> 0 | P131: =[1]الريف!Q189 -> 0 | Q131: =[1]الريف!L189 -> 0 | R131: =[1]الريف!M189 -> 0 | S131: =[1]الريف!N189 -> 0 | T131: =[1]الريف!O189 -> 0 | U131: =T131+S131+R131+Q131 -> 0 | V131: =[1]الريف!W189 -> 0
A133: المجموع | B133: =SUM(B129:B132) -> 0 | C133: =SUM(C129:C132) -> 0 | D133: =SUM(D129:D132) -> 0 | E133: =SUM(E129:E132) -> 0 | F133: =SUM(F129:F132) -> 0 | G133: =SUM(G129:G132) -> 0 | H133: =SUM(H129:H132) -> 0 | I133: =SUM(I129:I132) -> 0 | J133: =SUM(J129:J132) -> 0 | K133: =J133+I133 -> 0 | L133: =SUM(L129:L132) -> 0 | M133: =SUM(M129:M132) -> 0 | N133: =SUM(N129:N132) -> 0 | O133: =SUM(O129:O132) -> 0 | P133: =SUM(P129:P132) -> 0 | Q133: =SUM(Q129:Q132) -> 0 | R133: =SUM(R129:R132) -> 0 | S133: =SUM(S129:S132) -> 0 | ... U133: =SUM(U129:U132) -> 0 | V133: =V131+V129 -> 0
A135: المديرية العامة للتربية في محافظة النجف الاشرف | R135: مركز الكوفة
A136: قسم التخطيط التربوي | R136: التعليم الابتدائي
B138: جدول رقم (( 1 ))
B139: التعليم الابتدائي للعام الدراسي2025/2024
B140: عدد المدارس والتلامذة الموجودين والمقبولين الجدد وعدد اعضاء الهيئة التعليمية واستقلالية المدرسة ( الصباحي والمسائي )
A143: الموقع البيئي | B143: عدد المدارس | F143: عدد التلامذة المقبولين ( الجدد ) | I143: عدد التلامذة الموجودين | L143: عدد اعضاء الهيئة التعليمية | O143: استقلالية المدرسة | Q143: عدد المدارس حسب الدوام | V143: مدارس الفتح الجديد
F144: في الصف الاول
B145: بنون | C145: بنات | D145: مختلطة | E145: المجموع | F145: بنون | G145: بنات | H145: المجموع | I145: بنون | J145: بنات | K145: المجموع | L145: ذكور | M145: اناث | N145: المجموع | O145: اصلية | P145: ضيف | Q145: صباحاً | R145: ظهرا | S145: صباحا وظهرا | T145: مساءاً | U145: المجموع
A146: حضـــر | B146: =[1]الحضر!G407 -> 0 | C146: =[1]الحضر!H407 -> 0 | D146: =[1]الحضر!I407 -> 0 | E146: =D146+C146+B146 -> 0 | F146: =[1]الحضر!AM407 -> 0 | G146: =[1]الحضر!AN407 -> 0 | H146: =G146+F146 -> 0 | I146: =[1]الحضر!EN407 -> 0 | J146: =[1]الحضر!EO407 -> 0 | K146: =J146+I146 -> 0 | L146: =[1]الحضر!JG407 -> 0 | M146: =[1]الحضر!JH407 -> 0 | N146: =M146+L146 -> 0 | O146: =[1]الحضر!P407 -> 0 | P146: =[1]الحضر!Q407 -> 0 | Q146: =[1]الحضر!L407 -> 0 | R146: =[1]الحضر!M407 -> 0 | S146: =[1]الحضر!N407 -> 0 | T146: =[1]الحضر!O407 -> 0 | U146: =T146+S146+R146+Q146 -> 0 | V146: =[1]الحضر!W407 -> 0
A148: ريـــــف | B148: =[1]الريف!G102 -> 0 | C148: =[1]الريف!H102 -> 0 | D148: =[1]الريف!I102 -> 0 | E148: =D148+C148+B148 -> 0 | F148: =[1]الريف!AM102 -> 0 | G148: =[1]الريف!AN102 -> 0 | H148: =G148+F148 -> 0 | I148: =[1]الريف!EN102 -> 0 | J148: =[1]الريف!EO102 -> 0 | K148: =J148+I148 -> 0 | L148: =[1]الريف!JG102 -> 0 | M148: =[1]الريف!JH102 -> 0 | N148: =M148+L148 -> 0 | O148: =[1]الريف!P102 -> 0 | P148: =[1]الريف!Q102 -> 0 | Q148: =[1]الريف!L102 -> 0 | R148: =[1]الريف!M102 -> 0 | S148: =[1]الريف!N102 -> 0 | T148: =[1]الريف!O102 -> 0 | U148: =T148+S148+R148+Q148 -> 0 | V148: =[1]الريف!W102 -> 0
A150: المجموع | B150: =SUM(B146:B149) -> 0 | C150: =SUM(C146:C149) -> 0 | D150: =SUM(D146:D149) -> 0 | E150: =SUM(E146:E149) -> 0 | F150: =SUM(F146:F149) -> 0 | G150: =SUM(G146:G149) -> 0 | H150: =SUM(H146:H149) -> 0 | I150: =SUM(I146:I149) -> 0 | J150: =SUM(J146:J149) -> 0 | K150: =J150+I150 -> 0 | L150: =SUM(L146:L149) -> 0 | M150: =SUM(M146:M149) -> 0 | N150: =SUM(N146:N149) -> 0 | O150: =SUM(O146:O149) -> 0 | P150: =SUM(P146:P149) -> 0 | Q150: =SUM(Q146:Q149) -> 0 | R150: =SUM(R146:R149) -> 0 | S150: =SUM(S146:S149) -> 0 | ... U150: =SUM(U146:U149) -> 0 | V150: =V148+V146 -> 0
...

Sheet t4&t5
A1: المديرية العامة للتربية في محافظة النجف الاشرف | O1: خلاصة محافظة النجف الاشرف
A2: قسم التخطيط التربوي | O2: التعليم الابتدائي
A3: جدول رقم ((4))
A4: التعليم الابتدائي للعام الدراسي2024 / 2025
A5: عدد التلامذة الجدد حسب العمر والجنس
B7: عمر 5 | D7: عمر6 | F7: عمر 7 | H7: عمر 8 | J7: عمر 9 | L7: عمر 10 | N7: المجموع
A9: بنــــــــون | B9: =SUM(survey!X:X) -> 1 | N9: =L9+J9+H9+F9+D9+B9 -> 1
A10: بنــــــــات | B10: =SUM(survey!Y:Y) -> 0 | N10: =L10+J10+H10+F10+D10+B10 -> 0
A11: المجمــــــــوع | N11: =L11+J11+H11+F11+D11+B11 -> 0
G12: `
G13: (( 5 )) جدول رقم
F14: التعليم الابتدائي للعام الدراسي2024 / 2025
F15: عدد التلامذة المسجلين حسب الصف والعمروالجنس
B17: الأول | D17: الثاني | F17: الثالث | H17: الرابع | J17: الخامس | L17: السادس | N17: المجموع
B18: بنون | C18: بنات | D18: بنون | E18: بنات | F18: بنون | G18: بنات | H18: بنون | I18: بنات | J18: بنون | K18: بنات | L18: بنون | M18: بنات | N18: بنون | O18: بنات | P18: المجموع
A19: عمر 5 | B19: ='[1]التعليم الابتدائي'!AP754 -> 0 | C19: ='[1]التعليم الابتدائي'!AQ754 -> 0 | N19: =B19 -> 0 | O19: =C19 -> 0 | P19: =O19+N19 -> 0
A20: عمر6 | B20: ='[1]التعليم الابتدائي'!AR754 -> 0 | C20: ='[1]التعليم الابتدائي'!AS754 -> 0 | N20: =B20 -> 0 | O20: =C20 -> 0 | P20: =O20+N20 -> 0
A21: عمر 7 | B21: ='[1]التعليم الابتدائي'!AT754 -> 0 | C21: ='[1]التعليم الابتدائي'!AU754 -> 0 | D21: ='[1]التعليم الابتدائي'!BE754 -> 0 | E21: ='[1]التعليم الابتدائي'!BF754 -> 0 | N21: =D21+B21 -> 0 | O21: =E21+C21 -> 0 | P21: =O21+N21 -> 0
A22: عمر 8 | B22: ='[1]التعليم الابتدائي'!AV754 -> 0 | C22: ='[1]التعليم الابتدائي'!AW754 -> 0 | D22: ='[1]التعليم الابتدائي'!BG754 -> 0 | E22: ='[1]التعليم الابتدائي'!BH754 -> 0 | F22: ='[1]التعليم الابتدائي'!BR754 -> 0 | G22: ='[1]التعليم الابتدائي'!BS754 -> 0 | N22: =F22+D22+B22 -> 0 | O22: =G22+E22+C22 -> 0 | P22: =O22+N22 -> 0
A23: عمر 9 | B23: ='[1]التعليم الابتدائي'!AX754 -> 0 | C23: ='[1]التعليم الابتدائي'!AY754 -> 0 | D23: ='[1]التعليم الابتدائي'!BI754 -> 0 | E23: ='[1]التعليم الابتدائي'!BJ754 -> 0 | F23: ='[1]التعليم الابتدائي'!BT754 -> 0 | G23: ='[1]التعليم الابتدائي'!BU754 -> 0 | H23: ='[1]التعليم الابتدائي'!CE754 -> 0 | I23: ='[1]التعليم الابتدائي'!CF754 -> 0 | N23: =B23+D23+F23+H23 -> 0 | O23: =I23+G23+E23+C23 -> 0 | P23: =O23+N23 -> 0
A24: عمر 10 | B24: ='[1]التعليم الابتدائي'!AZ754 -> 0 | C24: ='[1]التعليم الابتدائي'!BA754 -> 0 | D24: ='[1]التعليم الابتدائي'!BK754 -> 0 | E24: ='[1]التعليم الابتدائي'!BL754 -> 0 | F24: ='[1]التعليم الابتدائي'!BV754 -> 0 | G24: ='[1]التعليم الابتدائي'!BW754 -> 0 | H24: ='[1]التعليم الابتدائي'!CG754 -> 0 | I24: ='[1]التعليم الابتدائي'!CH754 -> 0 | J24: ='[1]التعليم الابتدائي'!CR754 -> 0 | K24: ='[1]التعليم الابتدائي'!CS754 -> 0 | N24: =B24+D24+F24+H24+J24 -> 0 | O24: =K24+I24+G24+E24+C24 -> 0 | P24: =O24+N24 -> 0
A25: عمر 11 | D25: ='[1]التعليم الابتدائي'!BM754 -> 0 | E25: ='[1]التعليم الابتدائي'!BN754 -> 0 | F25: ='[1]التعليم الابتدائي'!BX754 -> 0 | G25: ='[1]التعليم الابتدائي'!BY754 -> 0 | H25: ='[1]التعليم الابتدائي'!CI754 -> 0 | I25: ='[1]التعليم الابتدائي'!CJ754 -> 0 | J25: ='[1]التعليم الابتدائي'!CT754 -> 0 | K25: ='[1]التعليم الابتدائي'!CU754 -> 0 | L25: ='[1]التعليم الابتدائي'!DE754 -> 0 | M25: ='[1]التعليم الابتدائي'!DF754 -> 0 | N25: =D25+F25+H25+J25+L25 -> 0 | O25: =M25+K25+I25+G25+E25 -> 0 | P25: =O25+N25 -> 0
A26: عمر 12 | F26: ='[1]التعليم الابتدائي'!BZ754 -> 0 | G26: ='[1]التعليم الابتدائي'!CA754 -> 0 | H26: ='[1]التعليم الابتدائي'!CK754 -> 0 | I26: ='[1]التعليم الابتدائي'!CL754 -> 0 | J26: ='[1]التعليم الابتدائي'!CV754 -> 0 | K26: ='[1]التعليم الابتدائي'!CW754 -> 0 | L26: ='[1]التعليم الابتدائي'!DG754 -> 0 | M26: ='[1]التعليم الابتدائي'!DH754 -> 0 | N26: =L26+J26+H26+F26 -> 0 | O26: =M26+K26+I26+G26 -> 0 | P26: =O26+N26 -> 0
A27: عمر 13 | H27: ='[1]التعليم الابتدائي'!CM754 -> 0 | I27: ='[1]التعليم الابتدائي'!CN754 -> 0 | J27: ='[1]التعليم الابتدائي'!CX754 -> 0 | K27: ='[1]التعليم الابتدائي'!CY754 -> 0 | L27: ='[1]التعليم الابتدائي'!DI754 -> 0 | M27: ='[1]التعليم الابتدائي'!DJ754 -> 0 | N27: =L27+J27+H27 -> 0 | O27: =M27+K27+I27 -> 0 | P27: =O27+N27 -> 0
A28: عمر14 | J28: ='[1]التعليم الابتدائي'!CZ754 -> 0 | K28: ='[1]التعليم الابتدائي'!DA754 -> 0 | L28: ='[1]التعليم الابتدائي'!DK754 -> 0 | M28: ='[1]التعليم الابتدائي'!DL754 -> 0 | N28: =L28+J28 -> 0 | O28: =M28+K28 -> 0 | P28: =O28+N28 -> 0
A29: عمر 15 فأكثر | L29: ='[1]التعليم الابتدائي'!DM754 -> 0 | M29: ='[1]التعليم الابتدائي'!DN754 -> 0 | N29: =L29 -> 0 | O29: =M29 -> 0 | P29: =O29+N29 -> 0
A30: المجموع | B30: =SUM(B19:B29) -> 0 | C30: =SUM(C19:C29) -> 0 | D30: =D25+D24+D23+D22+D21 -> 0 | E30: =SUM(E19:E29) -> 0 | F30: =SUM(F19:F29) -> 0 | G30: =SUM(G19:G29) -> 0 | H30: =SUM(H19:H29) -> 0 | I30: =SUM(I19:I29) -> 0 | J30: =SUM(J19:J29) -> 0 | K30: =SUM(K19:K29) -> 0 | L30: =SUM(L25:L29) -> 0 | M30: =SUM(M25:M29) -> 0 | N30: =SUM(N19:N29) -> 0 | O30: =SUM(O19:O29) -> 0 | P30: =SUM(P19:P29) -> 0
A32: المديرية العامة للتربية في محافظة النجف الاشرف | O32: قضاء النجف
A33: قسم التخطيط التربوي | O33: التعليم الابتدائي
A34: جدول رقم ((4))
A35: التعليم الابتدائي للعام الدراسي2024 / 2025
A36: عدد التلامذة الجدد حسب العمر والجنس
B38: عمر 5 | D38: عمر6 | F38: عمر 7 | H38: عمر 8 | J38: عمر 9 | L38: عمر 10 | N38: المجموع
A40: بنــــــــون | B40: ='[1]التعليم الابتدائي'!AA377 -> 0 | D40: ='[1]التعليم الابتدائي'!AC377 -> 0 | F40: ='[1]التعليم الابتدائي'!AE377 -> 0 | H40: ='[1]التعليم الابتدائي'!AG377 -> 0 | J40: ='[1]التعليم الابتدائي'!AI377 -> 0 | L40: ='[1]التعليم الابتدائي'!AK377 -> 0 | N40: =L40+J40+H40+F40+D40+B40 -> 0
A41: بنــــــــات | B41: ='[1]التعليم الابتدائي'!AB377 -> 0 | D41: ='[1]التعليم الابتدائي'!AD377 -> 0 | F41: ='[1]التعليم الابتدائي'!AF377 -> 0 | H41: ='[1]التعليم الابتدائي'!AH377 -> 0 | J41: ='[1]التعليم الابتدائي'!AJ377 -> 0 | L41: ='[1]التعليم الابتدائي'!AL377 -> 0 | N41: =L41+J41+H41+F41+D41+B41 -> 0
A42: المجمــــــــوع | B42: =SUM(B40:B41) -> 0 | D42: =SUM(D40:D41) -> 0 | F42: =SUM(F40:F41) -> 0 | H42: =SUM(H40:H41) -> 0 | J42: =SUM(J40:J41) -> 0 | L42: =SUM(L40:L41) -> 0 | N42: =L42+J42+H42+F42+D42+B42 -> 0
A43: *
A44: جدول رقم ((5))
A45: التعليم الابتدائي للعام الدراسي2024 / 2025
A46: عدد التلامذة المسجلين حسب الصف والعمروالجنس
B48: الأول | D48: الثاني | F48: الثالث | H48: الرابع | J48: الخامس | L48: السادس | N48: المجموع
B49: بنون | C49: بنات | D49: بنون | E49: بنات | F49: بنون | G49: بنات | H49: بنون | I49: بنات | J49: بنون | K49: بنات | L49: بنون | M49: بنات | N49: بنون | O49: بنات | P49: المجموع
A50: عمر 5 | B50: ='[1]التعليم الابتدائي'!AP377 -> 0 | C50: ='[1]التعليم الابتدائي'!AQ377 -> 0 | N50: =B50 -> 0 | O50: =C50 -> 0 | P50: =O50+N50 -> 0
A51: عمر6 | B51: ='[1]التعليم الابتدائي'!AR377 -> 0 | C51: ='[1]التعليم الابتدائي'!AS377 -> 0 | N51: =B51 -> 0 | O51: =C51 -> 0 | P51: =O51+N51 -> 0
A52: عمر 7 | B52: ='[1]التعليم الابتدائي'!AT377 -> 0 | C52: ='[1]التعليم الابتدائي'!AU377 -> 0 | D52: ='[1]التعليم الابتدائي'!BE377 -> 0 | E52: ='[1]التعليم الابتدائي'!BF377 -> 0 | N52: =D52+B52 -> 0 | O52: =E52+C52 -> 0 | P52: =O52+N52 -> 0
A53: عمر 8 | B53: ='[1]التعليم الابتدائي'!AV377 -> 0 | C53: ='[1]التعليم الابتدائي'!AW377 -> 0 | D53: ='[1]التعليم الابتدائي'!BG377 -> 0 | E53: ='[1]التعليم الابتدائي'!BH377 -> 0 | F53: ='[1]التعليم الابتدائي'!BR377 -> 0 | G53: ='[1]التعليم الابتدائي'!BS377 -> 0 | N53: =F53+D53+B53 -> 0 | O53: =G53+E53+C53 -> 0 | P53: =O53+N53 -> 0
A54: عمر 9 | B54: ='[1]التعليم الابتدائي'!AX377 -> 0 | C54: ='[1]التعليم الابتدائي'!AY377 -> 0 | D54: ='[1]التعليم الابتدائي'!BI377 -> 0 | E54: ='[1]التعليم الابتدائي'!BJ377 -> 0 | F54: ='[1]التعليم الابتدائي'!BT377 -> 0 | G54: ='[1]التعليم الابتدائي'!BU377 -> 0 | H54: ='[1]التعليم الابتدائي'!CE377 -> 0 | I54: ='[1]التعليم الابتدائي'!CF377 -> 0 | N54: =B54+D54+F54+H54 -> 0 | O54: =I54+G54+E54+C54 -> 0 | P54: =O54+N54 -> 0
A55: عمر 10 | B55: ='[1]التعليم الابتدائي'!AZ377 -> 0 | C55: ='[1]التعليم الابتدائي'!BA377 -> 0 | D55: ='[1]التعليم الابتدائي'!BK377 -> 0 | E55: ='[1]التعليم الابتدائي'!BL377 -> 0 | F55: ='[1]التعليم الابتدائي'!BV377 -> 0 | G55: ='[1]التعليم الابتدائي'!BW377 -> 0 | H55: ='[1]التعليم الابتدائي'!CG377 -> 0 | I55: ='[1]التعليم الابتدائي'!CH377 -> 0 | J55: ='[1]التعليم الابتدائي'!CR377 -> 0 | K55: ='[1]التعليم الابتدائي'!CS377 -> 0 | N55: =B55+D55+F55+H55+J55 -> 0 | O55: =K55+I55+G55+E55+C55 -> 0 | P55: =O55+N55 -> 0
A56: عمر 11 | D56: ='[1]التعليم الابتدائي'!BM377 -> 0 | E56: ='[1]التعليم الابتدائي'!BN377 -> 0 | F56: ='[1]التعليم الابتدائي'!BX377 -> 0 | G56: ='[1]التعليم الابتدائي'!BY377 -> 0 | H56: ='[1]التعليم الابتدائي'!CI377 -> 0 | I56: ='[1]التعليم الابتدائي'!CJ377 -> 0 | J56: ='[1]التعليم الابتدائي'!CT377 -> 0 | K56: ='[1]التعليم الابتدائي'!CU377 -> 0 | L56: ='[1]التعليم الابتدائي'!DE377 -> 0 | M56: ='[1]التعليم الابتدائي'!DF377 -> 0 | N56: =D56+F56+H56+J56+L56 -> 0 | O56: =M56+K56+I56+G56+E56 -> 0 | P56: =O56+N56 -> 0
A57: عمر 12 | F57: ='[1]التعليم الابتدائي'!BZ377 -> 0 | G57: ='[1]التعليم الابتدائي'!CA377 -> 0 | H57: ='[1]التعليم الابتدائي'!CK377 -> 0 | I57: ='[1]التعليم الابتدائي'!CL377 -> 0 | J57: ='[1]التعليم الابتدائي'!CV377 -> 0 | K57: ='[1]التعليم الابتدائي'!CW377 -> 0 | L57: ='[1]التعليم الابتدائي'!DG377 -> 0 | M57: ='[1]التعليم الابتدائي'!DH377 -> 0 | N57: =L57+J57+H57+F57 -> 0 | O57: =M57+K57+I57+G57 -> 0 | P57: =O57+N57 -> 0
A58: عمر 13 | H58: ='[1]التعليم الابتدائي'!CM377 -> 0 | I58: ='[1]التعليم الابتدائي'!CN377 -> 0 | J58: ='[1]التعليم الابتدائي'!CX377 -> 0 | K58: ='[1]التعليم الابتدائي'!CY377 -> 0 | L58: ='[1]التعليم الابتدائي'!DI377 -> 0 | M58: ='[1]التعليم الابتدائي'!DJ377 -> 0 | N58: =L58+J58+H58 -> 0 | O58: =M58+K58+I58 -> 0 | P58: =O58+N58 -> 0
A59: عمر14 | J59: ='[1]التعليم الابتدائي'!CZ377 -> 0 | K59: ='[1]التعليم الابتدائي'!DA377 -> 0 | L59: ='[1]التعليم الابتدائي'!DK377 -> 0 | M59: ='[1]التعليم الابتدائي'!DL377 -> 0 | N59: =L59+J59 -> 0 | O59: =M59+K59 -> 0 | P59: =O59+N59 -> 0
A60: عمر 15 فأكثر | L60: ='[1]التعليم الابتدائي'!DM377 -> 0 | M60: ='[1]التعليم الابتدائي'!EM377 -> 0 | N60: =L60 -> 0 | O60: =M60 -> 0 | P60: =O60+N60 -> 0
A61: المجموع | B61: =SUM(B50:B60) -> 0 | C61: =SUM(C50:C60) -> 0 | D61: =D56+D55+D54+D53+D52 -> 0 | E61: =SUM(E50:E60) -> 0 | F61: =SUM(F50:F60) -> 0 | G61: =SUM(G50:G60) -> 0 | H61: =SUM(H50:H60) -> 0 | I61: =SUM(I50:I60) -> 0 | J61: =SUM(J50:J60) -> 0 | K61: =SUM(K50:K60) -> 0 | L61: =SUM(L50:L60) -> 0 | ... P61: =SUM(P50:P60) -> 0
A63: المديرية العامة للتربية في محافظة النجف الاشرف | O63: مركز النجف
A64: قسم التخطيط التربوي | O64: التعليم الابتدائي
A65: جدول رقم ((4))
A66: التعليم الابتدائي للعام الدراسي2024 / 2025
A67: عدد التلامذة الجدد حسب العمر والجنس
B69: عمر 5 | D69: عمر6 | F69: عمر 7 | H69: عمر 8 | J69: عمر 9 | L69: عمر 10 | N69: المجموع
A71: بنــــــــون | B71: ='[1]التعليم الابتدائي'!AA295 -> 0 | D71: ='[1]التعليم الابتدائي'!AC295 -> 0 | F71: ='[1]التعليم الابتدائي'!AE295 -> 0 | H71: ='[1]التعليم الابتدائي'!AG295 -> 0 | J71: ='[1]التعليم الابتدائي'!AI295 -> 0 | L71: ='[1]التعليم الابتدائي'!AK295 -> 0 | N71: =L71+J71+H71+F71+D71+B71 -> 0
A72: بنــــــــات | B72: ='[1]التعليم الابتدائي'!AB295 -> 0 | D72: ='[1]التعليم الابتدائي'!AD295 -> 0 | F72: ='[1]التعليم الابتدائي'!AF295 -> 0 | H72: ='[1]التعليم الابتدائي'!AH295 -> 0 | J72: ='[1]التعليم الابتدائي'!AJ295 -> 0 | L72: ='[1]التعليم الابتدائي'!AL295 -> 0 | N72: =L72+J72+H72+F72+D72+B72 -> 0
A73: المجمــــــــوع | B73: =SUM(B71:B72) -> 0 | D73: =SUM(D71:D72) -> 0 | F73: =SUM(F71:F72) -> 0 | H73: =SUM(H71:H72) -> 0 | J73: =SUM(J71:J72) -> 0 | L73: =SUM(L71:L72) -> 0 | N73: =L73+J73+H73+F73+D73+B73 -> 0
A75: جدول رقم ((5))
A76: التعليم الابتدائي للعام الدراسي2024 / 2025
A77: عدد التلامذة المسجلين حسب الصف والعمروالجنس
B79: الأول | D79: الثاني | F79: الثالث | H79: الرابع | J79: الخامس | L79: السادس | N79: المجموع
B80: بنون | C80: بنات | D80: بنون | E80: بنات | F80: بنون | G80: بنات | H80: بنون | I80: بنات | J80: بنون | K80: بنات | L80: بنون | M80: بنات | N80: بنون | O80: بنات | P80: المجموع
A81: عمر 5 | B81: ='[1]التعليم الابتدائي'!AP295 -> 0 | C81: ='[1]التعليم الابتدائي'!AQ295 -> 0 | N81: =B81 -> 0 | O81: =C81 -> 0 | P81: =O81+N81 -> 0
A82: عمر6 | B82: ='[1]التعليم الابتدائي'!AR295 -> 0 | C82: ='[1]التعليم الابتدائي'!AS295 -> 0 | N82: =B82 -> 0 | O82: =C82 -> 0 | P82: =O82+N82 -> 0
A83: عمر 7 | B83: ='[1]التعليم الابتدائي'!AT295 -> 0 | C83: ='[1]التعليم الابتدائي'!AU295 -> 0 | D83: ='[1]التعليم الابتدائي'!BE295 -> 0 | E83: ='[1]التعليم الابتدائي'!BF295 -> 0 | N83: =D83+B83 -> 0 | O83: =E83+C83 -> 0 | P83: =O83+N83 -> 0
A84: عمر 8 | B84: ='[1]التعليم الابتدائي'!AV295 -> 0 | C84: ='[1]التعليم الابتدائي'!AW295 -> 0 | D84: ='[1]التعليم الابتدائي'!BG295 -> 0 | E84: ='[1]التعليم الابتدائي'!BH295 -> 0 | F84: ='[1]التعليم الابتدائي'!BR295 -> 0 | G84: ='[1]التعليم الابتدائي'!BS295 -> 0 | N84: =F84+D84+B84 -> 0 | O84: =G84+E84+C84 -> 0 | P84: =O84+N84 -> 0
A85: عمر 9 | B85: ='[1]التعليم الابتدائي'!AX295 -> 0 | C85: ='[1]التعليم الابتدائي'!AY295 -> 0 | D85: ='[1]التعليم الابتدائي'!BI295 -> 0 | E85: ='[1]التعليم الابتدائي'!BJ295 -> 0 | F85: ='[1]التعليم الابتدائي'!BT295 -> 0 | G85: ='[1]التعليم الابتدائي'!BU295 -> 0 | H85: ='[1]التعليم الابتدائي'!CE295 -> 0 | I85: ='[1]التعليم الابتدائي'!CF295 -> 0 | N85: =B85+D85+F85+H85 -> 0 | O85: =I85+G85+E85+C85 -> 0 | P85: =O85+N85 -> 0
A86: عمر 10 | B86: ='[1]التعليم الابتدائي'!AZ295 -> 0 | C86: ='[1]التعليم الابتدائي'!BA295 -> 0 | D86: ='[1]التعليم الابتدائي'!BK295 -> 0 | E86: ='[1]التعليم الابتدائي'!BL295 -> 0 | F86: ='[1]التعليم الابتدائي'!BV295 -> 0 | G86: ='[1]التعليم الابتدائي'!BW295 -> 0 | H86: ='[1]التعليم الابتدائي'!CG295 -> 0 | I86: ='[1]التعليم الابتدائي'!CH295 -> 0 | J86: ='[1]التعليم الابتدائي'!CR295 -> 0 | K86: ='[1]التعليم الابتدائي'!CS295 -> 0 | N86: =B86+D86+F86+H86+J86 -> 0 | O86: =K86+I86+G86+E86+C86 -> 0 | P86: =O86+N86 -> 0
A87: عمر 11 | D87: ='[1]التعليم الابتدائي'!BM295 -> 0 | E87: ='[1]التعليم الابتدائي'!BN295 -> 0 | F87: ='[1]التعليم الابتدائي'!BX295 -> 0 | G87: ='[1]التعليم الابتدائي'!BY295 -> 0 | H87: ='[1]التعليم الابتدائي'!CI295 -> 0 | I87: ='[1]التعليم الابتدائي'!CJ295 -> 0 | J87: ='[1]التعليم الابتدائي'!CT295 -> 0 | K87: ='[1]التعليم الابتدائي'!CU295 -> 0 | L87: ='[1]التعليم الابتدائي'!DE295 -> 0 | M87: ='[1]التعليم الابتدائي'!DF295 -> 0 | N87: =D87+F87+H87+J87+L87 -> 0 | O87: =M87+K87+I87+G87+E87 -> 0 | P87: =O87+N87 -> 0
A88: عمر 12 | F88: ='[1]التعليم الابتدائي'!BZ295 -> 0 | G88: ='[1]التعليم الابتدائي'!CA295 -> 0 | H88: ='[1]التعليم الابتدائي'!CK295 -> 0 | I88: ='[1]التعليم الابتدائي'!CL295 -> 0 | J88: ='[1]التعليم الابتدائي'!CV295 -> 0 | K88: ='[1]التعليم الابتدائي'!CW295 -> 0 | L88: ='[1]التعليم الابتدائي'!DG295 -> 0 | M88: ='[1]التعليم الابتدائي'!DH295 -> 0 | N88: =L88+J88+H88+F88 -> 0 | O88: =M88+K88+I88+G88 -> 0 | P88: =O88+N88 -> 0
A89: عمر 13 | H89: ='[1]التعليم الابتدائي'!CM295 -> 0 | I89: ='[1]التعليم الابتدائي'!CN295 -> 0 | J89: ='[1]التعليم الابتدائي'!CX295 -> 0 | K89: ='[1]التعليم الابتدائي'!CY295 -> 0 | L89: ='[1]التعليم الابتدائي'!DI295 -> 0 | M89: ='[1]التعليم الابتدائي'!DJ295 -> 0 | N89: =L89+J89+H89 -> 0 | O89: =M89+K89+I89 -> 0 | P89: =O89+N89 -> 0
A90: عمر14 | J90: ='[1]التعليم الابتدائي'!CZ295 -> 0 | K90: ='[1]التعليم الابتدائي'!DA295 -> 0 | L90: ='[1]التعليم الابتدائي'!DK295 -> 0 | M90: ='[1]التعليم الابتدائي'!DL295 -> 0 | N90: =L90+J90 -> 0 | O90: =M90+K90 -> 0 | P90: =O90+N90 -> 0
A91: عمر 15 فأكثر | L91: ='[1]التعليم الابتدائي'!DM295 -> 0 | M91: ='[1]التعليم الابتدائي'!EM295 -> 0 | N91: =L91 -> 0 | O91: =M91 -> 0 | P91: =O91+N91 -> 0
A92: المجموع | B92: =SUM(B81:B91) -> 0 | C92: =SUM(C81:C91) -> 0 | D92: =D87+D86+D85+D84+D83 -> 0 | E92: =SUM(E81:E91) -> 0 | F92: =SUM(F81:F91) -> 0 | G92: =SUM(G81:G91) -> 0 | H92: =SUM(H81:H91) -> 0 | I92: =SUM(I81:I91) -> 0 | J92: =SUM(J81:J91) -> 0 | K92: =SUM(K81:K91) -> 0 | L92: =SUM(L81:L91) -> 0 | ... P92: =SUM(P81:P91) -> 0
A94: المديرية العامة للتربية في محافظة النجف الاشرف | N94: ناحية الحيدرية
A95: قسم التخطيط التربوي | N95: التعليم الابتدائي
A96: جدول رقم ((4))
A97: التعليم الابتدائي للعام الدراسي2025 / 2024
A98: عدد التلامذة الجدد حسب العمر والجنس
B100: عمر 5 | D100: عمر6 | F100: عمر 7 | H100: عمر 8 | J100: عمر 9 | L100: عمر 10 | N100: المجموع
A102: بنــــــــون | B102: ='[1]التعليم الابتدائي'!AA344 -> 0 | D102: ='[1]التعليم الابتدائي'!AC344 -> 0 | F102: ='[1]التعليم الابتدائي'!AE344 -> 0 | H102: ='[1]التعليم الابتدائي'!AG344 -> 0 | J102: ='[1]التعليم الابتدائي'!AI344 -> 0 | L102: ='[1]التعليم الابتدائي'!AK344 -> 0 | N102: =L102+J102+H102+F102+D102+B102 -> 0
A103: بنــــــــات | B103: ='[1]التعليم الابتدائي'!AB344 -> 0 | D103: ='[1]التعليم الابتدائي'!AD344 -> 0 | F103: ='[1]التعليم الابتدائي'!AF344 -> 0 | H103: ='[1]التعليم الابتدائي'!AH344 -> 0 | J103: ='[1]التعليم الابتدائي'!AJ344 -> 0 | L103: ='[1]التعليم الابتدائي'!AL344 -> 0 | N103: =L103+J103+H103+F103+D103+B103 -> 0
A104: المجمــــــــوع | B104: =SUM(B102:B103) -> 0 | D104: =SUM(D102:D103) -> 0 | F104: =SUM(F102:F103) -> 0 | H104: =SUM(H102:H103) -> 0 | J104: =SUM(J102:J103) -> 0 | L104: =SUM(L102:L103) -> 0 | N104: =L104+J104+H104+F104+D104+B104 -> 0
A106: جدول رقم ((5))
A107: التعليم الابتدائي للعام الدراسي2025 / 2024
A108: عدد التلامذة المسجلين حسب الصف والعمروالجنس
B110: الأول | D110: الثاني | F110: الثالث | H110: الرابع | J110: الخامس | L110: السادس | N110: المجموع
B111: بنون | C111: بنات | D111: بنون | E111: بنات | F111: بنون | G111: بنات | H111: بنون | I111: بنات | J111: بنون | K111: بنات | L111: بنون | M111: بنات | N111: بنون | O111: بنات | P111: المجموع
A112: عمر 5 | B112: ='[1]التعليم الابتدائي'!AP344 -> 0 | C112: ='[1]التعليم الابتدائي'!AQ344 -> 0 | N112: =B112 -> 0 | O112: =C112 -> 0 | P112: =O112+N112 -> 0
A113: عمر6 | B113: ='[1]التعليم الابتدائي'!AR344 -> 0 | C113: ='[1]التعليم الابتدائي'!AS344 -> 0 | N113: =B113 -> 0 | O113: =C113 -> 0 | P113: =O113+N113 -> 0
A114: عمر 7 | B114: ='[1]التعليم الابتدائي'!AT344 -> 0 | C114: ='[1]التعليم الابتدائي'!AU344 -> 0 | D114: ='[1]التعليم الابتدائي'!BE344 -> 0 | E114: ='[1]التعليم الابتدائي'!BF344 -> 0 | N114: =D114+B114 -> 0 | O114: =E114+C114 -> 0 | P114: =O114+N114 -> 0
A115: عمر 8 | B115: ='[1]التعليم الابتدائي'!AV344 -> 0 | C115: ='[1]التعليم الابتدائي'!AW344 -> 0 | D115: ='[1]التعليم الابتدائي'!BG344 -> 0 | E115: ='[1]التعليم الابتدائي'!BH344 -> 0 | F115: ='[1]التعليم الابتدائي'!BR344 -> 0 | G115: ='[1]التعليم الابتدائي'!BS344 -> 0 | N115: =F115+D115+B115 -> 0 | O115: =G115+E115+C115 -> 0 | P115: =O115+N115 -> 0
A116: عمر 9 | B116: ='[1]التعليم الابتدائي'!AX344 -> 0 | C116: ='[1]التعليم الابتدائي'!AY344 -> 0 | D116: ='[1]التعليم الابتدائي'!BI344 -> 0 | E116: ='[1]التعليم الابتدائي'!BJ344 -> 0 | F116: ='[1]التعليم الابتدائي'!BT344 -> 0 | G116: ='[1]التعليم الابتدائي'!BU344 -> 0 | H116: ='[1]التعليم الابتدائي'!CE344 -> 0 | I116: ='[1]التعليم الابتدائي'!CF344 -> 0 | N116: =B116+D116+F116+H116 -> 0 | O116: =I116+G116+E116+C116 -> 0 | P116: =O116+N116 -> 0
A117: عمر 10 | B117: ='[1]التعليم الابتدائي'!AZ344 -> 0 | C117: ='[1]التعليم الابتدائي'!BA344 -> 0 | D117: ='[1]التعليم الابتدائي'!BK344 -> 0 | E117: ='[1]التعليم الابتدائي'!BL344 -> 0 | F117: ='[1]التعليم الابتدائي'!BV344 -> 0 | G117: ='[1]التعليم الابتدائي'!BW344 -> 0 | H117: ='[1]التعليم الابتدائي'!CG344 -> 0 | I117: ='[1]التعليم الابتدائي'!CH344 -> 0 | J117: ='[1]التعليم الابتدائي'!CR344 -> 0 | K117: ='[1]التعليم الابتدائي'!CS344 -> 0 | N117: =B117+D117+F117+H117+J117 -> 0 | O117: =K117+I117+G117+E117+C117 -> 0 | P117: =O117+N117 -> 0
...

Sheet t6&t7
A1: المديرية العامة للتربية في محافظة النجف الاشرف | T1: خلاصة محافظة النجف الاشرف
A2: قسم التخطيط التربوي | U2: التعليم الابتدائي
B3: جدول رقم (( 6 ))
B4: التعليم الابتدائي للعام الدراسي2025/2024
B5: عدد الهيئات التعليمية حسب العنوان الوظيفي والشهادة
B7: الجنس | C7: الهيئة التعليمية حسب العنوان الوظيفي | H7: الهيئة التعليمية حسب العنوان والشهادة
H8: دورات تربوية | I8: دبلوم تعليمي لمعاهد المعلمين والمعاهد المركزية | J8: دبلوم عام | K8: دبلوم فنون جميلة | L8: جامعية | N8: دراسات عليا | Q8: اخــرى | R8: المجموع
C9: مدير | D9: معاون | E9: معلم | F9: مرشد | G9: المجموع | L9: تربوية تعليمية | M9: غير تربوية | N9: دبلوم عالي | O9: ماجستير | P9: دكتوراه
B10: ذكــــــور | C10: ='[1]التعليم الابتدائي'!IY754 -> 428 | D10: ='[1]التعليم الابتدائي'!JA754 -> 0 | E10: ='[1]التعليم الابتدائي'!JC754 -> 0 | F10: ='[1]التعليم الابتدائي'!JE754 -> 0 | G10: =E10+D10+C10+F10 -> 428 | H10: ='[1]التعليم الابتدائي'!ADR754 -> 0 | I10: ='[1]التعليم الابتدائي'!ADT754 -> 0 | J10: ='[1]التعليم الابتدائي'!ADX754 -> 0 | K10: ='[1]التعليم الابتدائي'!ADV754 -> 0 | L10: ='[1]التعليم الابتدائي'!ADZ754 -> 0 | M10: ='[1]التعليم الابتدائي'!AEB754 -> 0 | N10: ='[1]التعليم الابتدائي'!AED754 -> 0 | O10: ='[1]التعليم الابتدائي'!AEF754 -> 0 | P10: ='[1]التعليم الابتدائي'!AEH754 -> 0 | Q10: ='[1]التعليم الابتدائي'!AEJ754 -> 1 | R10: =Q10+P10+N10+M10+L10+K10+I10+J10+H10+O10 -> 1
B11: انــــــــاث | C11: ='[1]التعليم الابتدائي'!IZ754 -> 295 | D11: ='[1]التعليم الابتدائي'!JB754 -> 0 | E11: ='[1]التعليم الابتدائي'!JD754 -> 0 | F11: ='[1]التعليم الابتدائي'!JF754 -> 0 | G11: =E11+D11+C11+F11 -> 295 | H11: ='[1]التعليم الابتدائي'!ADS754 -> 0 | I11: ='[1]التعليم الابتدائي'!ADU754 -> 0 | J11: ='[1]التعليم الابتدائي'!ADY754 -> 0 | K11: ='[1]التعليم الابتدائي'!ADW754 -> 0 | L11: ='[1]التعليم الابتدائي'!AEA754 -> 0 | M11: ='[1]التعليم الابتدائي'!AEC754 -> 0 | N11: ='[1]التعليم الابتدائي'!AEE754 -> 0 | O11: ='[1]التعليم الابتدائي'!AEG754 -> 0 | P11: ='[1]التعليم الابتدائي'!AEI754 -> 0 | Q11: ='[1]التعليم الابتدائي'!AEK754 -> 1 | R11: =Q11+P11+N11+M11+L11+K11+I11+J11+H11+O11 -> 1
B12: المجموع | C12: =C10+C11 -> 723 | D12: =D10+D11 -> 0 | E12: =E10+E11 -> 0 | F12: =SUM(F10:F11) -> 0 | G12: =E12+D12+C12+F12 -> 723 | H12: =H11+H10 -> 0 | I12: =I11+I10 -> 0 | J12: =J11+J10 -> 0 | K12: =K11+K10 -> 0 | L12: =L11+L10 -> 0 | M12: =M11+M10 -> 0 | N12: =N11+N10 -> 0 | O12: =O11+O10 -> 0 | ... R12: =R11+R10 -> 2
B14: جدول رقم (( 7 ))
B15: التعليم الابتدائي للعام الدراسي2025/2024
B16: عدد الابنية المدرسية وعدد المكتبات
A18: عدد الابنية حسب العائدية | D18: عدد الابنية التي تشغلها | G18: عدد الابنية حسب الحالة العمرانية | J18: عدد الابنية حسب نوع البناء | L18: عدد الابنية حسب مادة البناء | R18: المجموع الكلي للابنية | S18: عدد الابنية حسب نوع الخدمات
A19: حكومية | C19: مستاجرة | D19: مدرسة واحدة | E19: مدرستان | F19: ثلاث مدارس فاكثر | G19: صالحة | H19: بحاجة الى ترميم | I19: غير صالحة | J19: مدرسي | K19: غير مدرسي | L19: طابوق او حجر | M19: بناء جاهز | N19: طين او صريفة | O19: هياكل حديدية | P19: كرفان | Q19: اخرى | S19: عدد الابنية التي تتوفر فيها مرافق صحية | T19: عدد الابنية التي يصلها ماء صالح للشرب | U19: عدد الابنية المزودة بخدمة مجاري | V19: عدد الابنية التي تحتوي سياج مدرسي
A20: عائدة للتربية | B20: لجهات اخرى
A21: ='[1]التعليم الابتدائي'!ALH754 -> 1 | B21: ='[1]التعليم الابتدائي'!ALI754 -> 466 | C21: ='[1]التعليم الابتدائي'!ALJ754 -> 0 | D21: ='[1]التعليم الابتدائي'!ALE754 -> 172 | E21: ='[1]التعليم الابتدائي'!ALF754 -> 282 | F21: ='[1]التعليم الابتدائي'!ALG754 -> 13 | G21: ='[1]التعليم الابتدائي'!ALK754 -> 216 | H21: ='[1]التعليم الابتدائي'!ALL754 -> 219 | I21: ='[1]التعليم الابتدائي'!ALM754 -> 32 | J21: ='[1]التعليم الابتدائي'!AIS754 -> 467 | K21: ='[1]التعليم الابتدائي'!AIT754 -> 0 | L21: ='[1]التعليم الابتدائي'!AJN754 -> 427 | M21: ='[1]التعليم الابتدائي'!AJR754 -> 7 | N21: ='[1]التعليم الابتدائي'!AJP754 -> 0 | O21: ='[1]التعليم الابتدائي'!AJQ754 -> 4 | P21: ='[1]التعليم الابتدائي'!AJS754 -> 29 | Q21: ='[1]التعليم الابتدائي'!AJT754 -> 0 | R21: =Q21+M21+P21+N21+L21+O21 -> 467 | S21: ='[1]التعليم الابتدائي'!AJU754 -> 467 | T21: ='[1]التعليم الابتدائي'!AKA754 -> 466 | U21: ='[1]التعليم الابتدائي'!AKH754 -> 467 | V21: ='[1]التعليم الابتدائي'!AKL754 -> 465
G23: عدد الابنية المدرسية حسب عدد الطوابق وعدد الصفوف للعام المدرسي2024-2025
B24: عدد الابنية حسب عدد الطوابق | J24: عدد الابنية حسب عدد الصفوف
B25: طابق واحد | D25: طابقين | F25: ثلاثة طوابق | H25: المجموع | J25: 6 صف | L25: 9 صف | N25: 12 صف | P25: 18 صف | R25: 24 صف | T25: المجموع
B26: ='[1]التعليم الابتدائي'!AIZ754 -> 193 | D26: ='[1]التعليم الابتدائي'!AJA754 -> 263 | F26: ='[1]التعليم الابتدائي'!AJB754 -> 11 | H26: =F26+D26+B26 -> 467 | J26: ='[1]التعليم الابتدائي'!AJF754 -> 46 | L26: ='[1]التعليم الابتدائي'!AJG754 -> 51 | N26: ='[1]التعليم الابتدائي'!AJH754 -> 239 | P26: ='[1]التعليم الابتدائي'!AJI754 -> 100 | R26: ='[1]التعليم الابتدائي'!AJJ754 -> 31 | T26: =R26+P26+N26+L26+J26 -> 467
A28: المديرية العامة للتربية في محافظة النجف الاشرف | R28: قضاء النجف
A29: قسم التخطيط التربوي | S29: التعليم الابتدائي
B30: جدول رقم (( 6 ))
B31: التعليم الابتدائي للعام الدراسي2024/2025
B32: عدد الهيئات التعليمية حسب العنوان الوظيفي والشهادة
B34: الجنس | C34: الهيئة التعليمية حسب العنوان الوظيفي | H34: الهيئة التعليمية حسب العنوان والشهادة | S34: المجموع
H35: دورات تربوية | I35: دبلوم تعليمي لمعاهد المعلمين والمعاهد المركزية | J35: دبلوم عام | K35: دبلوم فنون جميلة | L35: جامعية | N35: دراسات عليا | Q35: اخــرى
C36: مدير | D36: معاون | E36: معلم | F36: مرشد | G36: المجموع | L36: تربوية | M36: غير تربوية | N36: دبلوم عالي | O36: ماجستير | P36: دكتوراه
B37: ذكــــــور | C37: ='[1]التعليم الابتدائي'!IY377 -> 198 | D37: ='[1]التعليم الابتدائي'!JA377 -> 0 | E37: ='[1]التعليم الابتدائي'!JC377 -> 0 | F37: ='[1]التعليم الابتدائي'!JE377 -> 0 | G37: =E37+D37+C37+F37 -> 198 | H37: ='[1]التعليم الابتدائي'!ADR377 -> 0 | I37: ='[1]التعليم الابتدائي'!ADT377 -> 0 | J37: ='[1]التعليم الابتدائي'!ADX377 -> 0 | K37: ='[1]التعليم الابتدائي'!ADV377 -> 0 | L37: ='[1]التعليم الابتدائي'!ADZ377 -> 0 | M37: ='[1]التعليم الابتدائي'!AEB377 -> 0 | N37: ='[1]التعليم الابتدائي'!AED377 -> 0 | O37: ='[1]التعليم الابتدائي'!AEF377 -> 0 | P37: ='[1]التعليم الابتدائي'!AEH377 -> 0 | Q37: ='[1]التعليم الابتدائي'!AEJ377 -> 0 | S37: =Q37+P37+O37+M37+N37+J37+K37+L37+I37+H37 -> 0
B38: انــــــــاث | C38: ='[1]التعليم الابتدائي'!IZ377 -> 161 | D38: ='[1]التعليم الابتدائي'!JB377 -> 0 | E38: ='[1]التعليم الابتدائي'!JD377 -> 0 | F38: ='[1]التعليم الابتدائي'!JF377 -> 0 | G38: =E38+D38+C38+F38 -> 161 | H38: ='[1]التعليم الابتدائي'!ADS377 -> 0 | I38: ='[1]التعليم الابتدائي'!ADU377 -> 0 | J38: ='[1]التعليم الابتدائي'!ADY377 -> 0 | K38: ='[1]التعليم الابتدائي'!ADW377 -> 0 | L38: ='[1]التعليم الابتدائي'!AEA377 -> 0 | M38: ='[1]التعليم الابتدائي'!AEC377 -> 0 | N38: ='[1]التعليم الابتدائي'!AEE377 -> 0 | O38: ='[1]التعليم الابتدائي'!AEG377 -> 0 | P38: ='[1]التعليم الابتدائي'!AEI377 -> 0 | Q38: ='[1]التعليم الابتدائي'!AEK377 -> 0 | S38: =Q38+P38+O38+M38+N38+J38+K38+L38+I38+H38 -> 0
B39: المجموع | C39: =C37+C38 -> 359 | D39: =D37+D38 -> 0 | E39: =E37+E38 -> 0 | F39: =SUM(F37:F38) -> 0 | G39: =E39+D39+C39+F39 -> 359 | H39: =H38+H37 -> 0 | I39: =I38+I37 -> 0 | J39: =J38+J37 -> 0 | K39: =K38+K37 -> 0 | L39: =L38+L37 -> 0 | M39: =M38+M37 -> 0 | N39: =N38+N37 -> 0 | O39: =O38+O37 -> 0 | ... Q39: =Q38+Q37 -> 0 | S39: =S38+S37 -> 0
B41: جدول رقم (( 7 ))
B42: التعليم الابتدائي للعام الدراسي2024/2025
B43: عدد الابنية المدرسية وعدد المكتبات
A45: عدد الابنية حسب العائدية | D45: عدد الابنية التي تشغلها | G45: عدد الابنية حسب الحالة العمرانية | J45: عدد الابنية حسب نوع البناء | L45: عدد الابنية حسب مادة البناء | R45: المجموع الكلي للابنية | S45: عدد الابنية حسب نوع الخدمات
A46: حكومية | C46: مستاجرة | D46: مدرسة واحدة | E46: مدرستان | F46: ثلاث مدارس | G46: صالحة | H46: بحاجة الى ترميم | I46: غير صالحة | J46: مدرسي | K46: غير مدرسي | L46: طابوق او حجر | M46: بناء جاهز | N46: طين اوصريفة | O46: هياكل حديدية | P46: كرفان | Q46: اخرى | S46: عدد الابنية التي تتوفر فيها مرافق صحية | T46: عدد الابنية التي يصلها ماء صالح للشرب | U46: عدد الابنية المزودة بخدمة مجاري | V46: عدد الابنية التي تحتوي سياج
A47: عائدة للتربية | B47: لجهات اخرى
A48: ='[1]التعليم الابتدائي'!ALH377 -> 1 | B48: ='[1]التعليم الابتدائي'!ALI377 -> 221 | C48: ='[1]التعليم الابتدائي'!ALJ377 -> 0 | D48: ='[1]التعليم الابتدائي'!ALE377 -> 78 | E48: ='[1]التعليم الابتدائي'!ALF377 -> 134 | F48: ='[1]التعليم الابتدائي'!ALG377 -> 10 | G48: ='[1]التعليم الابتدائي'!ALK377 -> 110 | H48: ='[1]التعليم الابتدائي'!ALL377 -> 102 | I48: ='[1]التعليم الابتدائي'!ALM377 -> 10 | J48: ='[1]التعليم الابتدائي'!AIS377 -> 222 | K48: ='[1]التعليم الابتدائي'!AIT377 -> 0 | L48: ='[1]التعليم الابتدائي'!AJN377 -> 201 | M48: ='[1]التعليم الابتدائي'!AJP377 -> 0 | N48: ='[1]التعليم الابتدائي'!AJQ377 -> 0 | O48: ='[1]التعليم الابتدائي'!AJR377 -> 6 | P48: ='[1]التعليم الابتدائي'!AJS377 -> 15 | Q48: ='[1]التعليم الابتدائي'!AJT377 -> 0 | R48: =Q48+P48+O48+N48+L48 -> 222 | S48: ='[1]التعليم الابتدائي'!AJU377 -> 222 | T48: ='[1]التعليم الابتدائي'!AKA377 -> 222 | U48: ='[1]التعليم الابتدائي'!AKH377 -> 222 | V48: ='[1]التعليم الابتدائي'!AKL377 -> 221
G50: عدد الابنية المدرسية حسب عدد الطوابق وعدد الصفوف للعام المدرسي2024-2025
B51: عدد الابنية حسب عدد الطوابق | J51: عدد الابنية حسب عدد الصفوف
B52: طابق واحد | D52: طابقين | F52: ثلاثة طوابق | H52: المجموع | J52: 6 صف | L52: 9 صف | N52: 12 صف | P52: 18 صف | R52: 24 صف | T52: المجموع
B53: ='[1]التعليم الابتدائي'!AIZ377 -> 74 | D53: ='[1]التعليم الابتدائي'!AJA377 -> 141 | F53: ='[1]التعليم الابتدائي'!AJB377 -> 7 | H53: =F53+D53+B53 -> 222 | J53: ='[1]التعليم الابتدائي'!AJF377 -> 12 | L53: ='[1]التعليم الابتدائي'!AJG377 -> 15 | N53: ='[1]التعليم الابتدائي'!AJH377 -> 103 | P53: ='[1]التعليم الابتدائي'!AJI377 -> 68 | R53: ='[1]التعليم الابتدائي'!AJJ377 -> 24 | T53: =R53+P53+N53+L53+J53 -> 222
A55: المديرية العامة للتربية في محافظة النجف الاشرف | P55: مركز النجف
A56: قسم التخطيط التربوي | Q56: التعليم الابتدائي
B57: جدول رقم (( 6 ))
B58: عدد الهيئات التعليمية حسب العنوان الوظيفي والشهادة
B60: الجنس | C60: الهيئة التعليمية حسب العنوان الوظيفي | H60: الهيئة التعليمية حسب العنوان والشهادة | S60: المجموع
H61: دورات تربوية | I61: دبلوم تعليمي لمعاهد المعلمين والمعاهد المركزية | J61: معهد عام | K61: معاهد الفنون | L61: جامعية | N61: دراسات عليا | Q61: اخــرى
C62: مدير | D62: معاون | E62: معلم | F62: مرشد | G62: المجموع | L62: تربوية | M62: غير تربوية | N62: دبلوم عالي | O62: ماجستير | P62: دكتوراه
B63: ذكــــــور | C63: ='[1]التعليم الابتدائي'!IY295 -> 139 | D63: ='[1]التعليم الابتدائي'!JA295 -> 0 | E63: ='[1]التعليم الابتدائي'!JC295 -> 0 | F63: ='[1]التعليم الابتدائي'!JE295 -> 0 | G63: =E63+D63+C63+F63 -> 139 | H63: ='[1]التعليم الابتدائي'!ADR295 -> 0 | I63: ='[1]التعليم الابتدائي'!ADT295 -> 0 | J63: ='[1]التعليم الابتدائي'!ADX295 -> 0 | K63: ='[1]التعليم الابتدائي'!ADV295 -> 0 | L63: ='[1]التعليم الابتدائي'!ADZ295 -> 0 | M63: ='[1]التعليم الابتدائي'!AEB295 -> 0 | N63: ='[1]التعليم الابتدائي'!AED295 -> 0 | O63: ='[1]التعليم الابتدائي'!AEF295 -> 0 | P63: ='[1]التعليم الابتدائي'!AEH295 -> 0 | Q63: ='[1]التعليم الابتدائي'!AEJ295 -> 0 | S63: =Q63+P63+O63+M63+N63+J63+K63+L63+I63+H63 -> 0
B64: انــــــــاث | C64: ='[1]التعليم الابتدائي'!IZ295 -> 144 | D64: ='[1]التعليم الابتدائي'!JB295 -> 0 | E64: ='[1]التعليم الابتدائي'!JD295 -> 0 | F64: ='[1]التعليم الابتدائي'!JF295 -> 0 | G64: =E64+D64+C64+F64 -> 144 | H64: ='[1]التعليم الابتدائي'!ADS295 -> 0 | I64: ='[1]التعليم الابتدائي'!ADU295 -> 0 | J64: ='[1]التعليم الابتدائي'!ADY295 -> 0 | K64: ='[1]التعليم الابتدائي'!ADW295 -> 0 | L64: ='[1]التعليم الابتدائي'!AEA295 -> 0 | M64: ='[1]التعليم الابتدائي'!AEC295 -> 0 | N64: ='[1]التعليم الابتدائي'!AEE295 -> 0 | O64: ='[1]التعليم الابتدائي'!AEG295 -> 0 | P64: ='[1]التعليم الابتدائي'!AEI295 -> 0 | Q64: ='[1]التعليم الابتدائي'!AEK295 -> 0 | S64: =Q64+P64+O64+M64+N64+J64+K64+L64+I64+H64 -> 0
B65: المجموع | C65: =C63+C64 -> 283 | D65: =D63+D64 -> 0 | E65: =E63+E64 -> 0 | F65: =SUM(F63:F64) -> 0 | G65: =E65+D65+C65+F65 -> 283 | H65: =H64+H63 -> 0 | I65: =I64+I63 -> 0 | J65: =J64+J63 -> 0 | K65: =K64+K63 -> 0 | L65: =L64+L63 -> 0 | M65: =M64+M63 -> 0 | N65: =N64+N63 -> 0 | O65: =O64+O63 -> 0 | ... Q65: =Q64+Q63 -> 0 | S65: =S64+S63 -> 0
B67: جدول رقم (( 7 ))
B68: التعليم الابتدائي للعام الدراسي2024/2025
B69: عدد الابنية المدرسية وعدد المكتبات
A71: عدد الابنية حسب العائدية | D71: عدد الابنية التي تشغلها | G71: عدد الابنية حسب الحالة العمرانية | J71: عدد الابنية حسب نوع البناء | L71: عدد الابنية حسب مادة البناء | R71: المجموع الكلي للابنية | S71: عدد الابنية حسب نوع الخدمات
A72: حكومية | C72: مستاجرة | D72: مدرسة واحدة | E72: مدرستان | F72: ثلاث مدارس | G72: صالحة | H72: بحاجة الى ترميم | I72: غير صالحة | J72: مدرسي | K72: غير مدرسي | L72: طابوق او حجر | M72: بناء جاهز | N72: طين اوصريفة | O72: هياكل حديدية | P72: كرفان | Q72: اخرى | S72: عدد الابنية التي تتوفر فيها مرافق صحية | T72: عدد الابنية التي يصلها ماء صالح للشرب | U72: عدد الابنية المزودة بخدمة مجاري | V72: عدد الابنية التي تحتوي سياج
A73: عائدة للتربية | B73: لجهات اخرى
A74: ='[1]التعليم الابتدائي'!ALH295 -> 1 | B74: ='[1]التعليم الابتدائي'!ALI295 -> 165 | C74: ='[1]التعليم الابتدائي'!ALJ295 -> 0 | D74: ='[1]التعليم الابتدائي'!ALE295 -> 47 | E74: ='[1]التعليم الابتدائي'!ALF295 -> 113 | F74: ='[1]التعليم الابتدائي'!ALG295 -> 6 | G74: ='[1]التعليم الابتدائي'!ALK295 -> 84 | H74: ='[1]التعليم الابتدائي'!ALL295 -> 77 | I74: ='[1]التعليم الابتدائي'!ALM295 -> 4 | J74: ='[1]التعليم الابتدائي'!AIS295 -> 166 | K74: ='[1]التعليم الابتدائي'!AIT295 -> 0 | L74: ='[1]التعليم الابتدائي'!AJN295 -> 158 | N74: ='[1]التعليم الابتدائي'!AJP295 -> 0 | O74: ='[1]التعليم الابتدائي'!AJQ295 -> 0 | P74: ='[1]التعليم الابتدائي'!AJS295 -> 2 | Q74: ='[1]التعليم الابتدائي'!AJT295 -> 0 | R74: =Q74+P74+O74+N74+L74 -> 160 | S74: ='[1]التعليم الابتدائي'!AJU295 -> 166 | T74: ='[1]التعليم الابتدائي'!AKA295 -> 166 | U74: ='[1]التعليم الابتدائي'!AKH295 -> 166 | V74: ='[1]التعليم الابتدائي'!AKL295 -> 166
G76: عدد الابنية المدرسية حسب عدد الطوابق وعدد الصفوف للعام المدرسي2024-2025
B77: عدد الابنية حسب عدد الطوابق | J77: عدد الابنية حسب عدد الصفوف
B78: طابق واحد | D78: طابقين | F78: ثلاثة طوابق | H78: المجموع | J78: 6 صف | L78: 9 صف | N78: 12 صف | P78: 18 صف | R78: 24 صف | T78: المجموع
B79: ='[1]التعليم الابتدائي'!AIZ295 -> 38 | D79: ='[1]التعليم الابتدائي'!AJA295 -> 123 | F79: ='[1]التعليم الابتدائي'!AJB295 -> 5 | H79: =F79+D79+B79 -> 166 | J79: ='[1]التعليم الابتدائي'!AJF295 -> 0 | L79: ='[1]التعليم الابتدائي'!AJG295 -> 8 | N79: ='[1]التعليم الابتدائي'!AJH295 -> 76 | P79: ='[1]التعليم الابتدائي'!AJI295 -> 58 | R79: ='[1]التعليم الابتدائي'!AJJ295 -> 24 | T79: =R79+P79+N79+L79+J79 -> 166
A81: المديرية العامة للتربية في محافظة النجف الاشرف | R81: ناحية الحيدرية
A82: قسم التخطيط التربوي | R82: التعليم الابتدائي
B83: جدول رقم (( 6 ))
B84: التعليم الابتدائي للعام الدراسي2024/2025
B85: عدد الهيئات التعليمية حسب العنوان الوظيفي والشهادة
B87: الجنس | C87: الهيئة التعليمية حسب العنوان الوظيفي | H87: الهيئة التعليمية حسب العنوان والشهادة | R87: المجموع
H88: دورات تربوية | I88: دبلوم تعليمي لمعاهد المعلمين والمعاهد المركزية | J88: معهد عام | K88: معاهد الفنون | L88: جامعية | N88: دراسات عليا | Q88: اخــرى
C89: مدير | D89: معاون | E89: معلم | F89: مرشد | G89: المجموع | L89: تربوية | M89: غير تربوية | N89: دبلوم عالي | O89: ماجستير | P89: دكتوراه
B90: ذكــــــور | C90: ='[1]التعليم الابتدائي'!IY344 -> 38 | D90: ='[1]التعليم الابتدائي'!JA344 -> 0 | E90: ='[1]التعليم الابتدائي'!JC344 -> 0 | F90: ='[1]التعليم الابتدائي'!JE344 -> 0 | G90: =E90+D90+C90+F90 -> 38 | H90: ='[1]التعليم الابتدائي'!ADR344 -> 0 | I90: ='[1]التعليم الابتدائي'!ADT344 -> 0 | J90: ='[1]التعليم الابتدائي'!ADX344 -> 0 | K90: ='[1]التعليم الابتدائي'!ADV344 -> 0 | L90: ='[1]التعليم الابتدائي'!ADZ344 -> 0 | M90: ='[1]التعليم الابتدائي'!AEB344 -> 0 | N90: ='[1]التعليم الابتدائي'!AED344 -> 0 | O90: ='[1]التعليم الابتدائي'!AEF344 -> 0 | P90: ='[1]التعليم الابتدائي'!AEH344 -> 0 | Q90: ='[1]التعليم الابتدائي'!AEJ344 -> 0 | R90: =Q90+P90+O90+M90+N90+K90+J90+L90+I90+H90 -> 0
B91: انــــــــاث | C91: ='[1]التعليم الابتدائي'!IZ344 -> 10 | D91: ='[1]التعليم الابتدائي'!JB344 -> 0 | E91: ='[1]التعليم الابتدائي'!JD344 -> 0 | F91: ='[1]التعليم الابتدائي'!JF344 -> 0 | G91: =E91+D91+C91+F91 -> 10 | H91: ='[1]التعليم الابتدائي'!ADS344 -> 0 | I91: ='[1]التعليم الابتدائي'!ADU344 -> 0 | J91: ='[1]التعليم الابتدائي'!ADY344 -> 0 | K91: ='[1]التعليم الابتدائي'!ADW344 -> 0 | L91: ='[1]التعليم الابتدائي'!AEA344 -> 0 | M91: ='[1]التعليم الابتدائي'!AEC344 -> 0 | N91: ='[1]التعليم الابتدائي'!AEE344 -> 0 | O91: ='[1]التعليم الابتدائي'!AEG344 -> 0 | P91: ='[1]التعليم الابتدائي'!AEI344 -> 0 | Q91: ='[1]التعليم الابتدائي'!AEK344 -> 0 | R91: =Q91+P91+O91+M91+N91+K91+J91+L91+I91+H91 -> 0
B92: المجموع | C92: =C90+C91 -> 48 | D92: =D90+D91 -> 0 | E92: =E90+E91 -> 0 | F92: =SUM(F90:F91) -> 0 | G92: =E92+D92+C92+F92 -> 48 | H92: =H91+H90 -> 0 | I92: =I91+I90 -> 0 | J92: =J91+J90 -> 0 | K92: =K91+K90 -> 0 | L92: =L91+L90 -> 0 | M92: =M91+M90 -> 0 | N92: =N91+N90 -> 0 | O92: =O91+O90 -> 0 | ... R92: =R91+R90 -> 0
B94: جدول رقم (( 7 ))
B95: التعليم الابتدائي للعام الدراسي2024/2025
B96: عدد الابنية المدرسية وعدد المكتبات
A98: عدد الابنية حسب العائدية | D98: عدد الابنية التي تشغلها | G98: عدد الابنية حسب الحالة العمرانية | J98: عدد الابنية حسب نوع البناء | L98: عدد الابنية حسب مادة البناء | R98: المجموع الكلي للابنية | S98: عدد الابنية حسب نوع الخدمات
A99: حكومية | C99: مستاجرة | D99: مدرسة واحدة | E99: مدرستان | F99: ثلاث مدارس | G99: صالحة | H99: بحاجة الى ترميم | I99: غير صالحة | J99: مدرسي | K99: غير مدرسي | L99: طابوق او حجر | M99: طين اوصريفة | N99: هياكل حديدية | O99: كرفان | P99: بناء جاهز | Q99: اخرى | S99: عدد الابنية التي تتوفر فيها مرافق صحية | T99: عدد الابنية التي يصلها ماء صالح للشرب | U99: عدد الابنية المزودة بخدمة مجاري | V99: عدد الابنية التي تحتوي سياج
A100: عائدة للتربية | B100: لجهات اخرى
A101: ='[1]التعليم الابتدائي'!ALH344 -> 0 | B101: ='[1]التعليم الابتدائي'!ALI344 -> 36 | C101: ='[1]التعليم الابتدائي'!ALJ344 -> 0 | D101: ='[1]التعليم الابتدائي'!ALE344 -> 22 | E101: ='[1]التعليم الابتدائي'!ALF344 -> 12 | F101: ='[1]التعليم الابتدائي'!ALG344 -> 2 | G101: ='[1]التعليم الابتدائي'!ALK344 -> 14 | H101: ='[1]التعليم الابتدائي'!ALL344 -> 18 | I101: ='[1]التعليم الابتدائي'!ALM344 -> 4 | J101: ='[1]التعليم الابتدائي'!AIS344 -> 36 | K101: ='[1]التعليم الابتدائي'!AIT344 -> 0 | L101: ='[1]التعليم الابتدائي'!AJN344 -> 27 | M101: ='[1]التعليم الابتدائي'!AJP344 -> 0 | N101: ='[1]التعليم الابتدائي'!AJQ344 -> 0 | O101: ='[1]التعليم الابتدائي'!AJS344 -> 9 | P101: ='[1]التعليم الابتدائي'!AJR344 -> 0 | Q101: ='[1]التعليم الابتدائي'!AJT344 -> 0 | R101: =SUM(L101:Q101) -> 36 | S101: ='[1]التعليم الابتدائي'!AJU344 -> 36 | T101: ='[1]التعليم الابتدائي'!AKA344 -> 36 | U101: ='[1]التعليم الابتدائي'!AKH344 -> 36 | V101: ='[1]التعليم الابتدائي'!AKL344 -> 35
G103: عدد الابنية المدرسية حسب عدد الطوابق وعدد الصفوف للعام المدرسي2024-2025
B104: عدد الابنية حسب عدد الطوابق | J104: عدد الابنية حسب عدد الصفوف
B105: طابق واحد | D105: طابقين | F105: ثلاثة طوابق | H105: المجموع | J105: 6 صف | L105: 9 صف | N105: 12 صف | P105: 18 صف | R105: 24 صف | T105: المجموع
B106: ='[1]التعليم الابتدائي'!AIZ344 -> 24 | D106: ='[1]التعليم الابتدائي'!AJA344 -> 12 | F106: ='[1]التعليم الابتدائي'!AJB344 -> 0 | H106: =F106+D106+B106 -> 36 | J106: ='[1]التعليم الابتدائي'!AJF344 -> 8 | L106: ='[1]التعليم الابتدائي'!AJG344 -> 5 | N106: ='[1]التعليم الابتدائي'!AJH344 -> 18 | P106: ='[1]التعليم الابتدائي'!AJI344 -> 5 | R106: ='[1]التعليم الابتدائي'!AJJ344 -> 0 | T106: =R106+P106+N106+L106+J106 -> 36
A108: المديرية العامة للتربية في محافظة النجف الاشرف | R108: ناحية الشبكة
A109: قسم التخطيط التربوي | R109: التعليم الابتدائي
B110: جدول رقم (( 6 ))
B111: التعليم الابتدائي للعام الدراسي2024/2025
B112: عدد الهيئات التعليمية حسب العنوان الوظيفي والشهادة
B114: الجنس | C114: الهيئة التعليمية حسب العنوان الوظيفي | H114: الهيئة التعليمية حسب العنوان والشهادة | S114: المجموع
H115: دورات تربوية | I115: دبلوم تعليمي لمعاهد المعلمين والمعاهد المركزية | J115: دبلوم عام | K115: معاهد الفنون | L115: جامعية | N115: دراسات عليا | Q115: اخــرى
C116: مدير | D116: معاون | E116: معلم | F116: مرشد | G116: المجموع | L116: تربوية | M116: غير تربوية | N116: دبلوم عالي | O116: ماجستير | P116: دكتوراه
B117: ذكــــــور | C117: ='[1]التعليم الابتدائي'!IY346 -> 1 | D117: ='[1]التعليم الابتدائي'!JA346 -> 0 | E117: ='[1]التعليم الابتدائي'!JC346 -> 0 | F117: ='[1]التعليم الابتدائي'!JE346 -> 0 | G117: =F117+E117+D117+C117 -> 1 | H117: ='[1]التعليم الابتدائي'!ADR346 -> 0 | I117: ='[1]التعليم الابتدائي'!ADT346 -> 0 | J117: ='[1]التعليم الابتدائي'!ADX346 -> 0 | K117: ='[1]التعليم الابتدائي'!ADV346 -> 0 | L117: ='[1]التعليم الابتدائي'!ADZ346 -> 0 | M117: ='[1]التعليم الابتدائي'!AEB346 -> 0 | N117: ='[1]التعليم الابتدائي'!AED346 -> 0 | O117: ='[1]التعليم الابتدائي'!AEF346 -> 0 | P117: ='[1]التعليم الابتدائي'!AEH346 -> 0 | Q117: ='[1]التعليم الابتدائي'!AEJ346 -> 0 | S117: =Q117+P117+O117+M117+N117+J117+K117+L117+I117+H117 -> 0
B118: انــــــــاث | C118: ='[1]التعليم الابتدائي'!IZ346 -> 0 | D118: ='[1]التعليم الابتدائي'!JB346 -> 0 | E118: ='[1]التعليم الابتدائي'!JD346 -> 0 | F118: ='[1]التعليم الابتدائي'!JF346 -> 0 | G118: =F118+E118+D118+C118 -> 0 | H118: ='[1]التعليم الابتدائي'!ADS346 -> 0 | J118: ='[1]التعليم الابتدائي'!ADY346 -> 0 | K118: ='[1]التعليم الابتدائي'!ADW346 -> 0 | L118: ='[1]التعليم الابتدائي'!AEA346 -> 0 | M118: ='[1]التعليم الابتدائي'!AEC346 -> 0 | N118: ='[1]التعليم الابتدائي'!AEE346 -> 0 | O118: ='[1]التعليم الابتدائي'!AEG346 -> 0 | P118: ='[1]التعليم الابتدائي'!AEI346 -> 0 | Q118: ='[1]التعليم الابتدائي'!AEK346 -> 0 | S118: =Q118+P118+O118+M118+N118+J118+K118+L118+I118+H118 -> 0
B119: المجموع | C119: =C118+C117 -> 1 | D119: =D118+D117 -> 0 | E119: =E118+E117 -> 0 | F119: =F118+F117 -> 0 | G119: =G118+G117 -> 1 | H119: =H118+H117 -> 0 | I119: =I118+I117 -> 0 | J119: =J118+J117 -> 0 | ... S119: =S118+S117 -> 0
B121: جدول رقم (( 7 ))
B122: التعليم الابتدائي للعام الدراسي2024/2025
...

Sheet t8&t9
A1: المديرية العامة للتربية في محافظة النجف الاشرف | N1: خلاصة محافظة النجف الاشرف
A2: قسم التخطيط التربوي | O2: التعليم الابتدائي
J3: جدول رقم ( 8 )
I4: عدد المكتبات والمختبرات للعام الدراسي 2024-2025
C6: المكتبات المدرسية | F6: المختبرات المدرسية
F7: هل توجد مختبرات | H7: المختبرات العلمية | M7: مختبر اللغة | N7: مختبر الحاسوب
C8: عدد المكتبات | E8: عدد الكتب | F8: نعم | G8: كلا | H8: العلوم | I8: الفيزياء | J8: الكيمياء | K8: الاحياء | L8: مجمع المختبرات
C9: نعم | D9: كلا | H9: ='[1]التعليم الابتدائي'!AMN754 -> 132 | I9: 0 | J9: 0 | K9: 0 | L9: 0
C10: ='[1]التعليم الابتدائي'!ALZ754 -> 524 | D10: ='[1]التعليم الابتدائي'!AMA754 -> 198 | E10: ='[1]التعليم الابتدائي'!AMM754 -> 175057 | F10: ='[1]التعليم الابتدائي'!AMN754 -> 132 | G10: ='[1]التعليم الابتدائي'!AMO754 -> 589 | M10: 0 | N10: 0
A12: جدول رقم (( 9 ))
A13: التعليم الابتدائي للعام الدراسي2025/2024
A14: عدد الشعب للعام الدراسي2024 /2025 حسب الجنس والصف
I16: عدد الشعب حسب الصف والجنس
I17: بنون | J17: بنات | K17: مختلطة | L17: المجموع
H18: الاول | I18: ='[1]التعليم الابتدائي'!EQ754 -> 0 | J18: ='[1]التعليم الابتدائي'!ER754 -> 0 | K18: ='[1]التعليم الابتدائي'!ES754 -> 0 | L18: =K18+J18+I18 -> 0
H19: الثاني | I19: ='[1]التعليم الابتدائي'!ET754 -> 0 | J19: ='[1]التعليم الابتدائي'!EU754 -> 0 | K19: ='[1]التعليم الابتدائي'!EV754 -> 0 | L19: =K19+J19+I19 -> 0
H20: الثالث | I20: ='[1]التعليم الابتدائي'!EW754 -> 0 | J20: ='[1]التعليم الابتدائي'!EX754 -> 0 | K20: ='[1]التعليم الابتدائي'!EY754 -> 0 | L20: =K20+J20+I20 -> 0
H21: الرابع | I21: ='[1]التعليم الابتدائي'!EZ754 -> 0 | J21: ='[1]التعليم الابتدائي'!FA754 -> 0 | K21: ='[1]التعليم الابتدائي'!FB754 -> 0 | L21: =K21+J21+I21 -> 0
H22: الخامس | I22: ='[1]التعليم الابتدائي'!FC754 -> 0 | J22: ='[1]التعليم الابتدائي'!FD754 -> 0 | K22: ='[1]التعليم الابتدائي'!FE754 -> 0 | L22: =K22+J22+I22 -> 0
H23: السادس | I23: ='[1]التعليم الابتدائي'!FF754 -> 0 | J23: ='[1]التعليم الابتدائي'!FG754 -> 0 | K23: ='[1]التعليم الابتدائي'!FH754 -> 0 | L23: =K23+J23+I23 -> 0
H24: المجموع | I24: =SUM(I18:I23) -> 0 | J24: =SUM(J18:J23) -> 0 | K24: =SUM(K18:K23) -> 0 | L24: =SUM(I24:K24) -> 0
A26: المديرية العامة للتربية في محافظة النجف الاشرف | P26: قضاء النجف
A27: قسم التخطيط التربوي | P27: التعليم الابتدائي
J28: جدول رقم ( 8 )
I29: عدد المكتبات والمختبرات للعام الدراسي 2025-2025
C31: المكتبات المدرسية | F31: المختبرات المدرسية
F32: هل توجد مختبرات | H32: المختبرات العلمية | M32: مختبر اللغة | N32: مختبر الحاسوب
C33: عدد المكتبات | E33: عدد الكتب | F33: نعم | G33: كلا | H33: العلوم | I33: الفيزياء | J33: الكيمياء | K33: الاحياء | L33: مجمع المختبرات
C34: نعم | D34: كلا | H34: ='[1]التعليم الابتدائي'!AMN377 -> 74 | I34: 0 | J34: 0 | K34: 0 | L34: 0
C35: ='[1]التعليم الابتدائي'!ALZ377 -> 242 | D35: ='[1]التعليم الابتدائي'!AMA377 -> 117 | E35: ='[1]التعليم الابتدائي'!AMM377 -> 85917 | F35: ='[1]التعليم الابتدائي'!AMN377 -> 74 | G35: ='[1]التعليم الابتدائي'!AMO377 -> 284 | M35: 0 | N35: 0
A36: جدول رقم (( 9 ))
A37: التعليم الابتدائي للعام الدراسي2024/2025
A38: عدد الشعب للعام الدراسي2025 -2024 حسب الجنس والصف
I40: عدد الشعب حسب الصف والجنس
I41: بنون | J41: بنات | K41: مختلطة | L41: المجموع
H42: الاول | I42: ='[1]التعليم الابتدائي'!EQ377 -> 0 | J42: ='[1]التعليم الابتدائي'!ER377 -> 0 | K42: ='[1]التعليم الابتدائي'!ES377 -> 0 | L42: =K42+J42+I42 -> 0
H43: الثاني | I43: ='[1]التعليم الابتدائي'!ET377 -> 0 | J43: ='[1]التعليم الابتدائي'!EU377 -> 0 | K43: ='[1]التعليم الابتدائي'!EV377 -> 0 | L43: =K43+J43+I43 -> 0
H44: الثالث | I44: ='[1]التعليم الابتدائي'!EW377 -> 0 | J44: ='[1]التعليم الابتدائي'!EX377 -> 0 | K44: ='[1]التعليم الابتدائي'!EY377 -> 0 | L44: =K44+J44+I44 -> 0
H45: الرابع | I45: ='[1]التعليم الابتدائي'!EZ377 -> 0 | J45: ='[1]التعليم الابتدائي'!FA377 -> 0 | K45: ='[1]التعليم الابتدائي'!FB377 -> 0 | L45: =K45+J45+I45 -> 0
H46: الخامس | I46: ='[1]التعليم الابتدائي'!FC377 -> 0 | J46: ='[1]التعليم الابتدائي'!FD377 -> 0 | K46: ='[1]التعليم الابتدائي'!FE377 -> 0 | L46: =K46+J46+I46 -> 0
H47: السادس | I47: ='[1]التعليم الابتدائي'!FF377 -> 0 | J47: ='[1]التعليم الابتدائي'!FG377 -> 0 | K47: ='[1]التعليم الابتدائي'!FH377 -> 0 | L47: =K47+J47+I47 -> 0
H48: المجموع | I48: =SUM(I42:I47) -> 0 | J48: =SUM(J42:J47) -> 0 | K48: =SUM(K42:K47) -> 0 | L48: =SUM(I48:K48) -> 0
A50: المديرية العامة للتربية في محافظة النجف الاشرف | O50: مركز النجف
A51: قسم التخطيط التربوي | O51: التعليم الابتدائي
J53: جدول رقم ( 8 )
I54: عدد المكتبات والمختبرات للعام الدراسي 2025-2025
C56: المكتبات المدرسية | F56: المختبرات المدرسية
F57: هل توجد مختبرات | H57: المختبرات العلمية | M57: مختبر اللغة | N57: مختبر الحاسوب
C58: عدد المكتبات | E58: عدد الكتب | F58: نعم | G58: كلا | H58: العلوم | I58: الفيزياء | J58: الكيمياء | K58: الاحياء | L58: مجمع المختبرات
C59: نعم | D59: كلا | H59: ='[1]التعليم الابتدائي'!AMN295 -> 68 | I59: 0 | J59: 0 | K59: 0 | L59: 0
C60: ='[1]التعليم الابتدائي'!ALZ295 -> 203 | D60: ='[1]التعليم الابتدائي'!AMA295 -> 80 | E60: ='[1]التعليم الابتدائي'!AMM295 -> 76295 | F60: ='[1]التعليم الابتدائي'!AMN295 -> 68 | G60: ='[1]التعليم الابتدائي'!AMO295 -> 214 | M60: 0 | N60: 0
A61: جدول رقم (( 9 ))
A62: التعليم الابتدائي للعام الدراسي2024/2025
A63: عدد الشعب للعام الدراسي2025 -2024 حسب الجنس والصف
I65: عدد الشعب حسب الصف والجنس
I66: بنون | J66: بنات | K66: مختلطة | L66: المجموع
H67: الاول | I67: ='[1]التعليم الابتدائي'!EQ295 -> 0 | J67: ='[1]التعليم الابتدائي'!ER295 -> 0 | K67: ='[1]التعليم الابتدائي'!ES295 -> 0 | L67: =K67+J67+I67 -> 0
H68: الثاني | I68: ='[1]التعليم الابتدائي'!ET295 -> 0 | J68: ='[1]التعليم الابتدائي'!EU295 -> 0 | K68: ='[1]التعليم الابتدائي'!EV295 -> 0 | L68: =K68+J68+I68 -> 0
H69: الثالث | I69: ='[1]التعليم الابتدائي'!EW295 -> 0 | J69: ='[1]التعليم الابتدائي'!EX295 -> 0 | K69: ='[1]التعليم الابتدائي'!EY295 -> 0 | L69: =K69+J69+I69 -> 0
H70: الرابع | I70: ='[1]التعليم الابتدائي'!EZ295 -> 0 | J70: ='[1]التعليم الابتدائي'!FA295 -> 0 | K70: ='[1]التعليم الابتدائي'!FB295 -> 0 | L70: =K70+J70+I70 -> 0
H71: الخامس | I71: ='[1]التعليم الابتدائي'!FC295 -> 0 | J71: ='[1]التعليم الابتدائي'!FD295 -> 0 | K71: ='[1]التعليم الابتدائي'!FE295 -> 0 | L71: =K71+J71+I71 -> 0
H72: السادس | I72: ='[1]التعليم الابتدائي'!FF295 -> 0 | J72: ='[1]التعليم الابتدائي'!FG295 -> 0 | K72: ='[1]التعليم الابتدائي'!FH295 -> 0 | L72: =K72+J72+I72 -> 0
H73: المجموع | I73: =SUM(I67:I72) -> 0 | J73: =SUM(J67:J72) -> 0 | K73: =SUM(K67:K72) -> 0 | L73: =SUM(I73:K73) -> 0
A75: المديرية العامة للتربية في محافظة النجف الاشرف | P75: ناحية الحيدرية
A76: قسم التخطيط التربوي | P76: التعليم الابتدائي
J77: جدول رقم ( 8 )
I78: عدد المكتبات والمختبرات للعام الدراسي 2025-2025
C80: المكتبات المدرسية | F80: المختبرات المدرسية
F81: هل توجد مختبرات | H81: المختبرات العلمية | M81: مختبر اللغة | N81: مختبر الحاسوب
C82: عدد المكتبات | E82: عدد الكتب | F82: نعم | G82: كلا | H82: العلوم | I82: الفيزياء | J82: الكيمياء | K82: الاحياء | L82: مجمع المختبرات
C83: نعم | D83: كلا | H83: ='[1]التعليم الابتدائي'!AMN344 -> 5 | I83: 0 | J83: 0 | K83: 0 | L83: 0
C84: ='[1]التعليم الابتدائي'!ALZ344 -> 27 | D84: ='[1]التعليم الابتدائي'!AMA344 -> 21 | E84: ='[1]التعليم الابتدائي'!AMM344 -> 6982 | F84: ='[1]التعليم الابتدائي'!AMN344 -> 5 | G84: ='[1]التعليم الابتدائي'!AMO344 -> 43 | M84: 0 | N84: 0
B85: جدول رقم (( 9 ))
A86: التعليم الابتدائي للعام الدراسي2024/2025
A87: عدد الشعب للعام الدراسي2025 -2024 حسب الجنس والصف
I89: عدد الشعب حسب الصف والجنس
I90: بنون | J90: بنات | K90: مختلطة | L90: المجموع
H91: الاول | I91: ='[1]التعليم الابتدائي'!EQ344 -> 0 | J91: ='[1]التعليم الابتدائي'!ER344 -> 0 | K91: ='[1]التعليم الابتدائي'!ES344 -> 0 | L91: =K91+J91+I91 -> 0
H92: الثاني | I92: ='[1]التعليم الابتدائي'!ET344 -> 0 | J92: ='[1]التعليم الابتدائي'!EU344 -> 0 | K92: ='[1]التعليم الابتدائي'!EV344 -> 0 | L92: =K92+J92+I92 -> 0
H93: الثالث | I93: ='[1]التعليم الابتدائي'!EW344 -> 0 | J93: ='[1]التعليم الابتدائي'!EX344 -> 0 | K93: ='[1]التعليم الابتدائي'!EY344 -> 0 | L93: =K93+J93+I93 -> 0
H94: الرابع | I94: ='[1]التعليم الابتدائي'!EZ344 -> 0 | J94: ='[1]التعليم الابتدائي'!FA344 -> 0 | K94: ='[1]التعليم الابتدائي'!FB344 -> 0 | L94: =K94+J94+I94 -> 0
H95: الخامس | I95: ='[1]التعليم الابتدائي'!FC344 -> 0 | J95: ='[1]التعليم الابتدائي'!FD344 -> 0 | K95: ='[1]التعليم الابتدائي'!FE344 -> 0 | L95: =K95+J95+I95 -> 0
H96: السادس | I96: ='[1]التعليم الابتدائي'!FF344 -> 0 | J96: ='[1]التعليم الابتدائي'!FG344 -> 0 | K96: ='[1]التعليم الابتدائي'!FH344 -> 0 | L96: =K96+J96+I96 -> 0
H97: المجموع | I97: =SUM(I91:I96) -> 0 | J97: =SUM(J91:J96) -> 0 | K97: =SUM(K91:K96) -> 0 | L97: =SUM(I97:K97) -> 0
A99: المديرية العامة للتربية في محافظة النجف الاشرف | P99: ناحية الشبكة
A100: قسم التخطيط التربوي | P100: التعليم الابتدائي
J101: جدول رقم ( 8 )
I102: عدد المكتبات والمختبرات للعام الدراسي 2025-2025
C104: المكتبات المدرسية | F104: المختبرات المدرسية
F105: هل توجد مختبرات | H105: المختبرات العلمية | M105: مختبر اللغة | N105: مختبر الحاسوب
C106: عدد المكتبات | E106: عدد الكتب | F106: نعم | G106: كلا | H106: العلوم | I106: الفيزياء | J106: الكيمياء | K106: الاحياء | L106: مجمع المختبرات
C107: نعم | D107: كلا | H107: ='[1]التعليم الابتدائي'!AMN346 -> 0 | I107: 0 | J107: 0 | K107: 0 | L107: 0
C108: ='[1]التعليم الابتدائي'!ALZ346 -> 0 | D108: ='[1]التعليم الابتدائي'!AMA346 -> 1 | E108: ='[1]التعليم الابتدائي'!AMM346 -> 0 | F108: ='[1]التعليم الابتدائي'!AMN346 -> 0 | G108: ='[1]التعليم الابتدائي'!AMO346 -> 1 | M108: 0 | N108: 0
A109: جدول رقم (( 9 ))
A110: التعليم الابتدائي للعام الدراسي2024/2025
A111: عدد الشعب للعام الدراسي2025 -2024 حسب الجنس والصف
I113: عدد الشعب حسب الصف والجنس
I114: بنون | J114: بنات | K114: مختلطة | L114: المجموع
H115: الاول | I115: ='[1]التعليم الابتدائي'!EQ346 -> 0 | J115: ='[1]التعليم الابتدائي'!ER346 -> 0 | K115: ='[1]التعليم الابتدائي'!ES346 -> 0 | L115: =K115+J115+I115 -> 0
H116: الثاني | I116: ='[1]التعليم الابتدائي'!ET346 -> 0 | J116: ='[1]التعليم الابتدائي'!EU346 -> 0 | K116: ='[1]التعليم الابتدائي'!EV346 -> 0 | L116: =K116+J116+I116 -> 0
...

Sheet t10
A1: المديرية العامة للتربية في محافظة النجف الاشرف | R1: خلاصة محافظة النجف الاشرف
A2: قسم التخطيط التربوي | S2: التعليم الابتدائي
B3: جدول رقم (( 10 ))
B4: التعليم الابتدائي للعام الدراسي2024/2025
B5: عدد التلامذة الناجحين والتلامذة الراسبين للعام الدراسي2023 /2024 حسب الجنس والصف
D7: الصف | E7: عدد التلامذة التاركون حسب الصف والجنس للعام الدراسي 2025/2024 | H7: عدد التلامذة الناجحين للعام الدراسي2024/2023حسب الصف والجنس | K7: عدد التلامذة الراسبين حسب اسباب الرسوب والصف والجنس للعام الدراسي2024/2023
E8: بنين | F8: بنات | G8: المجموع | H8: بنين | I8: بنات | J8: المجموع | K8: الفشل في الامتحان | M8: تجاوز ايام الغياب | O8: أسباب أخرى | Q8: المجموع
D9: الجنس | K9: بنون | L9: بنات | M9: بنون | N9: بنات | O9: بنون | P9: بنات | Q9: بنون | R9: بنات | S9: المجموع
D10: الاول | E10: ='[1]التعليم الابتدائي'!FM754 -> 0 | F10: ='[1]التعليم الابتدائي'!FN754 -> 0 | G10: =F10+E10 -> 0 | H10: ='[1]التعليم الابتدائي'!GB754 -> 0 | I10: ='[1]التعليم الابتدائي'!GC754 -> 0 | J10: =I10+H10 -> 0 | K10: ='[1]التعليم الابتدائي'!GQ754 -> 0 | L10: ='[1]التعليم الابتدائي'!GR754 -> 0 | M10: ='[1]التعليم الابتدائي'!HF754 -> 0 | N10: ='[1]التعليم الابتدائي'!HG754 -> 0 | O10: ='[1]التعليم الابتدائي'!HU754 -> 0 | P10: ='[1]التعليم الابتدائي'!HV754 -> 0 | Q10: =O10+M10+K10 -> 0 | R10: =P10+N10+L10 -> 0 | S10: =R10+Q10 -> 0
D11: الثاني | E11: ='[1]التعليم الابتدائي'!FO754 -> 0 | F11: ='[1]التعليم الابتدائي'!FP754 -> 0 | G11: =F11+E11 -> 0 | H11: ='[1]التعليم الابتدائي'!GD754 -> 0 | I11: ='[1]التعليم الابتدائي'!GE754 -> 0 | J11: =I11+H11 -> 0 | K11: ='[1]التعليم الابتدائي'!GS754 -> 0 | L11: ='[1]التعليم الابتدائي'!GT754 -> 0 | M11: ='[1]التعليم الابتدائي'!HH754 -> 0 | N11: ='[1]التعليم الابتدائي'!HI754 -> 0 | O11: ='[1]التعليم الابتدائي'!HW754 -> 0 | P11: ='[1]التعليم الابتدائي'!HX754 -> 0 | Q11: =O11+M11+K11 -> 0 | R11: =P11+N11+L11 -> 0 | S11: =R11+Q11 -> 0
D12: الثالث | E12: ='[1]التعليم الابتدائي'!FQ754 -> 0 | F12: ='[1]التعليم الابتدائي'!FR754 -> 0 | G12: =F12+E12 -> 0 | H12: ='[1]التعليم الابتدائي'!GF754 -> 0 | I12: ='[1]التعليم الابتدائي'!GG754 -> 0 | J12: =I12+H12 -> 0 | K12: ='[1]التعليم الابتدائي'!GU754 -> 0 | L12: ='[1]التعليم الابتدائي'!GV754 -> 0 | M12: ='[1]التعليم الابتدائي'!HJ754 -> 0 | N12: ='[1]التعليم الابتدائي'!HK754 -> 0 | O12: ='[1]التعليم الابتدائي'!HY754 -> 0 | P12: ='[1]التعليم الابتدائي'!HZ754 -> 0 | Q12: =O12+M12+K12 -> 0 | R12: =P12+N12+L12 -> 0 | S12: =R12+Q12 -> 0
D13: الرابع | E13: ='[1]التعليم الابتدائي'!FS754 -> 0 | F13: ='[1]التعليم الابتدائي'!FT754 -> 0 | G13: =F13+E13 -> 0 | H13: ='[1]التعليم الابتدائي'!GH754 -> 0 | I13: ='[1]التعليم الابتدائي'!GI754 -> 0 | J13: =I13+H13 -> 0 | K13: ='[1]التعليم الابتدائي'!GW754 -> 0 | L13: ='[1]التعليم الابتدائي'!GX754 -> 0 | M13: ='[1]التعليم الابتدائي'!HL754 -> 0 | N13: ='[1]التعليم الابتدائي'!HM754 -> 0 | O13: ='[1]التعليم الابتدائي'!IA754 -> 0 | P13: ='[1]التعليم الابتدائي'!IB754 -> 0 | Q13: =O13+M13+K13 -> 0 | R13: =P13+N13+L13 -> 0 | S13: =R13+Q13 -> 0
D14: الخامس | E14: ='[1]التعليم الابتدائي'!FU754 -> 0 | F14: ='[1]التعليم الابتدائي'!FV754 -> 0 | G14: =F14+E14 -> 0 | H14: ='[1]التعليم الابتدائي'!GJ754 -> 0 | I14: ='[1]التعليم الابتدائي'!GK754 -> 0 | J14: =I14+H14 -> 0 | K14: ='[1]التعليم الابتدائي'!GY754 -> 0 | L14: ='[1]التعليم الابتدائي'!GZ754 -> 0 | M14: ='[1]التعليم الابتدائي'!HN754 -> 0 | N14: ='[1]التعليم الابتدائي'!HO754 -> 0 | O14: ='[1]التعليم الابتدائي'!IC754 -> 0 | P14: ='[1]التعليم الابتدائي'!ID754 -> 0 | Q14: =O14+M14+K14 -> 0 | R14: =P14+N14+L14 -> 0 | S14: =R14+Q14 -> 0
D15: السادس | E15: ='[1]التعليم الابتدائي'!FW754 -> 0 | F15: ='[1]التعليم الابتدائي'!FX754 -> 0 | G15: =F15+E15 -> 0 | H15: ='[1]التعليم الابتدائي'!GL754 -> 0 | I15: ='[1]التعليم الابتدائي'!GM754 -> 0 | J15: =I15+H15 -> 0 | K15: ='[1]التعليم الابتدائي'!HA754 -> 0 | L15: ='[1]التعليم الابتدائي'!HB754 -> 0 | M15: ='[1]التعليم الابتدائي'!HP754 -> 0 | N15: ='[1]التعليم الابتدائي'!HQ754 -> 0 | O15: ='[1]التعليم الابتدائي'!IE754 -> 0 | P15: ='[1]التعليم الابتدائي'!IF754 -> 0 | Q15: =O15+M15+K15 -> 0 | R15: =P15+N15+L15 -> 0 | S15: =R15+Q15 -> 0
D16: المجموع | E16: =SUM(E10:E15) -> 0 | F16: =SUM(F10:F15) -> 0 | G16: =F16+E16 -> 0 | H16: =SUM(H10:H15) -> 0 | I16: =SUM(I10:I15) -> 0 | J16: =SUM(J10:J15) -> 0 | K16: =SUM(K10:K15) -> 0 | L16: =SUM(L10:L15) -> 0 | M16: =SUM(M10:M15) -> 0 | N16: =SUM(N10:N15) -> 0 | O16: =SUM(O10:O15) -> 0 | ... S16: =SUM(S10:S15) -> 0
A18: المديرية العامة للتربية في محافظة النجف الاشرف | R18: قضاء النجف
A19: قسم التخطيط التربوي | R19: التعليم الابتدائي
B21: جدول رقم (( 10 ))
B22: التعليم الابتدائي للعام الدراسي2024/2025
B23: عدد التلامذة الناجحين والتلامذة الراسبين للعام الدراسي2024 -2024 حسب الجنس والصف
D25: الصف | E25: عدد التلامذة التاركون حسب الصف والجنس للعام الدراسي2024/2025 | H25: عدد التلامذة الناجحين للعام الدراسي2024/2023حسب الصف والجنس | K25: عدد التلامذة الراسبين حسب اسباب الرسوب والصف والجنس للعام الدراسي2024/2023
E26: بنين | F26: بنات | G26: المجموع | H26: بنين | I26: بنات | J26: المجموع | K26: الفشل في الامتحان | M26: تجاوز ايام الغياب | O26: أسباب أخرى | Q26: المجموع
D27: الجنس | K27: بنون | L27: بنات | M27: بنون | N27: بنات | O27: بنون | P27: بنات | Q27: بنون | R27: بنات | S27: المجموع
D28: الاول
D29: الثاني
D30: الثالث
D31: الرابع
D32: الخامس
D33: السادس
D34: المجموع
A36: المديرية العامة للتربية في محافظة النجف الاشرف | R36: مركز النجف
A37: قسم التخطيط التربوي | R37: التعليم الابتدائي
B39: جدول رقم (( 10 ))
B40: التعليم الابتدائي للعام الدراسي2024/2025
B41: عدد التلامذة الناجحين والتلامذة الراسبين للعام الدراسي2024 -2024 حسب الجنس والصف
D43: الصف | E43: عدد التلامذة التاركون حسب الصف والجنس للعام الدراسي2024/2025 | H43: عدد التلامذة الناجحين للعام الدراسي2024/2023حسب الصف والجنس | K43: عدد التلامذة الراسبين حسب اسباب الرسوب والصف والجنس للعام الدراسي2024/2023
E44: بنين | F44: بنات | G44: المجموع | H44: بنين | I44: بنات | J44: المجموع | K44: الفشل في الامتحان | M44: تجاوز ايام الغياب | O44: أسباب أخرى | Q44: المجموع
D45: الجنس | K45: بنون | L45: بنات | M45: بنون | N45: بنات | O45: بنون | P45: بنات | Q45: بنون | R45: بنات | S45: المجموع
D46: الاول | E46: ='[1]التعليم الابتدائي'!FM295 -> 0 | F46: ='[1]التعليم الابتدائي'!FN295 -> 0 | G46: =F46+E46 -> 0 | H46: ='[1]التعليم الابتدائي'!GB295 -> 0 | I46: ='[1]التعليم الابتدائي'!GC295 -> 0 | J46: =I46+H46 -> 0 | K46: ='[1]التعليم الابتدائي'!GQ295 -> 0 | L46: ='[1]التعليم الابتدائي'!GR295 -> 0 | M46: ='[1]التعليم الابتدائي'!HF295 -> 0 | N46: ='[1]التعليم الابتدائي'!HG295 -> 0 | O46: ='[1]التعليم الابتدائي'!HU295 -> 0 | P46: ='[1]التعليم الابتدائي'!HV295 -> 0 | Q46: =O46+M46+K46 -> 0 | R46: =P46+N46+L46 -> 0 | S46: =R46+Q46 -> 0
D47: الثاني | E47: ='[1]التعليم الابتدائي'!FO295 -> 0 | F47: ='[1]التعليم الابتدائي'!FP295 -> 0 | G47: =F47+E47 -> 0 | H47: ='[1]التعليم الابتدائي'!GD295 -> 0 | I47: ='[1]التعليم الابتدائي'!GE295 -> 0 | J47: =I47+H47 -> 0 | K47: ='[1]التعليم الابتدائي'!GS295 -> 0 | L47: ='[1]التعليم الابتدائي'!GT295 -> 0 | M47: ='[1]التعليم الابتدائي'!HH295 -> 0 | N47: ='[1]التعليم الابتدائي'!HI295 -> 0 | O47: ='[1]التعليم الابتدائي'!HW295 -> 0 | P47: ='[1]التعليم الابتدائي'!HX295 -> 0 | Q47: =O47+M47+K47 -> 0 | R47: =P47+N47+L47 -> 0 | S47: =R47+Q47 -> 0
D48: الثالث | E48: ='[1]التعليم الابتدائي'!FQ295 -> 0 | F48: ='[1]التعليم الابتدائي'!FR295 -> 0 | G48: =F48+E48 -> 0 | H48: ='[1]التعليم الابتدائي'!GF295 -> 0 | I48: ='[1]التعليم الابتدائي'!GG295 -> 0 | J48: =I48+H48 -> 0 | K48: ='[1]التعليم الابتدائي'!GU295 -> 0 | L48: ='[1]التعليم الابتدائي'!GV295 -> 0 | M48: ='[1]التعليم الابتدائي'!HJ295 -> 0 | N48: ='[1]التعليم الابتدائي'!HK295 -> 0 | O48: ='[1]التعليم الابتدائي'!HY295 -> 0 | P48: ='[1]التعليم الابتدائي'!HZ295 -> 0 | Q48: =O48+M48+K48 -> 0 | R48: =P48+N48+L48 -> 0 | S48: =R48+Q48 -> 0
D49: الرابع | E49: ='[1]التعليم الابتدائي'!FS295 -> 0 | F49: ='[1]التعليم الابتدائي'!FT295 -> 0 | G49: =F49+E49 -> 0 | H49: ='[1]التعليم الابتدائي'!GH295 -> 0 | I49: ='[1]التعليم الابتدائي'!GI295 -> 0 | J49: =I49+H49 -> 0 | K49: ='[1]التعليم الابتدائي'!GW295 -> 0 | L49: ='[1]التعليم الابتدائي'!GX295 -> 0 | M49: ='[1]التعليم الابتدائي'!HL295 -> 0 | N49: ='[1]التعليم الابتدائي'!HM295 -> 0 | O49: ='[1]التعليم الابتدائي'!IA295 -> 0 | P49: ='[1]التعليم الابتدائي'!IB295 -> 0 | Q49: =O49+M49+K49 -> 0 | R49: =P49+N49+L49 -> 0 | S49: =R49+Q49 -> 0
D50: الخامس | E50: ='[1]التعليم الابتدائي'!FU295 -> 0 | F50: ='[1]التعليم الابتدائي'!FV295 -> 0 | G50: =F50+E50 -> 0 | H50: ='[1]التعليم الابتدائي'!GJ295 -> 0 | I50: ='[1]التعليم الابتدائي'!GK295 -> 0 | J50: =I50+H50 -> 0 | K50: ='[1]التعليم الابتدائي'!GY295 -> 0 | L50: ='[1]التعليم الابتدائي'!GZ295 -> 0 | M50: ='[1]التعليم الابتدائي'!HN295 -> 0 | N50: ='[1]التعليم الابتدائي'!HO295 -> 0 | O50: ='[1]التعليم الابتدائي'!IC295 -> 0 | P50: ='[1]التعليم الابتدائي'!ID295 -> 0 | Q50: =O50+M50+K50 -> 0 | R50: =P50+N50+L50 -> 0 | S50: =R50+Q50 -> 0
D51: السادس | E51: ='[1]التعليم الابتدائي'!FW295 -> 0 | F51: ='[1]التعليم الابتدائي'!FX295 -> 0 | G51: =F51+E51 -> 0 | H51: ='[1]التعليم الابتدائي'!GL295 -> 0 | I51: ='[1]التعليم الابتدائي'!GM295 -> 0 | J51: =I51+H51 -> 0 | K51: ='[1]التعليم الابتدائي'!HA295 -> 0 | L51: ='[1]التعليم الابتدائي'!HB295 -> 0 | M51: ='[1]التعليم الابتدائي'!HP295 -> 0 | N51: ='[1]التعليم الابتدائي'!HQ295 -> 0 | O51: ='[1]التعليم الابتدائي'!IE295 -> 0 | P51: ='[1]التعليم الابتدائي'!IF295 -> 0 | Q51: =O51+M51+K51 -> 0 | R51: =P51+N51+L51 -> 0 | S51: =R51+Q51 -> 0
D52: المجموع | E52: =SUM(E46:E51) -> 0 | F52: =SUM(F46:F51) -> 0 | G52: =F52+E52 -> 0 | H52: =SUM(H46:H51) -> 0 | I52: =SUM(I46:I51) -> 0 | J52: =SUM(J46:J51) -> 0 | K52: =SUM(K46:K51) -> 0 | L52: =SUM(L46:L51) -> 0 | M52: =SUM(M46:M51) -> 0 | N52: =SUM(N46:N51) -> 0 | O52: =SUM(O46:O51) -> 0 | ... S52: =SUM(S46:S51) -> 0
A54: المديرية العامة للتربية في محافظة النجف الاشرف | R54: ناحية الحيدرية
A55: قسم التخطيط التربوي | R55: التعليم الابتدائي
B57: جدول رقم (( 10 ))
B58: التعليم الابتدائي للعام الدراسي2024/2025
B59: عدد التلامذة الناجحين والتلامذة الراسبين للعام الدراسي2024 -2024 حسب الجنس والصف
D61: الصف | E61: عدد التلامذة التاركون حسب الصف والجنس للعام الدراسي2024/2025 | H61: عدد التلامذة الناجحين للعام الدراسي2024/2023حسب الصف والجنس | K61: عدد التلامذة الراسبين حسب اسباب الرسوب والصف والجنس للعام الدراسي2024/2023
E62: بنين | F62: بنات | G62: المجموع | H62: بنين | I62: بنات | J62: المجموع | K62: الفشل في الامتحان | M62: تجاوز ايام الغياب | O62: أسباب أخرى | Q62: المجموع
D63: الجنس | K63: بنون | L63: بنات | M63: بنون | N63: بنات | O63: بنون | P63: بنات | Q63: بنون | R63: بنات | S63: المجموع
D64: الاول | E64: ='[1]التعليم الابتدائي'!FM344 -> 0 | F64: ='[1]التعليم الابتدائي'!FN344 -> 0 | G64: =F64+E64 -> 0 | H64: ='[1]التعليم الابتدائي'!GB344 -> 0 | I64: ='[1]التعليم الابتدائي'!GC344 -> 0 | J64: =I64+H64 -> 0 | K64: ='[1]التعليم الابتدائي'!GQ344 -> 0 | L64: ='[1]التعليم الابتدائي'!GR344 -> 0 | M64: ='[1]التعليم الابتدائي'!HF344 -> 0 | N64: ='[1]التعليم الابتدائي'!HG344 -> 0 | O64: ='[1]التعليم الابتدائي'!HU344 -> 0 | P64: ='[1]التعليم الابتدائي'!HV344 -> 0 | Q64: =O64+M64+K64 -> 0 | R64: =P64+N64+L64 -> 0 | S64: =R64+Q64 -> 0
D65: الثاني | E65: ='[1]التعليم الابتدائي'!FO344 -> 0 | F65: ='[1]التعليم الابتدائي'!FP344 -> 0 | G65: =F65+E65 -> 0 | H65: ='[1]التعليم الابتدائي'!GD344 -> 0 | I65: ='[1]التعليم الابتدائي'!GE344 -> 0 | J65: =I65+H65 -> 0 | K65: ='[1]التعليم الابتدائي'!GS344 -> 0 | L65: ='[1]التعليم الابتدائي'!GT344 -> 0 | M65: ='[1]التعليم الابتدائي'!HH344 -> 0 | N65: ='[1]التعليم الابتدائي'!HI344 -> 0 | O65: ='[1]التعليم الابتدائي'!HW344 -> 0 | P65: ='[1]التعليم الابتدائي'!HX344 -> 0 | Q65: =O65+M65+K65 -> 0 | R65: =P65+N65+L65 -> 0 | S65: =R65+Q65 -> 0
D66: الثالث | E66: ='[1]التعليم الابتدائي'!FQ344 -> 0 | F66: ='[1]التعليم الابتدائي'!FR344 -> 0 | G66: =F66+E66 -> 0 | H66: ='[1]التعليم الابتدائي'!GF344 -> 0 | I66: ='[1]التعليم الابتدائي'!GG344 -> 0 | J66: =I66+H66 -> 0 | K66: ='[1]التعليم الابتدائي'!GU344 -> 0 | L66: ='[1]التعليم الابتدائي'!GV344 -> 0 | M66: ='[1]التعليم الابتدائي'!HJ344 -> 0 | N66: ='[1]التعليم الابتدائي'!HK344 -> 0 | O66: ='[1]التعليم الابتدائي'!HY344 -> 0 | P66: ='[1]التعليم الابتدائي'!HZ344 -> 0 | Q66: =O66+M66+K66 -> 0 | R66: =P66+N66+L66 -> 0 | S66: =R66+Q66 -> 0
D67: الرابع | E67: ='[1]التعليم الابتدائي'!FS344 -> 0 | F67: ='[1]التعليم الابتدائي'!FT344 -> 0 | G67: =F67+E67 -> 0 | H67: ='[1]التعليم الابتدائي'!GH344 -> 0 | I67: ='[1]التعليم الابتدائي'!GI344 -> 0 | J67: =I67+H67 -> 0 | K67: ='[1]التعليم الابتدائي'!GW344 -> 0 | L67: ='[1]التعليم الابتدائي'!GX344 -> 0 | M67: ='[1]التعليم الابتدائي'!HL344 -> 0 | N67: ='[1]التعليم الابتدائي'!HM344 -> 0 | O67: ='[1]التعليم الابتدائي'!IA344 -> 0 | P67: ='[1]التعليم الابتدائي'!IB344 -> 0 | Q67: =O67+M67+K67 -> 0 | R67: =P67+N67+L67 -> 0 | S67: =R67+Q67 -> 0
D68: الخامس | E68: ='[1]التعليم الابتدائي'!FU344 -> 0 | F68: ='[1]التعليم الابتدائي'!FV344 -> 0 | G68: =F68+E68 -> 0 | H68: ='[1]التعليم الابتدائي'!GJ344 -> 0 | I68: ='[1]التعليم الابتدائي'!GK344 -> 0 | J68: =I68+H68 -> 0 | K68: ='[1]التعليم الابتدائي'!GY344 -> 0 | L68: ='[1]التعليم الابتدائي'!GZ344 -> 0 | M68: ='[1]التعليم الابتدائي'!HN344 -> 0 | N68: ='[1]التعليم الابتدائي'!HO344 -> 0 | O68: ='[1]التعليم الابتدائي'!IC344 -> 0 | P68: ='[1]التعليم الابتدائي'!ID344 -> 0 | Q68: =O68+M68+K68 -> 0 | R68: =P68+N68+L68 -> 0 | S68: =R68+Q68 -> 0
D69: السادس | E69: ='[1]التعليم الابتدائي'!FW344 -> 0 | F69: ='[1]التعليم الابتدائي'!FX344 -> 0 | G69: =F69+E69 -> 0 | H69: ='[1]التعليم الابتدائي'!GL344 -> 0 | I69: ='[1]التعليم الابتدائي'!GM344 -> 0 | J69: =I69+H69 -> 0 | K69: ='[1]التعليم الابتدائي'!HA344 -> 0 | L69: ='[1]التعليم الابتدائي'!HB344 -> 0 | M69: ='[1]التعليم الابتدائي'!HP344 -> 0 | N69: ='[1]التعليم الابتدائي'!HQ344 -> 0 | O69: ='[1]التعليم الابتدائي'!IE344 -> 0 | P69: ='[1]التعليم الابتدائي'!IF344 -> 0 | Q69: =O69+M69+K69 -> 0 | R69: =P69+N69+L69 -> 0 | S69: =R69+Q69 -> 0
D70: المجموع | E70: =SUM(E64:E69) -> 0 | F70: =SUM(F64:F69) -> 0 | G70: =F70+E70 -> 0 | H70: =SUM(H64:H69) -> 0 | I70: =SUM(I64:I69) -> 0 | J70: =SUM(J64:J69) -> 0 | K70: =SUM(K64:K69) -> 0 | L70: =SUM(L64:L69) -> 0 | M70: =SUM(M64:M69) -> 0 | N70: =SUM(N64:N69) -> 0 | O70: =SUM(O64:O69) -> 0 | ... S70: =SUM(S64:S69) -> 0
A72: المديرية العامة للتربية في محافظة النجف الاشرف | R72: ناحية الشبكة
A73: قسم التخطيط التربوي | R73: التعليم الابتدائي
B75: جدول رقم (( 10 ))
B76: التعليم الابتدائي للعام الدراسي2024/2025
B77: عدد التلامذة الناجحين والتلامذة الراسبين للعام الدراسي2024 -2024 حسب الجنس والصف
D79: الصف | E79: عدد التلامذة التاركون حسب الصف والجنس للعام الدراسي2024/2025 | H79: عدد التلامذة الناجحين للعام الدراسي2024/2023حسب الصف والجنس | K79: عدد التلامذة الراسبين حسب اسباب الرسوب والصف والجنس للعام الدراسي2024/2023
E80: بنين | F80: بنات | G80: المجموع | H80: بنين | I80: بنات | J80: المجموع | K80: الفشل في الامتحان | M80: تجاوز ايام الغياب | O80: أسباب أخرى | Q80: المجموع
D81: الجنس | K81: بنون | L81: بنات | M81: بنون | N81: بنات | O81: بنون | P81: بنات | Q81: بنون | R81: بنات | S81: المجموع
D82: الاول | E82: ='[1]التعليم الابتدائي'!FM346 -> 0 | F82: ='[1]التعليم الابتدائي'!FN346 -> 0 | G82: =F82+E82 -> 0 | H82: ='[1]التعليم الابتدائي'!GB346 -> 0 | I82: ='[1]التعليم الابتدائي'!GC346 -> 0 | J82: =I82+H82 -> 0 | K82: ='[1]التعليم الابتدائي'!GQ346 -> 0 | L82: ='[1]التعليم الابتدائي'!GR346 -> 0 | M82: ='[1]التعليم الابتدائي'!HF346 -> 0 | N82: ='[1]التعليم الابتدائي'!HG346 -> 0 | O82: ='[1]التعليم الابتدائي'!HU346 -> 0 | P82: ='[1]التعليم الابتدائي'!HV346 -> 0 | Q82: =O82+M82+K82 -> 0 | R82: =P82+N82+L82 -> 0 | S82: =R82+Q82 -> 0
D83: الثاني | E83: ='[1]التعليم الابتدائي'!FO346 -> 0 | F83: ='[1]التعليم الابتدائي'!FP346 -> 0 | G83: =F83+E83 -> 0 | H83: ='[1]التعليم الابتدائي'!GD346 -> 0 | I83: ='[1]التعليم الابتدائي'!GE346 -> 0 | J83: =I83+H83 -> 0 | K83: ='[1]التعليم الابتدائي'!GS346 -> 0 | L83: ='[1]التعليم الابتدائي'!GT346 -> 0 | M83: ='[1]التعليم الابتدائي'!HH346 -> 0 | N83: ='[1]التعليم الابتدائي'!HI346 -> 0 | O83: ='[1]التعليم الابتدائي'!HW346 -> 0 | P83: ='[1]التعليم الابتدائي'!HX346 -> 0 | Q83: =O83+M83+K83 -> 0 | R83: =P83+N83+L83 -> 0 | S83: =R83+Q83 -> 0
D84: الثالث | E84: ='[1]التعليم الابتدائي'!FQ346 -> 0 | F84: ='[1]التعليم الابتدائي'!FR346 -> 0 | G84: =F84+E84 -> 0 | H84: ='[1]التعليم الابتدائي'!GF346 -> 0 | I84: ='[1]التعليم الابتدائي'!GG346 -> 0 | J84: =I84+H84 -> 0 | K84: ='[1]التعليم الابتدائي'!GU346 -> 0 | L84: ='[1]التعليم الابتدائي'!GV346 -> 0 | M84: ='[1]التعليم الابتدائي'!HJ346 -> 0 | N84: ='[1]التعليم الابتدائي'!HK346 -> 0 | O84: ='[1]التعليم الابتدائي'!HY346 -> 0 | P84: ='[1]التعليم الابتدائي'!HZ346 -> 0 | Q84: =O84+M84+K84 -> 0 | R84: =P84+N84+L84 -> 0 | S84: =R84+Q84 -> 0
D85: الرابع | E85: ='[1]التعليم الابتدائي'!FS346 -> 0 | F85: ='[1]التعليم الابتدائي'!FT346 -> 0 | G85: =F85+E85 -> 0 | H85: ='[1]التعليم الابتدائي'!GH346 -> 0 | I85: ='[1]التعليم الابتدائي'!GI346 -> 0 | J85: =I85+H85 -> 0 | K85: ='[1]التعليم الابتدائي'!GW346 -> 0 | L85: ='[1]التعليم الابتدائي'!GX346 -> 0 | M85: ='[1]التعليم الابتدائي'!HL346 -> 0 | N85: ='[1]التعليم الابتدائي'!HM346 -> 0 | O85: ='[1]التعليم الابتدائي'!IA346 -> 0 | P85: ='[1]التعليم الابتدائي'!IB346 -> 0 | Q85: =O85+M85+K85 -> 0 | R85: =P85+N85+L85 -> 0 | S85: =R85+Q85 -> 0
D86: الخامس | E86: ='[1]التعليم الابتدائي'!FU346 -> 0 | F86: ='[1]التعليم الابتدائي'!FV346 -> 0 | G86: =F86+E86 -> 0 | H86: ='[1]التعليم الابتدائي'!GJ346 -> 0 | I86: ='[1]التعليم الابتدائي'!GK346 -> 0 | J86: =I86+H86 -> 0 | K86: ='[1]التعليم الابتدائي'!GY346 -> 0 | L86: ='[1]التعليم الابتدائي'!GZ346 -> 0 | M86: ='[1]التعليم الابتدائي'!HN346 -> 0 | N86: ='[1]التعليم الابتدائي'!HO346 -> 0 | O86: ='[1]التعليم الابتدائي'!IC346 -> 0 | P86: ='[1]التعليم الابتدائي'!ID346 -> 0 | Q86: =O86+M86+K86 -> 0 | R86: =P86+N86+L86 -> 0 | S86: =R86+Q86 -> 0
D87: السادس | E87: ='[1]التعليم الابتدائي'!FW346 -> 0 | F87: ='[1]التعليم الابتدائي'!FX346 -> 0 | G87: =F87+E87 -> 0 | H87: ='[1]التعليم الابتدائي'!GL346 -> 0 | I87: ='[1]التعليم الابتدائي'!GM346 -> 0 | J87: =I87+H87 -> 0 | K87: ='[1]التعليم الابتدائي'!HA346 -> 0 | L87: ='[1]التعليم الابتدائي'!HB346 -> 0 | M87: ='[1]التعليم الابتدائي'!HP346 -> 0 | N87: ='[1]التعليم الابتدائي'!HQ346 -> 0 | O87: ='[1]التعليم الابتدائي'!IE346 -> 0 | P87: ='[1]التعليم الابتدائي'!IF346 -> 0 | Q87: =O87+M87+K87 -> 0 | R87: =P87+N87+L87 -> 0 | S87: =R87+Q87 -> 0
D88: المجموع | E88: =SUM(E82:E87) -> 0 | F88: =SUM(F82:F87) -> 0 | G88: =F88+E88 -> 0 | H88: =SUM(H82:H87) -> 0 | I88: =SUM(I82:I87) -> 0 | J88: =SUM(J82:J87) -> 0 | K88: =SUM(K82:K87) -> 0 | L88: =SUM(L82:L87) -> 0 | M88: =SUM(M82:M87) -> 0 | N88: =SUM(N82:N87) -> 0 | O88: =SUM(O82:O87) -> 0 | ... S88: =SUM(S82:S87) -> 0
A90: المديرية العامة للتربية في محافظة النجف الاشرف | R90: ناحية الرضوية
A91: قسم التخطيط التربوي | R91: التعليم الابتدائي
B93: جدول رقم (( 10 ))
B94: التعليم الابتدائي للعام الدراسي2024/2025
B95: عدد التلامذة الناجحين والتلامذة الراسبين للعام الدراسي2024 -2024 حسب الجنس والصف
D97: الصف | E97: عدد التلامذة التاركون حسب الصف والجنس للعام الدراسي2024/2025 | H97: عدد التلامذة الناجحين للعام الدراسي2024/2023حسب الصف والجنس | K97: عدد التلامذة الراسبين حسب اسباب الرسوب والصف والجنس للعام الدراسي2024/2023
E98: بنين | F98: بنات | G98: المجموع | H98: بنين | I98: بنات | J98: المجموع | K98: الفشل في الامتحان | M98: تجاوز ايام الغياب | O98: أسباب أخرى | Q98: المجموع
D99: الجنس | K99: بنون | L99: بنات | M99: بنون | N99: بنات | O99: بنون | P99: بنات | Q99: بنون | R99: بنات | S99: المجموع
D100: الاول | E100: ='[1]التعليم الابتدائي'!FM368 -> 0 | F100: ='[1]التعليم الابتدائي'!FN368 -> 0 | G100: =F100+E100 -> 0 | H100: ='[1]التعليم الابتدائي'!GB368 -> 0 | I100: ='[1]التعليم الابتدائي'!GC368 -> 0 | J100: =I100+H100 -> 0 | K100: ='[1]التعليم الابتدائي'!GQ368 -> 0 | L100: ='[1]التعليم الابتدائي'!GR368 -> 0 | M100: ='[1]التعليم الابتدائي'!HF368 -> 0 | N100: ='[1]التعليم الابتدائي'!HG368 -> 0 | O100: ='[1]التعليم الابتدائي'!HU368 -> 0 | P100: ='[1]التعليم الابتدائي'!HV368 -> 0 | Q100: =O100+M100+K100 -> 0 | R100: =P100+N100+L100 -> 0 | S100: =R100+Q100 -> 0
D101: الثاني | E101: ='[1]التعليم الابتدائي'!FO368 -> 0 | F101: ='[1]التعليم الابتدائي'!FP368 -> 0 | G101: =F101+E101 -> 0 | H101: ='[1]التعليم الابتدائي'!GD368 -> 0 | I101: ='[1]التعليم الابتدائي'!GE368 -> 0 | J101: =I101+H101 -> 0 | K101: ='[1]التعليم الابتدائي'!GS368 -> 0 | L101: ='[1]التعليم الابتدائي'!GT368 -> 0 | M101: ='[1]التعليم الابتدائي'!HH368 -> 0 | N101: ='[1]التعليم الابتدائي'!HI368 -> 0 | O101: ='[1]التعليم الابتدائي'!HW368 -> 0 | P101: ='[1]التعليم الابتدائي'!HX368 -> 0 | Q101: =O101+M101+K101 -> 0 | R101: =P101+N101+L101 -> 0 | S101: =R101+Q101 -> 0
D102: الثالث | E102: ='[1]التعليم الابتدائي'!FQ368 -> 0 | F102: ='[1]التعليم الابتدائي'!FR368 -> 0 | G102: =F102+E102 -> 0 | H102: ='[1]التعليم الابتدائي'!GF368 -> 0 | I102: ='[1]التعليم الابتدائي'!GG368 -> 0 | J102: =I102+H102 -> 0 | K102: ='[1]التعليم الابتدائي'!GU368 -> 0 | L102: ='[1]التعليم الابتدائي'!GV368 -> 0 | M102: ='[1]التعليم الابتدائي'!HJ368 -> 0 | N102: ='[1]التعليم الابتدائي'!HK368 -> 0 | O102: ='[1]التعليم الابتدائي'!HY368 -> 0 | P102: ='[1]التعليم الابتدائي'!HZ368 -> 0 | Q102: =O102+M102+K102 -> 0 | R102: =P102+N102+L102 -> 0 | S102: =R102+Q102 -> 0
D103: الرابع | E103: ='[1]التعليم الابتدائي'!FS368 -> 0 | F103: ='[1]التعليم الابتدائي'!FT368 -> 0 | G103: =F103+E103 -> 0 | H103: ='[1]التعليم الابتدائي'!GH368 -> 0 | I103: ='[1]التعليم الابتدائي'!GI368 -> 0 | J103: =I103+H103 -> 0 | K103: ='[1]التعليم الابتدائي'!GW368 -> 0 | L103: ='[1]التعليم الابتدائي'!GX368 -> 0 | M103: ='[1]التعليم الابتدائي'!HL368 -> 0 | N103: ='[1]التعليم الابتدائي'!HM368 -> 0 | O103: ='[1]التعليم الابتدائي'!IA368 -> 0 | P103: ='[1]التعليم الابتدائي'!IB368 -> 0 | Q103: =O103+M103+K103 -> 0 | R103: =P103+N103+L103 -> 0 | S103: =R103+Q103 -> 0
D104: الخامس | E104: ='[1]التعليم الابتدائي'!FU368 -> 0 | F104: ='[1]التعليم الابتدائي'!FV368 -> 0 | G104: =F104+E104 -> 0 | H104: ='[1]التعليم الابتدائي'!GJ368 -> 0 | I104: ='[1]التعليم الابتدائي'!GK368 -> 0 | J104: =I104+H104 -> 0 | K104: ='[1]التعليم الابتدائي'!GY368 -> 0 | L104: ='[1]التعليم الابتدائي'!GZ368 -> 0 | M104: ='[1]التعليم الابتدائي'!HN368 -> 0 | N104: ='[1]التعليم الابتدائي'!HO368 -> 0 | O104: ='[1]التعليم الابتدائي'!IC368 -> 0 | P104: ='[1]التعليم الابتدائي'!ID368 -> 0 | Q104: =O104+M104+K104 -> 0 | R104: =P104+N104+L104 -> 0 | S104: =R104+Q104 -> 0
D105: السادس | E105: ='[1]التعليم الابتدائي'!FW368 -> 0 | F105: ='[1]التعليم الابتدائي'!FX368 -> 0 | G105: =F105+E105 -> 0 | H105: ='[1]التعليم الابتدائي'!GL368 -> 0 | I105: ='[1]التعليم الابتدائي'!GM368 -> 0 | J105: =I105+H105 -> 0 | K105: ='[1]التعليم الابتدائي'!HA368 -> 0 | L105: ='[1]التعليم الابتدائي'!HB368 -> 0 | M105: ='[1]التعليم الابتدائي'!HP368 -> 0 | N105: ='[1]التعليم الابتدائي'!HQ368 -> 0 | O105: ='[1]التعليم الابتدائي'!IE368 -> 0 | P105: ='[1]التعليم الابتدائي'!IF368 -> 0 | Q105: =O105+M105+K105 -> 0 | R105: =P105+N105+L105 -> 0 | S105: =R105+Q105 -> 0
D106: المجموع | E106: =SUM(E100:E105) -> 0 | F106: =SUM(F100:F105) -> 0 | G106: =F106+E106 -> 0 | H106: =SUM(H100:H105) -> 0 | I106: =SUM(I100:I105) -> 0 | J106: =SUM(J100:J105) -> 0 | K106: =SUM(K100:K105) -> 0 | L106: =SUM(L100:L105) -> 0 | M106: =SUM(M100:M105) -> 0 | N106: =SUM(N100:N105) -> 0 | O106: =SUM(O100:O105) -> 0 | ... S106: =SUM(S100:S105) -> 0
A108: المديرية العامة للتربية في محافظة النجف الاشرف | R108: ناحية بانيقيا ( النور )
A109: قسم التخطيط التربوي | R109: التعليم الابتدائي
B111: جدول رقم (( 10 ))
B112: التعليم الابتدائي للعام الدراسي2024/2025
B113: عدد التلامذة الناجحين والتلامذة الراسبين للعام الدراسي2024 -2024 حسب الجنس والصف
D115: الصف | E115: عدد التلامذة التاركون حسب الصف والجنس للعام الدراسي2024/2025 | H115: عدد التلامذة الناجحين للعام الدراسي2024/2023حسب الصف والجنس | K115: عدد التلامذة الراسبين حسب اسباب الرسوب والصف والجنس للعام الدراسي2024/2023
E116: بنين | F116: بنات | G116: المجموع | H116: بنين | I116: بنات | J116: المجموع | K116: الفشل في الامتحان | M116: تجاوز ايام الغياب | O116: أسباب أخرى | Q116: المجموع
D117: الجنس | K117: بنون | L117: بنات | M117: بنون | N117: بنات | O117: بنون | P117: بنات | Q117: بنون | R117: بنات | S117: المجموع
D118: الاول | E118: ='[1]التعليم الابتدائي'!FM376 -> 0 | F118: ='[1]التعليم الابتدائي'!FN376 -> 0 | G118: =F118+E118 -> 0 | H118: ='[1]التعليم الابتدائي'!GB376 -> 0 | I118: ='[1]التعليم الابتدائي'!GC376 -> 0 | J118: =I118+H118 -> 0 | K118: ='[1]التعليم الابتدائي'!GQ376 -> 0 | L118: ='[1]التعليم الابتدائي'!GR376 -> 0 | M118: ='[1]التعليم الابتدائي'!HF376 -> 0 | N118: ='[1]التعليم الابتدائي'!HG376 -> 0 | O118: ='[1]التعليم الابتدائي'!HU376 -> 0 | P118: ='[1]التعليم الابتدائي'!HV376 -> 0 | Q118: =O118+M118+K118 -> 0 | R118: =P118+N118+L118 -> 0 | S118: =R118+Q118 -> 0
D119: الثاني | E119: ='[1]التعليم الابتدائي'!FO376 -> 0 | F119: ='[1]التعليم الابتدائي'!FP376 -> 0 | G119: =F119+E119 -> 0 | H119: ='[1]التعليم الابتدائي'!GD376 -> 0 | I119: ='[1]التعليم الابتدائي'!GE376 -> 0 | J119: =I119+H119 -> 0 | K119: ='[1]التعليم الابتدائي'!GS376 -> 0 | L119: ='[1]التعليم الابتدائي'!GT376 -> 0 | M119: ='[1]التعليم الابتدائي'!HH376 -> 0 | N119: ='[1]التعليم الابتدائي'!HI376 -> 0 | O119: ='[1]التعليم الابتدائي'!HW376 -> 0 | P119: ='[1]التعليم الابتدائي'!HX376 -> 0 | Q119: =O119+M119+K119 -> 0 | R119: =P119+N119+L119 -> 0 | S119: =R119+Q119 -> 0
...

Sheet t11
A1: المديرية العامة للتربية في محافظة النجف الاشرف | L1: خلاصة محافظة النجف الاشرف
A2: قسم التخطيط التربوي | L2: التعليم الابتدائي
A4: جدول رقم (( 11 ))
A5: التعليم الابتدائي للعام الدراسي2024/2025
A6: عدد اعضاء الهئية التعليمية حسب التخصص والجنس
A9: الجنس | B9: التربية الاسلامية | C9: اللغة العربية | D9: اللغة الانكليزية | E9: اللغة الكردية | F9: الرياضيات | G9: علوم/علوم حياة | H9: كيمياء | I9: فيزياء | J9: اجتماعيات | K9: تاريخ | L9: جغرافية | M9: اقتصاد منزلي | N9: التربية خاصة | O9: تربية علم النفس | P9: التربية الرياضية | Q9: التربية الفنية | R9: حاسوب | S9: اللغة التركمانية | T9: اللغة السريانية | U9: عام | V9: اخرى | W9: المجموع
A10: ذكور
A11: اناث
A12: المجموع
A14: المديرية العامة للتربية في محافظة النجف الاشرف | N14: خلاصة قضاء النجف
A15: قسم التخطيط التربوي | N15: التعليم الابتدائي
A16: جدول رقم (( 11 ))
A17: التعليم الابتدائي للعام الدراسي2024/2025
A18: عدد اعضاء الهئية التعليمية حسب التخصص والجنس
A21: الجنس | B21: التربية الاسلامية | C21: اللغة العربية | D21: اللغة الانكليزية | E21: اللغة الكردية | F21: الرياضيات | G21: علوم/علوم حياة | H21: كيمياء | I21: فيزياء | J21: اجتماعيات | K21: تاريخ | L21: جغرافية | M21: اقتصاد منزلي | N21: التربية خاصة | O21: تربية علم النفس | P21: التربية الرياضية | Q21: التربية الفنية | R21: حاسوب | S21: اللغة التركمانية | T21: اللغة السريانية | U21: عام | V21: اخرى | W21: المجموع
A22: ذكور | B22: ='[1]التعليم الابتدائي'!LW377 -> 0 | C22: ='[1]التعليم الابتدائي'!MT377 -> 0 | D22: ='[1]التعليم الابتدائي'!NQ377 -> 0 | E22: ='[1]التعليم الابتدائي'!ON377 -> 0 | F22: ='[1]التعليم الابتدائي'!PK377 -> 0 | G22: ='[1]التعليم الابتدائي'!QH377 -> 0 | H22: ='[1]التعليم الابتدائي'!RE377 -> 0 | I22: ='[1]التعليم الابتدائي'!SB377 -> 0 | J22: ='[1]التعليم الابتدائي'!SY377 -> 0 | K22: ='[1]التعليم الابتدائي'!TV377 -> 0 | L22: ='[1]التعليم الابتدائي'!US377 -> 0 | M22: ='[1]التعليم الابتدائي'!VP377 -> 0 | N22: ='[1]التعليم الابتدائي'!WM377 -> 0 | O22: ='[1]التعليم الابتدائي'!XJ377 -> 0 | P22: ='[1]التعليم الابتدائي'!ZD377 -> 0 | Q22: ='[1]التعليم الابتدائي'!YG377 -> 0 | R22: ='[1]التعليم الابتدائي'!AAA377 -> 0 | S22: ='[1]التعليم الابتدائي'!AAX377 -> 0 | T22: 0 | U22: ='[1]التعليم الابتدائي'!ACR377 -> 0 | V22: ='[1]التعليم الابتدائي'!ADO377 -> 0 | W22: =SUM(B22:V22) -> 0
A23: اناث | B23: ='[1]التعليم الابتدائي'!LX377 -> 0 | C23: ='[1]التعليم الابتدائي'!MU377 -> 0 | D23: ='[1]التعليم الابتدائي'!NR377 -> 0 | E23: ='[1]التعليم الابتدائي'!OO377 -> 0 | F23: ='[1]التعليم الابتدائي'!PL377 -> 0 | G23: ='[1]التعليم الابتدائي'!QI377 -> 0 | H23: ='[1]التعليم الابتدائي'!RF377 -> 0 | I23: ='[1]التعليم الابتدائي'!SC377 -> 0 | J23: ='[1]التعليم الابتدائي'!SZ377 -> 0 | K23: ='[1]التعليم الابتدائي'!TW377 -> 0 | L23: ='[1]التعليم الابتدائي'!UT377 -> 0 | M23: ='[1]التعليم الابتدائي'!VQ377 -> 0 | N23: ='[1]التعليم الابتدائي'!WN377 -> 0 | O23: ='[1]التعليم الابتدائي'!XK377 -> 0 | P23: ='[1]التعليم الابتدائي'!ZE377 -> 0 | Q23: ='[1]التعليم الابتدائي'!YH377 -> 0 | R23: ='[1]التعليم الابتدائي'!AAB377 -> 0 | S23: ='[1]التعليم الابتدائي'!AAY377 -> 0 | T23: 0 | U23: ='[1]التعليم الابتدائي'!ACS377 -> 0 | V23: ='[1]التعليم الابتدائي'!ADP377 -> 0 | W23: =SUM(B23:V23) -> 0
A24: المجموع | B24: =B23+B22 -> 0 | C24: =C23+C22 -> 0 | D24: =D23+D22 -> 0 | E24: =E23+E22 -> 0 | F24: =F23+F22 -> 0 | G24: =G23+G22 -> 0 | H24: =H23+H22 -> 0 | I24: =I23+I22 -> 0 | ... W24: =W23+W22 -> 0
A26: المديرية العامة للتربية في محافظة النجف الاشرف | L26: خلاصة مركز النجف
A27: قسم التخطيط التربوي | L27: التعليم الابتدائي
A29: جدول رقم (( 11 ))
A30: التعليم الابتدائي للعام الدراسي2024/2025
A31: عدد اعضاء الهئية التعليمية حسب التخصص والجنس
A34: الجنس | B34: التربية الاسلامية | C34: اللغة العربية | D34: اللغة الانكليزية | E34: اللغة الكردية | F34: الرياضيات | G34: علوم/علوم حياة | H34: كيمياء | I34: فيزياء | J34: اجتماعيات | K34: تاريخ | L34: جغرافية | M34: اقتصاد منزلي | N34: التربية خاصة | O34: تربية علم النفس | P34: التربية الرياضية | Q34: التربية الفنية | R34: حاسوب | S34: اللغة التركمانية | T34: اللغة السريانية | U34: عام | V34: اخرى | W34: المجموع
A35: ذكور | B35: ='[1]التعليم الابتدائي'!LW295 -> 0 | C35: ='[1]التعليم الابتدائي'!MT295 -> 0 | D35: ='[1]التعليم الابتدائي'!NQ295 -> 0 | E35: ='[1]التعليم الابتدائي'!ON295 -> 0 | F35: ='[1]التعليم الابتدائي'!PK295 -> 0 | G35: ='[1]التعليم الابتدائي'!QH295 -> 0 | H35: ='[1]التعليم الابتدائي'!RE295 -> 0 | I35: ='[1]التعليم الابتدائي'!SB295 -> 0 | J35: ='[1]التعليم الابتدائي'!SY295 -> 0 | K35: ='[1]التعليم الابتدائي'!TV295 -> 0 | L35: ='[1]التعليم الابتدائي'!US295 -> 0 | M35: ='[1]التعليم الابتدائي'!VP295 -> 0 | N35: ='[1]التعليم الابتدائي'!WM295 -> 0 | O35: ='[1]التعليم الابتدائي'!XJ295 -> 0 | P35: ='[1]التعليم الابتدائي'!ZD295 -> 0 | Q35: ='[1]التعليم الابتدائي'!YG295 -> 0 | R35: ='[1]التعليم الابتدائي'!AAA295 -> 0 | S35: 0 | T35: 0 | U35: ='[1]التعليم الابتدائي'!ACR295 -> 0 | V35: ='[1]التعليم الابتدائي'!ADO295 -> 0 | W35: =SUM(B35:V35) -> 0
A36: اناث | B36: ='[1]التعليم الابتدائي'!LX295 -> 0 | C36: ='[1]التعليم الابتدائي'!MU295 -> 0 | D36: ='[1]التعليم الابتدائي'!NR295 -> 0 | E36: ='[1]التعليم الابتدائي'!OO295 -> 0 | F36: ='[1]التعليم الابتدائي'!PL295 -> 0 | G36: ='[1]التعليم الابتدائي'!QI295 -> 0 | H36: ='[1]التعليم الابتدائي'!RF295 -> 0 | I36: ='[1]التعليم الابتدائي'!SC295 -> 0 | J36: ='[1]التعليم الابتدائي'!SZ295 -> 0 | K36: ='[1]التعليم الابتدائي'!TW295 -> 0 | L36: ='[1]التعليم الابتدائي'!UT295 -> 0 | M36: ='[1]التعليم الابتدائي'!VQ295 -> 0 | N36: ='[1]التعليم الابتدائي'!WN295 -> 0 | O36: ='[1]التعليم الابتدائي'!XK295 -> 0 | P36: ='[1]التعليم الابتدائي'!ZE295 -> 0 | Q36: ='[1]التعليم الابتدائي'!YH295 -> 0 | R36: ='[1]التعليم الابتدائي'!AAB295 -> 0 | S36: 0 | T36: 0 | U36: ='[1]التعليم الابتدائي'!ACS295 -> 0 | V36: ='[1]التعليم الابتدائي'!ADP295 -> 0 | W36: =SUM(B36:V36) -> 0
A37: المجموع | B37: =SUM(B35:B36) -> 0 | C37: =SUM(C35:C36) -> 0 | D37: =SUM(D35:D36) -> 0 | E37: =SUM(E35:E36) -> 0 | F37: =SUM(F35:F36) -> 0 | G37: =SUM(G35:G36) -> 0 | H37: =SUM(H35:H36) -> 0 | I37: =SUM(I35:I36) -> 0 | ... W37: =SUM(W35:W36) -> 0
A39: المديرية العامة للتربية في محافظة النجف الاشرف | M39: خلاصة ناحية الحيدرية
A40: قسم التخطيط التربوي | M40: التعليم الابتدائي
H42: جدول رقم (( 11 ))
A43: التعليم الابتدائي للعام الدراسي2024/2025
A44: عدد اعضاء الهئية التعليمية حسب التخصص والجنس
A47: الجنس | B47: التربية الاسلامية | C47: اللغة العربية | D47: اللغة الانكليزية | E47: اللغة الكردية | F47: الرياضيات | G47: علوم/علوم حياة | H47: كيمياء | I47: فيزياء | J47: اجتماعيات | K47: تاريخ | L47: جغرافية | M47: اقتصاد منزلي | N47: تربية خاصة | O47: تربية علم النفس | P47: التربية الرياضية | Q47: التربية الفنية | R47: حاسوب | S47: اللغة التركمانية | T47: اللغة السريانية | U47: عام | V47: اخرى | W47: المجموع
A48: ذكور | B48: ='[1]التعليم الابتدائي'!LW344 -> 0 | C48: ='[1]التعليم الابتدائي'!MT344 -> 0 | D48: ='[1]التعليم الابتدائي'!NQ344 -> 0 | E48: 0 | F48: ='[1]التعليم الابتدائي'!PK344 -> 0 | G48: ='[1]التعليم الابتدائي'!QH344 -> 0 | H48: ='[1]التعليم الابتدائي'!RE344 -> 0 | I48: ='[1]التعليم الابتدائي'!SB344 -> 0 | J48: ='[1]التعليم الابتدائي'!SY344 -> 0 | K48: ='[1]التعليم الابتدائي'!TV344 -> 0 | L48: ='[1]التعليم الابتدائي'!US344 -> 0 | M48: ='[1]التعليم الابتدائي'!VP344 -> 0 | N48: ='[1]التعليم الابتدائي'!WM344 -> 0 | O48: ='[1]التعليم الابتدائي'!XJ344 -> 0 | P48: ='[1]التعليم الابتدائي'!ZD344 -> 0 | Q48: ='[1]التعليم الابتدائي'!YG344 -> 0 | R48: ='[1]التعليم الابتدائي'!AAA344 -> 0 | S48: ='[1]التعليم الابتدائي'!AAX344 -> 0 | T48: 0 | U48: ='[1]التعليم الابتدائي'!ACR344 -> 0 | V48: ='[1]التعليم الابتدائي'!ADO344 -> 0 | W48: =SUM(B48:V48) -> 0
A49: اناث | B49: ='[1]التعليم الابتدائي'!LX344 -> 0 | C49: ='[1]التعليم الابتدائي'!MU344 -> 0 | D49: ='[1]التعليم الابتدائي'!NR344 -> 0 | E49: 0 | F49: ='[1]التعليم الابتدائي'!PL344 -> 0 | G49: ='[1]التعليم الابتدائي'!QI344 -> 0 | H49: ='[1]التعليم الابتدائي'!RF344 -> 0 | I49: ='[1]التعليم الابتدائي'!SC344 -> 0 | J49: ='[1]التعليم الابتدائي'!SZ344 -> 0 | K49: ='[1]التعليم الابتدائي'!TW344 -> 0 | L49: ='[1]التعليم الابتدائي'!UT344 -> 0 | M49: ='[1]التعليم الابتدائي'!VQ344 -> 0 | N49: ='[1]التعليم الابتدائي'!WN344 -> 0 | O49: ='[1]التعليم الابتدائي'!XK344 -> 0 | P49: ='[1]التعليم الابتدائي'!ZE344 -> 0 | Q49: ='[1]التعليم الابتدائي'!YH344 -> 0 | R49: ='[1]التعليم الابتدائي'!AAB344 -> 0 | S49: ='[1]التعليم الابتدائي'!AAY344 -> 0 | T49: 0 | U49: ='[1]التعليم الابتدائي'!ACS344 -> 0 | V49: ='[1]التعليم الابتدائي'!ADP344 -> 0 | W49: =SUM(B49:V49) -> 0
A50: المجموع | B50: =B49+B48 -> 0 | C50: =C49+C48 -> 0 | D50: =D49+D48 -> 0 | E50: =E49+E48 -> 0 | F50: =F49+F48 -> 0 | G50: =G49+G48 -> 0 | H50: =H49+H48 -> 0 | I50: =I49+I48 -> 0 | ... W50: =W49+W48 -> 0
A52: المديرية العامة للتربية في محافظة النجف الاشرف | L52: خلاصة ناحية الشبكة
A53: قسم التخطيط التربوي | L53: التعليم الابتدائي
A55: جدول رقم (( 11 ))
A56: التعليم الابتدائي للعام الدراسي2024/2025
A57: عدد اعضاء الهئية التعليمية حسب التخصص والجنس
A59: الجنس | B59: التربية الاسلامية | C59: اللغة العربية | D59: اللغة الانكليزية | E59: اللغة الكردية | F59: الرياضيات | G59: علوم/علوم حياة | H59: كيمياء | I59: فيزياء | J59: اجتماعيات | K59: تاريخ | L59: جغرافية | M59: اقتصاد منزلي | N59: تربية خاصة | O59: تربية علم النفس | P59: التربية الرياضية | Q59: التربية الفنية | R59: حاسوب | S59: اللغة التركمانية | T59: اللغة السريانية | U59: عام | V59: اخرى | W59: المجموع
A60: ذكور | B60: ='[1]التعليم الابتدائي'!LW346 -> 0 | C60: ='[1]التعليم الابتدائي'!MT346 -> 0 | D60: ='[1]التعليم الابتدائي'!NQ346 -> 0 | E60: 0 | F60: ='[1]التعليم الابتدائي'!PK346 -> 0 | G60: ='[1]التعليم الابتدائي'!QH346+'[1]التعليم الابتدائي'!SB346 -> 0 | H60: 0 | I60: 0 | J60: ='[1]التعليم الابتدائي'!SY346 -> 0 | K60: ='[1]التعليم الابتدائي'!TV346 -> 0 | L60: ='[1]التعليم الابتدائي'!US346 -> 0 | M60: 0 | N60: 0 | O60: 0 | P60: ='[1]التعليم الابتدائي'!ZD346 -> 0 | Q60: 0 | R60: 0 | S60: 0 | T60: 0 | U60: ='[1]التعليم الابتدائي'!ACR346 -> 0 | V60: ='[1]التعليم الابتدائي'!ADO346 -> 0 | W60: =SUM(B60:V60) -> 0
A61: اناث | B61: ='[1]التعليم الابتدائي'!LX346 -> 0 | C61: ='[1]التعليم الابتدائي'!MU346 -> 0 | D61: ='[1]التعليم الابتدائي'!NR346 -> 0 | E61: 0 | F61: ='[1]التعليم الابتدائي'!PL346 -> 0 | G61: ='[1]التعليم الابتدائي'!SC346+'[1]التعليم الابتدائي'!QI346 -> 0 | H61: 0 | I61: 0 | J61: ='[1]التعليم الابتدائي'!SZ346 -> 0 | K61: ='[1]التعليم الابتدائي'!TW346 -> 0 | L61: ='[1]التعليم الابتدائي'!UT346 -> 0 | M61: 0 | N61: 0 | O61: 0 | P61: ='[1]التعليم الابتدائي'!ZE346 -> 0 | Q61: 0 | R61: 0 | S61: 0 | T61: 0 | U61: ='[1]التعليم الابتدائي'!ACS346 -> 0 | V61: ='[1]التعليم الابتدائي'!ADP346 -> 0 | W61: =SUM(B61:V61) -> 0
A62: المجموع | B62: =B61+B60 -> 0 | C62: =C61+C60 -> 0 | D62: =D61+D60 -> 0 | E62: =E61+E60 -> 0 | F62: =F61+F60 -> 0 | G62: =G61+G60 -> 0 | H62: =H61+H60 -> 0 | I62: =I61+I60 -> 0 | ... W62: =W61+W60 -> 0
A64: المديرية العامة للتربية في محافظة النجف الاشرف | L64: خلاصة ناحية الرضوية
A65: قسم التخطيط التربوي | L65: التعليم الابتدائي
A67: جدول رقم (( 11 ))
A68: التعليم الابتدائي للعام الدراسي2024/2025
A69: عدد اعضاء الهئية التعليمية حسب التخصص والجنس
A71: الجنس | B71: التربية الاسلامية | C71: اللغة العربية | D71: اللغة الانكليزية | E71: اللغة الكردية | F71: الرياضيات | G71: علوم/علوم حياة | H71: كيمياء | I71: فيزياء | J71: اجتماعيات | K71: تاريخ | L71: جغرافية | M71: اقتصاد منزلي | N71: تربية خاصة | O71: تربية علم النفس | P71: التربية الرياضية | Q71: التربية الفنية | R71: حاسوب | S71: اللغة التركمانية | T71: اللغة السريانية | U71: عام | V71: اخرى | W71: المجموع
A72: ذكور | B72: ='[1]التعليم الابتدائي'!LW368 -> 0 | C72: ='[1]التعليم الابتدائي'!MT368 -> 0 | D72: ='[1]التعليم الابتدائي'!NQ368 -> 0 | E72: ='[1]التعليم الابتدائي'!ON368 -> 0 | F72: ='[1]التعليم الابتدائي'!PK368 -> 0 | G72: ='[1]التعليم الابتدائي'!QH368 -> 0 | H72: ='[1]التعليم الابتدائي'!RE368 -> 0 | I72: ='[1]التعليم الابتدائي'!SB368 -> 0 | J72: ='[1]التعليم الابتدائي'!SY368 -> 0 | K72: ='[1]التعليم الابتدائي'!TV368 -> 0 | L72: ='[1]التعليم الابتدائي'!US368 -> 0 | M72: ='[1]التعليم الابتدائي'!VP368 -> 0 | N72: ='[1]التعليم الابتدائي'!WM368 -> 0 | O72: ='[1]التعليم الابتدائي'!XJ368 -> 0 | P72: ='[1]التعليم الابتدائي'!ZD368 -> 0 | Q72: ='[1]التعليم الابتدائي'!YG368 -> 0 | R72: ='[1]التعليم الابتدائي'!AAA368 -> 0 | S72: ='[1]التعليم الابتدائي'!AAX368 -> 0 | T72: 0 | U72: ='[1]التعليم الابتدائي'!ACR368 -> 0 | V72: ='[1]التعليم الابتدائي'!ADO368 -> 0 | W72: =SUM(B72:V72) -> 0
A73: اناث | B73: ='[1]التعليم الابتدائي'!LX368 -> 0 | C73: ='[1]التعليم الابتدائي'!MU368 -> 0 | D73: ='[1]التعليم الابتدائي'!NR368 -> 0 | E73: ='[1]التعليم الابتدائي'!OO368 -> 0 | F73: ='[1]التعليم الابتدائي'!PL368 -> 0 | G73: ='[1]التعليم الابتدائي'!QI368 -> 0 | H73: ='[1]التعليم الابتدائي'!RF368 -> 0 | I73: ='[1]التعليم الابتدائي'!SC368 -> 0 | J73: ='[1]التعليم الابتدائي'!SZ368 -> 0 | K73: ='[1]التعليم الابتدائي'!TW368 -> 0 | L73: ='[1]التعليم الابتدائي'!UT368 -> 0 | M73: ='[1]التعليم الابتدائي'!VQ368 -> 0 | N73: ='[1]التعليم الابتدائي'!WN368 -> 0 | O73: ='[1]التعليم الابتدائي'!XK368 -> 0 | P73: ='[1]التعليم الابتدائي'!ZE368 -> 0 | Q73: ='[1]التعليم الابتدائي'!YH368 -> 0 | R73: ='[1]التعليم الابتدائي'!AAB368 -> 0 | S73: ='[1]التعليم الابتدائي'!AAY368 -> 0 | T73: 0 | U73: ='[1]التعليم الابتدائي'!ACS368 -> 0 | V73: ='[1]التعليم الابتدائي'!ADP368 -> 0 | W73: =SUM(B73:V73) -> 0
A74: المجموع | B74: =B73+B72 -> 0 | C74: =C73+C72 -> 0 | D74: =D73+D72 -> 0 | E74: =E73+E72 -> 0 | F74: =F73+F72 -> 0 | G74: =G73+G72 -> 0 | H74: =H73+H72 -> 0 | I74: =I73+I72 -> 0 | ... W74: =W73+W72 -> 0
A76: المديرية العامة للتربية في محافظة النجف الاشرف | L76: خلاصة ناحية بانيقيا ( النور )
A77: قسم التخطيط التربوي | L77: التعليم الابتدائي
A79: جدول رقم (( 11 ))
A80: التعليم الابتدائي للعام الدراسي2024/2025
A81: عدد اعضاء الهئية التعليمية حسب التخصص والجنس
A83: الجنس | B83: التربية الاسلامية | C83: اللغة العربية | D83: اللغة الانكليزية | E83: اللغة الكردية | F83: الرياضيات | G83: علوم/علوم حياة | H83: كيمياء | I83: فيزياء | J83: اجتماعيات | K83: تاريخ | L83: جغرافية | M83: اقتصاد منزلي | N83: تربية خاصة | O83: تربية علم النفس | P83: التربية الرياضية | Q83: التربية الفنية | R83: حاسوب | S83: اللغة التركمانية | T83: اللغة السريانية | U83: عام | V83: اخرى | W83: المجموع
A84: ذكور | B84: ='[1]التعليم الابتدائي'!LW376 -> 0 | C84: ='[1]التعليم الابتدائي'!MT376 -> 0 | D84: ='[1]التعليم الابتدائي'!NQ376 -> 0 | E84: 0 | F84: ='[1]التعليم الابتدائي'!PK376 -> 0 | G84: ='[1]التعليم الابتدائي'!QH376+'[1]التعليم الابتدائي'!SB376 -> 0 | H84: ='[1]التعليم الابتدائي'!RE376 -> 0 | I84: ='[1]التعليم الابتدائي'!SB376 -> 0 | J84: ='[1]التعليم الابتدائي'!SY376 -> 0 | K84: ='[1]التعليم الابتدائي'!TV376 -> 0 | L84: ='[1]التعليم الابتدائي'!US376 -> 0 | M84: 0 | N84: 0 | O84: ='[1]التعليم الابتدائي'!XJ376 -> 0 | P84: ='[1]التعليم الابتدائي'!ZD376 -> 0 | Q84: ='[1]التعليم الابتدائي'!YG376 -> 0 | R84: 0 | S84: 0 | T84: 0 | U84: ='[1]التعليم الابتدائي'!ACR376 -> 0 | V84: ='[1]التعليم الابتدائي'!ADO376 -> 0 | W84: =SUM(B84:V84) -> 0
A85: اناث | B85: ='[1]التعليم الابتدائي'!LX376 -> 0 | C85: ='[1]التعليم الابتدائي'!MU376 -> 0 | D85: ='[1]التعليم الابتدائي'!NR376 -> 0 | E85: 0 | F85: ='[1]التعليم الابتدائي'!PL376 -> 0 | G85: ='[1]التعليم الابتدائي'!SC376+'[1]التعليم الابتدائي'!QI376 -> 0 | H85: ='[1]التعليم الابتدائي'!RF376 -> 0 | I85: ='[1]التعليم الابتدائي'!SC376 -> 0 | J85: ='[1]التعليم الابتدائي'!SZ376 -> 0 | K85: ='[1]التعليم الابتدائي'!TW376 -> 0 | L85: ='[1]التعليم الابتدائي'!UT376 -> 0 | M85: 0 | N85: 0 | O85: ='[1]التعليم الابتدائي'!XK376 -> 0 | P85: ='[1]التعليم الابتدائي'!ZE376 -> 0 | Q85: ='[1]التعليم الابتدائي'!YH376 -> 0 | R85: 0 | S85: 0 | T85: 0 | U85: ='[1]التعليم الابتدائي'!ACS376 -> 0 | V85: ='[1]التعليم الابتدائي'!ADP376 -> 0 | W85: =SUM(B85:V85) -> 0
A86: المجموع | B86: =B85+B84 -> 0 | C86: =C85+C84 -> 0 | D86: =D85+D84 -> 0 | E86: =E85+E84 -> 0 | F86: =F85+F84 -> 0 | G86: =G85+G84 -> 0 | H86: =H85+H84 -> 0 | I86: =I85+I84 -> 0 | ... W86: =W85+W84 -> 0
A87: المديرية العامة للتربية في محافظة النجف الاشرف | L87: خلاصة قضاء الكوفة
A88: قسم التخطيط التربوي | L88: التعليم الابتدائي
A90: جدول رقم (( 11 ))
H91: التعليم الابتدائي للعام الدراسي2024/2025
A92: عدد اعضاء الهئية التعليمية حسب التخصص والجنس
A94: الجنس | B94: التربية الاسلامية | C94: اللغة العربية | D94: اللغة الانكليزية | E94: اللغة الكردية | F94: الرياضيات | G94: علوم/علوم حياة | H94: كيمياء | I94: فيزياء | J94: اجتماعيات | K94: تاريخ | L94: جغرافية | M94: اقتصاد منزلي | N94: تربية خاصة | O94: تربية علم النفس | P94: التربية الرياضية | Q94: التربية الفنية | R94: حاسوب | S94: اللغة التركمانية | T94: اللغة السريانية | U94: عام | V94: اخرى | W94: المجموع
A95: ذكور | B95: ='[1]التعليم الابتدائي'!LW581 -> 0 | C95: ='[1]التعليم الابتدائي'!MT581 -> 0 | D95: ='[1]التعليم الابتدائي'!NQ581 -> 0 | E95: ='[1]التعليم الابتدائي'!ON581 -> 0 | F95: ='[1]التعليم الابتدائي'!PK581 -> 0 | G95: ='[1]التعليم الابتدائي'!QH581 -> 0 | H95: ='[1]التعليم الابتدائي'!RE581 -> 0 | I95: ='[1]التعليم الابتدائي'!SB581 -> 0 | J95: ='[1]التعليم الابتدائي'!SY581 -> 0 | K95: ='[1]التعليم الابتدائي'!TV581 -> 0 | L95: ='[1]التعليم الابتدائي'!US581 -> 0 | M95: ='[1]التعليم الابتدائي'!VP581 -> 0 | N95: ='[1]التعليم الابتدائي'!WM581 -> 0 | O95: ='[1]التعليم الابتدائي'!XJ581 -> 0 | P95: ='[1]التعليم الابتدائي'!ZD581 -> 0 | Q95: ='[1]التعليم الابتدائي'!YG581 -> 0 | R95: ='[1]التعليم الابتدائي'!AAA581 -> 0 | S95: ='[1]التعليم الابتدائي'!AAX581 -> 0 | T95: 0 | U95: ='[1]التعليم الابتدائي'!ACR581 -> 0 | V95: ='[1]التعليم الابتدائي'!ADO581 -> 0 | W95: =SUM(B95:V95) -> 0
A96: اناث | B96: ='[1]التعليم الابتدائي'!LX581 -> 0 | C96: ='[1]التعليم الابتدائي'!MU581 -> 0 | D96: ='[1]التعليم الابتدائي'!NR581 -> 0 | E96: ='[1]التعليم الابتدائي'!OO581 -> 0 | F96: ='[1]التعليم الابتدائي'!PL581 -> 0 | G96: ='[1]التعليم الابتدائي'!QI581 -> 0 | H96: ='[1]التعليم الابتدائي'!RF581 -> 0 | I96: ='[1]التعليم الابتدائي'!SC581 -> 0 | J96: ='[1]التعليم الابتدائي'!SZ581 -> 0 | K96: ='[1]التعليم الابتدائي'!TW581 -> 0 | L96: ='[1]التعليم الابتدائي'!UT581 -> 0 | M96: ='[1]التعليم الابتدائي'!VQ581 -> 0 | N96: ='[1]التعليم الابتدائي'!WN581 -> 0 | O96: ='[1]التعليم الابتدائي'!XK581 -> 0 | P96: ='[1]التعليم الابتدائي'!ZE581 -> 0 | Q96: ='[1]التعليم الابتدائي'!YH581 -> 0 | R96: ='[1]التعليم الابتدائي'!AAB581 -> 0 | S96: ='[1]التعليم الابتدائي'!AAY581 -> 0 | T96: 0 | U96: ='[1]التعليم الابتدائي'!ACS581 -> 0 | V96: ='[1]التعليم الابتدائي'!ADP581 -> 0 | W96: =SUM(B96:V96) -> 0
A97: المجموع | B97: =B96+B95 -> 0 | C97: =C96+C95 -> 0 | D97: =D96+D95 -> 0 | E97: =E96+E95 -> 0 | F97: =F96+F95 -> 0 | G97: =G96+G95 -> 0 | H97: =H96+H95 -> 0 | I97: =I96+I95 -> 0 | ... W97: =W96+W95 -> 0
A99: المديرية العامة للتربية في محافظة النجف الاشرف | L99: خلاصة مركز الكوفة
A100: قسم التخطيط التربوي | L100: التعليم الابتدائي
A102: جدول رقم (( 11 ))
A103: التعليم الابتدائي للعام الدراسي2024/2025
A104: عدد اعضاء الهئية التعليمية حسب التخصص والجنس
A106: الجنس | B106: التربية الاسلامية | C106: اللغة العربية | D106: اللغة الانكليزية | E106: اللغة الكردية | F106: الرياضيات | G106: علوم/علوم حياة | H106: كيمياء | I106: فيزياء | J106: اجتماعيات | K106: تاريخ | L106: جغرافية | M106: اقتصاد منزلي | N106: تربية خاصة | O106: تربية علم النفس | P106: التربية الرياضية | Q106: التربية الفنية | R106: حاسوب | S106: اللغة التركمانية | T106: اللغة السريانية | U106: عام | V106: اخرى | W106: المجموع
A107: ذكور | B107: ='[1]التعليم الابتدائي'!LW480 -> 0 | C107: ='[1]التعليم الابتدائي'!MT480 -> 0 | D107: ='[1]التعليم الابتدائي'!NQ480 -> 0 | E107: ='[1]التعليم الابتدائي'!ON480 -> 0 | F107: ='[1]التعليم الابتدائي'!PK480 -> 0 | G107: ='[1]التعليم الابتدائي'!QH480 -> 0 | H107: ='[1]التعليم الابتدائي'!RE480 -> 0 | I107: ='[1]التعليم الابتدائي'!SB480 -> 0 | J107: ='[1]التعليم الابتدائي'!SY480 -> 0 | K107: ='[1]التعليم الابتدائي'!TV480 -> 0 | L107: ='[1]التعليم الابتدائي'!US480 -> 0 | M107: ='[1]التعليم الابتدائي'!VP480 -> 0 | N107: ='[1]التعليم الابتدائي'!WM480 -> 0 | O107: ='[1]التعليم الابتدائي'!XJ480 -> 0 | P107: ='[1]التعليم الابتدائي'!ZD480 -> 0 | Q107: ='[1]التعليم الابتدائي'!YG480 -> 0 | R107: ='[1]التعليم الابتدائي'!AAA480 -> 0 | S107: 0 | T107: 0 | U107: ='[1]التعليم الابتدائي'!ACR480 -> 0 | V107: ='[1]التعليم الابتدائي'!ADO480 -> 0 | W107: =SUM(B107:V107) -> 0
A108: اناث | B108: ='[1]التعليم الابتدائي'!LX480 -> 0 | C108: ='[1]التعليم الابتدائي'!MU480 -> 0 | D108: ='[1]التعليم الابتدائي'!NR480 -> 0 | E108: ='[1]التعليم الابتدائي'!OO480 -> 0 | F108: ='[1]التعليم الابتدائي'!PL480 -> 0 | G108: ='[1]التعليم الابتدائي'!QI480 -> 0 | H108: ='[1]التعليم الابتدائي'!RF480 -> 0 | I108: ='[1]التعليم الابتدائي'!SC480 -> 0 | J108: ='[1]التعليم الابتدائي'!SZ480 -> 0 | K108: ='[1]التعليم الابتدائي'!TW480 -> 0 | L108: ='[1]التعليم الابتدائي'!UT480 -> 0 | M108: ='[1]التعليم الابتدائي'!VQ480 -> 0 | N108: ='[1]التعليم الابتدائي'!WN480 -> 0 | O108: ='[1]التعليم الابتدائي'!XK480 -> 0 | P108: ='[1]التعليم الابتدائي'!ZE480 -> 0 | Q108: ='[1]التعليم الابتدائي'!YH480 -> 0 | R108: ='[1]التعليم الابتدائي'!AAB480 -> 0 | S108: 0 | T108: 0 | U108: ='[1]التعليم الابتدائي'!ACS480 -> 0 | V108: ='[1]التعليم الابتدائي'!ADP480 -> 0 | W108: =SUM(B108:V108) -> 0
A109: المجموع | B109: =B108+B107 -> 0 | C109: =C108+C107 -> 0 | D109: =D108+D107 -> 0 | E109: =E108+E107 -> 0 | F109: =F108+F107 -> 0 | G109: =G108+G107 -> 0 | H109: =H108+H107 -> 0 | I109: =I108+I107 -> 0 | ... W109: =W108+W107 -> 0
A111: المديرية العامة للتربية في محافظة النجف الاشرف | R111: خلاصة ناحية العباسية
A112: قسم التخطيط التربوي | R112: التعليم الابتدائي
A114: جدول رقم (( 11 ))
A115: التعليم الابتدائي للعام الدراسي2024/2025
A116: عدد اعضاء الهئية التعليمية حسب التخصص والجنس
A118: الجنس | B118: التربية الاسلامية | C118: اللغة العربية | D118: اللغة الانكليزية | E118: اللغة الكردية | F118: الرياضيات | G118: علوم/علوم حياة | H118: كيمياء | I118: فيزياء | J118: اجتماعيات | K118: تاريخ | L118: جغرافية | M118: اقتصاد منزلي | N118: تربية خاصة | O118: تربية علم النفس | P118: التربية الرياضية | Q118: التربية الفنية | R118: حاسوب | S118: اللغة التركمانية | T118: اللغة السريانية | U118: عام | V118: اخرى | W118: المجموع
A119: ذكور | B119: ='[1]التعليم الابتدائي'!LW558 -> 0 | C119: ='[1]التعليم الابتدائي'!MT558 -> 0 | D119: ='[1]التعليم الابتدائي'!NQ558 -> 0 | E119: 0 | F119: ='[1]التعليم الابتدائي'!PK558 -> 0 | G119: ='[1]التعليم الابتدائي'!QH558 -> 0 | H119: ='[1]التعليم الابتدائي'!RE558 -> 0 | I119: ='[1]التعليم الابتدائي'!SB558 -> 0 | J119: ='[1]التعليم الابتدائي'!SY558 -> 0 | K119: ='[1]التعليم الابتدائي'!TV558 -> 0 | L119: ='[1]التعليم الابتدائي'!US558 -> 0 | M119: 0 | N119: 0 | O119: ='[1]التعليم الابتدائي'!XJ558 -> 0 | P119: ='[1]التعليم الابتدائي'!ZD558 -> 0 | Q119: ='[1]التعليم الابتدائي'!YG558 -> 0 | R119: 0 | S119: 0 | T119: 0 | U119: ='[1]التعليم الابتدائي'!ACR558 -> 0 | V119: ='[1]التعليم الابتدائي'!ADO558 -> 0 | W119: =SUM(B119:V119) -> 0
A120: اناث | B120: ='[1]التعليم الابتدائي'!LX558 -> 0 | C120: ='[1]التعليم الابتدائي'!MU558 -> 0 | D120: ='[1]التعليم الابتدائي'!NR558 -> 0 | E120: 0 | F120: ='[1]التعليم الابتدائي'!PL558 -> 0 | G120: ='[1]التعليم الابتدائي'!QI558 -> 0 | H120: ='[1]التعليم الابتدائي'!RF558 -> 0 | I120: ='[1]التعليم الابتدائي'!SC558 -> 0 | J120: ='[1]التعليم الابتدائي'!SZ558 -> 0 | K120: ='[1]التعليم الابتدائي'!TW558 -> 0 | L120: ='[1]التعليم الابتدائي'!UT558 -> 0 | M120: 0 | N120: 0 | O120: ='[1]التعليم الابتدائي'!XK558 -> 0 | P120: ='[1]التعليم الابتدائي'!ZE558 -> 0 | Q120: ='[1]التعليم الابتدائي'!YH558 -> 0 | R120: 0 | S120: 0 | T120: 0 | U120: ='[1]التعليم الابتدائي'!ACS558 -> 0 | V120: ='[1]التعليم الابتدائي'!ADP558 -> 0 | W120: =SUM(B120:V120) -> 0
A121: المجموع | B121: =B120+B119 -> 0 | C121: =C120+C119 -> 0 | D121: =D120+D119 -> 0 | E121: 0 | F121: =F120+F119 -> 0 | G121: =G120+G119 -> 0 | H121: =SUM(H119:H120) -> 0 | I121: 0 | J121: =J120+J119 -> 0 | K121: =K120+K119 -> 0 | L121: =L120+L119 -> 0 | M121: 0 | N121: 0 | O121: =SUM(O119:O120) -> 0 | P121: =P120+P119 -> 0 | Q121: =Q120+Q119 -> 0 | R121: =R120+R119 -> 0 | S121: =S120+S119 -> 0 | T121: =T120+T119 -> 0 | U121: =U120+U119 -> 0 | V121: =V120+V119 -> 0 | W121: =W120+W119 -> 0
A123: المديرية العامة للتربية في محافظة النجف الاشرف | K123: خلاصة ناحية الحرية
A124: قسم التخطيط التربوي | K124: التعليم الابتدائي
A126: جدول رقم (( 11 ))
A127: التعليم الابتدائي للعام الدراسي2024/2025
A128: عدد اعضاء الهئية التعليمية حسب التخصص والجنس
A130: الجنس | B130: التربية الاسلامية | C130: اللغة العربية | D130: اللغة الانكليزية | E130: اللغة الكردية | F130: الرياضيات | G130: علوم/علوم حياة | H130: كيمياء | I130: فيزياء | J130: اجتماعيات | K130: تاريخ | L130: جغرافية | M130: اقتصاد منزلي | N130: تربية خاصة | O130: تربية علم النفس | P130: التربية الرياضية | Q130: التربية الفنية | R130: حاسوب | S130: اللغة التركمانية | T130: اللغة السريانية | U130: عام | V130: اخرى | W130: المجموع
A131: ذكور | B131: ='[1]التعليم الابتدائي'!LW580 -> 0 | C131: ='[1]التعليم الابتدائي'!MT580 -> 0 | D131: ='[1]التعليم الابتدائي'!NQ580 -> 0 | E131: 0 | F131: ='[1]التعليم الابتدائي'!PK580 -> 0 | G131: ='[1]التعليم الابتدائي'!QH580 -> 0 | H131: ='[1]التعليم الابتدائي'!RE580 -> 0 | I131: 0 | J131: ='[1]التعليم الابتدائي'!SY580 -> 0 | K131: ='[1]التعليم الابتدائي'!TV580 -> 0 | L131: ='[1]التعليم الابتدائي'!US580 -> 0 | M131: 0 | N131: ='[1]التعليم الابتدائي'!WM580 -> 0 | O131: ='[1]التعليم الابتدائي'!XJ580 -> 0 | P131: ='[1]التعليم الابتدائي'!ZD580 -> 0 | Q131: ='[1]التعليم الابتدائي'!YG580 -> 0 | R131: 0 | S131: 0 | T131: 0 | U131: ='[1]التعليم الابتدائي'!ACR580 -> 0 | V131: ='[1]التعليم الابتدائي'!ADO580 -> 0 | W131: =SUM(B131:V131) -> 0
A132: اناث | B132: ='[1]التعليم الابتدائي'!LX580 -> 0 | C132: ='[1]التعليم الابتدائي'!MU580 -> 0 | D132: ='[1]التعليم الابتدائي'!NR580 -> 0 | E132: 0 | F132: ='[1]التعليم الابتدائي'!PL580 -> 0 | G132: ='[1]التعليم الابتدائي'!QI580 -> 0 | H132: ='[1]التعليم الابتدائي'!RF580 -> 0 | I132: ='[1]التعليم الابتدائي'!SC580 -> 0 | J132: ='[1]التعليم الابتدائي'!SZ580 -> 0 | K132: ='[1]التعليم الابتدائي'!TW580 -> 0 | L132: ='[1]التعليم الابتدائي'!UT580 -> 0 | M132: 0 | N132: ='[1]التعليم الابتدائي'!WN580 -> 0 | O132: ='[1]التعليم الابتدائي'!XK580 -> 0 | P132: ='[1]التعليم الابتدائي'!ZE580 -> 0 | Q132: ='[1]التعليم الابتدائي'!YH580 -> 0 | R132: 0 | S132: 0 | T132: 0 | U132: ='[1]التعليم الابتدائي'!ACS580 -> 0 | V132: ='[1]التعليم الابتدائي'!ADP580 -> 0 | W132: =SUM(B132:V132) -> 0
A133: المجموع | B133: =B132+B131 -> 0 | C133: =C132+C131 -> 0 | D133: =SUM(D131:D132) -> 0 | E133: =E132+E131 -> 0 | F133: =F132+F131 -> 0 | G133: =G132+G131 -> 0 | H133: =SUM(H131:H132) -> 0 | I133: =SUM(I131:I132) -> 0 | J133: =J132+J131 -> 0 | K133: =K132+K131 -> 0 | L133: =L132+L131 -> 0 | M133: 0 | N133: =N132+N131 -> 0 | O133: =SUM(O131:O132) -> 0 | P133: =P132+P131 -> 0 | Q133: =Q132+Q131 -> 0 | R133: =R132+R131 -> 0 | S133: =S132+S131 -> 0 | T133: =T132+T131 -> 0 | U133: =U132+U131 -> 0 | V133: =V132+V131 -> 0 | W133: =W132+W131 -> 0
A135: المديرية العامة للتربية في محافظة النجف الاشرف | L135: خلاصة قضاء المناذرة
...

Sheet t12
A1: المديرية العامة للتربية في محافظة النجف الاشرف | L1: خلاصة محافظة النجف الاشرف
A2: قسم التخطيط التربوي | L2: التعليم الابتدائي
G3: جدول رقم (( 12 ))
F4: التعليم الابتدائي للعام الدراسي 2024 /2025
B5: عدد المدارس المشمولة : | K5: هل المدرسة :
B6: الارشاد التربوي | C6: تدريس الحاسوب | D6: خدمة الانترنت | E6: تدريس اللغات الاجنبية عدا اللغة الانكليزية | F6: تدريس اللغات المحلية | I6: التغذية المدرسية | K6: غيرمزدوجة | L6: مزدوجة على نفسها | M6: مزدوجة مع اخرى | N6: مزدوجة مع نفسها ومع اخرى
B7: ='[1]التعليم الابتدائي'!AGI754 -> 242 | C7: ='[1]التعليم الابتدائي'!AGO754 -> 0 | D7: ='[1]التعليم الابتدائي'!AGM754 -> 0 | E7: ='[1]التعليم الابتدائي'!AGQ754 -> 0 | F7: الكردي | G7: التركماني | H7: السرياني | I7: ='[1]التعليم الابتدائي'!AGK754 -> 25 | K7: ='[1]التعليم الابتدائي'!S754 -> 165 | L7: ='[1]التعليم الابتدائي'!T754 -> 1 | M7: ='[1]التعليم الابتدائي'!U754 -> 563 | N7: ='[1]التعليم الابتدائي'!V754 -> 0
F8: ='[1]التعليم الابتدائي'!AGV754 -> 0 | G8: ='[1]التعليم الابتدائي'!AGW754 -> 0 | H8: ='[1]التعليم الابتدائي'!AGX754 -> 0
B10: عدد اعضاء الهيئة التعليمية حسب الحالة الوظيفية : | I10: عدد اعضاء الهيئة التعليمية المشاركين في الدورات التدريبية للعام السابق :
B11: الحالة الوظيفية | E11: ذكور | F11: اناث | G11: المجموع
B12: داخل قوة العمل | E12: ='[1]التعليم الابتدائي'!KI754 -> 0 | F12: ='[1]التعليم الابتدائي'!KJ754 -> 0 | G12: =SUM(E12:F12) -> 0 | I12: الجنس | K12: عددالمعلمين
B13: خارج قوة العمل | C13: بعثة او زمالة دراسية | E13: ='[1]التعليم الابتدائي'!KK754 -> 0 | F13: ='[1]التعليم الابتدائي'!KL754 -> 0 | G13: =SUM(E13:F13) -> 0 | I13: ذكور | K13: ='[1]التعليم الابتدائي'!AGC754 -> 0
C14: اجازة دراسية | E14: ='[1]التعليم الابتدائي'!KM754 -> 0 | F14: ='[1]التعليم الابتدائي'!KN754 -> 0 | G14: =SUM(E14:F14) -> 0 | I14: اناث | K14: ='[1]التعليم الابتدائي'!AGD754 -> 0
C15: اجازة مصاحبة | E15: ='[1]التعليم الابتدائي'!KO754 -> 0 | F15: ='[1]التعليم الابتدائي'!KP754 -> 0 | G15: =SUM(E15:F15) -> 0 | I15: المجموع | K15: =K14+K13 -> 0
C16: اجازة بدون راتب | E16: ='[1]التعليم الابتدائي'!KQ754 -> 0 | F16: ='[1]التعليم الابتدائي'!KR754 -> 0 | G16: =SUM(E16:F16) -> 0
C17: اجازة مرضية طويلة | E17: ='[1]التعليم الابتدائي'!KS754 -> 0 | F17: ='[1]التعليم الابتدائي'!KT754 -> 0 | G17: =SUM(E17:F17) -> 0
C18: اجازة امومة | F18: ='[1]التعليم الابتدائي'!KU754 -> 0 | G18: =SUM(E18:F18) -> 0
C19: تنسيب الى جهات اخرى | E19: ='[1]التعليم الابتدائي'!KV754 -> 0 | F19: ='[1]التعليم الابتدائي'!KW754 -> 0 | G19: =SUM(E19:F19) -> 0
C20: 5-4سنوات | G20: =SUM(E20:F20) -> 0
B21: المجموع الكلي | E21: =E20+E12 -> 0 | F21: =F20+F12 -> 0 | G21: =G20+G12 -> 0
B23: عدد اعضاء الهيئة التعليمية حسب سنوات الخدمة :
B24: خمس سنوات - فأقل | D24: 6ـ 10 | F24: 11ـ15 | H24: 16-20 | J24: 21اكثر | L24: المجموع
B25: ذكور | C25: اناث | D25: ذكور | E25: اناث | F25: ذكور | G25: اناث | H25: ذكور | I25: اناث | J25: ذكور | K25: اناث | L25: ذكور | M25: اناث | N25: المجموع
B26: ='[1]التعليم الابتدائي'!AEO754 -> 0 | C26: ='[1]التعليم الابتدائي'!AEP754 -> 0 | D26: ='[1]التعليم الابتدائي'!AEQ754 -> 0 | E26: ='[1]التعليم الابتدائي'!AER754 -> 0 | F26: ='[1]التعليم الابتدائي'!AES754 -> 0 | G26: ='[1]التعليم الابتدائي'!AET754 -> 0 | H26: ='[1]التعليم الابتدائي'!AEW754 -> 0 | I26: ='[1]التعليم الابتدائي'!AEX754 -> 0 | J26: ='[1]التعليم الابتدائي'!AEY754 -> 0 | K26: ='[1]التعليم الابتدائي'!AEZ754 -> 0 | L26: =F26+D26+B26+H26+J26 -> 0 | M26: =G26+E26+C26+I26+K26 -> 0 | N26: =SUM(L26:M26) -> 0
B28: عدد اعضاء الهيئة التعليمية حسب سنوات العمر :
B29: اقل من 30 | D29: 30ـ 39 | F29: 40ـ49 | H29: 50ـ 59 | J29: 60ـ فأكثر | L29: المجموع
B30: ذكور | C30: اناث | D30: ذكور | E30: اناث | F30: ذكور | G30: اناث | H30: ذكور | I30: اناث | J30: ذكور | K30: اناث | L30: ذكور | M30: اناث | N30: المجموع
B31: ='[1]التعليم الابتدائي'!AFB754 -> 0 | C31: ='[1]التعليم الابتدائي'!AFC754 -> 0 | D31: ='[1]التعليم الابتدائي'!AFD754 -> 0 | E31: ='[1]التعليم الابتدائي'!AFE754 -> 0 | F31: ='[1]التعليم الابتدائي'!AFF754 -> 0 | G31: ='[1]التعليم الابتدائي'!AFG754 -> 0 | H31: ='[1]التعليم الابتدائي'!AFH754 -> 0 | I31: ='[1]التعليم الابتدائي'!AFI754 -> 0 | ... M31: ='[1]التعليم الابتدائي'!AFM754 -> 0 | N31: =SUM(L31:M31) -> 0
A33: المديرية العامة للتربية في محافظة النجف الاشرف | M33: خلاصة قضاء النجف
A34: قسم التخطيط التربوي | L34: التعليم الابتدائي
G35: جدول رقم (( 12 ))
F36: التعليم الابتدائي للعام الدراسي 2024 /2025
B37: عدد المدارس المشمولة : | K37: هل المدرسة :
B38: الارشاد التربوي | C38: تدريس الحاسوب | D38: خدمة الانترنت | E38: تدريس اللغات الاجنبية عدا اللغة الانكليزية | F38: تدريس اللغات المحلية | I38: التغذية المدرسية | K38: غيرمزدوجة | L38: مزدوجة على نفسها | M38: مزدوجة مع اخرى | N38: مزدوجة مع نفسها ومع اخرى
B39: ='[1]التعليم الابتدائي'!AGI377 -> 98 | C39: ='[1]التعليم الابتدائي'!AGO377 -> 0 | D39: ='[1]التعليم الابتدائي'!AGM377 -> 0 | E39: ='[1]التعليم الابتدائي'!AGQ377 -> 0 | F39: الكردي | G39: التركماني | H39: السرياني | I39: ='[1]التعليم الابتدائي'!AGK377 -> 0 | K39: ='[1]التعليم الابتدائي'!S377 -> 72 | L39: ='[1]التعليم الابتدائي'!T377 -> 1 | M39: ='[1]التعليم الابتدائي'!U377 -> 291 | N39: ='[1]التعليم الابتدائي'!V377 -> 0
F40: ='[1]التعليم الابتدائي'!AGV377 -> 0 | G40: ='[1]التعليم الابتدائي'!AGW377 -> 0 | H40: ='[1]التعليم الابتدائي'!AGX377 -> 0
B42: عدد اعضاء الهيئة التعليمية حسب الحالة الوظيفية : | I42: عدد اعضاء الهيئة التعليمية المشاركين في الدورات التدريبية للعام السابق :
B43: الحالة الوظيفية | E43: ذكور | F43: اناث | G43: المجموع
B44: داخل قوة العمل | E44: ='[1]التعليم الابتدائي'!KI377 -> 0 | F44: ='[1]التعليم الابتدائي'!KJ377 -> 0 | G44: =SUM(E44:F44) -> 0 | I44: الجنس | K44: عددالمعلمين
B45: خارج قوة العمل | C45: بعثة او زمالة دراسية | E45: ='[1]التعليم الابتدائي'!KK377 -> 0 | F45: ='[1]التعليم الابتدائي'!KL377 -> 0 | G45: =SUM(E45:F45) -> 0 | I45: ذكور | K45: ='[1]التعليم الابتدائي'!AGC377 -> 0
C46: اجازة دراسية | E46: ='[1]التعليم الابتدائي'!KM377 -> 0 | F46: ='[1]التعليم الابتدائي'!KN377 -> 0 | G46: =SUM(E46:F46) -> 0 | I46: اناث | K46: ='[1]التعليم الابتدائي'!AGD377 -> 0
C47: اجازة مصاحبة | E47: ='[1]التعليم الابتدائي'!KO377 -> 0 | F47: ='[1]التعليم الابتدائي'!KP377 -> 0 | G47: =SUM(E47:F47) -> 0 | I47: المجموع | K47: =K46+K45 -> 0
C48: اجازة بدون راتب | E48: ='[1]التعليم الابتدائي'!KQ377 -> 0 | F48: ='[1]التعليم الابتدائي'!KR377 -> 0 | G48: =SUM(E48:F48) -> 0
C49: اجازة مرضية طويلة | E49: ='[1]التعليم الابتدائي'!KS377 -> 0 | F49: ='[1]التعليم الابتدائي'!KT377 -> 0 | G49: =SUM(E49:F49) -> 0
C50: اجازة امومة | F50: ='[1]التعليم الابتدائي'!KU377 -> 0 | G50: =SUM(E50:F50) -> 0
C51: تنسيب الى جهات اخرى | E51: ='[1]التعليم الابتدائي'!KV377 -> 0 | F51: ='[1]التعليم الابتدائي'!KW377 -> 0 | G51: =SUM(E51:F51) -> 0
C52: 5-4سنوات | G52: =SUM(E52:F52) -> 0
B53: المجموع الكلي | E53: =E52+E44 -> 0 | F53: =F52+F44 -> 0 | G53: =G52+G44 -> 0
B55: عدد اعضاء الهيئة التعليمية حسب سنوات الخدمة :
B56: خمس سنوات - فأقل | D56: 6ـ 10 | F56: 11ـ15 | H56: 16-20 | J56: 21اكثر | L56: المجموع
B57: ذكور | C57: اناث | D57: ذكور | E57: اناث | F57: ذكور | G57: اناث | H57: ذكور | I57: اناث | J57: ذكور | K57: اناث | L57: ذكور | M57: اناث | N57: المجموع
B58: ='[1]التعليم الابتدائي'!AEO377 -> 0 | C58: ='[1]التعليم الابتدائي'!AEP377 -> 0 | D58: ='[1]التعليم الابتدائي'!AEQ377 -> 0 | E58: ='[1]التعليم الابتدائي'!AER377 -> 0 | F58: ='[1]التعليم الابتدائي'!AES377 -> 0 | G58: ='[1]التعليم الابتدائي'!AET377 -> 0 | H58: ='[1]التعليم الابتدائي'!AEW377 -> 0 | I58: ='[1]التعليم الابتدائي'!AEX377 -> 0 | J58: ='[1]التعليم الابتدائي'!AEY377 -> 0 | K58: ='[1]التعليم الابتدائي'!AEZ377 -> 0 | L58: =F58+D58+B58+H58 -> 0 | M58: =G58+E58+C58+I58 -> 0 | N58: =SUM(L58:M58) -> 0
B60: عدد اعضاء الهيئة التعليمية حسب سنوات العمر :
B61: اقل من 30 | D61: 30ـ 39 | F61: 40ـ49 | H61: 50ـ 59 | J61: 60ـ فأكثر | L61: المجموع
B62: ذكور | C62: اناث | D62: ذكور | E62: اناث | F62: ذكور | G62: اناث | H62: ذكور | I62: اناث | J62: ذكور | K62: اناث | L62: ذكور | M62: اناث | N62: المجموع
B63: ='[1]التعليم الابتدائي'!AFB377 -> 0 | C63: ='[1]التعليم الابتدائي'!AFC377 -> 0 | D63: ='[1]التعليم الابتدائي'!AFD377 -> 0 | E63: ='[1]التعليم الابتدائي'!AFE377 -> 0 | F63: ='[1]التعليم الابتدائي'!AFF377 -> 0 | G63: ='[1]التعليم الابتدائي'!AFG377 -> 0 | H63: ='[1]التعليم الابتدائي'!AFH377 -> 0 | I63: ='[1]التعليم الابتدائي'!AFI377 -> 0 | ... M63: ='[1]التعليم الابتدائي'!AFM377 -> 0 | N63: =SUM(L63:M63) -> 0
A65: المديرية العامة للتربية في محافظة النجف الاشرف | M65: خلاصة مركز النجف
A66: قسم التخطيط التربوي | L66: التعليم الابتدائي
G67: جدول رقم (( 12 ))
F68: التعليم الابتدائي للعام الدراسي 2024 /2025
B69: عدد المدارس المشمولة : | K69: هل المدرسة :
B70: الارشاد التربوي | C70: تدريس الحاسوب | D70: خدمة الانترنت | E70: تدريس اللغات الاجنبية عدا اللغة الانكليزية | F70: تدريس اللغات المحلية | I70: التغذية المدرسية | K70: غيرمزدوجة | L70: مزدوجة على نفسها | M70: مزدوجة مع اخرى | N70: مزدوجة مع نفسها ومع اخرى
B71: ='[1]التعليم الابتدائي'!AGI295 -> 85 | C71: ='[1]التعليم الابتدائي'!AGO295 -> 0 | D71: ='[1]التعليم الابتدائي'!AGM295 -> 0 | E71: =-'[1]التعليم الابتدائي'!AGQ295 -> 0 | F71: الكردي | G71: التركماني | H71: السرياني | I71: ='[1]التعليم الابتدائي'!AGK295 -> 0 | K71: ='[1]التعليم الابتدائي'!S295 -> 41 | L71: ='[1]التعليم الابتدائي'!T295 -> 1 | M71: ='[1]التعليم الابتدائي'!U295 -> 245 | N71: ='[1]التعليم الابتدائي'!V295 -> 0
F72: ='[1]التعليم الابتدائي'!AGV295 -> 0 | G72: ='[1]التعليم الابتدائي'!AGW295 -> 0 | H72: ='[1]التعليم الابتدائي'!AGX295 -> 0
B74: عدد اعضاء الهيئة التعليمية حسب الحالة الوظيفية : | I74: عدد اعضاء الهيئة التعليمية المشاركين في الدورات التدريبية للعام السابق :
B75: الحالة الوظيفية | E75: ذكور | F75: اناث | G75: المجموع
B76: داخل قوة العمل | E76: ='[1]التعليم الابتدائي'!KI295 -> 0 | F76: ='[1]التعليم الابتدائي'!KJ295 -> 0 | G76: =SUM(E76:F76) -> 0 | I76: الجنس | K76: عددالمعلمين
B77: خارج قوة العمل | C77: بعثة او زمالة دراسية | E77: ='[1]التعليم الابتدائي'!KK295 -> 0 | F77: ='[1]التعليم الابتدائي'!KL295 -> 0 | G77: =SUM(E77:F77) -> 0 | I77: ذكور | K77: ='[1]التعليم الابتدائي'!AGC295 -> 0
C78: اجازة دراسية | E78: ='[1]التعليم الابتدائي'!KM295 -> 0 | F78: ='[1]التعليم الابتدائي'!KN295 -> 0 | G78: =SUM(E78:F78) -> 0 | I78: اناث | K78: ='[1]التعليم الابتدائي'!AGD295 -> 0
C79: اجازة مصاحبة | E79: ='[1]التعليم الابتدائي'!KO295 -> 0 | F79: ='[1]التعليم الابتدائي'!KP295 -> 0 | G79: =SUM(E79:F79) -> 0 | I79: المجموع | K79: =K78+K77 -> 0
C80: اجازة بدون راتب | E80: ='[1]التعليم الابتدائي'!KQ295 -> 0 | F80: ='[1]التعليم الابتدائي'!KR295 -> 0 | G80: =SUM(E80:F80) -> 0
C81: اجازة مرضية طويلة | E81: ='[1]التعليم الابتدائي'!KS295 -> 0 | F81: ='[1]التعليم الابتدائي'!KT295 -> 0 | G81: =SUM(E81:F81) -> 0
C82: اجازة امومة | F82: ='[1]التعليم الابتدائي'!KU295 -> 0 | G82: =SUM(E82:F82) -> 0
C83: تنسيب الى جهات اخرى | E83: ='[1]التعليم الابتدائي'!KV295 -> 0 | F83: ='[1]التعليم الابتدائي'!KW295 -> 0 | G83: =SUM(E83:F83) -> 0
C84: 5-4سنوات | G84: =SUM(E84:F84) -> 0
B85: المجموع الكلي | E85: =E84+E76 -> 0 | F85: =F84+F76 -> 0 | G85: =G84+G76 -> 0
B87: عدد اعضاء الهيئة التعليمية حسب سنوات الخدمة :
B88: خمس سنوات - فأقل | D88: 6ـ 10 | F88: 11ـ15 | H88: 16-20 | J88: 21اكثر | L88: المجموع
B89: ذكور | C89: اناث | D89: ذكور | E89: اناث | F89: ذكور | G89: اناث | H89: ذكور | I89: اناث | J89: ذكور | K89: اناث | L89: ذكور | M89: اناث | N89: المجموع
B90: ='[1]التعليم الابتدائي'!AEO295 -> 0 | C90: ='[1]التعليم الابتدائي'!AEP295 -> 0 | D90: ='[1]التعليم الابتدائي'!AEQ295 -> 0 | E90: ='[1]التعليم الابتدائي'!AER295 -> 0 | F90: ='[1]التعليم الابتدائي'!AES295 -> 0 | G90: ='[1]التعليم الابتدائي'!AET295 -> 0 | H90: ='[1]التعليم الابتدائي'!AEW295 -> 0 | I90: ='[1]التعليم الابتدائي'!AEX295 -> 0 | J90: ='[1]التعليم الابتدائي'!AEY295 -> 0 | K90: ='[1]التعليم الابتدائي'!AEZ295 -> 0 | L90: =F90+D90+B90+H90 -> 0 | M90: =G90+E90+C90+I90 -> 0 | N90: =SUM(L90:M90) -> 0
B92: عدد اعضاء الهيئة التعليمية حسب سنوات العمر :
B93: اقل من 30 | D93: 30ـ 39 | F93: 40ـ49 | H93: 50ـ 59 | J93: 60ـ فأكثر | L93: المجموع
B94: ذكور | C94: اناث | D94: ذكور | E94: اناث | F94: ذكور | G94: اناث | H94: ذكور | I94: اناث | J94: ذكور | K94: اناث | L94: ذكور | M94: اناث | N94: المجموع
B95: ='[1]التعليم الابتدائي'!AFB295 -> 0 | C95: ='[1]التعليم الابتدائي'!AFC295 -> 0 | D95: ='[1]التعليم الابتدائي'!AFD295 -> 0 | E95: ='[1]التعليم الابتدائي'!AFE295 -> 0 | F95: ='[1]التعليم الابتدائي'!AFF295 -> 0 | G95: ='[1]التعليم الابتدائي'!AFG295 -> 0 | H95: ='[1]التعليم الابتدائي'!AFH295 -> 0 | I95: ='[1]التعليم الابتدائي'!AFI295 -> 0 | ... K95: ='[1]التعليم الابتدائي'!AFK295 -> 0 | L95: =J95+H95+F95+D95+B95 -> 0 | M95: =K95+I95+G95+E95+C95 -> 0 | N95: =SUM(L95:M95) -> 0
A97: المديرية العامة للتربية في محافظة النجف الاشرف | M97: خلاصة ناحية الحيدرية
A98: قسم التخطيط التربوي | L98: التعليم الابتدائي
G99: جدول رقم (( 12 ))
F100: التعليم الابتدائي للعام الدراسي 2024 /2025
B101: عدد المدارس المشمولة : | K101: هل المدرسة :
B102: الارشاد التربوي | C102: تدريس الحاسوب | D102: خدمة الانترنت | E102: تدريس اللغات الاجنبية عدا اللغة الانكليزية | F102: تدريس اللغات المحلية | I102: التغذية المدرسية | K102: غيرمزدوجة | L102: مزدوجة على نفسها | M102: مزدوجة مع اخرى | N102: مزدوجة مع نفسها ومع اخرى
B103: ='[1]التعليم الابتدائي'!AGI344 -> 6 | C103: ='[1]التعليم الابتدائي'!AGO344 -> 0 | D103: ='[1]التعليم الابتدائي'!AGM344 -> 0 | E103: ='[1]التعليم الابتدائي'!AGQ344 -> 0 | F103: الكردي | G103: التركماني | H103: السرياني | I103: ='[1]التعليم الابتدائي'!AGK344 -> 0 | K103: ='[1]التعليم الابتدائي'!S344 -> 22 | L103: ='[1]التعليم الابتدائي'!T344 -> 0 | M103: ='[1]التعليم الابتدائي'!U344 -> 26 | N103: ='[1]التعليم الابتدائي'!V344 -> 0
F104: ='[1]التعليم الابتدائي'!AGV344 -> 0 | G104: ='[1]التعليم الابتدائي'!AGW344 -> 0 | H104: ='[1]التعليم الابتدائي'!AGX344 -> 0
B106: عدد اعضاء الهيئة التعليمية حسب الحالة الوظيفية : | I106: عدد اعضاء الهيئة التعليمية المشاركين في الدورات التدريبية للعام السابق :
B107: الحالة الوظيفية | E107: ذكور | F107: اناث | G107: المجموع
B108: داخل قوة العمل | E108: ='[1]التعليم الابتدائي'!KI344 -> 0 | F108: ='[1]التعليم الابتدائي'!KJ344 -> 0 | G108: =SUM(E108:F108) -> 0 | I108: الجنس | K108: عددالمعلمين
B109: خارج قوة العمل | C109: بعثة او زمالة دراسية | E109: ='[1]التعليم الابتدائي'!KK344 -> 0 | F109: ='[1]التعليم الابتدائي'!KL344 -> 0 | G109: =SUM(E109:F109) -> 0 | I109: ذكور | K109: ='[1]التعليم الابتدائي'!AGC344 -> 0
C110: اجازة دراسية | E110: ='[1]التعليم الابتدائي'!KM344 -> 0 | F110: ='[1]التعليم الابتدائي'!KN344 -> 0 | G110: =SUM(E110:F110) -> 0 | I110: اناث | K110: ='[1]التعليم الابتدائي'!AGD344 -> 0
C111: اجازة مصاحبة | E111: ='[1]التعليم الابتدائي'!KO344 -> 0 | F111: ='[1]التعليم الابتدائي'!KP344 -> 0 | G111: =SUM(E111:F111) -> 0 | I111: المجموع | K111: =K109+K110 -> 0
C112: اجازة بدون راتب | E112: ='[1]التعليم الابتدائي'!KQ344 -> 0 | F112: ='[1]التعليم الابتدائي'!KR344 -> 0 | G112: =SUM(E112:F112) -> 0
C113: اجازة مرضية طويلة | E113: ='[1]التعليم الابتدائي'!KS344 -> 0 | F113: ='[1]التعليم الابتدائي'!KT344 -> 0 | G113: =SUM(E113:F113) -> 0
...
