Workbook

Sheet المهني
A1: المديرية العامة للتربية في محافظة النجف الاشرف | K1: دوام المدرسة | O1: استقلالية المدرسة | Q1: نوع الازدواج | U1: هل المدرسة فتح جديد | V1: عدد الطلبة المستجدين في الصف الاول حسب العمر | AI1: عدد الطلبة المسجلين في الصف الاول حسب العمر والجنس | AV1: عدد الطلبة المسجلين في الصف الثاني حسب العمر والجنس | BI1: عدد الطلبة المسجلين في الصف الثالث حسب العمر والجنس | BV1: عدد الطلبة المسجلين حسب الصف والجنس (المجموع الكلي) | CM1: عدد الشعب حسب الصف والجنس | CZ1: عدد الطلبة التاركين حسب الصف والجنس للعام الدراسي 2025 / 2026 | DI1: عدد الطلبة المشاركين في الامتحانات النهائية و حسب الصف والجنس للعام الدراسي 2015 / 2021 | DR1: عدد الطلبة الناجحين حسب الصف والجنس للعام الدراسي 2024 / 2025 | EA1: عدد الطلبة الراسبين بسبب الفشل في الامتحان و حسب الصف والجنس للعام الدراسي 2024 / 2025 | EJ1: عدد الطلبة الراسبين بسبب تجاوز ايام الغياب و حسب الصف والجنس للعام الدراسي 2024 / 2025 | ES1: عدد الطلبة الراسبين لاسباب اخرى و حسب الصف والجنس للعام الدراسي 2024 / 2025 | FB1: اعضاء الهيئة التعليمية و التدريسية حسب العنوان الوظيفي | FO1: الموظفون الاداريون والخدميون حسب العنوان الوظيفي | GJ1: عدد اعضاء الهيئة التعليمية والتدريسية حسب الاختصاص | KY1: عدد اعضاء الهئية التعليمية والتدريسية حسب الحالة الوظيفية | LT1: عدد الهيئة التدريسية حسب سنوات الخدمة | ME1: عدد الهيئة التدريسية حسب سنوات العمر | MR1: عدد اعضاء الهئية التعليمية والتدريسية حسب الحالة الاجتماعية | NC1: عدد المدرسين المشاركين في الدورات التدريبية للعام الماضي | NE1: اعضاء الهيئة التعليمية والتدريسية حسب الشهادة | NZ1: عددالطلبة المسجلين من غير العراقيين
OI2: هل المدرسة مشمولة بـ :- | OU2: الأبنية المدرسية | RU2: الحاسبات :- | SA2: المكتبات المدرسية :-
A3: التعليم المهني 2026/2025 | F3: جنس المدرسة | I3: بيئة المدرسة | KY3: داخل قوة العمل | LA3: خارج قوة العمل | LQ3: المجموع الكلي | NE3: اعدادية | NG3: دبلوم تعليمي | NI3: دبلوم عام | NK3: بكلوريوس عام | NM3: بكلوريوس تعليمي | NO3: دبلوم عالي | NQ3: ماجستير | NS3: دكتوراه | NU3: اخرى تذكر | NW3: المجموع | OI3: الارشاد التربوي | OK3: تدريس الحاسوب | OM3: خدمة الانترنت | OO3: اللغات | OQ3: اذا كان الجواب نعم اذكر اللغة | OU3: عدد الابنية المدرسية حسب :- | PV3: هل تتوفر في البناية مرافق صحية | QB3: هل ترتبط البناية بشبكة الماء الصالح للشرب | QD3: مصدر الماء | QI3: هل البناية مزودة بخدمة المجاري | QK3: نوع المجاري | QM3: هل هناك سياج حول البناية | QO3: نوع السياج | QR3: حالة السياج | QU3: هل توجد ساحة رياضية | QW3: نوع الساحة الرياضية | RB3: هل توجد حديقة مدرسية | RD3: هل توجد قاعة انشطة مستقلة | RO3: عدد الرحلات مقعدين | RQ3: عدد الرحلات مقعد واحد | RS3: عدد السبورات | RU3: عدد الحاسبات الالكترونية (كومبيوتر) | RW3: عدد الطابعات | RY3: عدد الماسحات الضوئية (سكنرات) | SA3: هل توجد مكتبة | SC3: من المسؤول عن المكتبة | SI3: نوعية المكتبة | SL3: عدد الكتب والمجلات والقصص | SO3: عدد الورش المستقلة الموجودة | SP3: عدد الورش الصالحة
V4: 15 سنة | X4: 16 سنة | Z4: 17 سنة | AB4: 18 سنة | AD4: 19 سنة | AF4: المجموع | AI4: 15 سنة | AK4: 16 سنة | AM4: 17 سنة | AO4: 18 سنة | AQ4: 19 سنة | AS4: المجموع | AV4: 16 سنة | AX4: 17 سنة | AZ4: 18 سنة | BB4: 19 سنة | BD4: 20 سنة | BF4: المجموع | BI4: 17سنة | BK4: 18سنة | BM4: 19سنة | BO4: 20سنة | BQ4: 21سنة | BS4: المجموع | BV4: 15سنة | BX4: 16سنة | BZ4: 17سنة | CB4: 18سنة | CD4: 19سنة | CF4: 20سنة | CH4: 21سنة | CJ4: المجموع | CM4: الصف الاول | CP4: الصف الثاني | CS4: الصف الثالث | CV4: المجموع | CZ4: الصف الاول | DB4: الصف الثاني | DD4: الصف الثالث | DF4: المجموع | DI4: الصف الاول | DK4: الصف الثاني | DM4: الصف الثالث | DO4: المجموع | DR4: الصف الاول | DT4: الصف الثاني | DV4: الصف الثالث | DX4: المجموع | EA4: الصف الاول | EC4: الصف الثاني | EE4: الصف الثالث | EG4: المجموع | EJ4: الصف الاول | EL4: الصف الثاني | EN4: الصف الثالث | EP4: المجموع | ES4: الصف الاول | EU4: الصف الثاني | EW4: الصف الثالث | EY4: المجموع | FB4: مدير | FD4: معاون | FF4: مدرس | FH4: معلم مهني | FJ4: مرشد تربوي | FL4: المجموع | FO4: موظف ادارة | FQ4: كاتب | FS4: محاسب | FU4: امين مكتبة | FW4: موظف خدمة | FY4: حارس | GA4: سائق | GC4: حرفي | GE4: فلاح | GG4: المجموع | GJ4: التربية الاسلامية | GL4: اللغة العربية | GN4: اللغة الانكليزية | GP4: اللغة الكردية | GR4: الرياضيات | GT4: الفيزياء | GV4: الكيمياء | GX4: علوم الحياة | GZ4: التاريخ | HB4: الجغرافية | HD4: الاجتماع | HF4: التربية الرياضية | HH4: التربية الفنية | HJ4: زراعة عامة | HL4: انتاج نباتي | HN4: الغابات | HP4: انتاج حيواني | HR4: البستنة | HT4: محاصيل حقلية | HV4: صناعات غذائية والبان | HX4: التربة | HZ4: اقتصاد وارشاد زراعي | IB4: مقاومة الافات | ID4: البيطرة العامة | IF4: الكهرباء | IH4: ميكانيك | IJ4: السيارات | IL4: المعامل | IN4: راديو وتلفزيون | IP4: السباكة | IR4: النجارة | IT4: النسيج | IV4: الطباعة | IX4: تاسيس صحيات | IZ4: صناعة زجاج | JB4: البناء | JD4: النماذج | JF4: بترو كمياويات | JH4: مكننة زراعية | JJ4: المعادن | JL4: العلوم التجارية | JN4: محاسبة | JP4: ادارة | JR4: الاحصاء | JT4: الاقتصاد | JV4: السكرتارية | JX4: ادارة المزارع | JZ4: تعاونيات زراعية | KB4: هندسة كيمياوية | KD4: رسم هندسي | KF4: علم نفس | KH4: القانون | KJ4: اقتصاد منزلي | KL4: محاسبة كلفة | KN4: حاسوب | KP4: اللغة التركمانية | KR4: اللغة السريانية | KT4: اخرى | KV4: المجموع | LA4: بعثة او زمالة | LC4: اجازة دراسية | LE4: اجازة مصاحبة | LG4: اجازة بدون راتب | LI4: اجازة مرضية طويلة | LK4: اجازة امومة | LM4: منسب الى جهات اخرى | LO4: 4-5سنوات | LT4: 5سنوات فاقل | LV4: 6ــ10 | LX4: 11ــ15 | LZ4: 16فاكثر | MB4: المجموع | ME4: اقل من 30 | MG4: 30ــ39 | MI4: 40ــ49 | MK4: 50ــ59 | MM4: 60ــ فاكثر | MO4: المجموع الكلي | MR4: اعزب | MT4: متزوج | MV4: ارمل | MX4: مطلق | MZ4: المجموع | NC4: عدد المدرسين | NZ4: الاول المهني | OB4: الثاني مهني | OD4: الثالث المهني | OF4: المجموع | OU4: نوع البناء | OW4: البناية | OZ4: هل توجد مساحة للتوسعة | PB4: عدد الطوابق | PE4: حجم المدرسة | PJ4: هل المدرسة تحتاج الى صفوف اضافية | PM4: عدد الغرف في البناية | PP4: مادة البناء | RF4: عدد المدارس التي تشغلها | RI4: العائدية | RL4: الحالة العمرانية
A5: القضاء | B5: الناحية | C5: ت | D5: الرقم الاحصائي | E5: اسم المدرسة | F5: بنون | G5: بنات | H5: مختلط | I5: حضر | J5: ريف | K5: صباحا | L5: ظهرا | M5: صباحا وظهرا | N5: مساءا | O5: اصلية | P5: ضيف | Q5: غير مزدوجة | R5: مع نفسها | S5: مع اخرى | T5: مع نفسها ومع اخرى | V5: بنون | W5: بنات | X5: بنون | Y5: بنات | Z5: بنون | AA5: بنات | AB5: بنون | AC5: بنات | AD5: بنون | AE5: بنات | AF5: بنون | AG5: بنات | AH5: المجموع | AI5: بنون | AJ5: بنات | AK5: بنون | AL5: بنات | AM5: بنون | AN5: بنات | AO5: بنون | AP5: بنات | AQ5: بنون | AR5: بنات | AS5: بنون | AT5: بنات | AU5: المجموع | AV5: بنون | AW5: بنات | AX5: بنون | AY5: بنات | AZ5: بنون | BA5: بنات | BB5: بنون | BC5: بنات | BD5: بنون | BE5: بنات | BF5: بنون | BG5: بنات | BH5: المجموع | BI5: بنون | BJ5: بنات | BK5: بنون | BL5: بنات | BM5: بنون | BN5: بنات | BO5: بنون | BP5: بنات | BQ5: بنون | BR5: بنات | BS5: بنون | BT5: بنات | BU5: المجموع | BV5: بنون | BW5: بنات | BX5: بنون | BY5: بنات | BZ5: بنون | CA5: بنات | CB5: بنون | CC5: بنات | CD5: بنون | CE5: بنات | CF5: بنون | CG5: بنات | CH5: بنون | CI5: بنات | CJ5: بنون | CK5: بنات | CL5: المجموع | CM5: بنون | CN5: بنات | CO5: مختلطة | CP5: بنون | CQ5: بنات | CR5: مختلطة | CS5: بنون | CT5: بنات | CU5: مختلطة | CV5: بنون | CW5: بنات | CX5: مختلطة | CY5: المجموع | CZ5: بنون | DA5: بنات | DB5: بنون | DC5: بنات | DD5: بنون | DE5: بنات | DF5: بنون | DG5: بنات | DH5: المجموع | DI5: بنون | DJ5: بنات | DK5: بنون | DL5: بنات | DM5: بنون | DN5: بنات | DO5: بنون | DP5: بنات | DQ5: المجموع | DR5: بنون | DS5: بنات | DT5: بنون | DU5: بنات | DV5: بنون | DW5: بنات | DX5: بنون | DY5: بنات | DZ5: المجموع | EA5: بنون | EB5: بنات | EC5: بنون | ED5: بنات | EE5: بنون | EF5: بنات | EG5: بنون | EH5: بنات | EI5: المجموع | EJ5: بنون | EK5: بنات | EL5: بنون | EM5: بنات | EN5: بنون | EO5: بنات | EP5: بنون | EQ5: بنات | ER5: المجموع | ES5: بنون | ET5: بنات | EU5: بنون | EV5: بنات | EW5: بنون | EX5: بنات | EY5: بنون | EZ5: بنات | FA5: المجموع | FB5: ذكور | FC5: اناث | FD5: ذكور | FE5: اناث | FF5: ذكور | FG5: اناث | FH5: ذكور | FI5: اناث | FJ5: ذكور | FK5: اناث | FL5: ذكور | FM5: اناث | FN5: المجموع | FO5: ذكور | FP5: اناث | FQ5: ذكور | FR5: اناث | FS5: ذكور | FT5: اناث | FU5: ذكور | FV5: اناث | FW5: ذكور | FX5: اناث | FY5: ذكور | FZ5: اناث | GA5: ذكور | GB5: اناث | GC5: ذكور | GD5: اناث | GE5: ذكور | GF5: اناث | GG5: ذكور | GH5: اناث | GI5: المجموع | GJ5: ذكور | GK5: اناث | GL5: ذكور | GM5: اناث | GN5: ذكور | GO5: اناث | GP5: ذكور | GQ5: اناث | GR5: ذكور | GS5: اناث | GT5: ذكور | GU5: اناث | GV5: ذكور | GW5: اناث | GX5: ذكور | GY5: اناث | GZ5: ذكور | HA5: اناث | HB5: ذكور | HC5: اناث | HD5: ذكور | HE5: اناث | HF5: ذكور | HG5: اناث | HH5: ذكور | HI5: اناث | HJ5: ذكور | HK5: اناث | HL5: ذكور | HM5: اناث | HN5: ذكور | HO5: اناث | HP5: ذكور | HQ5: اناث | HR5: ذكور | HS5: اناث | HT5: ذكور | HU5: اناث | HV5: ذكور | HW5: اناث | HX5: ذكور | HY5: اناث | HZ5: ذكور | IA5: اناث | IB5: ذكور | IC5: اناث | ID5: ذكور | IE5: اناث | IF5: ذكور | IG5: اناث | IH5: ذكور | II5: اناث | IJ5: ذكور | IK5: اناث | IL5: ذكور | IM5: اناث | IN5: ذكور | IO5: اناث | IP5: ذكور | IQ5: اناث | IR5: ذكور | IS5: اناث | IT5: ذكور | IU5: اناث | IV5: ذكور | IW5: اناث | IX5: ذكور | IY5: اناث | IZ5: ذكور | JA5: اناث | JB5: ذكور | JC5: اناث | JD5: ذكور | JE5: اناث | JF5: ذكور | JG5: اناث | JH5: ذكور | JI5: اناث | JJ5: ذكور | JK5: اناث | JL5: ذكور | JM5: اناث | JN5: ذكور | JO5: اناث | JP5: ذكور | JQ5: اناث | JR5: ذكور | JS5: اناث | JT5: ذكور | JU5: اناث | JV5: ذكور | JW5: اناث | JX5: ذكور | JY5: اناث | JZ5: ذكور | KA5: اناث | KB5: ذكور | KC5: اناث | KD5: ذكور | KE5: اناث | KF5: ذكور | KG5: اناث | KH5: ذكور | KI5: اناث | KJ5: ذكور | KK5: اناث | KL5: ذكور | KM5: اناث | KN5: ذكور | KO5: اناث | KP5: ذكور | KQ5: اناث | KR5: ذكور | KS5: اناث | KT5: ذكور | KU5: اناث | KV5: ذكور | KW5: اناث | KX5: المجموع | KY5: ذكور | KZ5: اناث | LA5: ذكور | LB5: اناث | LC5: ذكور | LD5: اناث | LE5: ذكور | LF5: اناث | LG5: ذكور | LH5: اناث | LI5: ذكور | LJ5: اناث | LK5: ذكور | LL5: اناث | LM5: ذكور | LN5: اناث | LO5: ذكور | LP5: اناث | LQ5: ذكور | LR5: اناث | LS5: المجموع | LT5: ذكور | LU5: اناث | LV5: ذكور | LW5: اناث | LX5: ذكور | LY5: اناث | LZ5: ذكور | MA5: اناث | MB5: ذكور | MC5: اناث | MD5: المجموع | ME5: ذكور | MF5: اناث | MG5: ذكور | MH5: اناث | MI5: ذكور | MJ5: اناث | MK5: ذكور | ML5: اناث | MM5: ذكور | MN5: اناث | MO5: ذكور | MP5: اناث | MQ5: المجموع | MR5: ذكور | MS5: اناث | MT5: ذكور | MU5: اناث | MV5: ذكور | MW5: اناث | MX5: ذكور | MY5: اناث | MZ5: ذكور | NA5: اناث | NB5: المجموع | NC5: ذكور | ND5: اناث | NE5: ذكور | NF5: اناث | NG5: ذكور | NH5: اناث | NI5: ذكور | NJ5: اناث | NK5: ذكور | NL5: اناث | NM5: ذكور | NN5: اناث | NO5: ذكور | NP5: اناث | NQ5: ذكور | NR5: اناث | NS5: ذكور | NT5: اناث | NU5: ذكور | NV5: اناث | NW5: ذكور | NX5: اناث | NY5: المجموع | NZ5: بنون | OA5: بنات | OB5: بنون | OC5: بنات | OD5: بنون | OE5: بنات | OF5: بنون | OG5: بنات | OH5: المجموع | OI5: نعم | OJ5: كلا | OK5: نعم | OL5: كلا | OM5: نعم | ON5: كلا | OO5: نعم | OP5: كلا | OQ5: فرنسي | OR5: روسي | OS5: اسباني | OT5: كردي | OU5: مدرسي | OV5: غير مدرسي | OW5: سنة البناء | OX5: رقم القطعة | OY5: رقم المقاطعة | OZ5: نعم | PA5: كلا | PB5: طابق واحد | PC5: طابقين | PD5: ثلاث طوابق | PE5: 6صف | PF5: 9صف | PG5: 12صف | PH5: 18صف | PI5: 24صف | PJ5: نعم | PK5: كلا | PL5: عدد الصفوف الاضافية | PM5: عدد الصفوف في البناية | PN5: عدد الغرف الاخرى | PO5: المجموع الكلي للغرف في البناية | PP5: طابوق او حجر او بلوك | PQ5: طين او صريفة | PR5: هياكل حديدية | PS5: بناء جاهز | PT5: كرفان | PU5: اخرى | PV5: نعم | PW5: كلا | PX5: صالحة | PY5: غيرصالحة | PZ5: كافية | QA5: غيركافية | QB5: نعم | QC5: كلا | QD5: بلدية | QE5: بئر عميق | QF5: نهر | QG5: صهاريج | QH5: اخرى | QI5: نعم | QJ5: كلا | QK5: شبكة المجاري | QL5: خزانات | QM5: نعم | QN5: كلا | QO5: بناء | QP5: اسلاك | QQ5: اخرى | QR5: جيد | QS5: متصدع | QT5: غير امن | QU5: نعم | QV5: كلا | QW5: كرة قدم | QX5: كرة سلة | QY5: كرة طائرة | QZ5: ساحة رياضية | RA5: اخرى | RB5: نعم | RC5: كلا | RD5: نعم | RE5: كلا | RF5: مدرسة واحدة | RG5: مدرستان | RH5: ثلاث مدارس | RI5: حكومية تابعة لوزارة التربية | RJ5: حكومية تابعة لجهات اخرى | RK5: مستأجرة | RL5: صالحة | RM5: بحاجة الى ترميم | RN5: غير صالحة | RO5: الصالح | RP5: العاطل | RQ5: الصالح | RR5: العاطل | RS5: الصالح | RT5: العاطل | RU5: الصالح | RV5: العاطل | RW5: الصالح | RX5: العاطل | RY5: الصالح | RZ5: العاطل | SA5: نعم | SB5: كلا | SC5: مدير | SD5: معاون | SE5: مدرس او معلم | SF5: امين مكتبة | SG5: كاتب | SH5: قاعة | SI5: غرفة | SJ5: خزانة | SK5: رفوف عارضة | SL5: عدد الكتب | SM5: عدد المجلات والقصص | SN5: العدد الكلي للكتب | SQ5: اقرب نقطة | SR5: اسم المدير | SS5: رقم الموبايل
A6: النجف | B6: المركز | C6: 1 | D6: 1400169 | E6: إعدادية النجف المهنية | F6: 1 | I6: 1 | K6: 1 | O6: 1 | Q6: 1 | V6: 97 | X6: 72 | Z6: 48 | AB6: 31 | AD6: 15 | AF6: =AD6+AB6+Z6+X6+V6 -> 263 | AG6: =AE6+AC6+AA6+Y6+W6 -> 0 | AH6: =SUM(AF6:AG6) -> 263 | AI6: 97 | AK6: 75 | AM6: 56 | AO6: 36 | AQ6: 25 | AS6: =AQ6+AO6+AM6+AK6+AI6 -> 289 | AT6: =AR6+AP6+AN6+AL6+AJ6 -> 0 | AU6: =SUM(AS6:AT6) -> 289 | AV6: 53 | AX6: 37 | AZ6: 47 | BB6: 25 | BD6: 18 | BF6: =BD6+BB6+AZ6+AX6+AV6 -> 180 | BG6: =BE6+BC6+BA6+AY6+AW6 -> 0 | BH6: =SUM(BF6:BG6) -> 180 | BI6: 27 | BK6: 32 | BM6: 19 | BO6: 15 | BQ6: 22 | BS6: =BQ6+BO6+BM6+BK6+BI6 -> 115 | BT6: =BR6+BP6+BN6+BL6+BJ6 -> 0 | BU6: =SUM(BS6:BT6) -> 115 | BV6: =AI6 -> 97 | BW6: =AJ6 -> 0 | BX6: =AV6+AK6 -> 128 | BY6: =AL6+AW6 -> 0 | BZ6: =BI6+AX6+AM6 -> 120 | CA6: =AN6+AY6+BJ6 -> 0 | CB6: =BK6+AZ6+AO6 -> 115 | CC6: =AP6+BA6+BL6 -> 0 | CD6: =BM6+BB6+AQ6 -> 69 | CE6: =BN6+BC6+AR6 -> 0 | CF6: =BO6+BD6 -> 33 | CG6: =BP6+BE6 -> 0 | CH6: =BQ6 -> 22 | CI6: =BR6 -> 0 | CJ6: =BV6+BX6+BZ6+CB6+CD6+CF6+CH6 -> 584 | CK6: =BW6+BY6+CA6+CC6+CE6+CG6+CI6 -> 0 | CL6: =SUM(CJ6:CK6) -> 584 | CM6: 6 | CP6: 8 | CS6: 6 | CV6: =CS6+CP6+CM6 -> 20 | CW6: =CT6+CQ6+CN6 -> 0 | CX6: =CU6+CR6+CO6 -> 0 | CY6: =SUM(CV6:CX6) -> 20 | CZ6: 13 | DB6: 3 | DD6: 1 | DF6: =DD6+DB6+CZ6 -> 17 | DG6: =DE6+DC6+DA6 -> 0 | DH6: =SUM(DF6:DG6) -> 17 | DO6: =DM6+DK6+DI6 -> 0 | DP6: =DN6+DL6+DJ6 -> 0 | DQ6: =SUM(DO6:DP6) -> 0 | DR6: 164 | DT6: 72 | DV6: 107 | DX6: =DV6+DT6+DR6 -> 343 | DY6: =DW6+DU6+DS6 -> 0 | DZ6: =SUM(DX6:DY6) -> 343 | EA6: 16 | EC6: 4 | EE6: 32 | EG6: =EE6+EC6+EA6 -> 52 | EH6: =EF6+ED6+EB6 -> 0 | EI6: =SUM(EG6:EH6) -> 52 | EJ6: 14 | EL6: 4 | EN6: 10 | EP6: =EN6+EL6+EJ6 -> 28 | EQ6: =EO6+EM6+EK6 -> 0 | ER6: =SUM(EP6:EQ6) -> 28 | EY6: =EW6+EU6+ES6 -> 0 | EZ6: =EX6+EV6+ET6 -> 0 | FA6: =SUM(EY6:EZ6) -> 0 | FB6: 1 | FD6: 2 | FE6: 1 | FF6: 22 | FG6: 20 | FH6: 7 | FI6: 10 | FL6: =FJ6+FH6+FF6+FD6+FB6 -> 32 | FM6: =FK6+FI6+FG6+FE6+FC6 -> 31 | FN6: =SUM(FL6:FM6) -> 63 | FO6: 5 | FP6: 1 | FQ6: 1 | FW6: 2 | FX6: 1 | FY6: 1 | GG6: =GE6+GA6+FY6+FW6+FU6+FS6+FO6+FQ6+GC6 -> 9 | GH6: =GF6+GB6+FZ6+FX6+FV6+FT6+FP6+FR6+GD6 -> 2 | GI6: =GH6+GG6 -> 11 | GJ6: 1 | GK6: 3 | GL6: 1 | GS6: 2 | GT6: 2 | HF6: 3 | IF6: 4 | IG6: 13 | IH6: 1 | II6: 4 | IJ6: 7 | JJ6: 3 | KN6: 2 | KO6: 6 | KT6: 8 | KU6: 3 | KV6: =KT6+KN6+KJ6+KH6+KF6+KD6+KB6+JZ6+JX6+JV6+JT6+JR6+JP6+JN6+JL6+JJ6+JH6+JF6+JD6+JB6+IZ6+IX6+IV6+IT6+IR6+IP6+IN6+IL6+IJ6+IH6+IF6+ID6+IB6+HZ6+HX6+HV6+HT6+HR6+HP6+HN6+HL6+HJ6+HH6+HF6+HD6+HB6+GZ6+GX6+GV6+GT6+GR6+GP6+GN6+GL6+GJ6 -> 32 | KW6: =KU6+KO6+KK6+KI6+KG6+KE6+KC6+KA6+JY6+JW6+JU6+JS6+JQ6+JO6+JM6+JK6+JI6+JG6+JE6+JC6+JA6+IY6+IW6+IU6+IS6+IQ6+IO6+IM6+IK6+II6+IG6+IE6+IC6+IA6+HY6+HW6+HU6+HS6+HQ6+HO6+HM6+HK6+HI6+HG6+HE6+HC6+HA6+GY6+GW6+GU6+GS6+GQ6+GO6+GM6+GK6 -> 31 | KX6: =KW6+KV6 -> 63 | KY6: 27 | KZ6: 27 | LC6: 1 | LG6: 1 | LI6: 1 | LJ6: 1 | LL6: 2 | LO6: 2 | LP6: 1 | LQ6: =LA6+LC6+KY6+LE6+LG6+LI6+LK6+LM6+LO6 -> 32 | LR6: =LB6+LD6+KZ6+LF6+LH6+LJ6+LL6+LN6+LP6 -> 31 | LS6: =LR6+LQ6 -> 63 | LV6: 5 | LW6: 5 | LX6: 12 | LY6: 12 | LZ6: 15 | MA6: 14 | MB6: =LX6+LV6+LT6+LZ6 -> 32 | MC6: =LY6+LW6+LU6+MA6 -> 31 | MD6: =MC6+MB6 -> 63 | MG6: 1 | MH6: 2 | MI6: 15 | MJ6: 10 | MK6: 12 | ML6: 14 | MM6: 4 | MN6: 5 | MO6: =MM6+MK6+MI6+MG6+ME6 -> 32 | MP6: =MN6+ML6+MJ6+MH6+MF6 -> 31 | MQ6: =MP6+MO6 -> 63 | MS6: 3 | MT6: 32 | MU6: 24 | MW6: 3 | MY6: 1 | MZ6: =MR6+MT6+MV6+MX6 -> 32 | NA6: =MS6+MU6+MW6+MY6 -> 31 | NB6: =NA6+MZ6 -> 63 | NC6: 10 | ND6: 5 | NE6: 1 | NI6: 8 | NJ6: 10 | NK6: 11 | NL6: 13 | NM6: 7 | NN6: 5 | NQ6: 4 | NR6: 3 | NS6: 1 | NW6: =NU6+NS6+NQ6+NO6+NM6+NK6+NG6+NI6+NE6 -> 32 | NX6: =NV6+NT6+NR6+NP6+NN6+NL6+NH6+NJ6+NF6 -> 31 | NY6: =NX6+NW6 -> 63 | OF6: =OD6+OB6+NZ6 -> 0 | OG6: =OE6+OC6+OA6 -> 0 | OH6: =OG6+OF6 -> 0 | OJ6: 1 | OK6: 1 | ON6: 1 | OP6: 1 | OU6: 1 | OW6: 2024 | OY6: 3 | OZ6: 1 | PD6: 1 | PI6: 1 | PK6: 1 | PM6: 25 | PN6: 5 | PO6: =PN6+PM6 -> 30 | PP6: 1 | PV6: 1 | PX6: 1 | PZ6: 1 | QB6: 1 | QD6: 1 | QI6: 1 | QL6: 1 | QM6: 1 | QO6: 1 | QR6: 1 | QU6: 1 | QZ6: 1 | RB6: 1 | RD6: 1 | RF6: 1 | RI6: 1 | RL6: 1 | RO6: 370 | RS6: 40 | RU6: 33 | RV6: 5 | RW6: 5 | RX6: 2 | RY6: 1 | RZ6: 1 | SA6: 1 | SE6: 1 | SI6: 1 | SL6: 300 | SM6: 50 | SN6: =SM6+SL6 -> 350 | SO6: 6 | SP6: 6 | SQ6: الحي الصناعي البناية الجديدة | SR6: المهندس كاظم عبد مسلم | SS6: 7809716004
A7: النجف | B7: المركز | C7: 2 | D7: 1400170 | E7: إعدادية الكوثر المهنية | F7: 1 | I7: 1 | K7: 1 | O7: 1 | Q7: 1 | V7: 38 | X7: 37 | Z7: 22 | AB7: 17 | AD7: 14 | AF7: =AD7+AB7+Z7+X7+V7 -> 128 | AG7: =AE7+AC7+AA7+Y7+W7 -> 0 | AH7: =SUM(AF7:AG7) -> 128 | AI7: 38 | AK7: 39 | AM7: 26 | AO7: 23 | AQ7: 19 | AS7: =AQ7+AO7+AM7+AK7+AI7 -> 145 | AT7: =AR7+AP7+AN7+AL7+AJ7 -> 0 | AU7: =SUM(AS7:AT7) -> 145 | AV7: 21 | AX7: 27 | AZ7: 23 | BB7: 16 | BD7: 16 | BF7: =BD7+BB7+AZ7+AX7+AV7 -> 103 | BG7: =BE7+BC7+BA7+AY7+AW7 -> 0 | BH7: =SUM(BF7:BG7) -> 103 | BI7: 7 | BK7: 32 | BM7: 22 | BO7: 14 | BQ7: 9 | BS7: =BQ7+BO7+BM7+BK7+BI7 -> 84 | BT7: =BR7+BP7+BN7+BL7+BJ7 -> 0 | BU7: =SUM(BS7:BT7) -> 84 | BV7: =AI7 -> 38 | BW7: =AJ7 -> 0 | BX7: =AV7+AK7 -> 60 | BY7: =AL7+AW7 -> 0 | BZ7: =BI7+AX7+AM7 -> 60 | CA7: =AN7+AY7+BJ7 -> 0 | CB7: =BK7+AZ7+AO7 -> 78 | CC7: =AP7+BA7+BL7 -> 0 | CD7: =BM7+BB7+AQ7 -> 57 | CE7: =BN7+BC7+AR7 -> 0 | CF7: =BO7+BD7 -> 30 | CG7: =BP7+BE7 -> 0 | CH7: =BQ7 -> 9 | CI7: =BR7 -> 0 | CJ7: =BV7+BX7+BZ7+CB7+CD7+CF7+CH7 -> 332 | CK7: =BW7+BY7+CA7+CC7+CE7+CG7+CI7 -> 0 | CL7: =SUM(CJ7:CK7) -> 332 | CM7: 4 | CP7: 4 | CS7: 4 | CV7: =CS7+CP7+CM7 -> 12 | CW7: =CT7+CQ7+CN7 -> 0 | CX7: =CU7+CR7+CO7 -> 0 | CY7: =SUM(CV7:CX7) -> 12 | CZ7: 7 | DB7: 4 | DD7: 2 | DF7: =DD7+DB7+CZ7 -> 13 | DG7: =DE7+DC7+DA7 -> 0 | DH7: =SUM(DF7:DG7) -> 13 | DO7: =DM7+DK7+DI7 -> 0 | DP7: =DN7+DL7+DJ7 -> 0 | DQ7: =SUM(DO7:DP7) -> 0 | DR7: 89 | DT7: 45 | DV7: 45 | DX7: =DV7+DT7+DR7 -> 179 | DY7: =DW7+DU7+DS7 -> 0 | DZ7: =SUM(DX7:DY7) -> 179 | EA7: 29 | EC7: 11 | EE7: 21 | EG7: =EE7+EC7+EA7 -> 61 | EH7: =EF7+ED7+EB7 -> 0 | EI7: =SUM(EG7:EH7) -> 61 | EJ7: 3 | EL7: 1 | EN7: 13 | EP7: =EN7+EL7+EJ7 -> 17 | EQ7: =EO7+EM7+EK7 -> 0 | ER7: =SUM(EP7:EQ7) -> 17 | EW7: 1 | EY7: =EW7+EU7+ES7 -> 1 | EZ7: =EX7+EV7+ET7 -> 0 | FA7: =SUM(EY7:EZ7) -> 1 | FB7: 1 | FD7: 3 | FF7: 21 | FG7: 12 | FH7: 10 | FI7: 6 | FL7: =FJ7+FH7+FF7+FD7+FB7 -> 35 | FM7: =FK7+FI7+FG7+FE7+FC7 -> 18 | FN7: =SUM(FL7:FM7) -> 53 | FO7: 1 | FP7: 2 | FR7: 1 | FW7: 3 | GG7: =GE7+GA7+FY7+FW7+FU7+FS7+FO7+FQ7+GC7 -> 4 | GH7: =GF7+GB7+FZ7+FX7+FV7+FT7+FP7+FR7+GD7 -> 3 | GI7: =GH7+GG7 -> 7 | GJ7: 2 | GK7: 1 | GL7: 1 | GM7: 1 | GN7: 2 | GS7: 2 | GT7: 1 | GU7: 1 | HG7: 1 | IF7: 5 | IG7: 10 | IH7: 2 | IJ7: 1 | IN7: 2 | KN7: 8 | KO7: 1 | KT7: 11 | KU7: 1 | KV7: =KT7+KN7+KJ7+KH7+KF7+KD7+KB7+JZ7+JX7+JV7+JT7+JR7+JP7+JN7+JL7+JJ7+JH7+JF7+JD7+JB7+IZ7+IX7+IV7+IT7+IR7+IP7+IN7+IL7+IJ7+IH7+IF7+ID7+IB7+HZ7+HX7+HV7+HT7+HR7+HP7+HN7+HL7+HJ7+HH7+HF7+HD7+HB7+GZ7+GX7+GV7+GT7+GR7+GP7+GN7+GL7+GJ7 -> 35 | KW7: =KU7+KO7+KK7+KI7+KG7+KE7+KC7+KA7+JY7+JW7+JU7+JS7+JQ7+JO7+JM7+JK7+JI7+JG7+JE7+JC7+JA7+IY7+IW7+IU7+IS7+IQ7+IO7+IM7+IK7+II7+IG7+IE7+IC7+IA7+HY7+HW7+HU7+HS7+HQ7+HO7+HM7+HK7+HI7+HG7+HE7+HC7+HA7+GY7+GW7+GU7+GS7+GQ7+GO7+GM7+GK7 -> 18 | KX7: =KW7+KV7 -> 53 | KY7: 34 | KZ7: 16 | LC7: 1 | LJ7: 2 | LQ7: =LA7+LC7+KY7+LE7+LG7+LI7+LK7+LM7+LO7 -> 35 | LR7: =LB7+LD7+KZ7+LF7+LH7+LJ7+LL7+LN7+LP7 -> 18 | LS7: =LR7+LQ7 -> 53 | LV7: 3 | LW7: 1 | LX7: 8 | LY7: 1 | LZ7: 24 | MA7: 16 | MB7: =LX7+LV7+LT7+LZ7 -> 35 | MC7: =LY7+LW7+LU7+MA7 -> 18 | MD7: =MC7+MB7 -> 53 | MG7: 9 | MH7: 3 | MI7: 14 | MJ7: 3 | MK7: 11 | ML7: 10 | MM7: 1 | MN7: 2 | MO7: =MM7+MK7+MI7+MG7+ME7 -> 35 | MP7: =MN7+ML7+MJ7+MH7+MF7 -> 18 | MQ7: =MP7+MO7 -> 53 | MR7: 1 | MS7: 2 | MT7: 33 | MU7: 16 | MV7: 1 | MZ7: =MR7+MT7+MV7+MX7 -> 35 | NA7: =MS7+MU7+MW7+MY7 -> 18 | NB7: =NA7+MZ7 -> 53 | NC7: 13 | ND7: 10 | NI7: 10 | NJ7: 7 | NK7: 10 | NL7: 5 | NM7: 5 | NN7: 6 | NQ7: 8 | NS7: 2 | NW7: =NU7+NS7+NQ7+NO7+NM7+NK7+NG7+NI7+NE7 -> 35 | NX7: =NV7+NT7+NR7+NP7+NN7+NL7+NH7+NJ7+NF7 -> 18 | NY7: =NX7+NW7 -> 53 | OB7: 1 | OF7: =OD7+OB7+NZ7 -> 1 | OG7: =OE7+OC7+OA7 -> 0 | OH7: =OG7+OF7 -> 1 | OJ7: 1 | OK7: 1 | ON7: 1 | OP7: 1 | OU7: 1 | OW7: 1978 | OX7: 2425/158 | PA7: 1 | PC7: 1 | PI7: 1 | PJ7: 1 | PL7: 5 | PM7: 24 | PN7: 10 | PO7: =PN7+PM7 -> 34 | PP7: 1 | PV7: 1 | PX7: 1 | PZ7: 1 | QB7: 1 | QD7: 1 | QI7: 1 | QL7: 1 | QM7: 1 | QO7: 1 | QS7: 1 | QU7: 1 | QY7: 1 | RB7: 1 | RD7: 1 | RF7: 1 | RI7: 1 | RM7: 1 | RO7: 530 | RQ7: 92 | RS7: 4 | RT7: 20 | RU7: 2 | RW7: 2 | SA7: 1 | SE7: 1 | SI7: 1 | SL7: 72 | SN7: =SM7+SL7 -> 72 | SO7: 3 | SP7: 3 | SQ7: شارع المدينة / مركز شرطة الغري | SR7: غياث جودي ياسين | SS7: 7808504400
A8: النجف | B8: المركز | C8: 3 | D8: 1400171 | E8: إعدادية الغري المهنية للبنين | F8: 1 | I8: 1 | K8: 1 | O8: 1 | Q8: 1 | V8: 81 | X8: 59 | Z8: 43 | AB8: 21 | AD8: 11 | AF8: =AD8+AB8+Z8+X8+V8 -> 215 | AG8: =AE8+AC8+AA8+Y8+W8 -> 0 | AH8: =SUM(AF8:AG8) -> 215 | AI8: 81 | AK8: 59 | AM8: 43 | AO8: 21 | AQ8: 11 | AS8: =AQ8+AO8+AM8+AK8+AI8 -> 215 | AT8: =AR8+AP8+AN8+AL8+AJ8 -> 0 | AU8: =SUM(AS8:AT8) -> 215 | AV8: 53 | AX8: 30 | AZ8: 32 | BB8: 27 | BD8: 7 | BF8: =BD8+BB8+AZ8+AX8+AV8 -> 149 | BG8: =BE8+BC8+BA8+AY8+AW8 -> 0 | BH8: =SUM(BF8:BG8) -> 149 | BI8: 25 | BK8: 42 | BM8: 29 | BO8: 14 | BQ8: 11 | BS8: =BQ8+BO8+BM8+BK8+BI8 -> 121 | BT8: =BR8+BP8+BN8+BL8+BJ8 -> 0 | BU8: =SUM(BS8:BT8) -> 121 | BV8: =AI8 -> 81 | BW8: =AJ8 -> 0 | BX8: =AV8+AK8 -> 112 | BY8: =AL8+AW8 -> 0 | BZ8: =BI8+AX8+AM8 -> 98 | CA8: =AN8+AY8+BJ8 -> 0 | CB8: =BK8+AZ8+AO8 -> 95 | CC8: =AP8+BA8+BL8 -> 0 | CD8: =BM8+BB8+AQ8 -> 67 | CE8: =BN8+BC8+AR8 -> 0 | CF8: =BO8+BD8 -> 21 | CG8: =BP8+BE8 -> 0 | CH8: =BQ8 -> 11 | CI8: =BR8 -> 0 | CJ8: =BV8+BX8+BZ8+CB8+CD8+CF8+CH8 -> 485 | CK8: =BW8+BY8+CA8+CC8+CE8+CG8+CI8 -> 0 | CL8: =SUM(CJ8:CK8) -> 485 | CM8: 5 | CP8: 5 | CS8: 4 | CV8: =CS8+CP8+CM8 -> 14 | CW8: =CT8+CQ8+CN8 -> 0 | CX8: =CU8+CR8+CO8 -> 0 | CY8: =SUM(CV8:CX8) -> 14 | CZ8: 4 | DB8: 3 | DD8: 2 | DF8: =DD8+DB8+CZ8 -> 9 | DG8: =DE8+DC8+DA8 -> 0 | DH8: =SUM(DF8:DG8) -> 9 | DO8: =DM8+DK8+DI8 -> 0 | DP8: =DN8+DL8+DJ8 -> 0 | DQ8: =SUM(DO8:DP8) -> 0 | DR8: 143 | DT8: 82 | DV8: 106 | DX8: =DV8+DT8+DR8 -> 331 | DY8: =DW8+DU8+DS8 -> 0 | DZ8: =SUM(DX8:DY8) -> 331 | EA8: 24 | EC8: 6 | EE8: 38 | EG8: =EE8+EC8+EA8 -> 68 | EH8: =EF8+ED8+EB8 -> 0 | EI8: =SUM(EG8:EH8) -> 68 | EJ8: 5 | EL8: 2 | EN8: 5 | EP8: =EN8+EL8+EJ8 -> 12 | EQ8: =EO8+EM8+EK8 -> 0 | ER8: =SUM(EP8:EQ8) -> 12 | EW8: 28 | EY8: =EW8+EU8+ES8 -> 28 | EZ8: =EX8+EV8+ET8 -> 0 | FA8: =SUM(EY8:EZ8) -> 28 | FB8: 1 | FD8: 2 | FE8: 1 | FF8: 10 | FG8: 8 | FH8: 9 | FI8: 7 | FL8: =FJ8+FH8+FF8+FD8+FB8 -> 22 | FM8: =FK8+FI8+FG8+FE8+FC8 -> 16 | FN8: =SUM(FL8:FM8) -> 38 | FO8: 2 | FP8: 2 | FR8: 1 | FS8: 1 | FY8: 2 | GG8: =GE8+GA8+FY8+FW8+FU8+FS8+FO8+FQ8+GC8 -> 5 | GH8: =GF8+GB8+FZ8+FX8+FV8+FT8+FP8+FR8+GD8 -> 3 | GI8: =GH8+GG8 -> 8 | GK8: 2 | GM8: 1 | GN8: 1 | GO8: 2 | GR8: 1 | GS8: 1 | GT8: 1 | GV8: 1 | HF8: 1 | IF8: 2 | IG8: 2 | JP8: 1 | KE8: 1 | KN8: 6 | KO8: 2 | KT8: 8 | KU8: 5 | KV8: =KT8+KN8+KJ8+KH8+KF8+KD8+KB8+JZ8+JX8+JV8+JT8+JR8+JP8+JN8+JL8+JJ8+JH8+JF8+JD8+JB8+IZ8+IX8+IV8+IT8+IR8+IP8+IN8+IL8+IJ8+IH8+IF8+ID8+IB8+HZ8+HX8+HV8+HT8+HR8+HP8+HN8+HL8+HJ8+HH8+HF8+HD8+HB8+GZ8+GX8+GV8+GT8+GR8+GP8+GN8+GL8+GJ8+KL8 -> 22 | KW8: =KU8+KO8+KK8+KI8+KG8+KE8+KC8+KA8+JY8+JW8+JU8+JS8+JQ8+JO8+JM8+JK8+JI8+JG8+JE8+JC8+JA8+IY8+IW8+IU8+IS8+IQ8+IO8+IM8+IK8+II8+IG8+IE8+IC8+IA8+HY8+HW8+HU8+HS8+HQ8+HO8+HM8+HK8+HI8+HG8+HE8+HC8+HA8+GY8+GW8+GU8+GS8+GQ8+GO8+GM8+GK8 -> 16 | KX8: =KW8+KV8 -> 38 | KY8: 20 | KZ8: 15 | LC8: 1 | LL8: 1 | LO8: 1 | LQ8: =LA8+LC8+KY8+LE8+LG8+LI8+LK8+LM8+LO8 -> 22 | LR8: =LB8+LD8+KZ8+LF8+LH8+LJ8+LL8+LN8+LP8 -> 16 | LS8: =LR8+LQ8 -> 38 | LT8: 1 | LU8: 1 | LZ8: 21 | MA8: 15 | MB8: =LX8+LV8+LT8+LZ8 -> 22 | MC8: =LY8+LW8+LU8+MA8 -> 16 | MD8: =MC8+MB8 -> 38 | MG8: 3 | MH8: 2 | MI8: 7 | MJ8: 1 | MK8: 7 | ML8: 9 | MM8: 5 | MN8: 4 | MO8: =MM8+MK8+MI8+MG8+ME8 -> 22 | MP8: =MN8+ML8+MJ8+MH8+MF8 -> 16 | MQ8: =MP8+MO8 -> 38 | MS8: 2 | MT8: 20 | MU8: 12 | MW8: 2 | MX8: 2 | MZ8: =MR8+MT8+MV8+MX8 -> 22 | NA8: =MS8+MU8+MW8+MY8 -> 16 | NB8: =NA8+MZ8 -> 38 | NI8: 9 | NJ8: 6 | NK8: 8 | NL8: 4 | NM8: 3 | NN8: 5 | NQ8: 2 | NR8: 1 | NW8: =NU8+NS8+NQ8+NO8+NM8+NK8+NG8+NI8+NE8 -> 22 | NX8: =NV8+NT8+NR8+NP8+NN8+NL8+NH8+NJ8+NF8 -> 16 | NY8: =NX8+NW8 -> 38 | OF8: =OD8+OB8+NZ8 -> 0 | OG8: =OE8+OC8+OA8 -> 0 | OH8: =OG8+OF8 -> 0 | OJ8: 1 | OK8: 1 | ON8: 1 | OP8: 1 | OU8: 1 | OW8: 1975 | OX8: 10478/2 | OY8: 2 | PA8: 1 | PC8: 1 | PI8: 1 | PJ8: 1 | PL8: 6 | PM8: 24 | PN8: 4 | PO8: =PN8+PM8 -> 28 | PP8: 1 | PV8: 1 | PY8: 1 | QA8: 1 | QB8: 1 | QD8: 1 | QI8: 1 | QK8: 1 | QM8: 1 | QO8: 1 | QR8: 1 | QU8: 1 | QY8: 1 | RB8: 1 | RD8: 1 | RF8: 1 | RI8: 1 | RL8: 1 | RO8: 316 | RQ8: 375 | RS8: 10 | RT8: 20 | RU8: 15 | RV8: 15 | RW8: 1 | SB8: 1 | SN8: =SM8+SL8 -> 0 | SO8: 3 | SP8: 3 | SQ8: مقابل السوق العصري / حي الحوراء | SR8: م . م . علي ناظم محمد حسين | SS8: 7800070051
A9: النجف | B9: المركز | C9: 4 | D9: 1400172 | E9: إعدادية الغري المهنية للبنات | G9: 1 | I9: 1 | K9: 1 | O9: 1 | Q9: 1 | W9: 77 | Y9: 64 | AA9: 56 | AC9: 23 | AE9: 29 | AF9: =AD9+AB9+Z9+X9+V9 -> 0 | AG9: =AE9+AC9+AA9+Y9+W9 -> 249 | AH9: =SUM(AF9:AG9) -> 249 | AJ9: 77 | AL9: 64 | AN9: 56 | AP9: 23 | AR9: 29 | AS9: =AQ9+AO9+AM9+AK9+AI9 -> 0 | AT9: =AR9+AP9+AN9+AL9+AJ9 -> 249 | AU9: =SUM(AS9:AT9) -> 249 | AW9: 46 | AY9: 23 | BA9: 29 | BC9: 15 | BE9: 29 | BF9: =BD9+BB9+AZ9+AX9+AV9 -> 0 | BG9: =BE9+BC9+BA9+AY9+AW9 -> 142 | BH9: =SUM(BF9:BG9) -> 142 | BJ9: 31 | BL9: 22 | BN9: 28 | BP9: 15 | BR9: 29 | BS9: =BQ9+BO9+BM9+BK9+BI9 -> 0 | BT9: =BR9+BP9+BN9+BL9+BJ9 -> 125 | BU9: =SUM(BS9:BT9) -> 125 | BV9: =AI9 -> 0 | BW9: =AJ9 -> 77 | BX9: =AV9+AK9 -> 0 | BY9: =AL9+AW9 -> 110 | BZ9: =BI9+AX9+AM9 -> 0 | CA9: =AN9+AY9+BJ9 -> 110 | CB9: =BK9+AZ9+AO9 -> 0 | CC9: =AP9+BA9+BL9 -> 74 | CD9: =BM9+BB9+AQ9 -> 0 | CE9: =BN9+BC9+AR9 -> 72 | CF9: =BO9+BD9 -> 0 | CG9: =BP9+BE9 -> 44 | CH9: =BQ9 -> 0 | CI9: =BR9 -> 29 | CJ9: =BV9+BX9+BZ9+CB9+CD9+CF9+CH9 -> 0 | CK9: =BW9+BY9+CA9+CC9+CE9+CG9+CI9 -> 516 | CL9: =SUM(CJ9:CK9) -> 516 | CN9: 7 | CQ9: 4 | CT9: 3 | CV9: =CS9+CP9+CM9 -> 0 | CW9: =CT9+CQ9+CN9 -> 14 | CX9: =CU9+CR9+CO9 -> 0 | CY9: =SUM(CV9:CX9) -> 14 | DA9: 1 | DC9: 4 | DE9: 1 | DF9: =DD9+DB9+CZ9 -> 0 | DG9: =DE9+DC9+DA9 -> 6 | DH9: =SUM(DF9:DG9) -> 6 | DO9: =DM9+DK9+DI9 -> 0 | DP9: =DN9+DL9+DJ9 -> 0 | DQ9: =SUM(DO9:DP9) -> 0 | DS9: 137 | DU9: 116 | DW9: 102 | DX9: =DV9+DT9+DR9 -> 0 | DY9: =DW9+DU9+DS9 -> 355 | DZ9: =SUM(DX9:DY9) -> 355 | EB9: 3 | ED9: 2 | EF9: 8 | EG9: =EE9+EC9+EA9 -> 0 | EH9: =EF9+ED9+EB9 -> 13 | EI9: =SUM(EG9:EH9) -> 13 | EK9: 3 | EM9: 2 | EP9: =EN9+EL9+EJ9 -> 0 | EQ9: =EO9+EM9+EK9 -> 5 | ER9: =SUM(EP9:EQ9) -> 5 | EX9: 1 | EY9: =EW9+EU9+ES9 -> 0 | EZ9: =EX9+EV9+ET9 -> 1 | FA9: =SUM(EY9:EZ9) -> 1 | FC9: 1 | FE9: 3 | FG9: 34 | FI9: 23 | FL9: =FJ9+FH9+FF9+FD9+FB9 -> 0 | FM9: =FK9+FI9+FG9+FE9+FC9 -> 61 | FN9: =SUM(FL9:FM9) -> 61 | FO9: 1 | FP9: 4 | FR9: 1 | FX9: 1 | GG9: =GE9+GA9+FY9+FW9+FU9+FS9+FO9+FQ9+GC9 -> 1 | GH9: =GF9+GB9+FZ9+FX9+FV9+FT9+FP9+FR9+GD9 -> 6 | GI9: =GH9+GG9 -> 7 | GK9: 5 | GM9: 4 | GO9: 1 | GS9: 3 | GU9: 3 | HG9: 1 | HI9: 2 | IG9: 7 | II9: 1 | IO9: 2 | JC9: 3 | KO9: 17 | KU9: 12 | KV9: =KT9+KN9+KJ9+KH9+KF9+KD9+KB9+JZ9+JX9+JV9+JT9+JR9+JP9+JN9+JL9+JJ9+JH9+JF9+JD9+JB9+IZ9+IX9+IV9+IT9+IR9+IP9+IN9+IL9+IJ9+IH9+IF9+ID9+IB9+HZ9+HX9+HV9+HT9+HR9+HP9+HN9+HL9+HJ9+HH9+HF9+HD9+HB9+GZ9+GX9+GV9+GT9+GR9+GP9+GN9+GL9+GJ9 -> 0 | KW9: =KU9+KO9+KK9+KI9+KG9+KE9+KC9+KA9+JY9+JW9+JU9+JS9+JQ9+JO9+JM9+JK9+JI9+JG9+JE9+JC9+JA9+IY9+IW9+IU9+IS9+IQ9+IO9+IM9+IK9+II9+IG9+IE9+IC9+IA9+HY9+HW9+HU9+HS9+HQ9+HO9+HM9+HK9+HI9+HG9+HE9+HC9+HA9+GY9+GW9+GU9+GS9+GQ9+GO9+GM9+GK9 -> 61 | KX9: =KW9+KV9 -> 61 | KZ9: 57 | LJ9: 3 | LP9: 1 | LQ9: =LA9+LC9+KY9+LE9+LG9+LI9+LK9+LM9+LO9 -> 0 | LR9: =LB9+LD9+KZ9+LF9+LH9+LJ9+LL9+LN9+LP9 -> 61 | LS9: =LR9+LQ9 -> 61 | LU9: 4 | LW9: 4 | LY9: 3 | MA9: 50 | MB9: =LX9+LV9+LT9+LZ9 -> 0 | MC9: =LY9+LW9+LU9+MA9 -> 61 | MD9: =MC9+MB9 -> 61 | MF9: 2 | MH9: 8 | MJ9: 22 | ML9: 27 | MN9: 2 | MO9: =MM9+MK9+MI9+MG9+ME9 -> 0 | MP9: =MN9+ML9+MJ9+MH9+MF9 -> 61 | MQ9: =MP9+MO9 -> 61 | MS9: 12 | MU9: 48 | MW9: 1 | MZ9: =MR9+MT9+MV9+MX9 -> 0 | NA9: =MS9+MU9+MW9+MY9 -> 61 | NB9: =NA9+MZ9 -> 61 | ND9: 2 | NH9: 2 | NJ9: 15 | NL9: 17 | NN9: 24 | NR9: 3 | NW9: =NU9+NS9+NQ9+NO9+NM9+NK9+NG9+NI9+NE9 -> 0 | NX9: =NV9+NT9+NR9+NP9+NN9+NL9+NH9+NJ9+NF9 -> 61 | NY9: =NX9+NW9 -> 61 | OF9: =OD9+OB9+NZ9 -> 0 | OG9: =OE9+OC9+OA9 -> 0 | OH9: =OG9+OF9 -> 0 | OJ9: 1 | OK9: 1 | ON9: 1 | OP9: 1 | OU9: 1 | OW9: 1979 | OX9: 17198/2 | OY9: 2 | PA9: 1 | PC9: 1 | PH9: 1 | PJ9: 1 | PL9: 6 | PM9: 18 | PN9: 13 | PO9: =PN9+PM9 -> 31 | PP9: 1 | PV9: 1 | PX9: 1 | QA9: 1 | QB9: 1 | QD9: 1 | QI9: 1 | QK9: 1 | QM9: 1 | QO9: 1 | QS9: 1 | QU9: 1 | QZ9: 1 | RB9: 1 | RD9: 1 | RG9: 1 | RI9: 1 | RM9: 1 | RO9: 250 | RQ9: 250 | RS9: 20 | RT9: 10 | RU9: 12 | RW9: 5 | RY9: 1 | SB9: 1 | SN9: =SM9+SL9 -> 0 | SO9: 2 | SP9: 2 | SQ9: حي الامير/ قرب مدرسة المهاجرين | SR9: سهاد جواد كاظم | SS9: 7817806358
A10: النجف | B10: المركز | C10: 5 | D10: 1400629 | E10: إعدادية الغدير المهنية المسائية | F10: 1 | I10: 1 | N10: 1 | P10: 1 | S10: 1 | AF10: =AD10+AB10+Z10+X10+V10 -> 0 | AG10: =AE10+AC10+AA10+Y10+W10 -> 0 | AH10: =SUM(AF10:AG10) -> 0 | AS10: =AQ10+AO10+AM10+AK10+AI10 -> 0 | AT10: =AR10+AP10+AN10+AL10+AJ10 -> 0 | AU10: =SUM(AS10:AT10) -> 0 | BF10: =BD10+BB10+AZ10+AX10+AV10 -> 0 | BG10: =BE10+BC10+BA10+AY10+AW10 -> 0 | BH10: =SUM(BF10:BG10) -> 0 | BO10: 6 | BQ10: 27 | BS10: =BQ10+BO10+BM10+BK10+BI10 -> 33 | BT10: =BR10+BP10+BN10+BL10+BJ10 -> 0 | BU10: =SUM(BS10:BT10) -> 33 | BV10: =AI10 -> 0 | BW10: =AJ10 -> 0 | BX10: =AV10+AK10 -> 0 | BY10: =AL10+AW10 -> 0 | BZ10: =BI10+AX10+AM10 -> 0 | CA10: =AN10+AY10+BJ10 -> 0 | CB10: =BK10+AZ10+AO10 -> 0 | CC10: =AP10+BA10+BL10 -> 0 | CD10: =BM10+BB10+AQ10 -> 0 | CE10: =BN10+BC10+AR10 -> 0 | CF10: =BO10+BD10 -> 6 | CG10: =BP10+BE10 -> 0 | CH10: =BQ10 -> 27 | CI10: =BR10 -> 0 | CJ10: =BV10+BX10+BZ10+CB10+CD10+CF10+CH10 -> 33 | CK10: =BW10+BY10+CA10+CC10+CE10+CG10+CI10 -> 0 | CL10: =SUM(CJ10:CK10) -> 33 | CS10: 1 | CV10: =CS10+CP10+CM10 -> 1 | CW10: =CT10+CQ10+CN10 -> 0 | CX10: =CU10+CR10+CO10 -> 0 | CY10: =SUM(CV10:CX10) -> 1 | DF10: =DD10+DB10+CZ10 -> 0 | DG10: =DE10+DC10+DA10 -> 0 | DH10: =SUM(DF10:DG10) -> 0 | DO10: =DM10+DK10+DI10 -> 0 | DP10: =DN10+DL10+DJ10 -> 0 | DQ10: =SUM(DO10:DP10) -> 0 | DT10: 2 | DX10: =DV10+DT10+DR10 -> 2 | DY10: =DW10+DU10+DS10 -> 0 | DZ10: =SUM(DX10:DY10) -> 2 | EC10: 3 | EG10: =EE10+EC10+EA10 -> 3 | EH10: =EF10+ED10+EB10 -> 0 | EI10: =SUM(EG10:EH10) -> 3 | EP10: =EN10+EL10+EJ10 -> 0 | EQ10: =EO10+EM10+EK10 -> 0 | ER10: =SUM(EP10:EQ10) -> 0 | EY10: =EW10+EU10+ES10 -> 0 | EZ10: =EX10+EV10+ET10 -> 0 | FA10: =SUM(EY10:EZ10) -> 0 | FB10: 1 | FD10: 3 | FF10: 15 | FH10: 6 | FL10: =FJ10+FH10+FF10+FD10+FB10 -> 25 | FM10: =FK10+FI10+FG10+FE10+FC10 -> 0 | FN10: =SUM(FL10:FM10) -> 25 | FO10: 1 | FW10: 1 | GG10: =GE10+GA10+FY10+FW10+FU10+FS10+FO10+FQ10+GC10 -> 2 | GH10: =GF10+GB10+FZ10+FX10+FV10+FT10+FP10+FR10+GD10 -> 0 | GI10: =GH10+GG10 -> 2 | GJ10: 1 | GL10: 1 | GN10: 1 | GR10: 1 | GT10: 1 | HF10: 1 | HH10: 1 | ID10: 1 | IH10: 3 | IJ10: 1 | JR10: 2 | KH10: 1 | KN10: 7 | KT10: 3 | KV10: =KT10+KN10+KJ10+KH10+KF10+KD10+KB10+JZ10+JX10+JV10+JT10+JR10+JP10+JN10+JL10+JJ10+JH10+JF10+JD10+JB10+IZ10+IX10+IV10+IT10+IR10+IP10+IN10+IL10+IJ10+IH10+IF10+ID10+IB10+HZ10+HX10+HV10+HT10+HR10+HP10+HN10+HL10+HJ10+HH10+HF10+HD10+HB10+GZ10+GX10+GV10+GT10+GR10+GP10+GN10+GL10+GJ10 -> 25 | KW10: =KU10+KO10+KK10+KI10+KG10+KE10+KC10+KA10+JY10+JW10+JU10+JS10+JQ10+JO10+JM10+JK10+JI10+JG10+JE10+JC10+JA10+IY10+IW10+IU10+IS10+IQ10+IO10+IM10+IK10+II10+IG10+IE10+IC10+IA10+HY10+HW10+HU10+HS10+HQ10+HO10+HM10+HK10+HI10+HG10+HE10+HC10+HA10+GY10+GW10+GU10+GS10+GQ10+GO10+GM10+GK10 -> 0 | KX10: =KW10+KV10 -> 25 | KY10: 25 | LQ10: =LA10+LC10+KY10+LE10+LG10+LI10+LK10+LM10+LO10 -> 25 | LR10: =LB10+LD10+KZ10+LF10+LH10+LJ10+LL10+LN10+LP10 -> 0 | LS10: =LR10+LQ10 -> 25 | LT10: 6 | LX10: 4 | LZ10: 15 | MB10: =LX10+LV10+LT10+LZ10 -> 25 | MC10: =LY10+LW10+LU10+MA10 -> 0 | MD10: =MC10+MB10 -> 25 | ME10: 8 | MG10: 6 | MI10: 2 | MK10: 9 | MO10: =MM10+MK10+MI10+MG10+ME10 -> 25 | MP10: =MN10+ML10+MJ10+MH10+MF10 -> 0 | MQ10: =MP10+MO10 -> 25 | MR10: 1 | MT10: 24 | MZ10: =MR10+MT10+MV10+MX10 -> 25 | NA10: =MS10+MU10+MW10+MY10 -> 0 | NB10: =NA10+MZ10 -> 25 | NC10: 20 | NE10: 1 | NG10: 3 | NI10: 2 | NK10: 2 | NM10: 12 | NQ10: 5 | NW10: =NU10+NS10+NQ10+NO10+NM10+NK10+NG10+NI10+NE10 -> 25 | NX10: =NV10+NT10+NR10+NP10+NN10+NL10+NH10+NJ10+NF10 -> 0 | NY10: =NX10+NW10 -> 25 | OF10: =OD10+OB10+NZ10 -> 0 | OG10: =OE10+OC10+OA10 -> 0 | OH10: =OG10+OF10 -> 0 | OI10: 1 | OK10: 1 | ON10: 1 | OP10: 1 | PO10: =PN10+PM10 -> 0 | RO10: 150 | RS10: 15 | RU10: 24 | RW10: 2 | RY10: 1 | SB10: 1 | SN10: =SM10+SL10 -> 0 | SQ10: الجامعة | SR10: احمد عبد الرحيم كاظم | SS10: 7801361410
A11: خلاصة مركز النجف الصناعي | F11: =F10+F9+F8+F7+F6 -> 4 | G11: =G10+G9+G8+G7+G6 -> 1 | H11: =H10+H9+H8+H7+H6 -> 0 | I11: =I10+I9+I8+I7+I6 -> 5 | J11: =J10+J9+J8+J7+J6 -> 0 | K11: =K10+K9+K8+K7+K6 -> 4 | L11: =L10+L9+L8+L7+L6 -> 0 | M11: =M10+M9+M8+M7+M6 -> 0 | ... EX11: =EX10+EX9+EX8+EX7+EX6 -> 1 | EY11: =EW11+EU11+ES11 -> 29 | EZ11: =EX11+EV11+ET11 -> 1 | FA11: =SUM(EY11:EZ11) -> 30 | FB11: =FB10+FB9+FB8+FB7+FB6 -> 4 | FC11: =FC10+FC9+FC8+FC7+FC6 -> 1 | FD11: =FD10+FD9+FD8+FD7+FD6 -> 10 | FE11: =FE10+FE9+FE8+FE7+FE6 -> 5 | FF11: =FF10+FF9+FF8+FF7+FF6 -> 68 | FG11: =FG10+FG9+FG8+FG7+FG6 -> 74 | FH11: =FH10+FH9+FH8+FH7+FH6 -> 32 | FI11: =FI10+FI9+FI8+FI7+FI6 -> 46 | ... GB11: =GB10+GB9+GB8+GB7+GB6 -> 0 | GE11: =GE10+GE9+GE8+GE7+GE6 -> 0 | GF11: =GF10+GF9+GF8+GF7+GF6 -> 0 | GG11: =GG10+GG9+GG8+GG7+GG6 -> 21 | GH11: =GH10+GH9+GH8+GH7+GH6 -> 14 | GI11: =GI10+GI9+GI8+GI7+GI6 -> 35 | GJ11: =GJ10+GJ9+GJ8+GJ7+GJ6 -> 4 | GK11: =GK10+GK9+GK8+GK7+GK6 -> 11 | GL11: =GL10+GL9+GL8+GL7+GL6 -> 3 | ... LP11: =LP10+LP9+LP8+LP7+LP6 -> 2 | LQ11: =LA11+LC11+KY11+LE11+LG11+LI11+LK11+LM11+LO11 -> 114 | LR11: =LB11+LD11+KZ11+LF11+LH11+LJ11+LL11+LN11+LP11 -> 126 | LS11: =LS10+LS9+LS8+LS7+LS6 -> 240 | LT11: =LT10+LT9+LT8+LT7+LT6 -> 7 | LU11: =LU10+LU9+LU8+LU7+LU6 -> 5 | LV11: =LV10+LV9+LV8+LV7+LV6 -> 8 | LW11: =LW10+LW9+LW8+LW7+LW6 -> 10 | LX11: =LX10+LX9+LX8+LX7+LX6 -> 24 | LY11: =LY10+LY9+LY8+LY7+LY6 -> 16 | LZ11: =LZ10+LZ9+LZ8+LZ7+LZ6 -> 75 | ... OV11: =OV10+OV9+OV8+OV7+OV6 -> 0 | OZ11: =OZ10+OZ9+OZ8+OZ7+OZ6 -> 1 | PA11: =PA10+PA9+PA8+PA7+PA6 -> 3 | PB11: =PB10+PB9+PB8+PB7+PB6 -> 0 | PC11: =PC10+PC9+PC8+PC7+PC6 -> 3 | PD11: =PD10+PD9+PD8+PD7+PD6 -> 1 | PE11: =PE10+PE9+PE8+PE7+PE6 -> 0 | PF11: =PF10+PF9+PF8+PF7+PF6 -> 0 | PG11: =PG10+PG9+PG8+PG7+PG6 -> 0 | ... RN11: =RN10+RN9+RN8+RN7+RN6 -> 0 | RU11: =RU10+RU9+RU8+RU7+RU6 -> 86 | RV11: =RV10+RV9+RV8+RV7+RV6 -> 20 | RW11: =RW10+RW9+RW8+RW7+RW6 -> 15 | RX11: =RX10+RX9+RX8+RX7+RX6 -> 2 | RY11: =RY10+RY9+RY8+RY7+RY6 -> 3 | RZ11: =RZ10+RZ9+RZ8+RZ7+RZ6 -> 1 | SA11: =SA10+SA9+SA8+SA7+SA6 -> 2 | SB11: =SB10+SB9+SB8+SB7+SB6 -> 3 | ... SP11: =SP10+SP9+SP8+SP7+SP6 -> 14
A12: خلاصة قضاء النجف الصناعي | F12: =F11 -> 4 | G12: =G11 -> 1 | H12: =H11 -> 0 | I12: =I11 -> 5 | J12: =J11 -> 0 | K12: =K11 -> 4 | L12: =L11 -> 0 | M12: =M11 -> 0 | ... EX12: =EX11 -> 1 | EY12: =EW12+EU12+ES12 -> 29 | EZ12: =EX12+EV12+ET12 -> 1 | FA12: =SUM(EY12:EZ12) -> 30 | FB12: =FB11 -> 4 | FC12: =FC11 -> 1 | FD12: =FD11 -> 10 | FE12: =FE11 -> 5 | FF12: =FF11 -> 68 | FG12: =FG11 -> 74 | FH12: =FH11 -> 32 | FI12: =FI11 -> 46 | ... GB12: =GB11 -> 0 | GE12: =GE11 -> 0 | GF12: =GF11 -> 0 | GG12: =GG11 -> 21 | GH12: =GH11 -> 14 | GI12: =GI11 -> 35 | GJ12: =GJ11 -> 4 | GK12: =GK11 -> 11 | GL12: =GL11 -> 3 | ... LP12: =LP11 -> 2 | LQ12: =LA12+LC12+KY12+LE12+LG12+LI12+LK12+LM12+LO12 -> 114 | LR12: =LB12+LD12+KZ12+LF12+LH12+LJ12+LL12+LN12+LP12 -> 126 | LS12: =LS11 -> 240 | LT12: =LT11 -> 7 | LU12: =LU11 -> 5 | LV12: =LV11 -> 8 | LW12: =LW11 -> 10 | LX12: =LX11 -> 24 | LY12: =LY11 -> 16 | LZ12: =LZ11 -> 75 | ... OV12: =OV11 -> 0 | OZ12: =OZ11 -> 1 | PA12: =PA11 -> 3 | PB12: =PB11 -> 0 | PC12: =PC11 -> 3 | PD12: =PD11 -> 1 | PE12: =PE11 -> 0 | PF12: =PF11 -> 0 | PG12: =PG11 -> 0 | ... RN12: =RN11 -> 0 | RU12: =RU11 -> 86 | RV12: =RV11 -> 20 | RW12: =RW11 -> 15 | RX12: =RX11 -> 2 | RY12: =RY11 -> 3 | RZ12: =RZ11 -> 1 | SA12: =SA11 -> 2 | SB12: =SB11 -> 3 | ... SP12: =SP11 -> 14
A13: الكوفة | B13: المركز | C13: 6 | D13: 1400173 | E13: اعدادية الكوفة المهنية | F13: 1 | I13: 1 | K13: 1 | O13: 1 | Q13: 1 | V13: 24 | X13: 9 | Z13: 7 | AB13: 11 | AD13: 2 | AF13: =AD13+AB13+Z13+X13+V13 -> 53 | AG13: =AE13+AC13+AA13+Y13+W13 -> 0 | AH13: =SUM(AF13:AG13) -> 53 | AI13: 24 | AK13: 9 | AM13: 7 | AO13: 11 | AQ13: 2 | AS13: =AQ13+AO13+AM13+AK13+AI13 -> 53 | AT13: =AR13+AP13+AN13+AL13+AJ13 -> 0 | AU13: =SUM(AS13:AT13) -> 53 | AV13: 12 | AX13: 7 | AZ13: 13 | BB13: 4 | BD13: 2 | BF13: =BD13+BB13+AZ13+AX13+AV13 -> 38 | BG13: =BE13+BC13+BA13+AY13+AW13 -> 0 | BH13: =SUM(BF13:BG13) -> 38 | BI13: 6 | BK13: 14 | BM13: 14 | BO13: 5 | BQ13: 1 | BS13: =BQ13+BO13+BM13+BK13+BI13 -> 40 | BT13: =BR13+BP13+BN13+BL13+BJ13 -> 0 | BU13: =SUM(BS13:BT13) -> 40 | BV13: =AI13 -> 24 | BW13: =AJ13 -> 0 | BX13: =AV13+AK13 -> 21 | BY13: =AL13+AW13 -> 0 | BZ13: =BI13+AX13+AM13 -> 20 | CA13: =AN13+AY13+BJ13 -> 0 | CB13: =BK13+AZ13+AO13 -> 38 | CC13: =AP13+BA13+BL13 -> 0 | CD13: =BM13+BB13+AQ13 -> 20 | CE13: =BN13+BC13+AR13 -> 0 | CF13: =BO13+BD13 -> 7 | CG13: =BP13+BE13 -> 0 | CH13: =BQ13 -> 1 | CI13: =BR13 -> 0 | CJ13: =BV13+BX13+BZ13+CB13+CD13+CF13+CH13 -> 131 | CK13: =BW13+BY13+CA13+CC13+CE13+CG13+CI13 -> 0 | CL13: =SUM(CJ13:CK13) -> 131 | CM13: 1 | CP13: 1 | CS13: 1 | CV13: =CS13+CP13+CM13 -> 3 | CW13: =CT13+CQ13+CN13 -> 0 | CX13: =CU13+CR13+CO13 -> 0 | CY13: =SUM(CV13:CX13) -> 3 | DD13: 1 | DF13: =DD13+DB13+CZ13 -> 1 | DG13: =DE13+DC13+DA13 -> 0 | DH13: =SUM(DF13:DG13) -> 1 | DO13: =DM13+DK13+DI13 -> 0 | DP13: =DN13+DL13+DJ13 -> 0 | DQ13: =SUM(DO13:DP13) -> 0 | DR13: 31 | DT13: 18 | DV13: 28 | DX13: =DV13+DT13+DR13 -> 77 | DY13: =DW13+DU13+DS13 -> 0 | DZ13: =SUM(DX13:DY13) -> 77 | EA13: 5 | EC13: 5 | EE13: 11 | EG13: =EE13+EC13+EA13 -> 21 | EH13: =EF13+ED13+EB13 -> 0 | EI13: =SUM(EG13:EH13) -> 21 | EL13: 1 | EP13: =EN13+EL13+EJ13 -> 1 | EQ13: =EO13+EM13+EK13 -> 0 | ER13: =SUM(EP13:EQ13) -> 1 | EY13: =EW13+EU13+ES13 -> 0 | EZ13: =EX13+EV13+ET13 -> 0 | FA13: =SUM(EY13:EZ13) -> 0 | FB13: 1 | FD13: 3 | FF13: 24 | FG13: 12 | FH13: 6 | FI13: 4 | FL13: =FJ13+FH13+FF13+FD13+FB13 -> 34 | FM13: =FK13+FI13+FG13+FE13+FC13 -> 16 | FN13: =SUM(FL13:FM13) -> 50 | FW13: 2 | GG13: =GE13+GA13+FY13+FW13+FU13+FS13+FO13+FQ13+GC13 -> 2 | GH13: =GF13+GB13+FZ13+FX13+FV13+FT13+FP13+FR13+GD13 -> 0 | GI13: =GH13+GG13 -> 2 | GJ13: 1 | GK13: 1 | GL13: 1 | GM13: 1 | GN13: 1 | GO13: 1 | GP13: 1 | GR13: 1 | GS13: 2 | GU13: 1 | HF13: 1 | HJ13: 1 | HK13: 1 | HP13: 1 | HR13: 1 | HX13: 1 | HY13: 2 | IB13: 1 | IC13: 1 | IH13: 1 | II13: 1 | JB13: 11 | JC13: 3 | JH13: 1 | JP13: 1 | KN13: 9 | KO13: 2 | KV13: =KT13+KN13+KJ13+KH13+KF13+KD13+KB13+JZ13+JX13+JV13+JT13+JR13+JP13+JN13+JL13+JJ13+JH13+JF13+JD13+JB13+IZ13+IX13+IV13+IT13+IR13+IP13+IN13+IL13+IJ13+IH13+IF13+ID13+IB13+HZ13+HX13+HV13+HT13+HR13+HP13+HN13+HL13+HJ13+HH13+HF13+HD13+HB13+GZ13+GX13+GV13+GT13+GR13+GP13+GN13+GL13+GJ13+KL13 -> 34 | KW13: =KU13+KO13+KK13+KI13+KG13+KE13+KC13+KA13+JY13+JW13+JU13+JS13+JQ13+JO13+JM13+JK13+JI13+JG13+JE13+JC13+JA13+IY13+IW13+IU13+IS13+IQ13+IO13+IM13+IK13+II13+IG13+IE13+IC13+IA13+HY13+HW13+HU13+HS13+HQ13+HO13+HM13+HK13+HI13+HG13+HE13+HC13+HA13+GY13+GW13+GU13+GS13+GQ13+GO13+GM13+GK13 -> 16 | KX13: =KW13+KV13 -> 50 | KY13: 28 | KZ13: 13 | LC13: 3 | LG13: 1 | LI13: 1 | LJ13: 3 | LO13: 1 | LQ13: =LA13+LC13+KY13+LE13+LG13+LI13+LK13+LM13+LO13 -> 34 | LR13: =LB13+LD13+KZ13+LF13+LH13+LJ13+LL13+LN13+LP13 -> 16 | LS13: =LR13+LQ13 -> 50 | LT13: 2 | LU13: 1 | LV13: 12 | LW13: 2 | LY13: 2 | LZ13: 20 | MA13: 11 | MB13: =LX13+LV13+LT13+LZ13 -> 34 | MC13: =LY13+LW13+LU13+MA13 -> 16 | MD13: =MC13+MB13 -> 50 | MG13: 3 | MH13: 5 | MI13: 16 | MJ13: 6 | MK13: 11 | ML13: 5 | MM13: 4 | MO13: =MM13+MK13+MI13+MG13+ME13 -> 34 | MP13: =MN13+ML13+MJ13+MH13+MF13 -> 16 | MQ13: =MP13+MO13 -> 50 | MR13: 2 | MS13: 2 | MT13: 32 | MU13: 13 | MY13: 1 | MZ13: =MX13+MV13+MT13+MR13 -> 34 | NA13: =MY13+MW13+MU13+MS13 -> 16 | NB13: =NA13+MZ13 -> 50 | NE13: 1 | NI13: 5 | NJ13: 5 | NK13: 22 | NL13: 9 | NQ13: 4 | NR13: 2 | NS13: 2 | NW13: =NU13+NS13+NQ13+NO13+NM13+NK13+NG13+NI13+NE13 -> 34 | NX13: =NV13+NT13+NR13+NP13+NN13+NL13+NH13+NJ13+NF13 -> 16 | NY13: =NX13+NW13 -> 50 | OF13: =OD13+OB13+NZ13 -> 0 | OG13: =OE13+OC13+OA13 -> 0 | OH13: =OG13+OF13 -> 0 | OJ13: 1 | OK13: 1 | ON13: 1 | OP13: 1 | OT13: 1 | OU13: 1 | OW13: 1976 | OX13: 2445/1 | OY13: 3 | OZ13: 1 | PD13: 1 | PH13: 1 | PJ13: 1 | PL13: 6 | PM13: 18 | PN13: 7 | PO13: =PN13+PM13 -> 25 | PP13: 1 | PV13: 1 | PX13: 1 | PZ13: 1 | QB13: 1 | QD13: 1 | QI13: 1 | QL13: 1 | QM13: 1 | QO13: 1 | QR13: 1 | QU13: 1 | QZ13: 1 | RB13: 1 | RD13: 1 | RF13: 1 | RI13: 1 | RL13: 1 | RO13: 240 | RP13: 10 | RQ13: 150 | RR13: 40 | RS13: 12 | RT13: 12 | RU13: 10 | RV13: 20 | RW13: 2 | RX13: 2 | RY13: 1 | RZ13: 3 | SB13: 1 | SN13: =SM13+SL13 -> 0 | SO13: 7 | SP13: 7 | SQ13: الحي الصناعي | SR13: م . م . عدي محسن محمد جواد | SS13: 7803484077
A14: خلاصة مركز الكوفة الصناعي | F14: =F13 -> 1 | G14: =G13 -> 0 | H14: =H13 -> 0 | I14: =I13 -> 1 | J14: =J13 -> 0 | K14: =K13 -> 1 | L14: =L13 -> 0 | M14: =M13 -> 0 | ... EX14: =EX13 -> 0 | EY14: =EW14+EU14+ES14 -> 0 | EZ14: =EX14+EV14+ET14 -> 0 | FA14: =SUM(EY14:EZ14) -> 0 | FB14: =FB13 -> 1 | FC14: =FC13 -> 0 | FD14: =FD13 -> 3 | FE14: =FE13 -> 0 | FF14: =FF13 -> 24 | FG14: =FG13 -> 12 | FH14: =FH13 -> 6 | FI14: =FI13 -> 4 | ... GB14: =GB13 -> 0 | GE14: =GE13 -> 0 | GF14: =GF13 -> 0 | GG14: =GG13 -> 2 | GH14: =GH13 -> 0 | GI14: =GI13 -> 2 | GJ14: =GJ13 -> 1 | GK14: =GK13 -> 1 | GL14: =GL13 -> 1 | ... LP14: =LP13 -> 0 | LQ14: =LA14+LC14+KY14+LE14+LG14+LI14+LK14+LM14+LO14 -> 34 | LR14: =LB14+LD14+KZ14+LF14+LH14+LJ14+LL14+LN14+LP14 -> 16 | LS14: =LS13 -> 50 | LT14: =LT13 -> 2 | LU14: =LU13 -> 1 | LV14: =LV13 -> 12 | LW14: =LW13 -> 2 | LX14: =LX13 -> 0 | LY14: =LY13 -> 2 | LZ14: =LZ13 -> 20 | ... OV14: =OV13 -> 0 | OZ14: =OZ13 -> 1 | PA14: =PA13 -> 0 | PB14: =PB13 -> 0 | PC14: =PC13 -> 0 | PD14: =PD13 -> 1 | PE14: =PE13 -> 0 | PF14: =PF13 -> 0 | PG14: =PG13 -> 0 | ... RN14: =RN13 -> 0 | RU14: =RU13 -> 10 | RV14: =RV13 -> 20 | RW14: =RW13 -> 2 | RX14: =RX13 -> 2 | RY14: =RY13 -> 1 | RZ14: =RZ13 -> 3 | SA14: =SA13 -> 0 | SB14: =SB13 -> 1 | ... SP14: =SP13 -> 7
A15: خلاصة قضاء الكوفة الصناعي | F15: =F14 -> 1 | G15: =G14 -> 0 | H15: =H14 -> 0 | I15: =I14 -> 1 | J15: =J14 -> 0 | K15: =K14 -> 1 | L15: =L14 -> 0 | M15: =M14 -> 0 | ... EX15: =EX14 -> 0 | EY15: =EW15+EU15+ES15 -> 0 | EZ15: =EX15+EV15+ET15 -> 0 | FA15: =SUM(EY15:EZ15) -> 0 | FB15: =FB14 -> 1 | FC15: =FC14 -> 0 | FD15: =FD14 -> 3 | FE15: =FE14 -> 0 | FF15: =FF14 -> 24 | FG15: =FG14 -> 12 | FH15: =FH14 -> 6 | FI15: =FI14 -> 4 | ... GB15: =GB14 -> 0 | GE15: =GE14 -> 0 | GF15: =GF14 -> 0 | GG15: =GG14 -> 2 | GH15: =GH14 -> 0 | GI15: =GI14 -> 2 | GJ15: =GJ14 -> 1 | GK15: =GK14 -> 1 | GL15: =GL14 -> 1 | ... LP15: =LP14 -> 0 | LQ15: =LA15+LC15+KY15+LE15+LG15+LI15+LK15+LM15+LO15 -> 34 | LR15: =LB15+LD15+KZ15+LF15+LH15+LJ15+LL15+LN15+LP15 -> 16 | LS15: =LS14 -> 50 | LT15: =LT14 -> 2 | LU15: =LU14 -> 1 | LV15: =LV14 -> 12 | LW15: =LW14 -> 2 | LX15: =LX14 -> 0 | LY15: =LY14 -> 2 | LZ15: =LZ14 -> 20 | ... OV15: =OV14 -> 0 | OZ15: =OZ14 -> 1 | PA15: =PA14 -> 0 | PB15: =PB14 -> 0 | PC15: =PC14 -> 0 | PD15: =PD14 -> 1 | PE15: =PE14 -> 0 | PF15: =PF14 -> 0 | PG15: =PG14 -> 0 | ... RN15: =RN14 -> 0 | RU15: =RU14 -> 10 | RV15: =RV14 -> 20 | RW15: =RW14 -> 2 | RX15: =RX14 -> 2 | RY15: =RY14 -> 1 | RZ15: =RZ14 -> 3 | SA15: =SA14 -> 0 | SB15: =SB14 -> 1 | ... SP15: =SP14 -> 7
A16: المناذرة | B16: المركز | C16: 7 | D16: 1400174 | E16: اعدادية المناذرة المهنية | F16: 1 | I16: 1 | K16: 1 | O16: 1 | Q16: 1 | V16: 34 | X16: 66 | Z16: 34 | AB16: 22 | AD16: 8 | AF16: =AD16+AB16+Z16+X16+V16 -> 164 | AG16: =AE16+AC16+AA16+Y16+W16 -> 0 | AH16: =SUM(AF16:AG16) -> 164 | AI16: 34 | AK16: 66 | AM16: 34 | AO16: 22 | AQ16: 8 | AS16: =AQ16+AO16+AM16+AK16+AI16 -> 164 | AT16: =AR16+AP16+AN16+AL16+AJ16 -> 0 | AU16: =SUM(AS16:AT16) -> 164 | AV16: 2 | AX16: 6 | AZ16: 10 | BB16: 24 | BD16: 15 | BF16: =BD16+BB16+AZ16+AX16+AV16 -> 57 | BG16: =BE16+BC16+BA16+AY16+AW16 -> 0 | BH16: =SUM(BF16:BG16) -> 57 | BI16: 7 | BK16: 27 | BM16: 12 | BO16: 12 | BQ16: 5 | BS16: =BQ16+BO16+BM16+BK16+BI16 -> 63 | BT16: =BR16+BP16+BN16+BL16+BJ16 -> 0 | BU16: =SUM(BS16:BT16) -> 63 | BV16: =AI16 -> 34 | BW16: =AJ16 -> 0 | BX16: =AV16+AK16 -> 68 | BY16: =AL16+AW16 -> 0 | BZ16: =BI16+AX16+AM16 -> 47 | CA16: =AN16+AY16+BJ16 -> 0 | CB16: =BK16+AZ16+AO16 -> 59 | CC16: =AP16+BA16+BL16 -> 0 | CD16: =BM16+BB16+AQ16 -> 44 | CE16: =BN16+BC16+AR16 -> 0 | CF16: =BO16+BD16 -> 27 | CG16: =BP16+BE16 -> 0 | CH16: =BQ16 -> 5 | CI16: =BR16 -> 0 | CJ16: =BV16+BX16+BZ16+CB16+CD16+CF16+CH16 -> 284 | CK16: =BW16+BY16+CA16+CC16+CE16+CG16+CI16 -> 0 | CL16: =SUM(CJ16:CK16) -> 284 | CM16: 5 | CP16: 3 | CS16: 3 | CV16: =CS16+CP16+CM16 -> 11 | CW16: =CT16+CQ16+CN16 -> 0 | CX16: =CU16+CR16+CO16 -> 0 | CY16: =SUM(CV16:CX16) -> 11 | CZ16: 6 | DB16: 2 | DD16: 10 | DF16: =DD16+DB16+CZ16 -> 18 | DG16: =DE16+DC16+DA16 -> 0 | DH16: =SUM(DF16:DG16) -> 18 | DO16: =DM16+DK16+DI16 -> 0 | DP16: =DN16+DL16+DJ16 -> 0 | DQ16: =SUM(DO16:DP16) -> 0 | DR16: 54 | DS16: 22 | DT16: 44 | DU16: 21 | DV16: 40 | DW16: 23 | DX16: =DV16+DT16+DR16 -> 138 | DY16: =DW16+DU16+DS16 -> 66 | DZ16: =SUM(DX16:DY16) -> 204 | EE16: 16 | EF16: 1 | EG16: =EE16+EC16+EA16 -> 16 | EH16: =EF16+ED16+EB16 -> 1 | EI16: =SUM(EG16:EH16) -> 17 | EP16: =EN16+EL16+EJ16 -> 0 | EQ16: =EO16+EM16+EK16 -> 0 | ER16: =SUM(EP16:EQ16) -> 0 | EY16: =EW16+EU16+ES16 -> 0 | EZ16: =EX16+EV16+ET16 -> 0 | FA16: =SUM(EY16:EZ16) -> 0 | FB16: 1 | FD16: 2 | FE16: 1 | FF16: 33 | FG16: 40 | FH16: 13 | FI16: 19 | FL16: =FJ16+FH16+FF16+FD16+FB16 -> 49 | FM16: =FK16+FI16+FG16+FE16+FC16 -> 60 | FN16: =SUM(FL16:FM16) -> 109 | FS16: 1 | FW16: 6 | FX16: 1 | GG16: =GE16+GA16+FY16+FW16+FU16+FS16+FO16+FQ16+GC16 -> 7 | GH16: =GF16+GB16+FZ16+FX16+FV16+FT16+FP16+FR16+GD16 -> 1 | GI16: =GH16+GG16 -> 8 | GJ16: 1 | GK16: 4 | GL16: 2 | GN16: 2 | GO16: 4 | GR16: 1 | GS16: 2 | GU16: 3 | GV16: 1 | GW16: 2 | HP16: 1 | HS16: 1 | HV16: 3 | HX16: 1 | IF16: 2 | IG16: 1 | IH16: 5 | II16: 1 | IJ16: 2 | IK16: 1 | JN16: 3 | JO16: 1 | JQ16: 1 | JS16: 1 | JU16: 4 | KE16: 1 | KN16: 12 | KO16: 13 | KT16: 13 | KU16: 20 | KV16: =KT16+KN16+KJ16+KH16+KF16+KD16+KB16+JZ16+JX16+JV16+JT16+JR16+JP16+JN16+JL16+JJ16+JH16+JF16+JD16+JB16+IZ16+IX16+IV16+IT16+IR16+IP16+IN16+IL16+IJ16+IH16+IF16+ID16+IB16+HZ16+HX16+HV16+HT16+HR16+HP16+HN16+HL16+HJ16+HH16+HF16+HD16+HB16+GZ16+GX16+GV16+GT16+GR16+GP16+GN16+GL16+GJ16 -> 49 | KW16: =KU16+KO16+KK16+KI16+KG16+KE16+KC16+KA16+JY16+JW16+JU16+JS16+JQ16+JO16+JM16+JK16+JI16+JG16+JE16+JC16+JA16+IY16+IW16+IU16+IS16+IQ16+IO16+IM16+IK16+II16+IG16+IE16+IC16+IA16+HY16+HW16+HU16+HS16+HQ16+HO16+HM16+HK16+HI16+HG16+HE16+HC16+HA16+GY16+GW16+GU16+GS16+GQ16+GO16+GM16+GK16 -> 60 | KX16: =KW16+KV16 -> 109 | KY16: 48 | KZ16: 60 | LG16: 1 | LQ16: =LA16+LC16+KY16+LE16+LG16+LI16+LK16+LM16+LO16 -> 49 | LR16: =LB16+LD16+KZ16+LF16+LH16+LJ16+LL16+LN16+LP16 -> 60 | LS16: =LR16+LQ16 -> 109 | LT16: 30 | LU16: 51 | LV16: 5 | LW16: 2 | LX16: 1 | LZ16: 13 | MA16: 7 | MB16: =LX16+LV16+LT16+LZ16 -> 49 | MC16: =LY16+LW16+LU16+MA16 -> 60 | MD16: =MC16+MB16 -> 109 | ME16: 2 | MF16: 5 | MG16: 27 | MH16: 41 | MI16: 9 | MJ16: 8 | MK16: 9 | ML16: 5 | MM16: 2 | MN16: 1 | MO16: =MM16+MK16+MI16+MG16+ME16 -> 49 | MP16: =MN16+ML16+MJ16+MH16+MF16 -> 60 | MQ16: =MP16+MO16 -> 109 | MR16: 7 | MS16: 9 | MT16: 42 | MU16: 51 | MZ16: =MX16+MV16+MT16+MR16 -> 49 | NA16: =MY16+MW16+MU16+MS16 -> 60 | NB16: =NA16+MZ16 -> 109 | NE16: 1 | NI16: 12 | NJ16: 19 | NK16: 32 | NL16: 30 | NM16: 3 | NN16: 10 | NQ16: 1 | NR16: 1 | NW16: =NU16+NS16+NQ16+NO16+NM16+NK16+NG16+NI16+NE16 -> 49 | NX16: =NV16+NT16+NR16+NP16+NN16+NL16+NH16+NJ16+NF16 -> 60 | NY16: =NX16+NW16 -> 109 | OF16: =OD16+OB16+NZ16 -> 0 | OG16: =OE16+OC16+OA16 -> 0 | OH16: =OG16+OF16 -> 0 | OJ16: 1 | OK16: 1 | ON16: 1 | OP16: 1 | OU16: 1 | OW16: 1980 | OX16: 900/1 | OY16: 3 | OZ16: 1 | PB16: 1 | PG16: 1 | PJ16: 1 | PL16: 12 | PM16: 12 | PN16: 10 | PO16: =PN16+PM16 -> 22 | PS16: 1 | PV16: 1 | PX16: 1 | QA16: 1 | QB16: 1 | QD16: 1 | QI16: 1 | QL16: 1 | QM16: 1 | QO16: 1 | QS16: 1 | QU16: 1 | QW16: 1 | QX16: 1 | QY16: 1 | RB16: 1 | RD16: 1 | RF16: 1 | RI16: 1 | RM16: 1 | RO16: 340 | RP16: 45 | RQ16: 50 | RR16: 50 | RS16: 10 | RT16: 15 | RU16: 4 | RV16: 11 | RX16: 1 | SA16: 1 | SE16: 1 | SK16: 1 | SL16: 80 | SM16: 10 | SN16: =SM16+SL16 -> 90 | SO16: 5 | SP16: 5 | SQ16: حي العسكري - معمل ضغط الاخشاب | SR16: م . م . سيف علاء صبحي | SS16: 7812391658
A17: المناذرة | B17: المركز | C17: 8 | D17: 1401694 | E17: اعدادية المناذرة للبنات | G17: 1 | I17: 1 | K17: 1 | O17: 1 | S17: 1 | U17: 1 | W17: 15 | Y17: 13 | AA17: 5 | AC17: 10 | AE17: 9 | AF17: =AD17+AB17+Z17+X17+V17 -> 0 | AG17: =AE17+AC17+AA17+Y17+W17 -> 52 | AH17: =SUM(AF17:AG17) -> 52 | AJ17: 15 | AL17: 13 | AN17: 5 | AP17: 10 | AR17: 9 | AS17: =AQ17+AO17+AM17+AK17+AI17 -> 0 | AT17: =AR17+AP17+AN17+AL17+AJ17 -> 52 | AU17: =SUM(AS17:AT17) -> 52 | AW17: 3 | AY17: 8 | BA17: 4 | BC17: 1 | BE17: 8 | BF17: =BD17+BB17+AZ17+AX17+AV17 -> 0 | BG17: =BE17+BC17+BA17+AY17+AW17 -> 24 | BH17: =SUM(BF17:BG17) -> 24 | BJ17: 1 | BL17: 6 | BN17: 4 | BP17: 7 | BS17: =BQ17+BO17+BM17+BK17+BI17 -> 0 | BT17: =BR17+BP17+BN17+BL17+BJ17 -> 18 | BU17: =SUM(BS17:BT17) -> 18 | BV17: =AI17 -> 0 | BW17: =AJ17 -> 15 | BX17: =AV17+AK17 -> 0 | BY17: =AL17+AW17 -> 16 | BZ17: =BI17+AX17+AM17 -> 0 | CA17: =AN17+AY17+BJ17 -> 14 | CB17: =BK17+AZ17+AO17 -> 0 | CC17: =AP17+BA17+BL17 -> 20 | CD17: =BM17+BB17+AQ17 -> 0 | CE17: =BN17+BC17+AR17 -> 14 | CF17: =BO17+BD17 -> 0 | CG17: =BP17+BE17 -> 15 | CH17: =BQ17 -> 0 | CI17: =BR17 -> 0 | CJ17: =BV17+BX17+BZ17+CB17+CD17+CF17+CH17 -> 0 | CK17: =BW17+BY17+CA17+CC17+CE17+CG17+CI17 -> 94 | CL17: =SUM(CJ17:CK17) -> 94 | CN17: 2 | CQ17: 1 | CT17: 1 | CV17: =CS17+CP17+CM17 -> 0 | CW17: =CT17+CQ17+CN17 -> 4 | CX17: =CU17+CR17+CO17 -> 0 | CY17: =SUM(CV17:CX17) -> 4 | DF17: =DD17+DB17+CZ17 -> 0 | DG17: =DE17+DC17+DA17 -> 0 | DH17: =SUM(DF17:DG17) -> 0 | DX17: =DV17+DT17+DR17 -> 0 | DY17: =DW17+DU17+DS17 -> 0 | DZ17: =SUM(DX17:DY17) -> 0 | EG17: =EE17+EC17+EA17 -> 0 | EH17: =EF17+ED17+EB17 -> 0 | EI17: =SUM(EG17:EH17) -> 0 | EP17: =EN17+EL17+EJ17 -> 0 | EQ17: =EO17+EM17+EK17 -> 0 | ER17: =SUM(EP17:EQ17) -> 0 | EY17: =EW17+EU17+ES17 -> 0 | EZ17: =EX17+EV17+ET17 -> 0 | FA17: =SUM(EY17:EZ17) -> 0 | FC17: 1 | FL17: =FJ17+FH17+FF17+FD17+FB17 -> 0 | FM17: =FK17+FI17+FG17+FE17+FC17 -> 1 | FN17: =SUM(FL17:FM17) -> 1 | GG17: =GE17+GA17+FY17+FW17+FU17+FS17+FO17+FQ17+GC17 -> 0 | GH17: =GF17+GB17+FZ17+FX17+FV17+FT17+FP17+FR17+GD17 -> 0 | GI17: =GH17+GG17 -> 0 | KU17: 1 | KV17: =KT17+KN17+KJ17+KH17+KF17+KD17+KB17+JZ17+JX17+JV17+JT17+JR17+JP17+JN17+JL17+JJ17+JH17+JF17+JD17+JB17+IZ17+IX17+IV17+IT17+IR17+IP17+IN17+IL17+IJ17+IH17+IF17+ID17+IB17+HZ17+HX17+HV17+HT17+HR17+HP17+HN17+HL17+HJ17+HH17+HF17+HD17+HB17+GZ17+GX17+GV17+GT17+GR17+GP17+GN17+GL17+GJ17 -> 0 | KW17: =KU17+KO17+KK17+KI17+KG17+KE17+KC17+KA17+JY17+JW17+JU17+JS17+JQ17+JO17+JM17+JK17+JI17+JG17+JE17+JC17+JA17+IY17+IW17+IU17+IS17+IQ17+IO17+IM17+IK17+II17+IG17+IE17+IC17+IA17+HY17+HW17+HU17+HS17+HQ17+HO17+HM17+HK17+HI17+HG17+HE17+HC17+HA17+GY17+GW17+GU17+GS17+GQ17+GO17+GM17+GK17 -> 1 | KX17: =KW17+KV17 -> 1 | KZ17: 1 | LQ17: =LA17+LC17+KY17+LE17+LG17+LI17+LK17+LM17+LO17 -> 0 | LR17: =LB17+LD17+KZ17+LF17+LH17+LJ17+LL17+LN17+LP17 -> 1 | LS17: =LR17+LQ17 -> 1 | MA17: 1 | MB17: =LX17+LV17+LT17+LZ17 -> 0 | MC17: =LY17+LW17+LU17+MA17 -> 1 | MD17: =MC17+MB17 -> 1 | ML17: 1 | MO17: =MM17+MK17+MI17+MG17+ME17 -> 0 | MP17: =MN17+ML17+MJ17+MH17+MF17 -> 1 | MQ17: =MP17+MO17 -> 1 | MS17: 1 | MZ17: =MX17+MV17+MT17+MR17 -> 0 | NA17: =MY17+MW17+MU17+MS17 -> 1 | NB17: =NA17+MZ17 -> 1 | NR17: 1 | NW17: =NU17+NS17+NQ17+NO17+NM17+NK17+NG17+NI17+NE17 -> 0 | NX17: =NV17+NT17+NR17+NP17+NN17+NL17+NH17+NJ17+NF17 -> 1 | NY17: =NX17+NW17 -> 1 | OF17: =OD17+OB17+NZ17 -> 0 | OG17: =OE17+OC17+OA17 -> 0 | OH17: =OG17+OF17 -> 0 | OJ17: 1 | OK17: 1 | ON17: 1 | OP17: 1 | OU17: 1 | OW17: 2024 | PA17: 1 | PD17: 1 | PI17: 1 | PK17: 1 | PM17: 24 | PN17: 4 | PO17: =PN17+PM17 -> 28 | PP17: 1 | PV17: 1 | PX17: 1 | PZ17: 1 | QB17: 1 | QD17: 1 | QI17: 1 | QL17: 1 | QM17: 1 | QO17: 1 | QR17: 1 | QV17: 1 | RB17: 1 | RE17: 1 | RG17: 1 | RI17: 1 | RL17: 1 | RO17: 210 | RS17: 20 | SB17: 1 | SQ17: حي العسكري - معمل ضغط الاخشاب | SR17: م . م . ندى كاظم عبد الزهرة | SS17: 7730803031
A18: خلاصة مركز المناذرة الصناعي | F18: =F16 -> 1 | G18: =G16+G17 -> 1 | H18: =H16+H17 -> 0 | I18: =I16+I17 -> 2 | J18: =J16+J17 -> 0 | K18: =K16+K17 -> 2 | L18: =L16+L17 -> 0 | M18: =M16+M17 -> 0 | N18: =N16+N17 -> 0 | ... OV18: =OV16+OV17 -> 0 | OY18: =OY16+OY17 -> 3 | OZ18: =OZ16+OZ17 -> 1 | PA18: =PA16+PA17 -> 1 | PB18: =PB16+PB17 -> 1 | PC18: =PC16+PC17 -> 0 | PD18: =PD16+PD17 -> 1 | PE18: =PE16+PE17 -> 0 | PF18: =PF16+PF17 -> 0 | ... SP18: =SP16+SP17 -> 5
A19: خلاصة قضاء المناذرة الصناعي | F19: =F18 -> 1 | G19: =G18 -> 1 | H19: =H18 -> 0 | I19: =I18 -> 2 | J19: =J18 -> 0 | K19: =K18 -> 2 | L19: =L18 -> 0 | M19: =M18 -> 0 | ... GB19: =GB18 -> 0 | GE19: =GE18 -> 0 | GF19: =GF18 -> 0 | GG19: =GG18 -> 7 | GH19: =GH18 -> 1 | GI19: =GI18 -> 8 | GJ19: =GJ18 -> 1 | GK19: =GK18 -> 4 | GL19: =GL18 -> 2 | ... LP19: =LP18 -> 0 | LQ19: =LA19+LC19+KY19+LE19+LG19+LI19+LK19+LM19+LO19 -> 49 | LR19: =LB19+LD19+KZ19+LF19+LH19+LJ19+LL19+LN19+LP19 -> 61 | LS19: =LS18 -> 110 | LT19: =LT18 -> 30 | LU19: =LU18 -> 51 | LV19: =LV18 -> 5 | LW19: =LW18 -> 2 | LX19: =LX18 -> 1 | LY19: =LY18 -> 0 | LZ19: =LZ18 -> 13 | ... OV19: =OV18 -> 0 | OZ19: =OZ18 -> 1 | PA19: =PA18 -> 1 | PB19: =PB18 -> 1 | PC19: =PC18 -> 0 | PD19: =PD18 -> 1 | PE19: =PE18 -> 0 | PF19: =PF18 -> 0 | PG19: =PG18 -> 1 | ... RN19: =RN18 -> 0 | RU19: =RU18 -> 4 | RV19: =RV18 -> 11 | RW19: =RW18 -> 0 | RX19: =RX18 -> 1 | RY19: =RY18 -> 0 | RZ19: =RZ18 -> 0 | SA19: =SA18 -> 1 | SB19: =SB18 -> 1 | ... SP19: =SP18 -> 5
A20: خلاصة محافظة النجف الاشرف الصناعي | F20: =F19+F15+F12 -> 6 | G20: =G19+G15+G12 -> 2 | H20: =H19+H15+H12 -> 0 | I20: =I19+I15+I12 -> 8 | J20: =J19+J15+J12 -> 0 | K20: =K19+K15+K12 -> 7 | L20: =L19+L15+L12 -> 0 | M20: =M19+M15+M12 -> 0 | ... GB20: =GB19+GB15+GB12 -> 0 | GE20: =GE19+GE15+GE12 -> 0 | GF20: =GF19+GF15+GF12 -> 0 | GG20: =GG19+GG15+GG12 -> 30 | GH20: =GH19+GH15+GH12 -> 15 | GI20: =GI19+GI15+GI12 -> 45 | GJ20: =GJ19+GJ15+GJ12 -> 6 | GK20: =GK19+GK15+GK12 -> 16 | GL20: =GL19+GL15+GL12 -> 6 | ... LP20: =LP19+LP15+LP12 -> 2 | LQ20: =LA20+LC20+KY20+LE20+LG20+LI20+LK20+LM20+LO20 -> 197 | LR20: =LB20+LD20+KZ20+LF20+LH20+LJ20+LL20+LN20+LP20 -> 203 | LS20: =LS19+LS15+LS12 -> 400 | LT20: =LT19+LT15+LT12 -> 39 | LU20: =LU19+LU15+LU12 -> 57 | LV20: =LV19+LV15+LV12 -> 25 | LW20: =LW19+LW15+LW12 -> 14 | LX20: =LX19+LX15+LX12 -> 25 | LY20: =LY19+LY15+LY12 -> 18 | LZ20: =LZ19+LZ15+LZ12 -> 108 | ... OV20: =OV19+OV15+OV12 -> 0 | OZ20: =OZ19+OZ15+OZ12 -> 3 | PA20: =PA19+PA15+PA12 -> 4 | PB20: =PB19+PB15+PB12 -> 1 | PC20: =PC19+PC15+PC12 -> 3 | PD20: =PD19+PD15+PD12 -> 3 | PE20: =PE19+PE15+PE12 -> 0 | PF20: =PF19+PF15+PF12 -> 0 | PG20: =PG19+PG15+PG12 -> 1 | ... RN20: =RN19+RN15+RN12 -> 0 | RU20: =RU19+RU15+RU12 -> 100 | RV20: =RV19+RV15+RV12 -> 51 | RW20: =RW19+RW15+RW12 -> 17 | RX20: =RX19+RX15+RX12 -> 5 | RY20: =RY19+RY15+RY12 -> 4 | RZ20: =RZ19+RZ15+RZ12 -> 4 | SA20: =SA19+SA15+SA12 -> 3 | SB20: =SB19+SB15+SB12 -> 5 | ... SP20: =SP19+SP15+SP12 -> 26
A21: النجف | B21: المركز | C21: 8 | D21: 1401081 | E21: اعدادية النجف التجارية للبنين | F21: 1 | I21: 1 | L21: 1 | P21: 1 | S21: 1 | X21: 40 | Z21: 100 | AB21: 44 | AD21: 14 | AF21: =AD21+AB21+Z21+X21+V21 -> 198 | AG21: =AE21+AC21+AA21+Y21+W21 -> 0 | AH21: =AG21+AF21 -> 198 | AK21: 40 | AM21: 100 | AO21: 44 | AQ21: 14 | AS21: =AQ21+AO21+AM21+AK21+AI21 -> 198 | AT21: =AR21+AP21+AN21+AL21+AJ21 -> 0 | AU21: =AT21+AS21 -> 198 | AX21: 20 | AZ21: 34 | BB21: 36 | BF21: =BD21+BB21+AZ21+AX21+AV21 -> 90 | BG21: =BE21+BC21+BA21+AY21+AW21 -> 0 | BH21: =BG21+BF21 -> 90 | BI21: 10 | BK21: 10 | BM21: 28 | BO21: 19 | BQ21: 22 | BS21: =BQ21+BO21+BM21+BK21+BI21 -> 89 | BT21: =BR21+BP21+BN21+BL21+BJ21 -> 0 | BU21: =BT21+BS21 -> 89 | BV21: =AI21 -> 0 | BW21: =AJ21 -> 0 | BX21: =AV21+AK21 -> 40 | BY21: =AL21+AW21 -> 0 | BZ21: =BI21+AX21+AM21 -> 130 | CA21: =AN21+AY21+BJ21 -> 0 | CB21: =BK21+AZ21+AO21 -> 88 | CC21: =AP21+BA21+BL21 -> 0 | CD21: =BM21+BB21+AQ21 -> 78 | CE21: =BN21+BC21+AR21 -> 0 | CF21: =BO21+BD21 -> 19 | CG21: =BP21+BE21 -> 0 | CH21: =BQ21 -> 22 | CI21: =BR21 -> 0 | CJ21: =BV21+BX21+BZ21+CB21+CD21+CF21+CH21 -> 377 | CK21: =BW21+BY21+CA21+CC21+CE21+CG21+CI21 -> 0 | CL21: =SUM(CJ21:CK21) -> 377 | CM21: 5 | CP21: 4 | CS21: 3 | CV21: =CS21+CP21+CM21 -> 12 | CW21: =CT21+CQ21+CN21 -> 0 | CX21: =CU21+CR21+CO21 -> 0 | CY21: =CX21+CW21+CV21 -> 12 | CZ21: 4 | DB21: 2 | DD21: 8 | DF21: =DD21+DB21+CZ21 -> 14 | DG21: =DE21+DC21+DA21 -> 0 | DH21: =DG21+DF21 -> 14 | DO21: =DM21+DK21+DI21 -> 0 | DP21: =DN21+DL21+DJ21 -> 0 | DQ21: =DP21+DO21 -> 0 | DR21: 86 | DT21: 28 | DV21: 102 | DX21: =DV21+DT21+DR21 -> 216 | DY21: =DW21+DU21+DS21 -> 0 | DZ21: =DY21+DX21 -> 216 | EA21: 14 | EE21: 26 | EG21: =EE21+EC21+EA21 -> 40 | EH21: =EF21+ED21+EB21 -> 0 | EI21: =EH21+EG21 -> 40 | EJ21: 4 | EL21: 2 | EP21: =EN21+EL21+EJ21 -> 6 | EQ21: =EO21+EM21+EK21 -> 0 | ER21: =EQ21+EP21 -> 6 | EY21: =EY20+EY16+EY13 -> 29 | EZ21: =EX21+EV21+ET21 -> 0 | FA21: =EZ21+EY21 -> 29 | FB21: 1 | FD21: 1 | FE21: 1 | FF21: 17 | FG21: 5 | FH21: 1 | FL21: =FJ21+FH21+FF21+FD21+FB21 -> 20 | FM21: =FK21+FI21+FG21+FE21+FC21 -> 6 | FN21: =FM21+FL21 -> 26 | FR21: 1 | FW21: 1 | GG21: =GE21+GA21+FY21+FW21+FU21+FS21+FO21+FQ21+GC21 -> 1 | GH21: =GF21+GB21+FZ21+FX21+FV21+FT21+FP21+FR21+GD21 -> 1 | GI21: =GH21+GG21 -> 2 | GJ21: 1 | GM21: 1 | GN21: 2 | GR21: 1 | HB21: 1 | HF21: 1 | JL21: 2 | JN21: 3 | JP21: 3 | JQ21: 1 | JT21: 5 | JU21: 1 | KI21: 1 | KN21: 1 | KO21: 2 | KV21: =KT21+KN21+KJ21+KH21+KF21+KD21+KB21+JZ21+JX21+JV21+JT21+JR21+JP21+JN21+JL21+JJ21+JH21+JF21+JD21+JB21+IZ21+IX21+IV21+IT21+IR21+IP21+IN21+IL21+IJ21+IH21+IF21+ID21+IB21+HZ21+HX21+HV21+HT21+HR21+HP21+HN21+HL21+HJ21+HH21+HF21+HD21+HB21+GZ21+GX21+GV21+GT21+GR21+GP21+GN21+GL21+GJ21 -> 20 | KW21: =KU21+KO21+KK21+KI21+KG21+KE21+KC21+KA21+JY21+JW21+JU21+JS21+JQ21+JO21+JM21+JK21+JI21+JG21+JE21+JC21+JA21+IY21+IW21+IU21+IS21+IQ21+IO21+IM21+IK21+II21+IG21+IE21+IC21+IA21+HY21+HW21+HU21+HS21+HQ21+HO21+HM21+HK21+HI21+HG21+HE21+HC21+HA21+GY21+GW21+GU21+GS21+GQ21+GO21+GM21+GK21 -> 6 | KX21: =KW21+KV21 -> 26 | KY21: 14 | KZ21: 4 | LD21: 1 | LG21: 2 | LI21: 1 | LJ21: 1 | LO21: 3 | LQ21: =LA21+LC21+KY21+LE21+LG21+LI21+LK21+LM21+LO21 -> 20 | LR21: =LB21+LD21+KZ21+LF21+LH21+LJ21+LL21+LN21+LP21 -> 6 | LS21: =LR21+LQ21 -> 26 | LT21: 6 | LU21: 3 | LV21: 4 | LW21: 1 | LX21: 4 | LY21: 1 | LZ21: 6 | MA21: 1 | MB21: =LX21+LV21+LT21+LZ21 -> 20 | MC21: =LY21+LW21+LU21+MA21 -> 6 | MD21: =MC21+MB21 -> 26 | ME21: 5 | MF21: 4 | MG21: 5 | MI21: 3 | MK21: 7 | ML21: 2 | MO21: =MM21+MK21+MI21+MG21+ME21 -> 20 | MP21: =MN21+ML21+MJ21+MH21+MF21 -> 6 | MQ21: =MP21+MO21 -> 26 | MR21: 1 | MS21: 2 | MT21: 19 | MU21: 4 | MZ21: =MX21+MV21+MT21+MR21 -> 20 | NA21: =MY21+MW21+MU21+MS21 -> 6 | NB21: =NA21+MZ21 -> 26 | NC21: 20 | ND21: 6 | NI21: 1 | NK21: 14 | NL21: 5 | NM21: 2 | NN21: 1 | NQ21: 1 | NS21: 2 | NW21: =NU21+NS21+NQ21+NO21+NM21+NK21+NG21+NI21+NE21 -> 20 | NX21: =NV21+NT21+NR21+NP21+NN21+NL21+NH21+NJ21+NF21 -> 6 | NY21: =NX21+NW21 -> 26 | OF21: =OD21+OB21+NZ21 -> 0 | OG21: =OE21+OC21+OA21 -> 0 | OH21: =OG21+OF21 -> 0 | OJ21: 1 | OK21: 1 | OM21: 1 | OP21: 1 | PO21: =PN21+PM21 -> 0 | RS21: 4 | RU21: 1 | RY21: 1 | SB21: 1 | SN21: =SM21+SL21 -> 0 | SQ21: ضيف على ع الفندقة والسياحة | SR21: عباس عبد الحسن عبود | SS21: 7802836052
A22: النجف | B22: المركز | C22: 9 | D22: 1401220 | E22: اعدادية النجف المهنية للبنات | G22: 1 | I22: 1 | K22: 1 | O22: 1 | Q22: 1 | W22: 29 | Y22: 42 | AA22: 24 | AC22: 24 | AE22: 23 | AF22: =AD22+AB22+Z22+X22+V22 -> 0 | AG22: =AE22+AC22+AA22+Y22+W22 -> 142 | AH22: =AG22+AF22 -> 142 | AJ22: 29 | AL22: 42 | AN22: 24 | AP22: 24 | AR22: 23 | AS22: =AQ22+AO22+AM22+AK22+AI22 -> 0 | AT22: =AR22+AP22+AN22+AL22+AJ22 -> 142 | AU22: =AT22+AS22 -> 142 | AW22: 14 | AY22: 19 | BA22: 17 | BC22: 12 | BE22: 15 | BF22: =BD22+BB22+AZ22+AX22+AV22 -> 0 | BG22: =BE22+BC22+BA22+AY22+AW22 -> 77 | BH22: =BG22+BF22 -> 77 | BJ22: 9 | BL22: 9 | BN22: 12 | BP22: 30 | BS22: =BQ22+BO22+BM22+BK22+BI22 -> 0 | BT22: =BR22+BP22+BN22+BL22+BJ22 -> 60 | BU22: =BT22+BS22 -> 60 | BV22: =AI22 -> 0 | BW22: =AJ22 -> 29 | BX22: =AV22+AK22 -> 0 | BY22: =AL22+AW22 -> 56 | BZ22: =BI22+AX22+AM22 -> 0 | CA22: =AN22+AY22+BJ22 -> 52 | CB22: =BK22+AZ22+AO22 -> 0 | CC22: =AP22+BA22+BL22 -> 50 | CD22: =BM22+BB22+AQ22 -> 0 | CE22: =BN22+BC22+AR22 -> 47 | CF22: =BO22+BD22 -> 0 | CG22: =BP22+BE22 -> 45 | CH22: =BQ22 -> 0 | CI22: =BR22 -> 0 | CJ22: =BV22+BX22+BZ22+CB22+CD22+CF22+CH22 -> 0 | CK22: =BW22+BY22+CA22+CC22+CE22+CG22+CI22 -> 279 | CL22: =SUM(CJ22:CK22) -> 279 | CN22: 4 | CQ22: 2 | CT22: 2 | CV22: =CS22+CP22+CM22 -> 0 | CW22: =CT22+CQ22+CN22 -> 8 | CX22: =CU22+CR22+CO22 -> 0 | CY22: =CX22+CW22+CV22 -> 8 | DA22: 3 | DC22: 2 | DE22: 3 | DF22: =DD22+DB22+CZ22 -> 0 | DG22: =DE22+DC22+DA22 -> 8 | DH22: =DG22+DF22 -> 8 | DS22: 57 | DU22: 42 | DW22: 41 | DX22: =DV22+DT22+DR22 -> 0 | DY22: =DW22+DU22+DS22 -> 140 | DZ22: =DY22+DX22 -> 140 | EB22: 13 | ED22: 4 | EF22: 1 | EG22: =EE22+EC22+EA22 -> 0 | EH22: =EF22+ED22+EB22 -> 18 | EI22: =EH22+EG22 -> 18 | EK22: 2 | EM22: 6 | EP22: =EN22+EL22+EJ22 -> 0 | EQ22: =EO22+EM22+EK22 -> 8 | ER22: =EQ22+EP22 -> 8 | EY22: =EW22+EU22+ES22 -> 0 | EZ22: =EX22+EV22+ET22 -> 0 | FA22: =EZ22+EY22 -> 0 | FC22: 1 | FE22: 2 | FG22: 18 | FI22: 1 | FL22: =FJ22+FH22+FF22+FD22+FB22 -> 0 | FM22: =FK22+FI22+FG22+FE22+FC22 -> 22 | FN22: =FM22+FL22 -> 22 | FP22: 3 | FX22: 1 | GG22: =GE22+GA22+FY22+FW22+FU22+FS22+FO22+FQ22+GC22 -> 0 | GH22: =GF22+GB22+FZ22+FX22+FV22+FT22+FP22+FR22+GD22 -> 4 | GI22: =GH22+GG22 -> 4 | GM22: 2 | GO22: 1 | GQ22: 1 | GS22: 1 | HA22: 1 | HG22: 1 | JO22: 1 | JQ22: 3 | JS22: 2 | KI22: 3 | KO22: 1 | KU22: 5 | KV22: =KT22+KN22+KJ22+KH22+KF22+KD22+KB22+JZ22+JX22+JV22+JT22+JR22+JP22+JN22+JL22+JJ22+JH22+JF22+JD22+JB22+IZ22+IX22+IV22+IT22+IR22+IP22+IN22+IL22+IJ22+IH22+IF22+ID22+IB22+HZ22+HX22+HV22+HT22+HR22+HP22+HN22+HL22+HJ22+HH22+HF22+HD22+HB22+GZ22+GX22+GV22+GT22+GR22+GP22+GN22+GL22+GJ22 -> 0 | KW22: =KU22+KO22+KK22+KI22+KG22+KE22+KC22+KA22+JY22+JW22+JU22+JS22+JQ22+JO22+JM22+JK22+JI22+JG22+JE22+JC22+JA22+IY22+IW22+IU22+IS22+IQ22+IO22+IM22+IK22+II22+IG22+IE22+IC22+IA22+HY22+HW22+HU22+HS22+HQ22+HO22+HM22+HK22+HI22+HG22+HE22+HC22+HA22+GY22+GW22+GU22+GS22+GQ22+GO22+GM22+GK22 -> 22 | KX22: =KW22+KV22 -> 22 | KZ22: 18 | LD22: 2 | LL22: 2 | LQ22: =LA22+LC22+KY22+LE22+LG22+LI22+LK22+LM22+LO22 -> 0 | LR22: =LB22+LD22+KZ22+LF22+LH22+LJ22+LL22+LN22+LP22 -> 22 | LS22: =LR22+LQ22 -> 22 | LU22: 1 | LW22: 1 | LY22: 8 | MA22: 12 | MB22: =LX22+LV22+LT22+LZ22 -> 0 | MC22: =LY22+LW22+LU22+MA22 -> 22 | MD22: =MC22+MB22 -> 22 | MH22: 6 | MJ22: 4 | ML22: 10 | MN22: 2 | MO22: =MM22+MK22+MI22+MG22+ME22 -> 0 | MP22: =MN22+ML22+MJ22+MH22+MF22 -> 22 | MQ22: =MP22+MO22 -> 22 | MS22: 2 | MU22: 18 | MW22: 1 | MY22: 1 | MZ22: =MX22+MV22+MT22+MR22 -> 0 | NA22: =MY22+MW22+MU22+MS22 -> 22 | NB22: =NA22+MZ22 -> 22 | NF22: 1 | NL22: 14 | NN22: 4 | NR22: 3 | NW22: =NU22+NS22+NQ22+NO22+NM22+NK22+NG22+NI22+NE22 -> 0 | NX22: =NV22+NT22+NR22+NP22+NN22+NL22+NH22+NJ22+NF22 -> 22 | NY22: =NX22+NW22 -> 22 | OF22: =OD22+OB22+NZ22 -> 0 | OG22: =OE22+OC22+OA22 -> 0 | OH22: =OG22+OF22 -> 0 | OJ22: 1 | OK22: 1 | ON22: 1 | OO22: 1 | OT22: 1 | OU22: 1 | OW22: 2024 | PA22: 1 | PD22: 1 | PI22: 1 | PK22: 1 | PM22: 24 | PN22: 6 | PO22: =PN22+PM22 -> 30 | PP22: 1 | PV22: 1 | PX22: 1 | PZ22: 1 | QB22: 1 | QD22: 1 | QI22: 1 | QK22: 1 | QM22: 1 | QO22: 1 | QR22: 1 | QU22: 1 | RA22: 1 | RB22: 1 | RE22: 1 | RF22: 1 | RJ22: 1 | RL22: 1 | RO22: 359 | RP22: 1 | RS22: 24 | RV22: 8 | RW22: 2 | RY22: 1 | SB22: 1 | SN22: =SM22+SL22 -> 0 | SQ22: حي المكرمة | SR22: سهيلة كريم ناصر | SS22: 7802630274
A23: النجف | B23: المركز | E23: تابع الى اعدادية الغدير المهنية المسائية | AF23: =AD23+AB23+Z23+X23+V23 -> 0 | AG23: =AE23+AC23+AA23+Y23+W23 -> 0 | AH23: =AG23+AF23 -> 0 | AS23: =AQ23+AO23+AM23+AK23+AI23 -> 0 | AT23: =AR23+AP23+AN23+AL23+AJ23 -> 0 | AU23: =AT23+AS23 -> 0 | BF23: =BD23+BB23+AZ23+AX23+AV23 -> 0 | BG23: =BE23+BC23+BA23+AY23+AW23 -> 0 | BH23: =BG23+BF23 -> 0 | BM23: 45 | BO23: 115 | BQ23: 20 | BS23: =BQ23+BO23+BM23+BK23+BI23 -> 180 | BT23: =BR23+BP23+BN23+BL23+BJ23 -> 0 | BU23: =BT23+BS23 -> 180 | BV23: =AI23 -> 0 | BW23: =AJ23 -> 0 | BX23: =AV23+AK23 -> 0 | BY23: =AL23+AW23 -> 0 | BZ23: =BI23+AX23+AM23 -> 0 | CA23: =AN23+AY23+BJ23 -> 0 | CB23: =BK23+AZ23+AO23 -> 0 | CC23: =AP23+BA23+BL23 -> 0 | CD23: =BM23+BB23+AQ23 -> 45 | CE23: =BN23+BC23+AR23 -> 0 | CF23: =BO23+BD23 -> 115 | CG23: =BP23+BE23 -> 0 | CH23: =BQ23 -> 20 | CI23: =BR23 -> 0 | CJ23: =BV23+BX23+BZ23+CB23+CD23+CF23+CH23 -> 180 | CK23: =BW23+BY23+CA23+CC23+CE23+CG23+CI23 -> 0 | CL23: =SUM(CJ23:CK23) -> 180 | CS23: 3 | CV23: =CS23+CP23+CM23 -> 3 | CW23: =CT23+CQ23+CN23 -> 0 | CX23: =CU23+CR23+CO23 -> 0 | CY23: =CX23+CW23+CV23 -> 3 | DD23: 2 | DF23: =DD23+DB23+CZ23 -> 2 | DG23: =DE23+DC23+DA23 -> 0 | DH23: =DG23+DF23 -> 2 | DO23: =DM23+DK23+DI23 -> 0 | DP23: =DN23+DL23+DJ23 -> 0 | DQ23: =DP23+DO23 -> 0 | DR23: 1 | DT23: 7 | DV23: 28 | DX23: =DV23+DT23+DR23 -> 36 | DY23: =DW23+DU23+DS23 -> 0 | DZ23: =DY23+DX23 -> 36 | EC23: 1 | EE23: 12 | EG23: =EE23+EC23+EA23 -> 13 | EH23: =EF23+ED23+EB23 -> 0 | EI23: =EH23+EG23 -> 13 | EL23: 1 | EP23: =EN23+EL23+EJ23 -> 1 | EQ23: =EO23+EM23+EK23 -> 0 | ER23: =EQ23+EP23 -> 1 | EY23: =EW23+EU23+ES23 -> 0 | EZ23: =EX23+EV23+ET23 -> 0 | FA23: =EZ23+EY23 -> 0 | FL23: =FJ23+FH23+FF23+FD23+FB23 -> 0 | FM23: =FK23+FI23+FG23+FE23+FC23 -> 0 | FN23: =FM23+FL23 -> 0 | MB23: =LX23+LV23+LT23+LZ23 -> 0 | MC23: =LY23+LW23+LU23+MA23 -> 0 | MD23: =MC23+MB23 -> 0 | MO23: =MM23+MK23+MI23+MG23+ME23 -> 0 | MP23: =MN23+ML23+MJ23+MH23+MF23 -> 0 | MQ23: =MP23+MO23 -> 0 | MZ23: =MX23+MV23+MT23+MR23 -> 0 | NA23: =MY23+MW23+MU23+MS23 -> 0 | NB23: =NA23+MZ23 -> 0 | PO23: =PN23+PM23 -> 0 | SN23: =SM23+SL23 -> 0
A25: خلاصة مركز النجف التجاري | F25: =SUM(F21:F23) -> 1 | G25: =SUM(G21:G23) -> 1 | H25: =SUM(H21:H23) -> 0 | I25: =SUM(I21:I23) -> 2 | J25: =SUM(J21:J23) -> 0 | K25: =SUM(K21:K23) -> 1 | L25: =SUM(L21:L23) -> 1 | M25: =SUM(M21:M23) -> 0 | ... GB25: =SUM(GB21:GB23) -> 0 | GE25: =SUM(GE21:GE23) -> 0 | GF25: =SUM(GF21:GF23) -> 0 | GG25: =SUM(GG21:GG23) -> 1 | GH25: =SUM(GH21:GH23) -> 5 | GI25: =SUM(GI21:GI23) -> 6 | GJ25: =SUM(GJ21:GJ23) -> 1 | GK25: =SUM(GK21:GK23) -> 0 | GL25: =SUM(GL21:GL23) -> 0 | ... OV25: =SUM(OV21:OV23) -> 0 | OZ25: =SUM(OZ21:OZ23) -> 0 | PA25: =SUM(PA21:PA23) -> 1 | PB25: =SUM(PB21:PB23) -> 0 | PC25: =SUM(PC21:PC23) -> 0 | PD25: =SUM(PD21:PD23) -> 1 | PE25: =SUM(PE21:PE23) -> 0 | PF25: =SUM(PF21:PF23) -> 0 | PG25: =SUM(PG21:PG23) -> 0 | ... RN25: =SUM(RN21:RN23) -> 0 | RU25: =SUM(RU21:RU23) -> 1 | RV25: =SUM(RV21:RV23) -> 8 | RW25: =SUM(RW21:RW23) -> 2 | RX25: =SUM(RX21:RX23) -> 0 | RY25: =SUM(RY21:RY23) -> 2 | RZ25: =SUM(RZ21:RZ23) -> 0 | SA25: =SUM(SA21:SA23) -> 0 | SB25: =SUM(SB21:SB23) -> 2 | ... SP25: =SUM(SP21:SP23) -> 0
A26: خلاصة قضاء النجف التجاري | F26: =F25 -> 1 | G26: =G25 -> 1 | H26: =H25 -> 0 | I26: =I25 -> 2 | J26: =J25 -> 0 | K26: =K25 -> 1 | L26: =L25 -> 1 | M26: =M25 -> 0 | ... GB26: =GB25 -> 0 | GE26: =GE25 -> 0 | GF26: =GF25 -> 0 | GG26: =GG25 -> 1 | GH26: =GH25 -> 5 | GI26: =GI25 -> 6 | GJ26: =GJ25 -> 1 | GK26: =GK25 -> 0 | GL26: =GL25 -> 0 | ... OV26: =OV25 -> 0 | OZ26: =OZ25 -> 0 | PA26: =PA25 -> 1 | PB26: =PB25 -> 0 | PC26: =PC25 -> 0 | PD26: =PD25 -> 1 | PE26: =PE25 -> 0 | PF26: =PF25 -> 0 | PG26: =PG25 -> 0 | ... RN26: =RN25 -> 0 | RU26: =RU25 -> 1 | RV26: =RV25 -> 8 | RW26: =RW25 -> 2 | RX26: =RX25 -> 0 | RY26: =RY25 -> 2 | RZ26: =RZ25 -> 0 | SA26: =SA25 -> 0 | SB26: =SB25 -> 2 | ... SP26: =SP25 -> 0
A27: الكوفة | B27: المركز | E27: تابع الى اعدادية الكوفة المهنية الزراعي | V27: 3 | X27: 7 | Z27: 4 | AB27: 6 | AD27: 5 | AF27: =AD27+AB27+Z27+X27+V27 -> 25 | AG27: =AE27+AC27+AA27+Y27+W27 -> 0 | AH27: =AG27+AF27 -> 25 | AI27: 3 | AK27: 7 | AM27: 4 | AO27: 6 | AQ27: 5 | AS27: =AQ27+AO27+AM27+AK27+AI27 -> 25 | AT27: =AR27+AP27+AN27+AL27+AJ27 -> 0 | AU27: =AT27+AS27 -> 25 | AV27: 4 | AX27: 3 | AZ27: 7 | BB27: 4 | BD27: 2 | BF27: =BD27+BB27+AZ27+AX27+AV27 -> 20 | BG27: =BE27+BC27+BA27+AY27+AW27 -> 0 | BH27: =BG27+BF27 -> 20 | BK27: 8 | BM27: 9 | BO27: 8 | BQ27: 8 | BS27: =BQ27+BO27+BM27+BK27+BI27 -> 33 | BT27: =BR27+BP27+BN27+BL27+BJ27 -> 0 | BU27: =BT27+BS27 -> 33 | BV27: =AI27 -> 3 | BW27: =AJ27 -> 0 | BX27: =AV27+AK27 -> 11 | BY27: =AL27+AW27 -> 0 | BZ27: =BI27+AX27+AM27 -> 7 | CA27: =AN27+AY27+BJ27 -> 0 | CB27: =BK27+AZ27+AO27 -> 21 | CC27: =AP27+BA27+BL27 -> 0 | CD27: =BM27+BB27+AQ27 -> 18 | CE27: =BN27+BC27+AR27 -> 0 | CF27: =BO27+BD27 -> 10 | CG27: =BP27+BE27 -> 0 | CH27: =BQ27 -> 8 | CI27: =BR27 -> 0 | CJ27: =BV27+BX27+BZ27+CB27+CD27+CF27+CH27 -> 78 | CK27: =BW27+BY27+CA27+CC27+CE27+CG27+CI27 -> 0 | CL27: =SUM(CJ27:CK27) -> 78 | CM27: 1 | CP27: 1 | CS27: 1 | CV27: =CS27+CP27+CM27 -> 3 | CW27: =CT27+CQ27+CN27 -> 0 | CX27: =CU27+CR27+CO27 -> 0 | CY27: =CX27+CW27+CV27 -> 3 | CZ27: 1 | DD27: 1 | DF27: =DD27+DB27+CZ27 -> 2 | DG27: =DE27+DC27+DA27 -> 0 | DH27: =DG27+DF27 -> 2 | DO27: =DM27+DK27+DI27 -> 0 | DP27: =DN27+DL27+DJ27 -> 0 | DQ27: =DP27+DO27 -> 0 | DR27: 18 | DT27: 18 | DV27: 20 | DX27: =DV27+DT27+DR27 -> 56 | DY27: =DW27+DU27+DS27 -> 0 | DZ27: =DY27+DX27 -> 56 | EA27: 1 | EC27: 2 | EE27: 11 | EG27: =EE27+EC27+EA27 -> 14 | EH27: =EF27+ED27+EB27 -> 0 | EI27: =EH27+EG27 -> 14 | EJ27: 1 | EN27: 5 | EP27: =EN27+EL27+EJ27 -> 6 | EQ27: =EO27+EM27+EK27 -> 0 | ER27: =EQ27+EP27 -> 6 | EY27: =EW27+EU27+ES27 -> 0 | EZ27: =EX27+EV27+ET27 -> 0 | FA27: =EZ27+EY27 -> 0 | FL27: =FJ27+FH27+FF27+FD27+FB27 -> 0 | FM27: =FK27+FI27+FG27+FE27+FC27 -> 0 | FN27: =FM27+FL27 -> 0 | GG27: =GE27+GA27+FY27+FW27+FU27+FS27+FO27 -> 0 | GH27: =GF27+GB27+FZ27+FX27+FV27+FT27+FP27 -> 0 | GI27: =GH27+GG27 -> 0 | KV27: =KT27+KN27+KJ27+KH27+KF27+KD27+KB27+JZ27+JX27+JV27+JT27+JR27+JP27+JN27+JL27+JJ27+JH27+JF27+JD27+JB27+IZ27+IX27+IV27+IT27+IR27+IP27+IN27+IL27+IJ27+IH27+IF27+ID27+IB27+HZ27+HX27+HV27+HT27+HR27+HP27+HN27+HL27+HJ27+HH27+HF27+HD27+HB27+GZ27+GX27+GV27+GT27+GR27+GP27+GN27+GL27+GJ27 -> 0 | KW27: =KU27+KO27+KK27+KI27+KG27+KE27+KC27+KA27+JY27+JW27+JU27+JS27+JQ27+JO27+JM27+JK27+JI27+JG27+JE27+JC27+JA27+IY27+IW27+IU27+IS27+IQ27+IO27+IM27+IK27+II27+IG27+IE27+IC27+IA27+HY27+HW27+HU27+HS27+HQ27+HO27+HM27+HK27+HI27+HG27+HE27+HC27+HA27+GY27+GW27+GU27+GS27+GQ27+GO27+GM27+GK27 -> 0 | KX27: =KW27+KV27 -> 0 | LQ27: =LA27+LC27+KY27+LE27+LG27+LI27+LK27+LM27+LO27 -> 0 | LR27: =LB27+LD27+KZ27+LF27+LH27+LJ27+LL27+LN27+LP27 -> 0 | LS27: =LR27+LQ27 -> 0 | NW27: =NU27+NS27+NQ27+NO27+NM27+NK27+NG27+NI27+NE27 -> 0 | NX27: =NV27+NT27+NR27+NP27+NN27+NL27+NH27+NJ27+NF27 -> 0 | NY27: =NX27+NW27 -> 0 | OF27: =OD27+OB27+NZ27 -> 0 | OG27: =OE27+OC27+OA27 -> 0 | OH27: =OG27+OF27 -> 0 | PO27: =PN27+PM27 -> 0 | SN27: =SM27+SL27 -> 0
E28: تابع الى اعدادية المناذرة المهنية | V28: 5 | X28: 12 | Z28: 5 | AB28: 4 | AD28: 3 | AF28: =AD28+AB28+Z28+X28+V28 -> 29 | AG28: =AE28+AC28+AA28+Y28+W28 -> 0 | AH28: =AG28+AF28 -> 29 | AI28: 5 | AK28: 12 | AM28: 5 | AO28: 4 | AQ28: 3 | AS28: =AQ28+AO28+AM28+AK28+AI28 -> 29 | AT28: =AR28+AP28+AN28+AL28+AJ28 -> 0 | AU28: =AT28+AS28 -> 29 | AV28: 1 | AX28: 1 | AZ28: 3 | BF28: =BD28+BB28+AZ28+AX28+AV28 -> 5 | BG28: =BE28+BC28+BA28+AY28+AW28 -> 0 | BH28: =BG28+BF28 -> 5 | BS28: =BQ28+BO28+BM28+BK28+BI28 -> 0 | BT28: =BR28+BP28+BN28+BL28+BJ28 -> 0 | BU28: =BT28+BS28 -> 0 | BV28: =AI28 -> 5 | BW28: =AJ28 -> 0 | BX28: =AV28+AK28 -> 13 | BY28: =AL28+AW28 -> 0 | BZ28: =BI28+AX28+AM28 -> 6 | CA28: =AN28+AY28+BJ28 -> 0 | CB28: =BK28+AZ28+AO28 -> 7 | CC28: =AP28+BA28+BL28 -> 0 | CD28: =BM28+BB28+AQ28 -> 3 | CE28: =BN28+BC28+AR28 -> 0 | CF28: =BO28+BD28 -> 0 | CG28: =BP28+BE28 -> 0 | CH28: =BQ28 -> 0 | CI28: =BR28 -> 0 | CJ28: =BV28+BX28+BZ28+CB28+CD28+CF28+CH28 -> 34 | CK28: =BW28+BY28+CA28+CC28+CE28+CG28+CI28 -> 0 | CL28: =SUM(CJ28:CK28) -> 34 | CM28: 1 | CP28: 1 | CV28: =CS28+CP28+CM28 -> 2 | CW28: =CT28+CQ28+CN28 -> 0 | CX28: =CU28+CR28+CO28 -> 0 | CY28: =CX28+CW28+CV28 -> 2 | CZ28: 1 | DF28: =DD28+DB28+CZ28 -> 1 | DG28: =DE28+DC28+DA28 -> 0 | DH28: =DG28+DF28 -> 1 | DR28: 7 | DX28: =DV28+DT28+DR28 -> 7 | DY28: =DW28+DU28+DS28 -> 0 | DZ28: =DY28+DX28 -> 7 | EG28: =EE28+EC28+EA28 -> 0 | EH28: =EF28+ED28+EB28 -> 0 | EI28: =EH28+EG28 -> 0 | EP28: =EN28+EL28+EJ28 -> 0 | EQ28: =EO28+EM28+EK28 -> 0 | ER28: =EQ28+EP28 -> 0 | EY28: =EW28+EU28+ES28 -> 0 | EZ28: =EX28+EV28+ET28 -> 0 | FA28: =EZ28+EY28 -> 0 | LQ28: =LA28+LC28+KY28+LE28+LG28+LI28+LK28+LM28+LO28 -> 0 | LR28: =LB28+LD28+KZ28+LF28+LH28+LJ28+LL28+LN28+LP28 -> 0 | LS28: =LR28+LQ28 -> 0
A30: خلاصة مركز الكوفة الزراعي | F30: =F27+F29+F28 -> 0 | G30: =G27+G29+G28 -> 0 | H30: =H27+H29+H28 -> 0 | I30: =I27+I29+I28 -> 0 | J30: =J27+J29+J28 -> 0 | K30: =K27+K29+K28 -> 0 | L30: =L27+L29+L28 -> 0 | M30: =M27+M29+M28 -> 0 | ... SP30: =SP27+SP29+SP28 -> 0
A31: خلاصة قضاء الكوفة الزراعي | F31: =F30 -> 0 | G31: =G30 -> 0 | H31: =H30 -> 0 | I31: =I30 -> 0 | J31: =J30 -> 0 | K31: =K30 -> 0 | L31: =L30 -> 0 | M31: =M30 -> 0 | ... SP31: =SP30 -> 0
A32: النجف | B32: المركز | E32: تابع الى اعدادية الغري المهنية للبنات | W32: 11 | Y32: 14 | AA32: 21 | AC32: 7 | AE32: 3 | AF32: =AD32+AB32+Z32+X32+V32 -> 0 | AG32: =AE32+AC32+AA32+Y32+W32 -> 56 | AH32: =AG32+AF32 -> 56 | AJ32: 11 | AL32: 14 | AN32: 21 | AP32: 7 | AR32: 3 | AS32: =AQ32+AO32+AM32+AK32+AI32 -> 0 | AT32: =AR32+AP32+AN32+AL32+AJ32 -> 56 | AU32: =AT32+AS32 -> 56 | AW32: 6 | AY32: 8 | BA32: 8 | BC32: 9 | BE32: 17 | BF32: =BD32+BB32+AZ32+AX32+AV32 -> 0 | BG32: =BE32+BC32+BA32+AY32+AW32 -> 48 | BH32: =BG32+BF32 -> 48 | BJ32: 5 | BL32: 6 | BN32: 3 | BP32: 3 | BR32: 4 | BS32: =BQ32+BO32+BM32+BK32+BI32 -> 0 | BT32: =BR32+BP32+BN32+BL32+BJ32 -> 21 | BU32: =BT32+BS32 -> 21 | BV32: =AI32 -> 0 | BW32: =AJ32 -> 11 | BX32: =AV32+AK32 -> 0 | BY32: =AL32+AW32 -> 20 | BZ32: =BI32+AX32+AM32 -> 0 | CA32: =AN32+AY32+BJ32 -> 34 | CB32: =BK32+AZ32+AO32 -> 0 | CC32: =AP32+BA32+BL32 -> 21 | CD32: =BM32+BB32+AQ32 -> 0 | CE32: =BN32+BC32+AR32 -> 15 | CF32: =BO32+BD32 -> 0 | CG32: =BP32+BE32 -> 20 | CH32: =BQ32 -> 0 | CI32: =BR32 -> 4 | CJ32: =BV32+BX32+BZ32+CB32+CD32+CF32+CH32 -> 0 | CK32: =BW32+BY32+CA32+CC32+CE32+CG32+CI32 -> 125 | CL32: =SUM(CJ32:CK32) -> 125 | CN32: 1 | CQ32: 1 | CT32: 1 | CV32: =CS32+CP32+CM32 -> 0 | CW32: =CT32+CQ32+CN32 -> 3 | CX32: =CU32+CR32+CO32 -> 0 | CY32: =CX32+CW32+CV32 -> 3 | DA32: 2 | DC32: 1 | DF32: =DD32+DB32+CZ32 -> 0 | DG32: =DE32+DC32+DA32 -> 3 | DH32: =DG32+DF32 -> 3 | DO32: =DM32+DK32+DI32 -> 0 | DP32: =DN32+DL32+DJ32 -> 0 | DQ32: =DP32+DO32 -> 0 | DS32: 42 | DU32: 20 | DW32: 16 | DX32: =DV32+DT32+DR32 -> 0 | DY32: =DW32+DU32+DS32 -> 78 | DZ32: =DY32+DX32 -> 78 | EB32: 2 | ED32: 1 | EG32: =EE32+EC32+EA32 -> 0 | EH32: =EF32+ED32+EB32 -> 3 | EI32: =EH32+EG32 -> 3 | EK32: 2 | EP32: =EN32+EL32+EJ32 -> 0 | EQ32: =EO32+EM32+EK32 -> 2 | ER32: =EQ32+EP32 -> 2 | EX32: 1 | EY32: =EW32+EU32+ES32 -> 0 | EZ32: =EX32+EV32+ET32 -> 1 | FA32: =EZ32+EY32 -> 1 | FL32: =FJ32+FH32+FF32+FD32+FB32 -> 0 | FM32: =FK32+FI32+FG32+FE32+FC32 -> 0 | FN32: =FM32+FL32 -> 0 | GG32: =GE32+GA32+FY32+FW32+FU32+FS32+FO32 -> 0 | GH32: =GF32+GB32+FZ32+FX32+FV32+FT32+FP32 -> 0 | GI32: =GH32+GG32 -> 0 | KV32: =KT32+KN32+KJ32+KH32+KF32+KD32+KB32+JZ32+JX32+JV32+JT32+JR32+JP32+JN32+JL32+JJ32+JH32+JF32+JD32+JB32+IZ32+IX32+IV32+IT32+IR32+IP32+IN32+IL32+IJ32+IH32+IF32+ID32+IB32+HZ32+HX32+HV32+HT32+HR32+HP32+HN32+HL32+HJ32+HH32+HF32+HD32+HB32+GZ32+GX32+GV32+GT32+GR32+GP32+GN32+GL32+GJ32 -> 0 | KW32: =KU32+KO32+KK32+KI32+KG32+KE32+KC32+KA32+JY32+JW32+JU32+JS32+JQ32+JO32+JM32+JK32+JI32+JG32+JE32+JC32+JA32+IY32+IW32+IU32+IS32+IQ32+IO32+IM32+IK32+II32+IG32+IE32+IC32+IA32+HY32+HW32+HU32+HS32+HQ32+HO32+HM32+HK32+HI32+HG32+HE32+HC32+HA32+GY32+GW32+GU32+GS32+GQ32+GO32+GM32+GK32 -> 0 | KX32: =KW32+KV32 -> 0 | LQ32: =LA32+LC32+KY32+LE32+LG32+LI32+LK32+LM32+LO32 -> 0 | LR32: =LB32+LD32+KZ32+LF32+LH32+LJ32+LL32+LN32+LP32 -> 0 | LS32: =LR32+LQ32 -> 0 | NW32: =NU32+NS32+NQ32+NO32+NM32+NK32+NG32+NI32+NE32 -> 0 | NX32: =NV32+NT32+NR32+NP32+NN32+NL32+NH32+NJ32+NF32 -> 0 | NY32: =NX32+NW32 -> 0 | OF32: =OD32+OB32+NZ32 -> 0 | OG32: =OE32+OC32+OA32 -> 0 | OH32: =OG32+OF32 -> 0 | PO32: =PN32+PM32 -> 0 | SN32: =SM32+SL32 -> 0
A33: النجف | B33: المركز | E33: تابع الى ع .النجف المهنية للبنات | W33: 24 | Y33: 34 | AA33: 20 | AC33: 14 | AE33: 19 | AF33: =AD33+AB33+Z33+X33+V33 -> 0 | AG33: =AE33+AC33+AA33+Y33+W33 -> 111 | AH33: =AG33+AF33 -> 111 | AJ33: 24 | AL33: 34 | AN33: 20 | AP33: 14 | AR33: 19 | AS33: =AQ33+AO33+AM33+AK33+AI33 -> 0 | AT33: =AR33+AP33+AN33+AL33+AJ33 -> 111 | AU33: =AT33+AS33 -> 111 | AW33: 12 | AY33: 9 | BA33: 6 | BC33: 10 | BE33: 17 | BF33: =BD33+BB33+AZ33+AX33+AV33 -> 0 | BG33: =BE33+BC33+BA33+AY33+AW33 -> 54 | BH33: =BG33+BF33 -> 54 | BJ33: 13 | BL33: 15 | BN33: 15 | BP33: 13 | BS33: =BQ33+BO33+BM33+BK33+BI33 -> 0 | BT33: =BR33+BP33+BN33+BL33+BJ33 -> 56 | BU33: =BT33+BS33 -> 56 | BV33: =AI33 -> 0 | BW33: =AJ33 -> 24 | BX33: =AV33+AK33 -> 0 | BY33: =AL33+AW33 -> 46 | BZ33: =BI33+AX33+AM33 -> 0 | CA33: =AN33+AY33+BJ33 -> 42 | CB33: =BK33+AZ33+AO33 -> 0 | CC33: =AP33+BA33+BL33 -> 35 | CD33: =BM33+BB33+AQ33 -> 0 | CE33: =BN33+BC33+AR33 -> 44 | CF33: =BO33+BD33 -> 0 | CG33: =BP33+BE33 -> 30 | CH33: =BQ33 -> 0 | CI33: =BR33 -> 0 | CJ33: =BV33+BX33+BZ33+CB33+CD33+CF33+CH33 -> 0 | CK33: =BW33+BY33+CA33+CC33+CE33+CG33+CI33 -> 221 | CL33: =SUM(CJ33:CK33) -> 221 | CN33: 3 | CQ33: 2 | CT33: 2 | CV33: =CS33+CP33+CM33 -> 0 | CW33: =CT33+CQ33+CN33 -> 7 | CX33: =CU33+CR33+CO33 -> 0 | CY33: =CX33+CW33+CV33 -> 7 | DA33: 1 | DC33: 4 | DF33: =DD33+DB33+CZ33 -> 0 | DG33: =DE33+DC33+DA33 -> 5 | DH33: =DG33+DF33 -> 5 | DS33: 42 | DU33: 46 | DW33: 44 | DX33: =DV33+DT33+DR33 -> 0 | DY33: =DW33+DU33+DS33 -> 132 | DZ33: =DY33+DX33 -> 132 | EB33: 2 | ED33: 4 | EF33: 4 | EG33: =EE33+EC33+EA33 -> 0 | EH33: =EF33+ED33+EB33 -> 10 | EI33: =EH33+EG33 -> 10 | EK33: 3 | EM33: 2 | EP33: =EN33+EL33+EJ33 -> 0 | EQ33: =EO33+EM33+EK33 -> 5 | ER33: =EQ33+EP33 -> 5 | EY33: =EW33+EU33+ES33 -> 0 | EZ33: =EX33+EV33+ET33 -> 0 | FA33: =EZ33+EY33 -> 0 | FL33: =FJ33+FH33+FF33+FD33+FB33 -> 0 | FM33: =FK33+FI33+FG33+FE33+FC33 -> 0 | FN33: =FM33+FL33 -> 0 | LQ33: =LA33+LC33+KY33+LE33+LG33+LI33+LK33+LM33+LO33 -> 0 | LR33: =LB33+LD33+KZ33+LF33+LH33+LJ33+LL33+LN33+LP33 -> 0 | LS33: =LR33+LQ33 -> 0
A34: خلاصة مركز النجف الفنون التطبيقية | F34: =F32+F33 -> 0 | G34: =G32+G33 -> 0 | H34: =H32+H33 -> 0 | I34: =I32+I33 -> 0 | J34: =J32+J33 -> 0 | K34: =K32+K33 -> 0 | L34: =L32+L33 -> 0 | M34: =M32+M33 -> 0 | ... GB34: =GB32+GB33 -> 0 | GE34: =GE32+GE33 -> 0 | GF34: =GF32+GF33 -> 0 | GG34: =GG32+GG33 -> 0 | GH34: =GH32+GH33 -> 0 | GI34: =GI32+GI33 -> 0 | GJ34: =GJ32+GJ33 -> 0 | GK34: =GK32+GK33 -> 0 | GL34: =GL32+GL33 -> 0 | ... PU34: =PU32+PU33 -> 0 | PV34: =PV32 -> 0 | PW34: =PW32 -> 0 | PX34: =PX32 -> 0 | PY34: =PY32 -> 0 | PZ34: =PZ32 -> 0 | QA34: =QA32 -> 0 | QB34: =QB32+QB33 -> 0 | QC34: =QC32+QC33 -> 0 | QD34: =QD32+QD33 -> 0 | QE34: =QE32+QE33 -> 0 | QF34: =QF32+QF33 -> 0 | QG34: =QG32+QG33 -> 0 | QH34: =QH32+QH33 -> 0 | QI34: =QI32+QI33 -> 0 | ... QT34: =QT32+QT33 -> 0 | RB34: =RB32+RB33 -> 0 | RC34: =RC32 -> 0 | RD34: =RD32 -> 0 | RE34: =RE32 -> 0 | RF34: =RF32 -> 0 | RG34: =RG32 -> 0 | RH34: =RH32 -> 0 | RI34: =RI32 -> 0 | RJ34: =RJ32 -> 0 | ... RN34: =RN32 -> 0 | RU34: =RU32 -> 0 | RW34: =RW32 -> 0 | RY34: =RY32 -> 0 | SA34: =SA32 -> 0 | SB34: =SB32 -> 0 | SC34: =SC32 -> 0 | SD34: =SD32 -> 0 | SE34: =SE32 -> 0 | SF34: =SF32 -> 0 | SG34: =SG32 -> 0 | SI34: =SI32 -> 0 | SJ34: =SJ32 -> 0 | SK34: =SK32 -> 0 | SL34: =SL32 -> 0 | SM34: =SM32 -> 0 | SN34: =SN32 -> 0 | SO34: =SO32 -> 0 | SP34: =SP32 -> 0
A35: خلاصة محافظة النجف الفنون التطبيقية | F35: =F34 -> 0 | G35: =G34 -> 0 | H35: =H34 -> 0 | I35: =I34 -> 0 | J35: =J34 -> 0 | K35: =K34 -> 0 | L35: =L34 -> 0 | M35: =M34 -> 0 | ... GB35: =GB34 -> 0 | GE35: =GE34 -> 0 | GF35: =GF34 -> 0 | GG35: =GG34 -> 0 | GH35: =GH34 -> 0 | GI35: =GI34 -> 0 | GJ35: =GJ34 -> 0 | GK35: =GK34 -> 0 | GL35: =GL34 -> 0 | ... OV35: =OV34 -> 0 | OZ35: =OZ34 -> 0 | PA35: =PA34 -> 0 | PB35: =PB34 -> 0 | PC35: =PC34 -> 0 | PD35: =PD34 -> 0 | PE35: =PE34 -> 0 | PF35: =PF34 -> 0 | PG35: =PG34 -> 0 | ... QN35: =QN34 -> 0 | RB35: =RB34 -> 0 | RC35: =RC34 -> 0 | RD35: =RD34 -> 0 | RE35: =RE34 -> 0 | RF35: =RF34 -> 0 | RG35: =RG34 -> 0 | RH35: =RH34 -> 0 | RI35: =RI34 -> 0 | ... RN35: =RN34 -> 0 | RU35: =RU34 -> 0 | RW35: =RW34 -> 0 | RY35: =RY34 -> 0 | SA35: =SA34 -> 0 | SB35: =SB34 -> 0 | SC35: =SC34 -> 0 | SD35: =SD34 -> 0 | SE35: =SE34 -> 0 | SF35: =SF34 -> 0 | SG35: =SG34 -> 0 | SI35: =SI34 -> 0 | SJ35: =SJ34 -> 0 | SK35: =SK34 -> 0 | SL35: =SL34 -> 0 | SM35: =SM34 -> 0 | SN35: =SN34 -> 0 | SO35: =SO34 -> 0 | SP35: =SP34 -> 0
E36: تابع الى اعدادية النجف المهنية | AF36: =AD36+AB36+Z36+X36+V36 -> 0 | AG36: =AE36+AC36+AA36+Y36+W36 -> 0 | AH36: =AG36+AF36 -> 0 | AS36: =AQ36+AO36+AM36+AK36+AI36 -> 0 | AT36: =AR36+AP36+AN36+AL36+AJ36 -> 0 | AU36: =AT36+AS36 -> 0 | AV36: 40 | AX36: 22 | AZ36: 25 | BB36: 5 | BD36: 10 | BF36: =BD36+BB36+AZ36+AX36+AV36 -> 102 | BG36: =BE36+BC36+BA36+AY36+AW36 -> 0 | BH36: =BG36+BF36 -> 102 | BI36: 8 | BK36: 14 | BM36: 9 | BO36: 5 | BQ36: 5 | BS36: =BQ36+BO36+BM36+BK36+BI36 -> 41 | BT36: =BR36+BP36+BN36+BL36+BJ36 -> 0 | BU36: =BT36+BS36 -> 41 | BV36: =AI36 -> 0 | BW36: =AJ36 -> 0 | BX36: =AV36+AK36 -> 40 | BY36: =AL36+AW36 -> 0 | BZ36: =BI36+AX36+AM36 -> 30 | CA36: =AN36+AY36+BJ36 -> 0 | CB36: =BK36+AZ36+AO36 -> 39 | CC36: =AP36+BA36+BL36 -> 0 | CD36: =BM36+BB36+AQ36 -> 14 | CE36: =BN36+BC36+AR36 -> 0 | CF36: =BO36+BD36 -> 15 | CG36: =BP36+BE36 -> 0 | CH36: =BQ36 -> 5 | CI36: =BR36 -> 0 | CJ36: =CH36+CF36+CD36+CB36+BZ36+BX36+BV36 -> 143 | CK36: =CI36+CG36+CE36+CC36+CA36+BY36+BW36 -> 0 | CL36: =CK36+CJ36 -> 143 | CP36: 3 | CS36: 2 | CV36: =CS36+CP36+CM36 -> 5 | CW36: =CT36+CQ36+CN36 -> 0 | CX36: =CU36+CR36+CO36 -> 0 | CY36: =CX36+CW36+CV36 -> 5 | DD36: 1 | DF36: =DD36+DB36+CZ36 -> 1 | DG36: =DE36+DC36+DA36 -> 0 | DH36: =DG36+DF36 -> 1 | DO36: =DM36+DK36+DI36 -> 0 | DP36: =DN36+DL36+DJ36 -> 0 | DQ36: =DP36+DO36 -> 0 | DR36: 101 | DT36: 29 | DV36: 51 | DX36: =DV36+DT36+DR36 -> 181 | DY36: =DW36+DU36+DS36 -> 0 | DZ36: =DY36+DX36 -> 181 | EA36: 12 | EC36: 3 | EE36: 12 | EG36: =EE36+EC36+EA36 -> 27 | EH36: =EF36+ED36+EB36 -> 0 | EI36: =EH36+EG36 -> 27 | EJ36: 5 | EL36: 2 | EN36: 2 | EP36: =EN36+EL36+EJ36 -> 9 | EQ36: =EO36+EM36+EK36 -> 0 | ER36: =EQ36+EP36 -> 9 | EY36: =EW36+EU36+ES36 -> 0 | EZ36: =EX36+EV36+ET36 -> 0 | FA36: =EZ36+EY36 -> 0 | FL36: =FJ36+FH36+FF36+FD36+FB36 -> 0 | FM36: =FK36+FI36+FG36+FE36+FC36 -> 0 | FN36: =FM36+FL36 -> 0 | GG36: =GE36+GA36+FY36+FW36+FU36+FS36+FO36 -> 0 | GH36: =GF36+GB36+FZ36+FX36+FV36+FT36+FP36 -> 0 | GI36: =GH36+GG36 -> 0 | KV36: =KT36+KN36+KJ36+KH36+KF36+KD36+KB36+JZ36+JX36+JV36+JT36+JR36+JP36+JN36+JL36+JJ36+JH36+JF36+JD36+JB36+IZ36+IX36+IV36+IT36+IR36+IP36+IN36+IL36+IJ36+IH36+IF36+ID36+IB36+HZ36+HX36+HV36+HT36+HR36+HP36+HN36+HL36+HJ36+HH36+HF36+HD36+HB36+GZ36+GX36+GV36+GT36+GR36+GP36+GN36+GL36+GJ36 -> 0 | KW36: =KU36+KO36+KK36+KI36+KG36+KE36+KC36+KA36+JY36+JW36+JU36+JS36+JQ36+JO36+JM36+JK36+JI36+JG36+JE36+JC36+JA36+IY36+IW36+IU36+IS36+IQ36+IO36+IM36+IK36+II36+IG36+IE36+IC36+IA36+HY36+HW36+HU36+HS36+HQ36+HO36+HM36+HK36+HI36+HG36+HE36+HC36+HA36+GY36+GW36+GU36+GS36+GQ36+GO36+GM36+GK36 -> 0 | KX36: =KW36+KV36 -> 0 | LQ36: =LA36+LC36+KY36+LE36+LG36+LI36+LK36+LM36+LO36 -> 0 | LR36: =LB36+LD36+KZ36+LF36+LH36+LJ36+LL36+LN36+LP36 -> 0 | LS36: =LR36+LQ36 -> 0 | MB36: =LX36+LV36+LT36+LZ36 -> 0 | MC36: =LY36+LW36+LU36+MA36 -> 0 | MD36: =MC36+MB36 -> 0 | MO36: =MM36+MK36+MI36+MG36+ME36 -> 0 | MP36: =MN36+ML36+MJ36+MH36+MF36 -> 0 | MQ36: =MP36+MO36 -> 0 | MZ36: =MX36+MV36+MT36+MR36 -> 0 | NA36: =MY36+MW36+MU36+MS36 -> 0 | NB36: =NA36+MZ36 -> 0 | NW36: =NU36+NS36+NQ36+NO36+NM36+NK36+NG36+NI36+NE36 -> 0 | NX36: =NV36+NT36+NR36+NP36+NN36+NL36+NH36+NJ36+NF36 -> 0 | NY36: =NX36+NW36 -> 0 | PO36: =SUM(PM36:PN36) -> 0
A37: النجف | B37: المركز | D37: 1401671 | E37: الشهيدحسن نصرالله للحاسبات وتقنية المعلومات | F37: 1 | I37: 1 | K37: 1 | O37: 1 | Q37: 1 | U37: 1 | V37: 166 | X37: 101 | Z37: 68 | AB37: 43 | AD37: 27 | AF37: =AD37+AB37+Z37+X37+V37 -> 405 | AG37: =AE37+AC37+AA37+Y37+W37 -> 0 | AH37: =AG37+AF37 -> 405 | AI37: 166 | AK37: 101 | AM37: 68 | AO37: 43 | AQ37: 27 | AS37: =AQ37+AO37+AM37+AK37+AI37 -> 405 | AT37: =AR37+AP37+AN37+AL37+AJ37 -> 0 | AU37: =AT37+AS37 -> 405 | AV37: 31 | AX37: 13 | AZ37: 10 | BB37: 6 | BD37: 4 | BF37: =BD37+BB37+AZ37+AX37+AV37 -> 64 | BG37: =BE37+BC37+BA37+AY37+AW37 -> 0 | BH37: =BG37+BF37 -> 64 | BS37: =BQ37+BO37+BM37+BK37+BI37 -> 0 | BT37: =BR37+BP37+BN37+BL37+BJ37 -> 0 | BU37: =BT37+BS37 -> 0 | BV37: =AI37 -> 166 | BW37: =AJ37 -> 0 | BX37: =AV37+AK37 -> 132 | BY37: =AL37+AW37 -> 0 | BZ37: =BI37+AX37+AM37 -> 81 | CA37: =AN37+AY37+BJ37 -> 0 | CB37: =BK37+AZ37+AO37 -> 53 | CC37: =AP37+BA37+BL37 -> 0 | CD37: =BM37+BB37+AQ37 -> 33 | CE37: =BN37+BC37+AR37 -> 0 | CF37: =BO37+BD37 -> 4 | CG37: =BP37+BE37 -> 0 | CH37: =BQ37 -> 0 | CI37: =BR37 -> 0 | CJ37: =CH37+CF37+CD37+CB37+BZ37+BX37+BV37 -> 469 | CK37: =CI37+CG37+CE37+CC37+CA37+BY37+BW37 -> 0 | CL37: =CK37+CJ37 -> 469 | CM37: 7 | CP37: 2 | CV37: =CS37+CP37+CM37 -> 9 | CW37: =CT37+CQ37+CN37 -> 0 | CX37: =CU37+CR37+CO37 -> 0 | CY37: =CX37+CW37+CV37 -> 9 | DF37: =DD37+DB37+CZ37 -> 0 | DG37: =DE37+DC37+DA37 -> 0 | DH37: =DG37+DF37 -> 0 | DX37: =DV37+DT37+DR37 -> 0 | DY37: =DW37+DU37+DS37 -> 0 | DZ37: =DY37+DX37 -> 0 | EG37: =EE37+EC37+EA37 -> 0 | EH37: =EF37+ED37+EB37 -> 0 | EI37: =EH37+EG37 -> 0 | EP37: =EN37+EL37+EJ37 -> 0 | EQ37: =EO37+EM37+EK37 -> 0 | ER37: =EQ37+EP37 -> 0 | EY37: =EW37+EU37+ES37 -> 0 | EZ37: =EX37+EV37+ET37 -> 0 | FA37: =EZ37+EY37 -> 0 | FB37: 1 | FL37: =FJ37+FH37+FF37+FD37+FB37 -> 1 | FM37: =FK37+FI37+FG37+FE37+FC37 -> 0 | FN37: =FM37+FL37 -> 1 | GG37: =GE37+GA37+FY37+FW37+FU37+FS37+FO37 -> 0 | GH37: =GF37+GB37+FZ37+FX37+FV37+FT37+FP37 -> 0 | GI37: =GH37+GG37 -> 0 | KN37: 1 | KV37: =KT37+KN37+KJ37+KH37+KF37+KD37+KB37+JZ37+JX37+JV37+JT37+JR37+JP37+JN37+JL37+JJ37+JH37+JF37+JD37+JB37+IZ37+IX37+IV37+IT37+IR37+IP37+IN37+IL37+IJ37+IH37+IF37+ID37+IB37+HZ37+HX37+HV37+HT37+HR37+HP37+HN37+HL37+HJ37+HH37+HF37+HD37+HB37+GZ37+GX37+GV37+GT37+GR37+GP37+GN37+GL37+GJ37 -> 1 | KW37: =KU37+KO37+KK37+KI37+KG37+KE37+KC37+KA37+JY37+JW37+JU37+JS37+JQ37+JO37+JM37+JK37+JI37+JG37+JE37+JC37+JA37+IY37+IW37+IU37+IS37+IQ37+IO37+IM37+IK37+II37+IG37+IE37+IC37+IA37+HY37+HW37+HU37+HS37+HQ37+HO37+HM37+HK37+HI37+HG37+HE37+HC37+HA37+GY37+GW37+GU37+GS37+GQ37+GO37+GM37+GK37 -> 0 | KX37: =KW37+KV37 -> 1 | KY37: 1 | LQ37: =LA37+LC37+KY37+LE37+LG37+LI37+LK37+LM37+LO37 -> 1 | LR37: =LB37+LD37+KZ37+LF37+LH37+LJ37+LL37+LN37+LP37 -> 0 | LS37: =LR37+LQ37 -> 1 | LZ37: 1 | MB37: =LX37+LV37+LT37+LZ37 -> 1 | MC37: =LY37+LW37+LU37+MA37 -> 0 | MD37: =MC37+MB37 -> 1 | MI37: 1 | MO37: =MM37+MK37+MI37+MG37+ME37 -> 1 | MP37: =MN37+ML37+MJ37+MH37+MF37 -> 0 | MQ37: =MP37+MO37 -> 1 | MT37: 1 | MZ37: =MX37+MV37+MT37+MR37 -> 1 | NA37: =MY37+MW37+MU37+MS37 -> 0 | NB37: =NA37+MZ37 -> 1 | NQ37: 1 | NW37: =NU37+NS37+NQ37+NO37+NM37+NK37+NG37+NI37+NE37 -> 1 | NX37: =NV37+NT37+NR37+NP37+NN37+NL37+NH37+NJ37+NF37 -> 0 | NY37: =NX37+NW37 -> 1 | OJ37: 1 | OK37: 1 | OM37: 1 | OP37: 1 | OU37: 1 | OW37: 2024 | OZ37: 1 | PD37: 1 | PI37: 1 | PJ37: 1 | PL37: 6 | PM37: 24 | PN37: 4 | PO37: =SUM(PM37:PN37) -> 28 | PP37: 1 | PV37: 1 | PX37: 1 | PZ37: 1 | QB37: 1 | QD37: 1 | QI37: 1 | QL37: 1 | QM37: 1 | QO37: 1 | QR37: 1 | QU37: 1 | RA37: 1 | RB37: 1 | RE37: 1 | RF37: 1 | RJ37: 1 | RL37: 1 | RO37: 360 | RS37: 28 | RW37: 2 | RY37: 2 | SB37: 1 | SQ37: حي النداء | SR37: م .م . سعد عبدالزهرة الساعدي | SS37: 7801502461
E38: تابع الى اعدادية الكوثرالمهنية للبنين | V38: 16 | X38: 21 | Z38: 21 | AB38: 7 | AD38: 8 | AF38: =AD38+AB38+Z38+X38+V38 -> 73 | AG38: =AE38+AC38+AA38+Y38+W38 -> 0 | AH38: =AG38+AF38 -> 73 | AI38: 16 | AK38: 21 | AM38: 24 | AO38: 10 | AQ38: 11 | AS38: =AQ38+AO38+AM38+AK38+AI38 -> 82 | AT38: =AR38+AP38+AN38+AL38+AJ38 -> 0 | AU38: =AT38+AS38 -> 82 | AV38: 2 | AX38: 4 | AZ38: 5 | BB38: 5 | BD38: 4 | BF38: =BD38+BB38+AZ38+AX38+AV38 -> 20 | BG38: =BE38+BC38+BA38+AY38+AW38 -> 0 | BH38: =BG38+BF38 -> 20 | BI38: 1 | BK38: 14 | BM38: 6 | BO38: 8 | BQ38: 7 | BS38: =BQ38+BO38+BM38+BK38+BI38 -> 36 | BT38: =BR38+BP38+BN38+BL38+BJ38 -> 0 | BU38: =BT38+BS38 -> 36 | BV38: =AI38 -> 16 | BW38: =AJ38 -> 0 | BX38: =AV38+AK38 -> 23 | BY38: =AL38+AW38 -> 0 | BZ38: =BI38+AX38+AM38 -> 29 | CA38: =AN38+AY38+BJ38 -> 0 | CB38: =BK38+AZ38+AO38 -> 29 | CC38: =AP38+BA38+BL38 -> 0 | CD38: =BM38+BB38+AQ38 -> 22 | CE38: =BN38+BC38+AR38 -> 0 | CF38: =BO38+BD38 -> 12 | CG38: =BP38+BE38 -> 0 | CH38: =BQ38 -> 7 | CI38: =BR38 -> 0 | CJ38: =CH38+CF38+CD38+CB38+BZ38+BX38+BV38 -> 138 | CK38: =CI38+CG38+CE38+CC38+CA38+BY38+BW38 -> 0 | CL38: =CK38+CJ38 -> 138 | CM38: 2 | CP38: 1 | CS38: 1 | CV38: =CS38+CP38+CM38 -> 4 | CW38: =CT38+CQ38+CN38 -> 0 | CX38: =CU38+CR38+CO38 -> 0 | CY38: =CX38+CW38+CV38 -> 4 | CZ38: 1 | DB38: 1 | DF38: =DD38+DB38+CZ38 -> 2 | DG38: =DE38+DC38+DA38 -> 0 | DH38: =DG38+DF38 -> 2 | DO38: =DM38+DK38+DI38 -> 0 | DP38: =DN38+DL38+DJ38 -> 0 | DQ38: =DP38+DO38 -> 0 | DR38: 16 | DT38: 13 | DV38: 32 | DX38: =DV38+DT38+DR38 -> 61 | DY38: =DW38+DU38+DS38 -> 0 | DZ38: =DY38+DX38 -> 61 | EA38: 11 | EC38: 1 | EE38: 5 | EG38: =EE38+EC38+EA38 -> 17 | EH38: =EF38+ED38+EB38 -> 0 | EI38: =EH38+EG38 -> 17 | EL38: 1 | EN38: 5 | EP38: =EN38+EL38+EJ38 -> 6 | EQ38: =EO38+EM38+EK38 -> 0 | ER38: =EQ38+EP38 -> 6 | EW38: 1 | EY38: =EW38+EU38+ES38 -> 1 | EZ38: =EX38+EV38+ET38 -> 0 | FA38: =EZ38+EY38 -> 1 | FL38: =FJ38+FH38+FF38+FD38+FB38 -> 0 | FM38: =FK38+FI38+FG38+FE38+FC38 -> 0 | FN38: =FM38+FL38 -> 0 | GG38: =GE38+GA38+FY38+FW38+FU38+FS38+FO38 -> 0 | GH38: =GF38+GB38+FZ38+FX38+FV38+FT38+FP38 -> 0 | GI38: =GH38+GG38 -> 0 | KV38: =KT38+KN38+KJ38+KH38+KF38+KD38+KB38+JZ38+JX38+JV38+JT38+JR38+JP38+JN38+JL38+JJ38+JH38+JF38+JD38+JB38+IZ38+IX38+IV38+IT38+IR38+IP38+IN38+IL38+IJ38+IH38+IF38+ID38+IB38+HZ38+HX38+HV38+HT38+HR38+HP38+HN38+HL38+HJ38+HH38+HF38+HD38+HB38+GZ38+GX38+GV38+GT38+GR38+GP38+GN38+GL38+GJ38 -> 0 | KW38: =KU38+KO38+KK38+KI38+KG38+KE38+KC38+KA38+JY38+JW38+JU38+JS38+JQ38+JO38+JM38+JK38+JI38+JG38+JE38+JC38+JA38+IY38+IW38+IU38+IS38+IQ38+IO38+IM38+IK38+II38+IG38+IE38+IC38+IA38+HY38+HW38+HU38+HS38+HQ38+HO38+HM38+HK38+HI38+HG38+HE38+HC38+HA38+GY38+GW38+GU38+GS38+GQ38+GO38+GM38+GK38 -> 0 | KX38: =KW38+KV38 -> 0 | LQ38: =LA38+LC38+KY38+LE38+LG38+LI38+LK38+LM38+LO38 -> 0 | LR38: =LB38+LD38+KZ38+LF38+LH38+LJ38+LL38+LN38+LP38 -> 0 | LS38: =LR38+LQ38 -> 0 | MB38: =LX38+LV38+LT38+LZ38 -> 0 | MC38: =LY38+LW38+LU38+MA38 -> 0 | MD38: =MC38+MB38 -> 0 | MO38: =MM38+MK38+MI38+MG38+ME38 -> 0 | MP38: =MN38+ML38+MJ38+MH38+MF38 -> 0 | MQ38: =MP38+MO38 -> 0 | MZ38: =MX38+MV38+MT38+MR38 -> 0 | NA38: =MY38+MW38+MU38+MS38 -> 0 | NB38: =NA38+MZ38 -> 0 | NW38: =NU38+NS38+NQ38+NO38+NM38+NK38+NG38+NI38+NE38 -> 0 | NX38: =NV38+NT38+NR38+NP38+NN38+NL38+NH38+NJ38+NF38 -> 0 | NY38: =NX38+NW38 -> 0 | PO38: =SUM(PM38:PN38) -> 0 | SR38: غياث جوري | SS38: 7808504400
E39: تابع الى اعدادية الغري المهنية للبنين | V39: 31 | X39: 30 | Z39: 15 | AB39: 4 | AD39: 3 | AF39: =AD39+AB39+Z39+X39+V39 -> 83 | AG39: =AE39+AC39+AA39+Y39+W39 -> 0 | AH39: =AG39+AF39 -> 83 | AI39: 31 | AK39: 30 | AM39: 15 | AO39: 4 | AQ39: 30 | AS39: =AQ39+AO39+AM39+AK39+AI39 -> 110 | AT39: =AR39+AP39+AN39+AL39+AJ39 -> 0 | AU39: =AT39+AS39 -> 110 | AV39: 12 | AX39: 8 | AZ39: 12 | BB39: 4 | BD39: 11 | BF39: =BD39+BB39+AZ39+AX39+AV39 -> 47 | BG39: =BE39+BC39+BA39+AY39+AW39 -> 0 | BH39: =BG39+BF39 -> 47 | BI39: 19 | BK39: 34 | BM39: 24 | BO39: 13 | BQ39: 5 | BS39: =BQ39+BO39+BM39+BK39+BI39 -> 95 | BT39: =BR39+BP39+BN39+BL39+BJ39 -> 0 | BU39: =BT39+BS39 -> 95 | BV39: =AI39 -> 31 | BW39: =AJ39 -> 0 | BX39: =AV39+AK39 -> 42 | BY39: =AL39+AW39 -> 0 | BZ39: =BI39+AX39+AM39 -> 42 | CA39: =AN39+AY39+BJ39 -> 0 | CB39: =BK39+AZ39+AO39 -> 50 | CC39: =AP39+BA39+BL39 -> 0 | CD39: =BM39+BB39+AQ39 -> 58 | CE39: =BN39+BC39+AR39 -> 0 | CF39: =BO39+BD39 -> 24 | CG39: =BP39+BE39 -> 0 | CH39: =BQ39 -> 5 | CI39: =BR39 -> 0 | CJ39: =CH39+CF39+CD39+CB39+BZ39+BX39+BV39 -> 252 | CK39: =CI39+CG39+CE39+CC39+CA39+BY39+BW39 -> 0 | CL39: =CK39+CJ39 -> 252 | CM39: 2 | CP39: 1 | CS39: 2 | CV39: =CS39+CP39+CM39 -> 5 | CW39: =CT39+CQ39+CN39 -> 0 | CX39: =CU39+CR39+CO39 -> 0 | CY39: =CX39+CW39+CV39 -> 5 | DF39: =DD39+DB39+CZ39 -> 0 | DG39: =DE39+DC39+DA39 -> 0 | DH39: =DG39+DF39 -> 0 | DO39: =DM39+DK39+DI39 -> 0 | DP39: =DN39+DL39+DJ39 -> 0 | DQ39: =DP39+DO39 -> 0 | DR39: 32 | DT39: 49 | DV39: 49 | DX39: =DV39+DT39+DR39 -> 130 | DY39: =DW39+DU39+DS39 -> 0 | DZ39: =DY39+DX39 -> 130 | EA39: 5 | EC39: 3 | EE39: 24 | EG39: =EE39+EC39+EA39 -> 32 | EH39: =EF39+ED39+EB39 -> 0 | EI39: =EH39+EG39 -> 32 | EJ39: 5 | EN39: 1 | EP39: =EN39+EL39+EJ39 -> 6 | EQ39: =EO39+EM39+EK39 -> 0 | ER39: =EQ39+EP39 -> 6 | EW39: 13 | EY39: =EW39+EU39+ES39 -> 13 | EZ39: =EX39+EV39+ET39 -> 0 | FA39: =EZ39+EY39 -> 13 | FL39: =FJ39+FH39+FF39+FD39+FB39 -> 0 | FM39: =FK39+FI39+FG39+FE39+FC39 -> 0 | FN39: =FM39+FL39 -> 0 | GG39: =GE39+GA39+FY39+FW39+FU39+FS39+FO39 -> 0 | GH39: =GF39+GB39+FZ39+FX39+FV39+FT39+FP39 -> 0 | GI39: =GH39+GG39 -> 0 | KV39: =KT39+KN39+KJ39+KH39+KF39+KD39+KB39+JZ39+JX39+JV39+JT39+JR39+JP39+JN39+JL39+JJ39+JH39+JF39+JD39+JB39+IZ39+IX39+IV39+IT39+IR39+IP39+IN39+IL39+IJ39+IH39+IF39+ID39+IB39+HZ39+HX39+HV39+HT39+HR39+HP39+HN39+HL39+HJ39+HH39+HF39+HD39+HB39+GZ39+GX39+GV39+GT39+GR39+GP39+GN39+GL39+GJ39 -> 0 | KW39: =KU39+KO39+KK39+KI39+KG39+KE39+KC39+KA39+JY39+JW39+JU39+JS39+JQ39+JO39+JM39+JK39+JI39+JG39+JE39+JC39+JA39+IY39+IW39+IU39+IS39+IQ39+IO39+IM39+IK39+II39+IG39+IE39+IC39+IA39+HY39+HW39+HU39+HS39+HQ39+HO39+HM39+HK39+HI39+HG39+HE39+HC39+HA39+GY39+GW39+GU39+GS39+GQ39+GO39+GM39+GK39 -> 0 | KX39: =KW39+KV39 -> 0 | LQ39: =LA39+LC39+KY39+LE39+LG39+LI39+LK39+LM39+LO39 -> 0 | LR39: =LB39+LD39+KZ39+LF39+LH39+LJ39+LL39+LN39+LP39 -> 0 | LS39: =LR39+LQ39 -> 0 | MB39: =LX39+LV39+LT39+LZ39 -> 0 | MC39: =LY39+LW39+LU39+MA39 -> 0 | MD39: =MC39+MB39 -> 0 | MO39: =MM39+MK39+MI39+MG39+ME39 -> 0 | MP39: =MN39+ML39+MJ39+MH39+MF39 -> 0 | MQ39: =MP39+MO39 -> 0 | MZ39: =MX39+MV39+MT39+MR39 -> 0 | NA39: =MY39+MW39+MU39+MS39 -> 0 | NB39: =NA39+MZ39 -> 0 | NW39: =NU39+NS39+NQ39+NO39+NM39+NK39+NG39+NI39+NE39 -> 0 | NX39: =NV39+NT39+NR39+NP39+NN39+NL39+NH39+NJ39+NF39 -> 0 | NY39: =NX39+NW39 -> 0 | PO39: =SUM(PM39:PN39) -> 0
E40: تابع الى اعدادية الغري المهنية للبنات | W40: 53 | Y40: 53 | AA40: 43 | AC40: 25 | AE40: 35 | AF40: =AD40+AB40+Z40+X40+V40 -> 0 | AG40: =AE40+AC40+AA40+Y40+W40 -> 209 | AH40: =AG40+AF40 -> 209 | AJ40: 53 | AL40: 53 | AN40: 43 | AP40: 25 | AR40: 35 | AS40: =AQ40+AO40+AM40+AK40+AI40 -> 0 | AT40: =AR40+AP40+AN40+AL40+AJ40 -> 209 | AU40: =AT40+AS40 -> 209 | AW40: 19 | AY40: 17 | BA40: 31 | BC40: 29 | BE40: 17 | BF40: =BD40+BB40+AZ40+AX40+AV40 -> 0 | BG40: =BE40+BC40+BA40+AY40+AW40 -> 113 | BH40: =BG40+BF40 -> 113 | BJ40: 12 | BL40: 24 | BN40: 16 | BP40: 20 | BR40: 23 | BS40: =BQ40+BO40+BM40+BK40+BI40 -> 0 | BT40: =BR40+BP40+BN40+BL40+BJ40 -> 95 | BU40: =BT40+BS40 -> 95 | BV40: =AI40 -> 0 | BW40: =AJ40 -> 53 | BX40: =AV40+AK40 -> 0 | BY40: =AL40+AW40 -> 72 | BZ40: =BI40+AX40+AM40 -> 0 | CA40: =AN40+AY40+BJ40 -> 72 | CB40: =BK40+AZ40+AO40 -> 0 | CC40: =AP40+BA40+BL40 -> 80 | CD40: =BM40+BB40+AQ40 -> 0 | CE40: =BN40+BC40+AR40 -> 80 | CF40: =BO40+BD40 -> 0 | CG40: =BP40+BE40 -> 37 | CH40: =BQ40 -> 0 | CI40: =BR40 -> 23 | CJ40: =CH40+CF40+CD40+CB40+BZ40+BX40+BV40 -> 0 | CK40: =CI40+CG40+CE40+CC40+CA40+BY40+BW40 -> 417 | CL40: =CK40+CJ40 -> 417 | CN40: 4 | CQ40: 3 | CT40: 3 | CV40: =CS40+CP40+CM40 -> 0 | CW40: =CT40+CQ40+CN40 -> 10 | CX40: =CU40+CR40+CO40 -> 0 | CY40: =CX40+CW40+CV40 -> 10 | DA40: 4 | DC40: 3 | DE40: 2 | DF40: =DD40+DB40+CZ40 -> 0 | DG40: =DE40+DC40+DA40 -> 9 | DH40: =DG40+DF40 -> 9 | DO40: =DM40+DK40+DI40 -> 0 | DP40: =DN40+DL40+DJ40 -> 0 | DQ40: =DP40+DO40 -> 0 | DS40: 111 | DU40: 48 | DW40: 100 | DX40: =DV40+DT40+DR40 -> 0 | DY40: =DW40+DU40+DS40 -> 259 | DZ40: =DY40+DX40 -> 259 | EB40: 8 | ED40: 1 | EF40: 6 | EG40: =EE40+EC40+EA40 -> 0 | EH40: =EF40+ED40+EB40 -> 15 | EI40: =EH40+EG40 -> 15 | EK40: 6 | EM40: 1 | EO40: 1 | EP40: =EN40+EL40+EJ40 -> 0 | EQ40: =EO40+EM40+EK40 -> 8 | ER40: =EQ40+EP40 -> 8 | EY40: =EW40+EU40+ES40 -> 0 | EZ40: =EX40+EV40+ET40 -> 0 | FA40: =EZ40+EY40 -> 0 | FL40: =FJ40+FH40+FF40+FD40+FB40 -> 0 | FM40: =FK40+FI40+FG40+FE40+FC40 -> 0 | FN40: =FM40+FL40 -> 0 | GG40: =GE40+GA40+FY40+FW40+FU40+FS40+FO40 -> 0 | GH40: =GF40+GB40+FZ40+FX40+FV40+FT40+FP40 -> 0 | GI40: =GH40+GG40 -> 0 | KV40: =KT40+KN40+KJ40+KH40+KF40+KD40+KB40+JZ40+JX40+JV40+JT40+JR40+JP40+JN40+JL40+JJ40+JH40+JF40+JD40+JB40+IZ40+IX40+IV40+IT40+IR40+IP40+IN40+IL40+IJ40+IH40+IF40+ID40+IB40+HZ40+HX40+HV40+HT40+HR40+HP40+HN40+HL40+HJ40+HH40+HF40+HD40+HB40+GZ40+GX40+GV40+GT40+GR40+GP40+GN40+GL40+GJ40 -> 0 | KW40: =KU40+KO40+KK40+KI40+KG40+KE40+KC40+KA40+JY40+JW40+JU40+JS40+JQ40+JO40+JM40+JK40+JI40+JG40+JE40+JC40+JA40+IY40+IW40+IU40+IS40+IQ40+IO40+IM40+IK40+II40+IG40+IE40+IC40+IA40+HY40+HW40+HU40+HS40+HQ40+HO40+HM40+HK40+HI40+HG40+HE40+HC40+HA40+GY40+GW40+GU40+GS40+GQ40+GO40+GM40+GK40 -> 0 | KX40: =KW40+KV40 -> 0 | LQ40: =LA40+LC40+KY40+LE40+LG40+LI40+LK40+LM40+LO40 -> 0 | LR40: =LB40+LD40+KZ40+LF40+LH40+LJ40+LL40+LN40+LP40 -> 0 | LS40: =LR40+LQ40 -> 0 | MB40: =LX40+LV40+LT40+LZ40 -> 0 | MC40: =LY40+LW40+LU40+MA40 -> 0 | MD40: =MC40+MB40 -> 0 | MO40: =MM40+MK40+MI40+MG40+ME40 -> 0 | MP40: =MN40+ML40+MJ40+MH40+MF40 -> 0 | MQ40: =MP40+MO40 -> 0 | NW40: =NU40+NS40+NQ40+NO40+NM40+NK40+NG40+NI40+NE40 -> 0 | NX40: =NV40+NT40+NR40+NP40+NN40+NL40+NH40+NJ40+NF40 -> 0 | NY40: =NX40+NW40 -> 0 | PO40: =SUM(PM40:PN40) -> 0
E41: تايع الى اعدادية النحف المهنية للبنات | W41: 54 | Y41: 21 | AA41: 11 | AC41: 5 | AE41: 17 | AF41: =AD41+AB41+Z41+X41+V41 -> 0 | AG41: =AE41+AC41+AA41+Y41+W41 -> 108 | AH41: =AG41+AF41 -> 108 | AJ41: 54 | AL41: 21 | AN41: 11 | AP41: 5 | AR41: 17 | AS41: =AQ41+AO41+AM41+AK41+AI41 -> 0 | AT41: =AR41+AP41+AN41+AL41+AJ41 -> 108 | AU41: =AT41+AS41 -> 108 | AW41: 23 | AY41: 13 | BA41: 19 | BC41: 9 | BE41: 6 | BF41: =BD41+BB41+AZ41+AX41+AV41 -> 0 | BG41: =BE41+BC41+BA41+AY41+AW41 -> 70 | BH41: =BG41+BF41 -> 70 | BS41: =BQ41+BO41+BM41+BK41+BI41 -> 0 | BT41: =BR41+BP41+BN41+BL41+BJ41 -> 0 | BU41: =BT41+BS41 -> 0 | BV41: =AI41 -> 0 | BW41: =AJ41 -> 54 | BX41: =AV41+AK41 -> 0 | BY41: =AL41+AW41 -> 44 | BZ41: =BI41+AX41+AM41 -> 0 | CA41: =AN41+AY41+BJ41 -> 24 | CB41: =BK41+AZ41+AO41 -> 0 | CC41: =AP41+BA41+BL41 -> 24 | CD41: =BM41+BB41+AQ41 -> 0 | CE41: =BN41+BC41+AR41 -> 26 | CF41: =BO41+BD41 -> 0 | CG41: =BP41+BE41 -> 6 | CH41: =BQ41 -> 0 | CI41: =BR41 -> 0 | CJ41: =CH41+CF41+CD41+CB41+BZ41+BX41+BV41 -> 0 | CK41: =CI41+CG41+CE41+CC41+CA41+BY41+BW41 -> 178 | CL41: =CK41+CJ41 -> 178 | CN41: 3 | CQ41: 2 | CV41: =CS41+CP41+CM41 -> 0 | CW41: =CT41+CQ41+CN41 -> 5 | CX41: =CU41+CR41+CO41 -> 0 | CY41: =CX41+CW41+CV41 -> 5 | DA41: 1 | DF41: =DD41+DB41+CZ41 -> 0 | DG41: =DE41+DC41+DA41 -> 1 | DH41: =DG41+DF41 -> 1 | DS41: 62 | DX41: =DV41+DT41+DR41 -> 0 | DY41: =DW41+DU41+DS41 -> 62 | DZ41: =DY41+DX41 -> 62 | EB41: 8 | EG41: =EE41+EC41+EA41 -> 0 | EH41: =EF41+ED41+EB41 -> 8 | EI41: =EH41+EG41 -> 8 | EP41: =EN41+EL41+EJ41 -> 0 | EQ41: =EO41+EM41+EK41 -> 0 | ER41: =EQ41+EP41 -> 0 | FL41: =FJ41+FH41+FF41+FD41+FB41 -> 0 | FM41: =FK41+FI41+FG41+FE41+FC41 -> 0 | FN41: =FM41+FL41 -> 0 | GG41: =GE41+GA41+FY41+FW41+FU41+FS41+FO41 -> 0 | GH41: =GF41+GB41+FZ41+FX41+FV41+FT41+FP41 -> 0 | GI41: =GH41+GG41 -> 0 | KV41: =KT41+KN41+KJ41+KH41+KF41+KD41+KB41+JZ41+JX41+JV41+JT41+JR41+JP41+JN41+JL41+JJ41+JH41+JF41+JD41+JB41+IZ41+IX41+IV41+IT41+IR41+IP41+IN41+IL41+IJ41+IH41+IF41+ID41+IB41+HZ41+HX41+HV41+HT41+HR41+HP41+HN41+HL41+HJ41+HH41+HF41+HD41+HB41+GZ41+GX41+GV41+GT41+GR41+GP41+GN41+GL41+GJ41 -> 0 | KW41: =KU41+KO41+KK41+KI41+KG41+KE41+KC41+KA41+JY41+JW41+JU41+JS41+JQ41+JO41+JM41+JK41+JI41+JG41+JE41+JC41+JA41+IY41+IW41+IU41+IS41+IQ41+IO41+IM41+IK41+II41+IG41+IE41+IC41+IA41+HY41+HW41+HU41+HS41+HQ41+HO41+HM41+HK41+HI41+HG41+HE41+HC41+HA41+GY41+GW41+GU41+GS41+GQ41+GO41+GM41+GK41 -> 0 | KX41: =KW41+KV41 -> 0 | LQ41: =LA41+LC41+KY41+LE41+LG41+LI41+LK41+LM41+LO41 -> 0 | LR41: =LB41+LD41+KZ41+LF41+LH41+LJ41+LL41+LN41+LP41 -> 0 | LS41: =LR41+LQ41 -> 0 | MB41: =LX41+LV41+LT41+LZ41 -> 0 | MC41: =LY41+LW41+LU41+MA41 -> 0 | MD41: =MC41+MB41 -> 0 | MO41: =MM41+MK41+MI41+MG41+ME41 -> 0 | MP41: =MN41+ML41+MJ41+MH41+MF41 -> 0 | MQ41: =MP41+MO41 -> 0 | NW41: =NU41+NS41+NQ41+NO41+NM41+NK41+NG41+NI41+NE41 -> 0 | NX41: =NV41+NT41+NR41+NP41+NN41+NL41+NH41+NJ41+NF41 -> 0 | NY41: =NX41+NW41 -> 0
E42: تابع الى اعدادية الغدير المهنية المسائية | Z42: 11 | AB42: 26 | AD42: 47 | AF42: =AD42+AB42+Z42+X42+V42 -> 84 | AG42: =AE42+AC42+AA42+Y42+W42 -> 0 | AH42: =AG42+AF42 -> 84 | AM42: 11 | AO42: 26 | AQ42: 47 | AS42: =AQ42+AO42+AM42+AK42+AI42 -> 84 | AT42: =AR42+AP42+AN42+AL42+AJ42 -> 0 | AU42: =AT42+AS42 -> 84 | AX42: 14 | AZ42: 26 | BF42: =BD42+BB42+AZ42+AX42+AV42 -> 40 | BG42: =BE42+BC42+BA42+AY42+AW42 -> 0 | BH42: =BG42+BF42 -> 40 | BM42: 110 | BO42: 198 | BQ42: 60 | BS42: =BQ42+BO42+BM42+BK42+BI42 -> 368 | BT42: =BR42+BP42+BN42+BL42+BJ42 -> 0 | BU42: =BT42+BS42 -> 368 | BV42: =AI42 -> 0 | BW42: =AJ42 -> 0 | BX42: =AV42+AK42 -> 0 | BY42: =AL42+AW42 -> 0 | BZ42: =BI42+AX42+AM42 -> 25 | CA42: =AN42+AY42+BJ42 -> 0 | CB42: =BK42+AZ42+AO42 -> 52 | CC42: =AP42+BA42+BL42 -> 0 | CD42: =BM42+BB42+AQ42 -> 157 | CE42: =BN42+BC42+AR42 -> 0 | CF42: =BO42+BD42 -> 198 | CG42: =BP42+BE42 -> 0 | CH42: =BQ42 -> 60 | CI42: =BR42 -> 0 | CJ42: =CH42+CF42+CD42+CB42+BZ42+BX42+BV42 -> 492 | CK42: =CI42+CG42+CE42+CC42+CA42+BY42+BW42 -> 0 | CL42: =CK42+CJ42 -> 492 | CM42: 2 | CP42: 1 | CS42: 4 | CV42: =CS42+CP42+CM42 -> 7 | CW42: =CT42+CQ42+CN42 -> 0 | CX42: =CU42+CR42+CO42 -> 0 | CY42: =CX42+CW42+CV42 -> 7 | DD42: 3 | DF42: =DD42+DB42+CZ42 -> 3 | DG42: =DE42+DC42+DA42 -> 0 | DH42: =DG42+DF42 -> 3 | DR42: 29 | DT42: 35 | DV42: 62 | DX42: =DV42+DT42+DR42 -> 126 | DY42: =DW42+DU42+DS42 -> 0 | DZ42: =DY42+DX42 -> 126 | EA42: 2 | EC42: 4 | EE42: 22 | EG42: =EE42+EC42+EA42 -> 28 | EH42: =EF42+ED42+EB42 -> 0 | EI42: =EH42+EG42 -> 28 | EJ42: 4 | EL42: 1 | EP42: =EN42+EL42+EJ42 -> 5 | EQ42: =EO42+EM42+EK42 -> 0 | ER42: =EQ42+EP42 -> 5 | EY42: =EW42+EU42+ES42 -> 0 | EZ42: =EX42+EV42+ET42 -> 0 | FA42: =EZ42+EY42 -> 0 | FL42: =FJ42+FH42+FF42+FD42+FB42 -> 0 | FM42: =FK42+FI42+FG42+FE42+FC42 -> 0 | FN42: =FM42+FL42 -> 0 | GG42: =GE42+GA42+FY42+FW42+FU42+FS42+FO42 -> 0 | GH42: =GF42+GB42+FZ42+FX42+FV42+FT42+FP42 -> 0 | GI42: =GH42+GG42 -> 0 | KV42: =KT42+KN42+KJ42+KH42+KF42+KD42+KB42+JZ42+JX42+JV42+JT42+JR42+JP42+JN42+JL42+JJ42+JH42+JF42+JD42+JB42+IZ42+IX42+IV42+IT42+IR42+IP42+IN42+IL42+IJ42+IH42+IF42+ID42+IB42+HZ42+HX42+HV42+HT42+HR42+HP42+HN42+HL42+HJ42+HH42+HF42+HD42+HB42+GZ42+GX42+GV42+GT42+GR42+GP42+GN42+GL42+GJ42 -> 0 | KW42: =KU42+KO42+KK42+KI42+KG42+KE42+KC42+KA42+JY42+JW42+JU42+JS42+JQ42+JO42+JM42+JK42+JI42+JG42+JE42+JC42+JA42+IY42+IW42+IU42+IS42+IQ42+IO42+IM42+IK42+II42+IG42+IE42+IC42+IA42+HY42+HW42+HU42+HS42+HQ42+HO42+HM42+HK42+HI42+HG42+HE42+HC42+HA42+GY42+GW42+GU42+GS42+GQ42+GO42+GM42+GK42 -> 0 | KX42: =KW42+KV42 -> 0 | LQ42: =LA42+LC42+KY42+LE42+LG42+LI42+LK42+LM42+LO42 -> 0 | LR42: =LB42+LD42+KZ42+LF42+LH42+LJ42+LL42+LN42+LP42 -> 0 | LS42: =LR42+LQ42 -> 0 | MB42: =LX42+LV42+LT42+LZ42 -> 0 | MC42: =LY42+LW42+LU42+MA42 -> 0 | MD42: =MC42+MB42 -> 0 | MO42: =MM42+MK42+MI42+MG42+ME42 -> 0 | MP42: =MN42+ML42+MJ42+MH42+MF42 -> 0 | MQ42: =MP42+MO42 -> 0 | NW42: =NU42+NS42+NQ42+NO42+NM42+NK42+NG42+NI42+NE42 -> 0 | NX42: =NV42+NT42+NR42+NP42+NN42+NL42+NH42+NJ42+NF42 -> 0 | NY42: =NX42+NW42 -> 0
E43: تابع الى اعدادية الكوفة المهنية | V43: 24 | X43: 28 | Z43: 12 | AB43: 8 | AD43: 5 | AF43: =AD43+AB43+Z43+X43+V43 -> 77 | AG43: =AE43+AC43+AA43+Y43+W43 -> 0 | AH43: =AG43+AF43 -> 77 | AI43: 24 | AK43: 28 | AM43: 12 | AO43: 8 | AQ43: 5 | AS43: =AQ43+AO43+AM43+AK43+AI43 -> 77 | AT43: =AR43+AP43+AN43+AL43+AJ43 -> 0 | AU43: =AT43+AS43 -> 77 | AV43: 8 | AX43: 11 | AZ43: 11 | BB43: 6 | BD43: 5 | BF43: =BD43+BB43+AZ43+AX43+AV43 -> 41 | BG43: =BE43+BC43+BA43+AY43+AW43 -> 0 | BH43: =BG43+BF43 -> 41 | BI43: 8 | BK43: 19 | BM43: 6 | BO43: 5 | BQ43: 4 | BS43: =BQ43+BO43+BM43+BK43+BI43 -> 42 | BT43: =BR43+BP43+BN43+BL43+BJ43 -> 0 | BU43: =BT43+BS43 -> 42 | BV43: =AI43 -> 24 | BW43: =AJ43 -> 0 | BX43: =AV43+AK43 -> 36 | BY43: =AL43+AW43 -> 0 | BZ43: =BI43+AX43+AM43 -> 31 | CA43: =AN43+AY43+BJ43 -> 0 | CB43: =BK43+AZ43+AO43 -> 38 | CC43: =AP43+BA43+BL43 -> 0 | CD43: =BM43+BB43+AQ43 -> 17 | CE43: =BN43+BC43+AR43 -> 0 | CF43: =BO43+BD43 -> 10 | CG43: =BP43+BE43 -> 0 | CH43: =BQ43 -> 4 | CI43: =BR43 -> 0 | CJ43: =CH43+CF43+CD43+CB43+BZ43+BX43+BV43 -> 160 | CK43: =CI43+CG43+CE43+CC43+CA43+BY43+BW43 -> 0 | CL43: =CK43+CJ43 -> 160 | CM43: 2 | CP43: 1 | CS43: 1 | CV43: =CS43+CP43+CM43 -> 4 | CW43: =CT43+CQ43+CN43 -> 0 | CX43: =CU43+CR43+CO43 -> 0 | CY43: =CX43+CW43+CV43 -> 4 | DB43: 1 | DF43: =DD43+DB43+CZ43 -> 1 | DG43: =DE43+DC43+DA43 -> 0 | DH43: =DG43+DF43 -> 1 | DO43: =DM43+DK43+DI43 -> 0 | DP43: =DN43+DL43+DJ43 -> 0 | DQ43: =DP43+DO43 -> 0 | DR43: 28 | DT43: 27 | DV43: 42 | DX43: =DV43+DT43+DR43 -> 97 | DY43: =DW43+DU43+DS43 -> 0 | DZ43: =DY43+DX43 -> 97 | EA43: 10 | EC43: 6 | EE43: 8 | EG43: =EE43+EC43+EA43 -> 24 | EH43: =EF43+ED43+EB43 -> 0 | EI43: =EH43+EG43 -> 24 | EN43: 4 | EP43: =EN43+EL43+EJ43 -> 4 | EQ43: =EO43+EM43+EK43 -> 0 | ER43: =EQ43+EP43 -> 4 | EY43: =EW43+EU43+ES43 -> 0 | EZ43: =EX43+EV43+ET43 -> 0 | FA43: =EZ43+EY43 -> 0 | FL43: =FJ43+FH43+FF43+FD43+FB43 -> 0 | FM43: =FK43+FI43+FG43+FE43+FC43 -> 0 | FN43: =FM43+FL43 -> 0 | GG43: =GE43+GA43+FY43+FW43+FU43+FS43+FO43 -> 0 | GH43: =GF43+GB43+FZ43+FX43+FV43+FT43+FP43 -> 0 | GI43: =GH43+GG43 -> 0 | KV43: =KT43+KN43+KJ43+KH43+KF43+KD43+KB43+JZ43+JX43+JV43+JT43+JR43+JP43+JN43+JL43+JJ43+JH43+JF43+JD43+JB43+IZ43+IX43+IV43+IT43+IR43+IP43+IN43+IL43+IJ43+IH43+IF43+ID43+IB43+HZ43+HX43+HV43+HT43+HR43+HP43+HN43+HL43+HJ43+HH43+HF43+HD43+HB43+GZ43+GX43+GV43+GT43+GR43+GP43+GN43+GL43+GJ43 -> 0 | KW43: =KU43+KO43+KK43+KI43+KG43+KE43+KC43+KA43+JY43+JW43+JU43+JS43+JQ43+JO43+JM43+JK43+JI43+JG43+JE43+JC43+JA43+IY43+IW43+IU43+IS43+IQ43+IO43+IM43+IK43+II43+IG43+IE43+IC43+IA43+HY43+HW43+HU43+HS43+HQ43+HO43+HM43+HK43+HI43+HG43+HE43+HC43+HA43+GY43+GW43+GU43+GS43+GQ43+GO43+GM43+GK43 -> 0 | KX43: =KW43+KV43 -> 0 | LQ43: =LA43+LC43+KY43+LE43+LG43+LI43+LK43+LM43+LO43 -> 0 | LR43: =LB43+LD43+KZ43+LF43+LH43+LJ43+LL43+LN43+LP43 -> 0 | LS43: =LR43+LQ43 -> 0 | MB43: =LX43+LV43+LT43+LZ43 -> 0 | MC43: =LY43+LW43+LU43+MA43 -> 0 | MD43: =MC43+MB43 -> 0 | MO43: =MM43+MK43+MI43+MG43+ME43 -> 0 | MP43: =MN43+ML43+MJ43+MH43+MF43 -> 0 | MQ43: =MP43+MO43 -> 0 | NW43: =NU43+NS43+NQ43+NO43+NM43+NK43+NG43+NI43+NE43 -> 0 | NX43: =NV43+NT43+NR43+NP43+NN43+NL43+NH43+NJ43+NF43 -> 0 | NY43: =NX43+NW43 -> 0
E44: تابع الى ع المناذرة للبنات | W44: 16 | Y44: 20 | AA44: 36 | AC44: 20 | AE44: 14 | AF44: =AD44+AB44+Z44+X44+V44 -> 0 | AG44: =AE44+AC44+AA44+Y44+W44 -> 106 | AH44: =AG44+AF44 -> 106 | AJ44: 16 | AL44: 20 | AN44: 36 | AP44: 20 | AR44: 14 | AS44: =AQ44+AO44+AM44+AK44+AI44 -> 0 | AT44: =AR44+AP44+AN44+AL44+AJ44 -> 106 | AU44: =AT44+AS44 -> 106 | AW44: 7 | AY44: 5 | BA44: 7 | BC44: 8 | BE44: 3 | BF44: =BD44+BB44+AZ44+AX44+AV44 -> 0 | BG44: =BE44+BC44+BA44+AY44+AW44 -> 30 | BH44: =BG44+BF44 -> 30 | BJ44: 2 | BL44: 5 | BN44: 5 | BP44: 5 | BR44: 3 | BS44: =BQ44+BO44+BM44+BK44+BI44 -> 0 | BT44: =BR44+BP44+BN44+BL44+BJ44 -> 20 | BU44: =BT44+BS44 -> 20 | BV44: =AI44 -> 0 | BW44: =AJ44 -> 16 | BX44: =AV44+AK44 -> 0 | BY44: =AL44+AW44 -> 27 | BZ44: =BI44+AX44+AM44 -> 0 | CA44: =AN44+AY44+BJ44 -> 43 | CB44: =BK44+AZ44+AO44 -> 0 | CC44: =AP44+BA44+BL44 -> 32 | CD44: =BM44+BB44+AQ44 -> 0 | CE44: =BN44+BC44+AR44 -> 27 | CF44: =BO44+BD44 -> 0 | CG44: =BP44+BE44 -> 8 | CH44: =BQ44 -> 0 | CI44: =BR44 -> 3 | CJ44: =CH44+CF44+CD44+CB44+BZ44+BX44+BV44 -> 0 | CK44: =CI44+CG44+CE44+CC44+CA44+BY44+BW44 -> 156 | CL44: =CK44+CJ44 -> 156 | CN44: 4 | CQ44: 1 | CT44: 1 | CV44: =CS44+CP44+CM44 -> 0 | CW44: =CT44+CQ44+CN44 -> 6 | CX44: =CU44+CR44+CO44 -> 0 | CY44: =CX44+CW44+CV44 -> 6 | DF44: =DD44+DB44+CZ44 -> 0 | DG44: =DE44+DC44+DA44 -> 0 | DH44: =DG44+DF44 -> 0 | DX44: =DV44+DT44+DR44 -> 0 | DY44: =DW44+DU44+DS44 -> 0 | DZ44: =DY44+DX44 -> 0 | EG44: =EE44+EC44+EA44 -> 0 | EH44: =EF44+ED44+EB44 -> 0 | EI44: =EH44+EG44 -> 0 | EP44: =EN44+EL44+EJ44 -> 0 | EQ44: =EO44+EM44+EK44 -> 0 | ER44: =EQ44+EP44 -> 0 | GG44: =GE44+GA44+FY44+FW44+FU44+FS44+FO44 -> 0 | GH44: =GF44+GB44+FZ44+FX44+FV44+FT44+FP44 -> 0 | GI44: =GH44+GG44 -> 0 | KV44: =KT44+KN44+KJ44+KH44+KF44+KD44+KB44+JZ44+JX44+JV44+JT44+JR44+JP44+JN44+JL44+JJ44+JH44+JF44+JD44+JB44+IZ44+IX44+IV44+IT44+IR44+IP44+IN44+IL44+IJ44+IH44+IF44+ID44+IB44+HZ44+HX44+HV44+HT44+HR44+HP44+HN44+HL44+HJ44+HH44+HF44+HD44+HB44+GZ44+GX44+GV44+GT44+GR44+GP44+GN44+GL44+GJ44 -> 0 | KW44: =KU44+KO44+KK44+KI44+KG44+KE44+KC44+KA44+JY44+JW44+JU44+JS44+JQ44+JO44+JM44+JK44+JI44+JG44+JE44+JC44+JA44+IY44+IW44+IU44+IS44+IQ44+IO44+IM44+IK44+II44+IG44+IE44+IC44+IA44+HY44+HW44+HU44+HS44+HQ44+HO44+HM44+HK44+HI44+HG44+HE44+HC44+HA44+GY44+GW44+GU44+GS44+GQ44+GO44+GM44+GK44 -> 0 | KX44: =KW44+KV44 -> 0 | LQ44: =LA44+LC44+KY44+LE44+LG44+LI44+LK44+LM44+LO44 -> 0 | LR44: =LB44+LD44+KZ44+LF44+LH44+LJ44+LL44+LN44+LP44 -> 0 | LS44: =LR44+LQ44 -> 0 | MB44: =LX44+LV44+LT44+LZ44 -> 0 | MC44: =LY44+LW44+LU44+MA44 -> 0 | MD44: =MC44+MB44 -> 0 | MO44: =MM44+MK44+MI44+MG44+ME44 -> 0 | MP44: =MN44+ML44+MJ44+MH44+MF44 -> 0 | MQ44: =MP44+MO44 -> 0 | NW44: =NU44+NS44+NQ44+NO44+NM44+NK44+NG44+NI44+NE44 -> 0 | NX44: =NV44+NT44+NR44+NP44+NN44+NL44+NH44+NJ44+NF44 -> 0 | NY44: =NX44+NW44 -> 0
E45: تابع الى ع . المناذرة المهنية للبنين | V45: 19 | X45: 47 | Z45: 14 | AB45: 9 | AD45: 2 | AF45: =AD45+AB45+Z45+X45+V45 -> 91 | AG45: =AE45+AC45+AA45+Y45+W45 -> 0 | AH45: =AG45+AF45 -> 91 | AI45: 19 | AK45: 47 | AM45: 14 | AO45: 9 | AQ45: 2 | AS45: =AQ45+AO45+AM45+AK45+AI45 -> 91 | AT45: =AR45+AP45+AN45+AL45+AJ45 -> 0 | AU45: =AT45+AS45 -> 91 | AV45: 5 | AX45: 13 | AZ45: 16 | BB45: 8 | BD45: 8 | BF45: =BD45+BB45+AZ45+AX45+AV45 -> 50 | BG45: =BE45+BC45+BA45+AY45+AW45 -> 0 | BH45: =BG45+BF45 -> 50 | BI45: 4 | BK45: 13 | BM45: 12 | BO45: 14 | BQ45: 11 | BS45: =BQ45+BO45+BM45+BK45+BI45 -> 54 | BT45: =BR45+BP45+BN45+BL45+BJ45 -> 0 | BU45: =BT45+BS45 -> 54 | BV45: =AI45 -> 19 | BW45: =AJ45 -> 0 | BX45: =AV45+AK45 -> 52 | BY45: =AL45+AW45 -> 0 | BZ45: =BI45+AX45+AM45 -> 31 | CA45: =AN45+AY45+BJ45 -> 0 | CB45: =BK45+AZ45+AO45 -> 38 | CC45: =AP45+BA45+BL45 -> 0 | CD45: =BM45+BB45+AQ45 -> 22 | CE45: =BN45+BC45+AR45 -> 0 | CF45: =BO45+BD45 -> 22 | CG45: =BP45+BE45 -> 0 | CH45: =BQ45 -> 11 | CI45: =BR45 -> 0 | CJ45: =CH45+CF45+CD45+CB45+BZ45+BX45+BV45 -> 195 | CK45: =CI45+CG45+CE45+CC45+CA45+BY45+BW45 -> 0 | CL45: =CK45+CJ45 -> 195 | CM45: 2 | CP45: 2 | CS45: 2 | CV45: =CS45+CP45+CM45 -> 6 | CW45: =CT45+CQ45+CN45 -> 0 | CX45: =CU45+CR45+CO45 -> 0 | CY45: =CX45+CW45+CV45 -> 6 | CZ45: 5 | DB45: 2 | DD45: 10 | DF45: =DD45+DB45+CZ45 -> 17 | DG45: =DE45+DC45+DA45 -> 0 | DH45: =DG45+DF45 -> 17 | DO45: =DM45+DK45+DI45 -> 0 | DP45: =DN45+DL45+DJ45 -> 0 | DQ45: =DP45+DO45 -> 0 | DR45: 44 | DS45: 36 | DT45: 31 | DU45: 17 | DV45: 41 | DW45: 17 | DX45: =DV45+DT45+DR45 -> 116 | DY45: =DW45+DU45+DS45 -> 70 | DZ45: =DY45+DX45 -> 186 | EA45: 17 | EC45: 12 | ED45: 1 | EE45: 10 | EF45: 1 | EG45: =EE45+EC45+EA45 -> 39 | EH45: =EF45+ED45+EB45 -> 2 | EI45: =EH45+EG45 -> 41 | EP45: =EN45+EL45+EJ45 -> 0 | EQ45: =EO45+EM45+EK45 -> 0 | ER45: =EQ45+EP45 -> 0 | EY45: =EW45+EU45+ES45 -> 0 | EZ45: =EX45+EV45+ET45 -> 0 | FA45: =EZ45+EY45 -> 0 | GG45: =GE45+GA45+FY45+FW45+FU45+FS45+FO45 -> 0 | GH45: =GF45+GB45+FZ45+FX45+FV45+FT45+FP45 -> 0 | GI45: =GH45+GG45 -> 0 | KV45: =KT45+KN45+KJ45+KH45+KF45+KD45+KB45+JZ45+JX45+JV45+JT45+JR45+JP45+JN45+JL45+JJ45+JH45+JF45+JD45+JB45+IZ45+IX45+IV45+IT45+IR45+IP45+IN45+IL45+IJ45+IH45+IF45+ID45+IB45+HZ45+HX45+HV45+HT45+HR45+HP45+HN45+HL45+HJ45+HH45+HF45+HD45+HB45+GZ45+GX45+GV45+GT45+GR45+GP45+GN45+GL45+GJ45 -> 0 | KW45: =KU45+KO45+KK45+KI45+KG45+KE45+KC45+KA45+JY45+JW45+JU45+JS45+JQ45+JO45+JM45+JK45+JI45+JG45+JE45+JC45+JA45+IY45+IW45+IU45+IS45+IQ45+IO45+IM45+IK45+II45+IG45+IE45+IC45+IA45+HY45+HW45+HU45+HS45+HQ45+HO45+HM45+HK45+HI45+HG45+HE45+HC45+HA45+GY45+GW45+GU45+GS45+GQ45+GO45+GM45+GK45 -> 0 | KX45: =KW45+KV45 -> 0 | LQ45: =LA45+LC45+KY45+LE45+LG45+LI45+LK45+LM45+LO45 -> 0 | LR45: =LB45+LD45+KZ45+LF45+LH45+LJ45+LL45+LN45+LP45 -> 0 | LS45: =LR45+LQ45 -> 0 | MB45: =LX45+LV45+LT45+LZ45 -> 0 | MC45: =LY45+LW45+LU45+MA45 -> 0 | MD45: =MC45+MB45 -> 0 | MO45: =MM45+MK45+MI45+MG45+ME45 -> 0 | MP45: =MN45+ML45+MJ45+MH45+MF45 -> 0 | MQ45: =MP45+MO45 -> 0 | NW45: =NU45+NS45+NQ45+NO45+NM45+NK45+NG45+NI45+NE45 -> 0 | NX45: =NV45+NT45+NR45+NP45+NN45+NL45+NH45+NJ45+NF45 -> 0 | NY45: =NX45+NW45 -> 0
A46: خلاصة الفرع الحاسوب وتقنية المعلومات محافظة النجف | F46: =SUM(F36:F45) -> 1 | G46: =SUM(G36:G45) -> 0 | H46: =SUM(H36:H45) -> 0 | I46: =SUM(I36:I45) -> 1 | J46: =SUM(J36:J45) -> 0 | K46: =SUM(K36:K45) -> 1 | L46: =SUM(L36:L45) -> 0 | M46: =SUM(M36:M45) -> 0 | ... GB46: =SUM(GB36:GB45) -> 0 | GE46: =SUM(GE36:GE45) -> 0 | GF46: =SUM(GF36:GF45) -> 0 | GG46: =SUM(GG36:GG45) -> 0 | GH46: =SUM(GH36:GH45) -> 0 | GI46: =SUM(GI36:GI45) -> 0 | GJ46: =SUM(GJ36:GJ45) -> 0 | GK46: =SUM(GK36:GK45) -> 0 | GL46: =SUM(GL36:GL45) -> 0 | ... OV46: =SUM(OV36:OV45) -> 0 | OZ46: =SUM(OZ36:OZ45) -> 1 | PA46: =SUM(PA36:PA45) -> 0 | PB46: =SUM(PB36:PB45) -> 0 | PC46: =SUM(PC36:PC45) -> 0 | PD46: =SUM(PD36:PD45) -> 1 | PE46: =SUM(PE36:PE45) -> 0 | PF46: =SUM(PF36:PF45) -> 0 | PG46: =SUM(PG36:PG45) -> 0 | ... RN46: =SUM(RN36:RN45) -> 0 | RU46: =SUM(RU36:RU45) -> 0 | RV46: =SUM(RV36:RV45) -> 0 | RW46: =SUM(RW36:RW45) -> 2 | RX46: =SUM(RX36:RX45) -> 0 | RY46: =SUM(RY36:RY45) -> 2 | RZ46: =SUM(RZ36:RZ45) -> 0 | SA46: =SUM(SA36:SA45) -> 0 | SB46: =SUM(SB36:SB45) -> 1 | ... SP46: =SUM(SP36:SP45) -> 0
A47: خلاصة الحاسوب وتقنية المعلومات لقضاء النجف | F47: =SUM(F36:F42) -> 1 | G47: =SUM(G36:G42) -> 0 | H47: =SUM(H36:H42) -> 0 | I47: =SUM(I36:I42) -> 1 | J47: =SUM(J36:J42) -> 0 | K47: =SUM(K36:K42) -> 1 | L47: =SUM(L36:L42) -> 0 | M47: =SUM(M36:M42) -> 0 | ... GB47: =SUM(GB36:GB42) -> 0 | GE47: =SUM(GE36:GE42) -> 0 | GF47: =SUM(GF36:GF42) -> 0 | GG47: =SUM(GG36:GG42) -> 0 | GH47: =SUM(GH36:GH42) -> 0 | GI47: =SUM(GI36:GI42) -> 0 | GJ47: =SUM(GJ36:GJ42) -> 0 | GK47: =SUM(GK36:GK42) -> 0 | GL47: =SUM(GL36:GL42) -> 0 | ... OV47: =SUM(OV36:OV42) -> 0 | OZ47: =SUM(OZ36:OZ42) -> 1 | PA47: =SUM(PA36:PA42) -> 0 | PB47: =SUM(PB36:PB42) -> 0 | PC47: =SUM(PC36:PC42) -> 0 | PD47: =SUM(PD36:PD42) -> 1 | PE47: =SUM(PE36:PE42) -> 0 | PF47: =SUM(PF36:PF42) -> 0 | PG47: =SUM(PG36:PG42) -> 0 | ... RN47: =SUM(RN36:RN42) -> 0 | RU47: =SUM(RU36:RU42) -> 0 | RV47: =SUM(RV36:RV42) -> 0 | RW47: =SUM(RW36:RW42) -> 2 | RX47: =SUM(RX36:RX42) -> 0 | RY47: =SUM(RY36:RY42) -> 2 | RZ47: =SUM(RZ36:RZ42) -> 0 | SA47: =SUM(SA36:SA42) -> 0 | SB47: =SUM(SB36:SB42) -> 1 | ... SP47: =SUM(SP36:SP42) -> 0
A48: النجف | B48: المركز | C48: 10 | E48: اعدادية السياحة والفندقة | F48: 1 | I48: 1 | K48: 1 | O48: 1 | S48: 1 | V48: 24 | X48: 25 | Z48: 22 | AB48: 15 | AD48: 7 | AF48: =AD48+AB48+Z48+X48+V48 -> 93 | AG48: =AE48+AC48+AA48+Y48+W48 -> 0 | AH48: =AG48+AF48 -> 93 | AI48: 24 | AK48: 25 | AM48: 22 | AO48: 15 | AQ48: 10 | AS48: =AQ48+AO48+AM48+AK48+AI48 -> 96 | AT48: =AR48+AP48+AN48+AL48+AJ48 -> 0 | AU48: =AT48+AS48 -> 96 | AV48: 11 | AX48: 16 | AZ48: 19 | BB48: 6 | BD48: 12 | BF48: =BD48+BB48+AZ48+AX48+AV48 -> 64 | BG48: =BE48+BC48+BA48+AY48+AW48 -> 0 | BH48: =BG48+BF48 -> 64 | BI48: 6 | BK48: 10 | BM48: 13 | BO48: 1 | BQ48: 7 | BS48: =BQ48+BO48+BM48+BK48+BI48 -> 37 | BT48: =BR48+BP48+BN48+BL48+BJ48 -> 0 | BU48: =BT48+BS48 -> 37 | BV48: =AI48 -> 24 | BW48: =AJ48 -> 0 | BX48: =AV48+AK48 -> 36 | BY48: =AL48+AW48 -> 0 | BZ48: =BI48+AX48+AM48 -> 44 | CA48: =AN48+AY48+BJ48 -> 0 | CB48: =BK48+AZ48+AO48 -> 44 | CC48: =AP48+BA48+BL48 -> 0 | CD48: =BM48+BB48+AQ48 -> 29 | CE48: =BN48+BC48+AR48 -> 0 | CF48: =BO48+BD48 -> 13 | CG48: =BP48+BE48 -> 0 | CH48: =BQ48 -> 7 | CI48: =BR48 -> 0 | CJ48: =CH48+CF48+CD48+CB48+BZ48+BX48+BV48 -> 197 | CK48: =CI48+CG48+CE48+CC48+CA48+BY48+BW48 -> 0 | CL48: =CK48+CJ48 -> 197 | CM48: 3 | CP48: 3 | CS48: 3 | CV48: =CS48+CP48+CM48 -> 9 | CW48: =CT48+CQ48+CN48 -> 0 | CX48: =CU48+CR48+CO48 -> 0 | CY48: =CX48+CW48+CV48 -> 9 | DB48: 2 | DD48: 2 | DF48: =DD48+DB48+CZ48 -> 4 | DG48: =DE48+DC48+DA48 -> 0 | DH48: =DG48+DF48 -> 4 | DR48: 75 | DT48: 37 | DV48: 25 | DX48: =DV48+DT48+DR48 -> 137 | DY48: =DW48+DU48+DS48 -> 0 | DZ48: =DY48+DX48 -> 137 | EG48: =EE48+EC48+EA48 -> 0 | EH48: =EF48+ED48+EB48 -> 0 | EI48: =EH48+EG48 -> 0 | EP48: =EN48+EL48+EJ48 -> 0 | EQ48: =EO48+EM48+EK48 -> 0 | ER48: =EQ48+EP48 -> 0 | EY48: =EW48+EU48+ES48 -> 0 | EZ48: =EX48+EV48+ET48 -> 0 | FA48: =EZ48+EY48 -> 0 | FB48: 1 | FD48: 1 | FF48: 3 | FG48: 4 | FL48: =FJ48+FH48+FF48+FD48+FB48 -> 5 | FM48: =FK48+FI48+FG48+FE48+FC48 -> 4 | FN48: =FM48+FL48 -> 9 | FP48: 1 | FX48: 1 | GG48: =GE48+GA48+FY48+FW48+FU48+FS48+FO48 -> 0 | GH48: =GF48+GB48+FZ48+FX48+FV48+FT48+FP48+FR48+GD48 -> 2 | GI48: =GH48+GG48 -> 2 | GK48: 1 | GL48: 1 | GO48: 1 | GZ48: 1 | HA48: 1 | HF48: 1 | JR48: 1 | KO48: 1 | KT48: 1 | KV48: =KT48+KN48+KJ48+KH48+KF48+KD48+KB48+JZ48+JX48+JV48+JT48+JR48+JP48+JN48+JL48+JJ48+JH48+JF48+JD48+JB48+IZ48+IX48+IV48+IT48+IR48+IP48+IN48+IL48+IJ48+IH48+IF48+ID48+IB48+HZ48+HX48+HV48+HT48+HR48+HP48+HN48+HL48+HJ48+HH48+HF48+HD48+HB48+GZ48+GX48+GV48+GT48+GR48+GP48+GN48+GL48+GJ48 -> 5 | KW48: =KU48+KO48+KK48+KI48+KG48+KE48+KC48+KA48+JY48+JW48+JU48+JS48+JQ48+JO48+JM48+JK48+JI48+JG48+JE48+JC48+JA48+IY48+IW48+IU48+IS48+IQ48+IO48+IM48+IK48+II48+IG48+IE48+IC48+IA48+HY48+HW48+HU48+HS48+HQ48+HO48+HM48+HK48+HI48+HG48+HE48+HC48+HA48+GY48+GW48+GU48+GS48+GQ48+GO48+GM48+GK48 -> 4 | KX48: =KW48+KV48 -> 9 | KY48: 5 | KZ48: 4 | LQ48: =LA48+LC48+KY48+LE48+LG48+LI48+LK48+LM48+LO48 -> 5 | LR48: =LB48+LD48+KZ48+LF48+LH48+LJ48+LL48+LN48+LP48 -> 4 | LS48: =LR48+LQ48 -> 9 | LT48: 2 | LZ48: 3 | MA48: 4 | MB48: =LX48+LV48+LT48+LZ48 -> 5 | MC48: =LY48+LW48+LU48+MA48 -> 4 | MD48: =MC48+MB48 -> 9 | MG48: 2 | MH48: 4 | MK48: 3 | MO48: =MM48+MK48+MI48+MG48+ME48 -> 5 | MP48: =MN48+ML48+MJ48+MH48+MF48 -> 4 | MQ48: =MP48+MO48 -> 9 | MT48: 5 | MU48: 4 | MZ48: =MX48+MV48+MT48+MR48 -> 5 | NA48: =MY48+MW48+MU48+MS48 -> 4 | NB48: =NA48+MZ48 -> 9 | NK48: 3 | NL48: 1 | NM48: 2 | NN48: 3 | NW48: =NU48+NS48+NQ48+NO48+NM48+NK48+NG48+NI48+NE48 -> 5 | NX48: =NV48+NT48+NR48+NP48+NN48+NL48+NH48+NJ48+NF48 -> 4 | NY48: =NX48+NW48 -> 9 | OF48: =OD48+OB48+NZ48 -> 0 | OG48: =OE48+OC48+OA48 -> 0 | OH48: =OG48+OF48 -> 0 | OJ48: 1 | OK48: 1 | ON48: 1 | OP48: 1 | OU48: 1 | PA48: 1 | PB48: 1 | PF48: 1 | PJ48: 1 | PL48: 6 | PM48: 9 | PN48: 6 | PP48: 1 | PV48: 1 | PY48: 1 | QA48: 1 | QB48: 1 | QD48: 1 | QI48: 1 | QL48: 1 | QM48: 1 | QO48: 1 | QT48: 1 | QV48: 1 | RB48: 1 | RD48: 1 | RG48: 1 | RI48: 1 | RM48: 1 | RO48: 190 | RP48: 41 | RS48: 9 | RT48: 9 | RU48: 3 | RW48: 2 | SB48: 1 | SQ48: حي الصناعي | SR48: علاء هادي سلمان | SS48: 7821854994
A49: خلاصة فرع السياحة والفندقة | F49: =SUM(F48) -> 1 | G49: =SUM(G48) -> 0 | H49: =SUM(H48) -> 0 | I49: =SUM(I48) -> 1 | J49: =SUM(J48) -> 0 | K49: =SUM(K48) -> 1 | L49: =SUM(L48) -> 0 | M49: =SUM(M48) -> 0 | ... GB49: =SUM(GB48) -> 0 | GE49: =SUM(GE48) -> 0 | GF49: =SUM(GF48) -> 0 | GG49: =SUM(GG48) -> 0 | GH49: =SUM(GH48) -> 2 | GI49: =SUM(GI48) -> 2 | GJ49: =SUM(GJ48) -> 0 | GK49: =SUM(GK48) -> 1 | GL49: =SUM(GL48) -> 1 | ... LN49: =SUM(LN48) -> 0 | LQ49: =SUM(LQ48) -> 5 | LR49: =SUM(LR48) -> 4 | LS49: =SUM(LS48) -> 9 | LT49: =SUM(LT48) -> 2 | LU49: =SUM(LU48) -> 0 | LV49: =SUM(LV48) -> 0 | LW49: =SUM(LW48) -> 0 | LX49: =SUM(LX48) -> 0 | ... OV49: =SUM(OV48) -> 0 | OZ49: =SUM(OZ48) -> 0 | PA49: =SUM(PA48) -> 1 | PB49: =SUM(PB48) -> 1 | PC49: =SUM(PC48) -> 0 | PD49: =SUM(PD48) -> 0 | PE49: =SUM(PE48) -> 0 | PF49: =SUM(PF48) -> 1 | PG49: =SUM(PG48) -> 0 | ... RN49: =SUM(RN48) -> 0 | RU49: =SUM(RU48) -> 3 | RV49: =SUM(RV48) -> 0 | RW49: =SUM(RW48) -> 2 | RX49: =SUM(RX48) -> 0 | RY49: =SUM(RY48) -> 0 | RZ49: =SUM(RZ48) -> 0 | SA49: =SUM(SA48) -> 0 | SB49: =SUM(SB48) -> 1 | ... SP49: =SUM(SP48) -> 0
A50: النجف | B50: المركز | C50: 11 | D50: 1401655 | E50: اعدادية العلوم الرياضية | F50: 1 | I50: 1 | K50: 1 | O50: 1 | S50: 1 | V50: 28 | X50: 37 | Z50: 44 | AB50: 47 | AF50: =AD50+AB50+Z50+X50+V50 -> 156 | AG50: =AE50+AC50+AA50+Y50+W50 -> 0 | AH50: =AG50+AF50 -> 156 | AI50: 28 | AK50: 37 | AM50: 44 | AO50: 47 | AS50: =AQ50+AO50+AM50+AK50+AI50 -> 156 | AT50: =AR50+AP50+AN50+AL50+AJ50 -> 0 | AU50: =AT50+AS50 -> 156 | AX50: 20 | AZ50: 30 | BB50: 31 | BD50: 10 | BF50: =BD50+BB50+AZ50+AX50+AV50 -> 91 | BG50: =BE50+BC50+BA50+AY50+AW50 -> 0 | BH50: =BG50+BF50 -> 91 | BS50: =BQ50+BO50+BM50+BK50+BI50 -> 0 | BT50: =BR50+BP50+BN50+BL50+BJ50 -> 0 | BU50: =BT50+BS50 -> 0 | BV50: =AI50 -> 28 | BW50: =AJ50 -> 0 | BX50: =AV50+AK50 -> 37 | BY50: =AL50+AW50 -> 0 | BZ50: =BI50+AX50+AM50 -> 64 | CA50: =AN50+AY50+BJ50 -> 0 | CB50: =BK50+AZ50+AO50 -> 77 | CC50: =AP50+BA50+BL50 -> 0 | CD50: =BM50+BB50+AQ50 -> 31 | CE50: =BN50+BC50+AR50 -> 0 | CF50: =BO50+BD50 -> 10 | CG50: =BP50+BE50 -> 0 | CH50: =BQ50 -> 0 | CI50: =BR50 -> 0 | CJ50: =CH50+CF50+CD50+CB50+BZ50+BX50+BV50 -> 247 | CK50: =CI50+CG50+CE50+CC50+CA50+BY50+BW50 -> 0 | CL50: =CK50+CJ50 -> 247 | CM50: 3 | CP50: 3 | CV50: =CS50+CP50+CM50 -> 6 | CW50: =CT50+CQ50+CN50 -> 0 | CX50: =CU50+CR50+CO50 -> 0 | CY50: =CX50+CW50+CV50 -> 6 | CZ50: 6 | DF50: =DD50+DB50+CZ50 -> 6 | DG50: =DE50+DC50+DA50 -> 0 | DH50: =DG50+DF50 -> 6 | DR50: 91 | DX50: =DV50+DT50+DR50 -> 91 | DY50: =DW50+DU50+DS50 -> 0 | DZ50: =DY50+DX50 -> 91 | EA50: 5 | EG50: =EE50+EC50+EA50 -> 5 | EH50: =EF50+ED50+EB50 -> 0 | EI50: =EH50+EG50 -> 5 | EJ50: 4 | EP50: =EN50+EL50+EJ50 -> 4 | EQ50: =EO50+EM50+EK50 -> 0 | ER50: =EQ50+EP50 -> 4 | EY50: =EW50+EU50+ES50 -> 0 | EZ50: =EX50+EV50+ET50 -> 0 | FA50: =EZ50+EY50 -> 0 | FB50: 1 | FL50: =FJ50+FH50+FF50+FD50+FB50 -> 1 | FM50: =FK50+FI50+FG50+FE50+FC50 -> 0 | FN50: =FM50+FL50 -> 1 | GG50: =GE50+GA50+FY50+FW50+FU50+FS50+FO50 -> 0 | GH50: =GF50+GB50+FZ50+FX50+FV50+FT50+FP50+FR50+GD50 -> 0 | GI50: =GH50+GG50 -> 0 | HF50: 1 | KV50: =KT50+KN50+KJ50+KH50+KF50+KD50+KB50+JZ50+JX50+JV50+JT50+JR50+JP50+JN50+JL50+JJ50+JH50+JF50+JD50+JB50+IZ50+IX50+IV50+IT50+IR50+IP50+IN50+IL50+IJ50+IH50+IF50+ID50+IB50+HZ50+HX50+HV50+HT50+HR50+HP50+HN50+HL50+HJ50+HH50+HF50+HD50+HB50+GZ50+GX50+GV50+GT50+GR50+GP50+GN50+GL50+GJ50 -> 1 | KW50: =KU50+KO50+KK50+KI50+KG50+KE50+KC50+KA50+JY50+JW50+JU50+JS50+JQ50+JO50+JM50+JK50+JI50+JG50+JE50+JC50+JA50+IY50+IW50+IU50+IS50+IQ50+IO50+IM50+IK50+II50+IG50+IE50+IC50+IA50+HY50+HW50+HU50+HS50+HQ50+HO50+HM50+HK50+HI50+HG50+HE50+HC50+HA50+GY50+GW50+GU50+GS50+GQ50+GO50+GM50+GK50 -> 0 | KX50: =KW50+KV50 -> 1 | KY50: 1 | LQ50: =LA50+LC50+KY50+LE50+LG50+LI50+LK50+LM50+LO50 -> 1 | LR50: =LB50+LD50+KZ50+LF50+LH50+LJ50+LL50+LN50+LP50 -> 0 | LS50: =LR50+LQ50 -> 1 | LZ50: 1 | MB50: =LX50+LV50+LT50+LZ50 -> 1 | MC50: =LY50+LW50+LU50+MA50 -> 0 | MD50: =MC50+MB50 -> 1 | MI50: 1 | MO50: =MM50+MK50+MI50+MG50+ME50 -> 1 | MP50: =MN50+ML50+MJ50+MH50+MF50 -> 0 | MQ50: =MP50+MO50 -> 1 | MT50: 1 | MZ50: =MX50+MV50+MT50+MR50 -> 1 | NA50: =MY50+MW50+MU50+MS50 -> 0 | NB50: =NA50+MZ50 -> 1 | NS50: 1 | NW50: =NU50+NS50+NQ50+NO50+NM50+NK50+NG50+NI50+NE50 -> 1 | NX50: =NV50+NT50+NR50+NP50+NN50+NL50+NH50+NJ50+NF50 -> 0 | NY50: =NX50+NW50 -> 1 | OF50: =OD50+OB50+NZ50 -> 0 | OG50: =OE50+OC50+OA50 -> 0 | OH50: =OG50+OF50 -> 0 | OJ50: 1 | OK50: 1 | OM50: 1 | OP50: 1 | OU50: 1 | OW50: 2024 | OX50: 30 | PA50: 1 | PD50: 1 | PH50: 1 | PK50: 1 | PM50: 18 | PN50: 5 | PP50: 1 | PV50: 1 | PX50: 1 | PZ50: 1 | QB50: 1 | QD50: 1 | QI50: 1 | QK50: 1 | QM50: 1 | QO50: 1 | QR50: 1 | QU50: 1 | QZ50: 1 | RC50: 1 | RD50: 1 | RG50: 1 | RJ50: 1 | RL50: 1 | RO50: 280 | RS50: 20 | RU50: 1 | RW50: 1 | RY50: 1 | SB50: 1 | SQ50: مع ع الشيخ المفيد | SR50: عدنان محسن عبود | SS50: 7818977611
A51: حلاصة العلوم الرياضية | F51: =SUM(F50) -> 1 | G51: =SUM(G50) -> 0 | H51: =SUM(H50) -> 0 | I51: =SUM(I50) -> 1 | J51: =SUM(J50) -> 0 | K51: =SUM(K50) -> 1 | L51: =SUM(L50) -> 0 | M51: =SUM(M50) -> 0 | ... SP51: =SUM(SP50) -> 0
A52: خلاصة التعليم المهني لمحافظة النجف الاشرف | F52: =F35+F31+F26+F20+F46+F49+F51 -> 10 | G52: =G35+G31+G26+G20+G46+G49+G51 -> 3 | H52: =H35+H31+H26+H20+H46+H49+H51 -> 0 | I52: =I35+I31+I26+I20+I46+I49+I51 -> 13 | J52: =J35+J31+J26+J20+J46+J49+J51 -> 0 | K52: =K35+K31+K26+K20+K46+K49+K51 -> 11 | L52: =L35+L31+L26+L20+L46+L49+L51 -> 1 | M52: =M35+M31+M26+M20+M46+M49+M51 -> 0 | ... SP52: =SP35+SP31+SP26+SP20+SP46+SP49+SP51 -> 26
A54: قضاء النجف | F54: =SUM(F36:F42)+F34+F26+F12+F49+F29+F51 -> 8 | G54: =SUM(G36:G42)+G34+G26+G12+G49+G29+G51 -> 2 | H54: =SUM(H36:H42)+H34+H26+H12+H49+H29+H51 -> 0 | I54: =SUM(I36:I42)+I34+I26+I12+I49+I29+I51 -> 10 | J54: =SUM(J36:J42)+J34+J26+J12+J49+J29+J51 -> 0 | K54: =SUM(K36:K42)+K34+K26+K12+K49+K29+K51 -> 8 | L54: =SUM(L36:L42)+L34+L26+L12+L49+L29+L51 -> 1 | M54: =SUM(M36:M42)+M34+M26+M12+M49+M29+M51 -> 0 | ... OV54: =SUM(OV36:OV42)+OV34+OV26+OV12+OV49+OV29+OV51 -> 0 | OY54: =SUM(OY36:OY42)+OY34+OY26+OY12+OY49+OY29+OY51 -> 0 | OZ54: =SUM(OZ36:OZ42)+OZ34+OZ26+OZ12+OZ49+OZ29+OZ51 -> 2 | PA54: =SUM(PA36:PA42)+PA34+PA26+PA12+PA49+PA29+PA51 -> 6 | PB54: =SUM(PB36:PB42)+PB34+PB26+PB12+PB49+PB29+PB51 -> 1 | PC54: =SUM(PC36:PC42)+PC34+PC26+PC12+PC49+PC29+PC51 -> 3 | PD54: =SUM(PD36:PD42)+PD34+PD26+PD12+PD49+PD29+PD51 -> 4 | PE54: =SUM(PE36:PE42)+PE34+PE26+PE12+PE49+PE29+PE51 -> 0 | PF54: =SUM(PF36:PF42)+PF34+PF26+PF12+PF49+PF29+PF51 -> 1 | ... SP54: =SUM(SP36:SP42)+SP34+SP26+SP12+SP49+SP29+SP51 -> 14
A55: قضاء الكوفة | F55: =F43+F27+F15 -> 1 | G55: =G43+G27+G15 -> 0 | H55: =H43+H27+H15 -> 0 | I55: =I43+I27+I15 -> 1 | J55: =J43+J27+J15 -> 0 | K55: =K43+K27+K15 -> 1 | L55: =L43+L27+L15 -> 0 | M55: =M43+M27+M15 -> 0 | ... OV55: =OV43+OV27+OV15 -> 0 | OY55: =OY43+OY27+OY15 -> 0 | OZ55: =OZ43+OZ27+OZ15 -> 1 | PA55: =PA43+PA27+PA15 -> 0 | PB55: =PB43+PB27+PB15 -> 0 | PC55: =PC43+PC27+PC15 -> 0 | PD55: =PD43+PD27+PD15 -> 1 | PE55: =PE43+PE27+PE15 -> 0 | PF55: =PF43+PF27+PF15 -> 0 | ... SP55: =SP43+SP27+SP15 -> 7
A56: قضاء المناذرة | F56: =F45+F18+F28+F44 -> 1 | G56: =G45+G18+G28+G44 -> 1 | H56: =H45+H18+H28+H44 -> 0 | I56: =I45+I18+I28+I44 -> 2 | J56: =J45+J18+J28+J44 -> 0 | K56: =K45+K18+K28+K44 -> 2 | L56: =L45+L18+L28+L44 -> 0 | M56: =M45+M18+M28+M44 -> 0 | ... SP56: =SP45+SP18+SP28+SP44 -> 5

Sheet ج 1,2
A1: المديرية العامة للتربية في محافظة النجف الاشرف | S1: التعليم المهني
A2: قسم التخطيط التربوي | I2: خلاصة محافظة النجف الاشرف
A3: جدول رقم ( 1 )
A4: التعليم المهني للعام الدراسي 2025 / 2026
A5: عدد المدارس والطلبة الموجودين والمستجدين وأعضاء الهيئة التدريسية واستقلالية المدرسة ونوع الازدواج ( الصباحي والمسائي )
A7: الفرع | B7: عدد المدارس | F7: عدد الطلبة المقبولين الجدد | I7: عدد الطلبة الموجودين | L7: عدد أعضاء الهيئة التدريسية | O7: استقلالية المدرسة | Q7: عدد المدارس حسب البيئة | S7: عدد مدارس الفتح الجديد
B8: بنون | C8: بنات | D8: مختلطة | E8: المجموع | F8: بنون | G8: بنات | H8: المجموع | I8: بنون | J8: بنات | K8: المجموع | L8: بنون | M8: بنات | N8: المجموع | O8: أصلية | P8: ضيف | Q8: حضر | R8: ريف
A9: الصناعي | B9: =المهني!F20 -> 6 | C9: =المهني!G20 -> 2 | D9: =المهني!H20 -> 0 | E9: =D9+C9+B9 -> 8 | F9: =المهني!AF20 -> 823 | G9: =المهني!AG20 -> 301 | H9: =G9+F9 -> 1124 | I9: =المهني!CJ20 -> 1849 | J9: =المهني!CK20 -> 610 | K9: =J9+I9 -> 2459 | L9: =المهني!FL20 -> 197 | M9: =المهني!FM20 -> 203 | N9: =M9+L9 -> 400 | O9: =المهني!O20 -> 7 | P9: =المهني!P20 -> 1 | Q9: =المهني!I20 -> 8 | R9: =المهني!J20 -> 0 | S9: =المهني!U20 -> 1
A10: الزراعي | B10: 0 | C10: 0 | D10: 0 | E10: =D10+C10+B10 -> 0 | F10: =المهني!AF31 -> 54 | G10: =المهني!AG31 -> 0 | H10: =G10+F10 -> 54 | I10: =المهني!CJ31 -> 112 | J10: =المهني!CK31 -> 0 | K10: =J10+I10 -> 112 | L10: =المهني!FL31 -> 0 | M10: =المهني!FM31 -> 0 | N10: =M10+L10 -> 0 | O10: 0 | P10: 0 | Q10: 0 | R10: 0 | S10: 0
A11: التجاري | B11: =المهني!F26 -> 1 | C11: =المهني!G26 -> 1 | D11: =المهني!H26 -> 0 | E11: =D11+C11+B11 -> 2 | F11: =المهني!AF26 -> 198 | G11: =المهني!AG26 -> 142 | H11: =G11+F11 -> 340 | I11: =المهني!CJ26 -> 557 | J11: =المهني!CK26 -> 279 | K11: =J11+I11 -> 836 | L11: =المهني!FL26 -> 20 | M11: =المهني!FM26 -> 28 | N11: =M11+L11 -> 48 | O11: =المهني!O26 -> 1 | P11: =المهني!P26 -> 1 | Q11: =المهني!I26 -> 2 | R11: 0 | S11: =المهني!U26 -> 0
A12: فنون تطبيقية | B12: 0 | C12: 0 | D12: 0 | E12: =D12+C12+B12 -> 0 | F12: =المهني!AF35 -> 0 | G12: =المهني!AG35 -> 167 | H12: =G12+F12 -> 167 | I12: 0 | J12: =المهني!CK35 -> 346 | K12: =J12+I12 -> 346 | L12: 0 | M12: =المهني!FM35 -> 0 | N12: =M12+L12 -> 0 | O12: 0 | P12: 0 | Q12: 0 | R12: 0 | S12: 0
A13: سياحة | B13: =المهني!F49 -> 1 | C13: =المهني!G49 -> 0 | D13: =المهني!H49 -> 0 | E13: =D13+C13+B13 -> 1 | F13: =المهني!AF48 -> 93 | G13: =المهني!AG48 -> 0 | H13: =G13+F13 -> 93 | I13: =المهني!CJ48 -> 197 | J13: =المهني!CK48 -> 0 | K13: =J13+I13 -> 197 | L13: =المهني!FL49 -> 5 | M13: =المهني!FM49 -> 4 | N13: =M13+L13 -> 9 | O13: =المهني!O49 -> 1 | P13: =المهني!P49 -> 0 | Q13: =المهني!I49 -> 1 | R13: =المهني!J49 -> 0 | S13: =المهني!U51 -> 0
A14: العلوم الرياضية | B14: =المهني!F51 -> 1 | C14: =المهني!G51 -> 0 | D14: =المهني!H51 -> 0 | E14: =D14+C14+B14 -> 1 | F14: =المهني!AF51 -> 156 | G14: =المهني!AG51 -> 0 | H14: =G14+F14 -> 156 | I14: =المهني!CJ51 -> 247 | J14: =المهني!CK51 -> 0 | K14: =J14+I14 -> 247 | L14: =المهني!FL51 -> 1 | M14: =المهني!FM51 -> 0 | N14: =M14+L14 -> 1 | O14: =المهني!O51 -> 1 | P14: =المهني!P51 -> 0 | Q14: =المهني!I51 -> 1 | R14: =المهني!J51 -> 0 | S14: =المهني!U51 -> 0
A15: الحاسوب وتقنية المعلومات | B15: =المهني!F47 -> 1 | C15: =المهني!G47 -> 0 | D15: =المهني!H47 -> 0 | E15: =D15+C15+B15 -> 1 | F15: =المهني!AF46 -> 813 | G15: =المهني!AG46 -> 423 | H15: =G15+F15 -> 1236 | I15: =المهني!CJ46 -> 1849 | J15: =المهني!CK46 -> 751 | K15: =J15+I15 -> 2600 | L15: =المهني!FL46 -> 1 | M15: =المهني!FM46 -> 0 | N15: =M15+L15 -> 1 | O15: =المهني!O46 -> 1 | P15: 0 | Q15: =المهني!I46 -> 1 | R15: 0 | S15: =المهني!U46 -> 1
A16: المجموع | B16: =B12+B11+B10+B9+B15+B13+B14 -> 10 | C16: =C12+C11+C10+C9+C15+C13+C14 -> 3 | D16: =D12+D11+D10+D9+D15+D13+D14 -> 0 | E16: =E12+E11+E10+E9+E15+E13+E14 -> 13 | F16: =F12+F11+F10+F9+F15+F13+F14 -> 2137 | G16: =G12+G11+G10+G9+G15+G13+G14 -> 1033 | H16: =H12+H11+H10+H9+H15+H13+H14 -> 3170 | I16: =I12+I11+I10+I9+I15+I13+I14 -> 4811 | ... R16: =R12+R11+R10+R9+R15+R13+R14 -> 0 | S16: =SUM(S9:T15) -> 2
D18: جدول رقم ( 2 )
D19: التعليم المهني للعام الدراسي 2025 / 2026
D20: عدد الطلبة المقبولين الجدد حسب العمر والجنس ( الصباحي والمسائي)
C22: الفرع | E22: عمر 15 سنة | G22: عمر 16 سنة | I22: عمر 17 سنة | K22: عمر 18 سنة | M22: عمر 19 سنة | O22: المجمـــــــــــــوع
E23: بنون | F23: بنات | G23: بنون | H23: بنات | I23: بنون | J23: بنات | K23: بنون | L23: بنات | M23: بنون | N23: بنات | O23: بنون | P23: بنات | Q23: المجموع
C24: الصناعي | E24: =المهني!V20 -> 274 | F24: =المهني!W20 -> 92 | G24: =المهني!X20 -> 243 | H24: =المهني!Y20 -> 77 | I24: =المهني!Z20 -> 154 | J24: =المهني!AA20 -> 61 | K24: =المهني!AB20 -> 102 | L24: =المهني!AC20 -> 33 | ... N24: =المهني!AE20 -> 38 | O24: =M24+K24+I24+G24+E24 -> 823 | P24: =N24+L24+J24+H24+F24 -> 301 | Q24: =P24+O24 -> 1124
C25: الزراعي | E25: =المهني!V31 -> 8 | F25: =المهني!W31 -> 0 | G25: =المهني!X31 -> 19 | H25: =المهني!Y31 -> 0 | I25: =المهني!Z31 -> 9 | J25: =المهني!AA31 -> 0 | K25: =المهني!AB31 -> 10 | L25: =المهني!AC31 -> 0 | ... N25: =المهني!AE31 -> 0 | O25: =M25+K25+I25+G25+E25 -> 54 | P25: =N25+L25+J25+H25+F25 -> 0 | Q25: =P25+O25 -> 54
C26: التجاري | E26: =المهني!V26 -> 0 | F26: =المهني!W26 -> 29 | G26: =المهني!X26 -> 40 | H26: =المهني!Y26 -> 42 | I26: =المهني!Z26 -> 100 | J26: =المهني!AA26 -> 24 | K26: =المهني!AB26 -> 44 | L26: =المهني!AC26 -> 24 | ... N26: =المهني!AE26 -> 23 | O26: =M26+K26+I26+G26+E26 -> 198 | P26: =N26+L26+J26+H26+F26 -> 142 | Q26: =P26+O26 -> 340
C27: فنون تطبيقية | E27: =المهني!V35 -> 0 | F27: =المهني!W35 -> 35 | G27: 0 | H27: =المهني!Y35 -> 48 | I27: 0 | J27: =المهني!AA35 -> 41 | K27: 0 | L27: =المهني!AC35 -> 21 | M27: 0 | N27: =المهني!AE35 -> 22 | O27: =M27+K27+I27+G27+E27 -> 0 | P27: =N27+L27+J27+H27+F27 -> 167 | Q27: =P27+O27 -> 167
C28: سياحة | E28: =المهني!V49 -> 24 | F28: =المهني!W49 -> 0 | G28: =المهني!X49 -> 25 | H28: =المهني!Y49 -> 0 | I28: =المهني!Z49 -> 22 | J28: =المهني!AA49 -> 0 | K28: =المهني!AB49 -> 15 | L28: =المهني!AC49 -> 0 | ... N28: =المهني!AE49 -> 0 | O28: =M28+K28+I28+G28+E28 -> 93 | P28: =N28+L28+J28+H28+F28 -> 0 | Q28: =P28+O28 -> 93
C29: العلوم الرياضية | E29: =المهني!V51 -> 28 | F29: =المهني!W51 -> 0 | G29: =المهني!X51 -> 37 | H29: =المهني!Y51 -> 0 | I29: =المهني!Z51 -> 44 | J29: =المهني!AA51 -> 0 | K29: =المهني!AB51 -> 47 | L29: =المهني!AC51 -> 0 | ... N29: =المهني!AE51 -> 0 | O29: =M29+K29+I29+G29+E29 -> 156 | P29: =N29+L29+J29+H29+F29 -> 0 | Q29: =P29+O29 -> 156
C30: الحاسوب وتقنية المعلومات | E30: =المهني!V46 -> 256 | F30: =المهني!W46 -> 123 | G30: =المهني!X46 -> 227 | H30: =المهني!Y46 -> 94 | I30: =المهني!Z46 -> 141 | J30: =المهني!AA46 -> 90 | K30: =المهني!AB46 -> 97 | L30: =المهني!AC46 -> 50 | ... N30: =المهني!AE46 -> 66 | O30: =M30+K30+I30+G30+E30 -> 813 | P30: =N30+L30+J30+H30+F30 -> 423 | Q30: =P30+O30 -> 1236
C31: المجموع | E31: =E27+E26+E25+E24+E30+E28+E29 -> 590 | F31: =F27+F26+F25+F24+F30+F28+F29 -> 279 | G31: =G27+G26+G25+G24+G30+G28+G29 -> 591 | H31: =H27+H26+H25+H24+H30+H28+H29 -> 261 | I31: =I27+I26+I25+I24+I30+I28+I29 -> 470 | J31: =J27+J26+J25+J24+J30+J28+J29 -> 216 | K31: =K27+K26+K25+K24+K30+K28+K29 -> 315 | L31: =L27+L26+L25+L24+L30+L28+L29 -> 128 | ... Q31: =Q27+Q26+Q25+Q24+Q30+Q28+Q29 -> 3170
A33: المديرية العامة للتربية في محافظة النجف الاشرف | S33: التعليم المهني
A34: قسم التخطيط التربوي | I34: خلاصة قضاء النجف ومركزها
A35: جدول رقم ( 1 )
A36: التعليم المهني للعام الدراسي 2025 / 2026
A37: عدد المدارس والطلبة الموجودين والمستجدين وأعضاء الهيئة التدريسية واستقلالية المدرسة ونوع الازدواج ( الصباحي والمسائي )
A39: الفرع | B39: عدد المدارس | F39: عدد الطلبة المقبولين الجدد | I39: عدد الطلبة الموجودين | L39: عدد أعضاء الهيئة التدريسية | O39: استقلالية المدرسة | Q39: عدد المدارس حسب البيئة | S39: عدد مدارس الفتح الجديد
B40: بنون | C40: بنات | D40: مختلطة | E40: المجموع | F40: بنون | G40: بنات | H40: المجموع | I40: بنون | J40: بنات | K40: المجموع | L40: بنون | M40: بنات | N40: المجموع | O40: أصلية | P40: ضيف | Q40: حضر | R40: ريف
A41: الصناعي | B41: =المهني!F12 -> 4 | C41: =المهني!G12 -> 1 | D41: =المهني!H12 -> 0 | E41: =D41+C41+B41 -> 5 | F41: =المهني!AF12 -> 606 | G41: =المهني!AG12 -> 249 | H41: =G41+F41 -> 855 | I41: =المهني!CJ12 -> 1434 | J41: =المهني!CK12 -> 516 | K41: =J41+I41 -> 1950 | L41: =المهني!FL12 -> 114 | M41: =المهني!FM12 -> 126 | N41: =M41+L41 -> 240 | O41: =المهني!O12 -> 4 | P41: =المهني!P12 -> 1 | Q41: =المهني!I12 -> 5 | R41: =المهني!J12 -> 0 | S41: =المهني!U12 -> 0
A42: الزراعي | B42: 0 | C42: 0 | D42: 0 | E42: =D42+C42+B42 -> 0 | F42: 0 | G42: 0 | H42: =G42+F42 -> 0 | I42: 0 | J42: 0 | K42: =J42+I42 -> 0 | L42: 0 | M42: 0 | N42: =M42+L42 -> 0 | O42: 0 | P42: 0 | Q42: 0 | R42: 0 | S42: 0
A43: التجاري | B43: =المهني!F26 -> 1 | C43: =المهني!G26 -> 1 | D43: =المهني!H26 -> 0 | E43: =D43+C43+B43 -> 2 | F43: =المهني!AF26 -> 198 | G43: =المهني!AG26 -> 142 | H43: =G43+F43 -> 340 | I43: =المهني!CJ26 -> 557 | J43: =المهني!CK26 -> 279 | K43: =J43+I43 -> 836 | L43: =المهني!FL26 -> 20 | M43: =المهني!FM26 -> 28 | N43: =M43+L43 -> 48 | O43: 0 | P43: 0 | Q43: 0 | R43: 0 | S43: 0
A44: فنون تطبيقية | B44: 0 | C44: 0 | D44: 0 | E44: =D44+C44+B44 -> 0 | F44: =المهني!AF35 -> 0 | G44: =المهني!AG35 -> 167 | H44: =G44+F44 -> 167 | I44: 0 | J44: =المهني!CK34 -> 346 | K44: =J44+I44 -> 346 | L44: 0 | M44: =المهني!FM34 -> 0 | N44: =M44+L44 -> 0 | O44: 0 | P44: 0 | Q44: 0 | R44: 0 | S44: 0
A45: سياحة | F45: =المهني!AF49 -> 93 | G45: =المهني!AG49 -> 0 | H45: =G45+F45 -> 93 | I45: =المهني!CJ49 -> 197 | J45: =المهني!CK49 -> 0 | K45: =J45+I45 -> 197 | L45: =المهني!FL49 -> 5 | M45: =المهني!FM49 -> 4 | N45: =M45+L45 -> 9
A46: الحاسوب وتقنية المعلومات | B46: 0 | C46: 0 | D46: 0 | E46: 0 | F46: =المهني!AF47 -> 645 | G46: =المهني!AG47 -> 317 | H46: =G46+F46 -> 962 | I46: =المهني!CJ47 -> 1494 | J46: =المهني!CK47 -> 595 | K46: =J46+I46 -> 2089 | L46: =المهني!FL46 -> 1 | M46: =المهني!FM46 -> 0 | N46: =M46+L46 -> 1 | O46: 0 | P46: 0 | Q46: 0 | R46: 0 | S46: 0
A47: المجموع | B47: =B44+B43+B42+B41+B46+B45 -> 5 | C47: =C44+C43+C42+C41+C46+C45 -> 2 | D47: =D44+D43+D42+D41+D46+D45 -> 0 | E47: =E44+E43+E42+E41+E46+E45 -> 7 | F47: =F44+F43+F42+F41+F46+F45 -> 1542 | G47: =G44+G43+G42+G41+G46+G45 -> 875 | H47: =H44+H43+H42+H41+H46+H45 -> 2417 | I47: =I44+I43+I42+I41+I46+I45 -> 3682 | ... R47: =R44+R43+R42+R41+R46+R45 -> 0 | S47: =SUM(S41:S44) -> 0
D49: جدول رقم ( 2 )
D50: التعليم المهني للعام الدراسي 2025 / 2026
D51: عدد الطلبة المقبولين الجدد حسب العمر والجنس ( الصباحي والمسائي)
D53: الفرع | E53: عمر 15 سنة | G53: عمر 16 سنة | I53: عمر 17 سنة | K53: عمر 18 سنة | M53: عمر 19 سنة | O53: المجمـــــــــــــوع
E54: بنون | F54: بنات | G54: بنون | H54: بنات | I54: بنون | J54: بنات | K54: بنون | L54: بنات | M54: بنون | N54: بنات | O54: بنون | P54: بنات | Q54: المجموع
D55: الصناعي | E55: =المهني!V12 -> 216 | F55: =المهني!W12 -> 77 | G55: =المهني!X12 -> 168 | H55: =المهني!Y12 -> 64 | I55: =المهني!Z12 -> 113 | J55: =المهني!AA12 -> 56 | K55: =المهني!AB12 -> 69 | L55: =المهني!AC12 -> 23 | ... N55: =المهني!AE12 -> 29 | O55: =M55+K55+I55+G55+E55 -> 606 | P55: =N55+L55+J55+H55+F55 -> 249 | Q55: =P55+O55 -> 855
D56: الزراعي | E56: 0 | F56: 0 | G56: 0 | H56: 0 | I56: 0 | J56: 0 | K56: 0 | L56: 0 | M56: 0 | N56: 0 | O56: =M56+K56+I56+G56+E56 -> 0 | P56: =N56+L56+J56+H56+F56 -> 0 | Q56: =P56+O56 -> 0
D57: التجاري | E57: =المهني!V26 -> 0 | F57: =المهني!W26 -> 29 | G57: =المهني!X26 -> 40 | H57: =المهني!Y26 -> 42 | I57: =المهني!Z26 -> 100 | J57: =المهني!AA26 -> 24 | K57: =المهني!AB26 -> 44 | L57: =المهني!AC26 -> 24 | ... N57: =المهني!AE26 -> 23 | O57: =M57+K57+I57+G57+E57 -> 198 | P57: =N57+L57+J57+H57+F57 -> 142 | Q57: =P57+O57 -> 340
D58: فنون تطبيقية | E58: 0 | F58: =المهني!AJ35 -> 35 | G58: 0 | H58: =المهني!AL34 -> 48 | I58: 0 | J58: =المهني!AN34 -> 41 | K58: 0 | L58: =المهني!AP34 -> 21 | M58: 0 | N58: =المهني!AE35 -> 22 | O58: =M58+K58+I58+G58+E58 -> 0 | P58: =N58+L58+J58+H58+F58 -> 167 | Q58: =P58+O58 -> 167
D59: سياحة
D60: الحاسوب وتقنية المعلومات | E60: =المهني!V47 -> 213 | F60: =المهني!W47 -> 107 | G60: =المهني!X47 -> 152 | H60: =المهني!Y47 -> 74 | I60: =المهني!Z47 -> 115 | J60: =المهني!AA47 -> 54 | K60: =المهني!AB47 -> 80 | L60: =المهني!AC47 -> 30 | ... N60: =المهني!AE47 -> 52 | O60: =M60+K60+I60+G60+E60 -> 645 | P60: =N60+L60+J60+H60+F60 -> 317 | Q60: =P60+O60 -> 962
D61: المجموع | E61: =E58+E57+E56+E55+E60 -> 429 | F61: =F58+F57+F56+F55+F60 -> 248 | G61: =G58+G57+G56+G55+G60 -> 360 | H61: =H58+H57+H56+H55+H60 -> 228 | I61: =I58+I57+I56+I55+I60 -> 328 | J61: =J58+J57+J56+J55+J60 -> 175 | K61: =K58+K57+K56+K55+K60 -> 193 | L61: =L58+L57+L56+L55+L60 -> 98 | ... Q61: =Q58+Q57+Q56+Q55+Q60 -> 2324
A64: المديرية العامة للتربية في محافظة النجف الاشرف | S64: التعليم المهني
A65: قسم التخطيط التربوي | H65: خلاصة قضاء الكوفة
A66: جدول رقم ( 1 )
A67: التعليم المهني للعام الدراسي 2025 / 2026
A68: عدد المدارس والطلبة الموجودين والمستجدين وأعضاء الهيئة التدريسية واستقلالية المدرسة ونوع الازدواج ( الصباحي والمسائي )
A70: الفرع | B70: عدد المدارس | F70: عدد الطلبة المقبولين الجدد | I70: عدد الطلبة الوجودين | L70: عدد أعضاء الهيئة التدريسية | O70: استقلالية المدرسة | Q70: عدد المدارس حسب البيئة | S70: عدد مدارس الفتح الجديد
B71: بنون | C71: بنات | D71: مختلطة | E71: المجموع | F71: بنون | G71: بنات | H71: المجموع | I71: بنون | J71: بنات | K71: المجموع | L71: بنون | M71: بنات | N71: المجموع | O71: أصلية | P71: ضيف | Q71: حضر | R71: ريف
A72: الصناعي | B72: =المهني!F15 -> 1 | C72: =المهني!G15 -> 0 | D72: =المهني!H15 -> 0 | E72: =D72+C72+B72 -> 1 | F72: =المهني!AF15 -> 53 | G72: =المهني!AG15 -> 0 | H72: =G72+F72 -> 53 | I72: =المهني!CJ15 -> 131 | J72: =المهني!CK15 -> 0 | K72: =J72+I72 -> 131 | L72: =المهني!FL15 -> 34 | M72: =المهني!FM15 -> 16 | N72: =M72+L72 -> 50 | O72: =المهني!O15 -> 1 | P72: =المهني!P15 -> 0 | Q72: =المهني!I15 -> 1 | R72: =المهني!J15 -> 0 | S72: =المهني!U15 -> 0
A73: الزراعي | B73: =المهني!F31 -> 0 | C73: =المهني!G31 -> 0 | D73: =المهني!H31 -> 0 | E73: =D73+C73+B73 -> 0 | F73: =المهني!AF31 -> 54 | G73: =المهني!AG31 -> 0 | H73: =G73+F73 -> 54 | I73: =المهني!CJ31 -> 112 | J73: =المهني!CK31 -> 0 | K73: =J73+I73 -> 112 | L73: =المهني!FL31 -> 0 | M73: =المهني!FM31 -> 0 | N73: =M73+L73 -> 0 | O73: =المهني!O31 -> 0 | P73: =المهني!P31 -> 0 | Q73: 0 | R73: 0 | S73: 0
A74: التجاري | B74: 0 | C74: 0 | D74: 0 | E74: =D74+C74+B74 -> 0 | F74: 0 | G74: 0 | H74: =G74+F74 -> 0 | I74: 0 | J74: 0 | K74: =J74+I74 -> 0 | L74: 0 | M74: 0 | N74: =M74+L74 -> 0 | O74: 0 | P74: 0 | Q74: 0 | R74: 0 | S74: 0
A75: الفنون التطبيقية | B75: 0 | C75: 0 | D75: 0 | E75: =D75+C75+B75 -> 0 | F75: 0 | G75: 0 | H75: =G75+F75 -> 0 | I75: 0 | J75: 0 | K75: =J75+I75 -> 0 | L75: 0 | M75: 0 | N75: =M75+L75 -> 0 | O75: 0 | P75: 0 | Q75: 0 | R75: 0 | S75: 0
A76: سياحة
A77: الحاسوب وتقنية المعلومات | B77: 0 | C77: 0 | D77: 0 | E77: =D77+C77+B77 -> 0 | F77: =المهني!AF43 -> 77 | G77: =المهني!AG43 -> 0 | H77: =G77+F77 -> 77 | I77: =المهني!CJ43 -> 160 | J77: =المهني!CK43 -> 0 | K77: =J77+I77 -> 160 | L77: =المهني!FL43 -> 0 | M77: =المهني!FM43 -> 0 | N77: =M77+L77 -> 0 | O77: 0 | P77: 0 | Q77: 0 | R77: 0 | S77: 0
A78: المجموع | B78: =B75+B74+B73+B72+B77+B76 -> 1 | C78: =C75+C74+C73+C72+C77+C76 -> 0 | D78: =D75+D74+D73+D72+D77+D76 -> 0 | E78: =E75+E74+E73+E72+E77+E76 -> 1 | F78: =F75+F74+F73+F72+F77+F76 -> 184 | G78: =G75+G74+G73+G72+G77+G76 -> 0 | H78: =H75+H74+H73+H72+H77+H76 -> 184 | I78: =I75+I74+I73+I72+I77+I76 -> 403 | ... R78: =R75+R74+R73+R72+R77+R76 -> 0 | S78: =SUM(S72:S75) -> 0
D80: جدول رقم ( 2 )
D81: التعليم المهني للعام الدراسي2025 / 2026
D82: عدد الطلبة المقبولين الجدد حسب العمر والجنس ( الصباحي والمسائي)
D84: الفرع | E84: عمر 15 سنة | G84: عمر 16 سنة | I84: عمر 17 سنة | K84: عمر 18 سنة | M84: عمر 19 سنة | O84: المجمـــــــــــــوع
E85: بنون | F85: بنات | G85: بنون | H85: بنات | I85: بنون | J85: بنات | K85: بنون | L85: بنات | M85: بنون | N85: بنات | O85: بنون | P85: بنات | Q85: المجموع
D86: الصناعي | E86: =المهني!V15 -> 24 | F86: =المهني!W15 -> 0 | G86: =المهني!X15 -> 9 | H86: =المهني!Y15 -> 0 | I86: =المهني!Z15 -> 7 | J86: =المهني!AA15 -> 0 | K86: =المهني!AB15 -> 11 | L86: =المهني!AC15 -> 0 | ... N86: =المهني!AE15 -> 0 | O86: =M86+K86+I86+G86+E86 -> 53 | P86: =N86+L86+J86+H86+F86 -> 0 | Q86: =P86+O86 -> 53
D87: الزراعي | E87: =المهني!V31 -> 8 | F87: =المهني!W31 -> 0 | G87: =المهني!X31 -> 19 | H87: =المهني!Y31 -> 0 | I87: =المهني!Z31 -> 9 | J87: =المهني!AA31 -> 0 | K87: =المهني!AB31 -> 10 | L87: =المهني!AC31 -> 0 | ... N87: =المهني!AE31 -> 0 | O87: =M87+K87+I87+G87+E87 -> 54 | P87: =N87+L87+J87+H87+F87 -> 0 | Q87: =P87+O87 -> 54
D88: التجاري | E88: 0 | F88: 0 | G88: 0 | H88: 0 | I88: 0 | J88: 0 | K88: 0 | L88: 0 | M88: 0 | N88: 0 | O88: =M88+K88+I88+G88+E88 -> 0 | P88: =N88+L88+J88+H88+F88 -> 0 | Q88: =P88+O88 -> 0
D89: الفنون التطبيقية | E89: 0 | F89: 0 | G89: 0 | H89: 0 | I89: 0 | J89: 0 | K89: 0 | L89: 0 | M89: 0 | N89: 0 | O89: =M89+K89+I89+G89+E89 -> 0 | P89: =N89+L89+J89+H89+F89 -> 0 | Q89: =P89+O89 -> 0
D90: سياحة
D91: الحاسوب وتقنية المعلومات | E91: =المهني!V43 -> 24 | F91: =المهني!W43 -> 0 | G91: =المهني!X43 -> 28 | H91: =المهني!Y43 -> 0 | I91: =المهني!Z43 -> 12 | J91: =المهني!AA43 -> 0 | K91: =المهني!AB43 -> 8 | L91: =المهني!AC43 -> 0 | ... N91: =المهني!AE43 -> 0 | O91: =M91+K91+I91+G91+E91 -> 77 | P91: =N91+L91+J91+H91+F91 -> 0 | Q91: =P91+O91 -> 77
D92: المجموع | E92: =E89+E88+E87+E86 -> 32 | F92: =F89+F88+F87+F86 -> 0 | G92: =G89+G88+G87+G86 -> 28 | H92: =H89+H88+H87+H86 -> 0 | I92: =I89+I88+I87+I86 -> 16 | J92: =J89+J88+J87+J86 -> 0 | K92: =K89+K88+K87+K86 -> 21 | L92: =L89+L88+L87+L86 -> 0 | ... Q92: =Q89+Q88+Q87+Q86 -> 107
A94: المديرية العامة للتربية في محافظة النجف الاشرف | S94: التعليم المهني
A95: قسم التخطيط التربوي | I95: خلاصة قضاء المناذرة
A96: جدول رقم ( 1 )
A97: التعليم المهني للعام الدراسي 2025 / 2026
A98: عدد المدارس والطلبة الموجودين والمستجدين وأعضاء الهيئة التدريسية واستقلالية المدرسة ونوع الازدواج ( الصباحي والمسائي )
A100: الفرع | B100: عدد المدارس | F100: عدد الطلبة المقبولين الجدد | I100: عدد الطلبة الموجودين | L100: عدد أعضاء الهيئة التدريسية | O100: استقلالية المدرسة | Q100: عدد المدارس حسب البيئة | S100: عدد مدارس الفتح الجديد
B101: بنون | C101: بنات | D101: مختلطة | E101: المجموع | F101: بنون | G101: بنات | H101: المجموع | I101: بنون | J101: بنات | K101: المجموع | L101: بنون | M101: بنات | N101: المجموع | O101: أصلية | P101: ضيف | Q101: حضر | R101: ريف
A102: الصناعي | B102: =المهني!F19 -> 1 | C102: =المهني!G19 -> 1 | D102: =المهني!H19 -> 0 | E102: =D102+C102+B102 -> 2 | F102: =المهني!AF19 -> 164 | G102: =المهني!AG19 -> 52 | H102: =G102+F102 -> 216 | I102: =المهني!CJ19 -> 284 | J102: =المهني!CK19 -> 94 | K102: =J102+I102 -> 378 | L102: =المهني!FL19 -> 49 | M102: =المهني!FM19 -> 61 | N102: =M102+L102 -> 110 | O102: =المهني!O19 -> 2 | P102: =المهني!P19 -> 0 | Q102: =المهني!I19 -> 2 | R102: =المهني!J19 -> 0 | S102: =المهني!U19 -> 1
A103: الزراعي | B103: 0 | C103: 0 | D103: 0 | E103: =D103+C103+B103 -> 0 | F103: 0 | G103: 0 | H103: =G103+F103 -> 0 | I103: 0 | J103: 0 | K103: =J103+I103 -> 0 | L103: 0 | M103: 0 | N103: =M103+L103 -> 0 | O103: 0 | P103: 0 | Q103: 0 | R103: 0 | S103: 0
A104: التجاري | B104: 0 | C104: 0 | D104: 0 | E104: =D104+C104+B104 -> 0 | F104: 0 | G104: 0 | H104: =G104+F104 -> 0 | I104: 0 | J104: 0 | K104: =J104+I104 -> 0 | L104: 0 | M104: 0 | N104: =M104+L104 -> 0 | O104: 0 | P104: 0 | Q104: 0 | R104: 0 | S104: 0
A105: الفنون التطبيقية | B105: 0 | C105: 0 | D105: 0 | E105: =D105+C105+B105 -> 0 | F105: 0 | G105: 0 | H105: =G105+F105 -> 0 | I105: 0 | J105: 0 | K105: =J105+I105 -> 0 | L105: 0 | M105: 0 | N105: =M105+L105 -> 0 | O105: 0 | P105: 0 | Q105: 0 | R105: 0 | S105: 0
A106: سياحة
A107: الحاسوب وتقنية المعلومات | B107: 0 | C107: 0 | D107: 0 | E107: =D107+C107+B107 -> 0 | F107: =المهني!AF45 -> 91 | G107: =المهني!AG45 -> 0 | H107: =G107+F107 -> 91 | I107: =المهني!CJ45 -> 195 | J107: =المهني!CK45 -> 0 | K107: =المهني!CL45 -> 195 | L107: 0 | M107: 0 | N107: =M107+L107 -> 0 | O107: 0 | P107: 0 | Q107: 0 | R107: 0 | S107: 0
A108: المجموع | B108: =B105+B104+B103+B102+B107 -> 1 | C108: =C105+C104+C103+C102+C107 -> 1 | D108: =D105+D104+D103+D102+D107 -> 0 | E108: =E105+E104+E103+E102+E107 -> 2 | F108: =F105+F104+F103+F102+F107 -> 255 | G108: =G105+G104+G103+G102+G107 -> 52 | H108: =H105+H104+H103+H102+H107 -> 307 | I108: =I105+I104+I103+I102+I107 -> 479 | ... R108: =R105+R104+R103+R102+R107 -> 0 | S108: 0
D110: جدول رقم ( 2 )
D111: التعليم المهني للعام الدراسي2025 / 2026
D112: عدد الطلبة المقبولين الجدد حسب العمر والجنس ( الصباحي والمسائي)
D114: الفرع | E114: عمر 15 سنة | G114: عمر 16 سنة | I114: عمر 17 سنة | K114: عمر 18 سنة | M114: عمر 19 سنة | O114: المجمـــــــــــــوع
E115: بنون | F115: بنات | G115: بنون | H115: بنات | I115: بنون | J115: بنات | K115: بنون | L115: بنات | M115: بنون | N115: بنات | O115: بنون | P115: بنات | Q115: المجموع
D116: الصناعي | E116: =المهني!V19 -> 34 | F116: =المهني!W19 -> 15 | G116: =المهني!X19 -> 66 | H116: =المهني!Y19 -> 13 | I116: =المهني!Z19 -> 34 | J116: =المهني!AA19 -> 5 | K116: =المهني!AB19 -> 22 | L116: =المهني!AC19 -> 10 | ... N116: =المهني!AE19 -> 9 | O116: =M116+K116+I116+G116+E116 -> 164 | P116: =N116+L116+J116+H116+F116 -> 52 | Q116: =P116+O116 -> 216
...

Sheet ج3
A1: المديرية العامة للتربية في محافظة النجف الاشرف | S1: التعليم المهني
B2: قسم التخطيط التربوي | J2: خلاصة محافظة النجف الاشرف
A3: جدول رقم ( 3 )
A4: التعليم المهني للعام الدراسي 2025 / 2026
A5: عدد المدارس والمدرسين والطلبة والشعب (( المدارس المسائية فقط ))
A7: الفرع | B7: عدد المدارس | F7: عدد المدرسين | I7: عدد الطلبة الموجودين | R7: الشعب
I8: الصف الاول | K8: الصف الثاني | M8: الصف الثالث | O8: المجموع الكلي
B9: بنون | C9: بنات | D9: مختلطة | E9: المجموع | F9: ذكور | G9: اناث | H9: المجموع | I9: بنون | J9: بنات | K9: بنون | L9: بنات | M9: بنون | N9: بنات | O9: بنون | P9: بنات | Q9: المجموع | R9: بنون | S9: بنات | T9: مختلط | U9: المجموع
A10: الصناعي | B10: =المهني!F10 -> 1 | C10: =المهني!G10 -> 0 | D10: =المهني!H10 -> 0 | E10: =D10+C10+B10 -> 1 | F10: =المهني!FL10 -> 25 | G10: =المهني!FM10 -> 0 | H10: =G10+F10 -> 25 | I10: =المهني!AS10 -> 0 | J10: =المهني!AT10 -> 0 | K10: =المهني!BF10 -> 0 | L10: =المهني!BG10 -> 0 | M10: =المهني!BS10 -> 33 | N10: =المهني!BT10 -> 0 | O10: =M10+K10+I10 -> 33 | P10: =N10+L10+J10 -> 0 | Q10: =P10+O10 -> 33 | R10: =المهني!CV10 -> 1 | S10: =المهني!CW10 -> 0 | T10: =المهني!CX10 -> 0 | U10: =T10+S10+R10 -> 1
A11: الزراعي | B11: 0 | C11: 0 | D11: 0 | E11: =D11+C11+B11 -> 0 | F11: 0 | G11: 0 | H11: =G11+F11 -> 0 | I11: 0 | J11: 0 | K11: 0 | L11: 0 | M11: 0 | N11: 0 | O11: =M11+K11+I11 -> 0 | P11: =N11+L11+J11 -> 0 | Q11: =P11+O11 -> 0 | R11: 0 | S11: 0 | T11: 0 | U11: =T11+S11+R11 -> 0
A12: التجاري | B12: 0 | C12: 0 | D12: 0 | E12: =D12+C12+B12 -> 0 | F12: 0 | G12: 0 | H12: =G12+F12 -> 0 | I12: =المهني!AS23 -> 0 | J12: 0 | K12: =المهني!BF23 -> 0 | L12: 0 | M12: =المهني!BS23 -> 180 | N12: 0 | O12: =M12+K12+I12 -> 180 | P12: =N12+L12+J12 -> 0 | Q12: =P12+O12 -> 180 | R12: =المهني!CV23 -> 3 | S12: 0 | T12: 0 | U12: =T12+S12+R12 -> 3
A13: فنون تطبيقية | B13: 0 | C13: 0 | D13: 0 | E13: =D13+C13+B13 -> 0 | F13: 0 | G13: 0 | H13: =G13+F13 -> 0 | J13: 0 | L13: 0 | N13: 0 | P13: =N13+L13+J13 -> 0 | Q13: =P13+O13 -> 0 | S13: 0 | U13: =T13+S13+R13 -> 0
A14: سياحة | B14: 0 | C14: 0 | D14: 0 | E14: =D14+C14+B14 -> 0 | F14: 0 | G14: 0 | H14: 0 | J14: 0 | K14: 0 | L14: 0 | M14: 0 | N14: 0 | O14: 0 | P14: =N14+L14+J14 -> 0 | Q14: =P14+O14 -> 0 | R14: 0 | S14: 0 | T14: 0 | U14: =T14+S14+R14 -> 0
A15: العلوم الرياضية | B15: 0 | C15: 5 | D15: 0 | E15: =D15+C15+B15 -> 5 | F15: 0 | G15: 0 | H15: 0 | J15: 0 | K15: 0 | L15: 0 | M15: 0 | N15: 0 | O15: 0 | P15: =N15+L15+J15 -> 0 | Q15: =P15+O15 -> 0 | R15: 0 | S15: 0 | T15: 0 | U15: =T15+S15+R15 -> 0
A16: الحاسوب وتقنية المعلومات | B16: 0 | C16: 0 | D16: 0 | E16: =D16+C16+B16 -> 0 | F16: 0 | G16: 0 | H16: =G16+F16 -> 0 | I16: 0 | J16: 0 | K16: 0 | L16: 0 | M16: 0 | N16: 0 | O16: 0 | P16: 0 | Q16: =P16+O16 -> 0 | R16: 0 | S16: 0 | T16: 0 | U16: 0
A17: المجموع | B17: =B13+B12+B11+B10 -> 1 | C17: =C13+C12+C11+C10 -> 0 | D17: =D13+D12+D11+D10 -> 0 | E17: =E13+E12+E11+E10 -> 1 | F17: =F13+F12+F11+F10 -> 25 | G17: =G13+G12+G11+G10 -> 0 | H17: =H13+H12+H11+H10 -> 25 | I17: =I13+I12+I11+I10 -> 0 | ... U17: =U13+U12+U11+U10 -> 4
A19: المديرية العامة للتربية في محافظة النجف الاشرف | S19: التعليم المهني
B20: قسم التخطيط التربوي | J20: خلاصة قضاء النجف
A21: جدول رقم ( 3 )
A22: التعليم المهني للعام الدراسي 2025 / 2026
A23: عدد المدارس والمدرسين والطلبة والشعب (( المدارس المسائية فقط ))
A25: الفرع | B25: عدد المدارس | F25: عدد المدرسين | I25: عدد الطلبة المسجلين | R25: الشعب
I26: الصف الاول | K26: الصف الثاني | M26: الصف الثالث | O26: المجموع الكلي
B27: بنون | C27: بنات | D27: مختلطة | E27: المجموع | F27: بنون | G27: بنات | H27: المجموع | I27: بنون | J27: بنات | K27: بنون | L27: بنات | M27: بنون | N27: بنات | O27: بنون | P27: بنات | Q27: المجموع | R27: بنون | S27: بنات | T27: مختلط | U27: المجموع
A28: الصناعي | B28: =المهني!F10 -> 1 | C28: =المهني!G10 -> 0 | D28: =المهني!H10 -> 0 | E28: =D28+C28+B28 -> 1 | F28: =المهني!FL10 -> 25 | G28: =المهني!FM10 -> 0 | H28: =G28+F28 -> 25 | I28: =المهني!AS10 -> 0 | J28: =المهني!AT10 -> 0 | K28: =المهني!BF10 -> 0 | L28: =المهني!BG10 -> 0 | M28: =المهني!BS10 -> 33 | N28: =المهني!BT10 -> 0 | O28: =M28+K28+I28 -> 33 | P28: =N28+L28+J28 -> 0 | Q28: =P28+O28 -> 33 | R28: =المهني!CV10 -> 1 | S28: =المهني!CW10 -> 0 | T28: =المهني!CX10 -> 0 | U28: =T28+S28+R28 -> 1
A29: الزراعي | B29: 0 | C29: 0 | D29: 0 | E29: =D29+C29+B29 -> 0 | F29: 0 | G29: 0 | H29: =G29+F29 -> 0 | I29: 0 | J29: 0 | K29: 0 | L29: 0 | M29: 0 | N29: 0 | O29: =M29+K29+I29 -> 0 | P29: =N29+L29+J29 -> 0 | Q29: =P29+O29 -> 0 | R29: 0 | S29: 0 | T29: 0 | U29: =T29+S29+R29 -> 0
A30: التجاري | B30: 0 | C30: 0 | D30: 0 | E30: =D30+C30+B30 -> 0 | F30: 0 | G30: 0 | H30: =G30+F30 -> 0 | I30: =المهني!AS23 -> 0 | J30: =المهني!AT23 -> 0 | K30: =المهني!BF23 -> 0 | L30: =المهني!BG23 -> 0 | M30: =المهني!BS23 -> 180 | N30: =المهني!BT23 -> 0 | O30: =M30+K30+I30 -> 180 | P30: =N30+L30+J30 -> 0 | Q30: =P30+O30 -> 180 | R30: =المهني!CV23 -> 3 | S30: 0 | T30: 0 | U30: =T30+S30+R30 -> 3
A31: فنون تطبيقية | B31: 0 | C31: 0 | D31: 0 | E31: =D31+C31+B31 -> 0 | F31: 0 | G31: 0 | H31: =G31+F31 -> 0 | J31: 0 | L31: 0 | N31: 0 | P31: =N31+L31+J31 -> 0 | Q31: =P31+O31 -> 0 | S31: 0 | U31: =T31+S31+R31 -> 0
A32: سياحة
A33: الحاسوب وتقنية المعلومات | E33: =D33+C33+B33 -> 0 | H33: 0 | O33: 0 | P33: 0 | Q33: 0 | U33: 0
A34: المجموع | B34: =B31+B30+B29+B28 -> 1 | C34: =C31+C30+C29+C28 -> 0 | D34: =D31+D30+D29+D28 -> 0 | E34: =E31+E30+E29+E28 -> 1 | F34: =F31+F30+F29+F28 -> 25 | G34: =G31+G30+G29+G28 -> 0 | H34: =H31+H30+H29+H28 -> 25 | I34: =I31+I30+I29+I28 -> 0 | ... U34: =U31+U30+U29+U28 -> 4
A37: المديرية العامة للتربية في محافظة النجف الاشرف | S37: التعليم المهني
B38: قسم التخطيط التربوي | I38: خلاصة قضاء الكوفة
A39: جدول رقم ( 3 )
A40: التعليم المهني للعام الدراسي 2025 / 2026
A41: عدد المدارس والمدرسين والطلبة والشعب (( المدارس المسائية فقط ))
A43: الفرع | B43: عدد المدارس | F43: عدد المدرسين | I43: عدد الطلبة المسجلين | R43: الشعب
I44: الصف الاول | K44: الصف الثاني | M44: الصف الثالث | O44: المجموع الكلي
B45: بنون | C45: بنات | D45: مختلطة | E45: المجموع | F45: بنون | G45: بنات | H45: المجموع | I45: بنون | J45: بنات | K45: بنون | L45: بنات | M45: بنون | N45: بنات | O45: بنون | P45: بنات | Q45: المجموع | R45: بنون | S45: بنات | T45: مختلط | U45: المجموع
A46: الصناعي | B46: 0 | C46: 0 | D46: 0 | E46: =D46+C46+B46 -> 0 | F46: 0 | G46: 0 | H46: =G46+F46 -> 0 | I46: 0 | J46: 0 | K46: 0 | L46: 0 | M46: 0 | N46: 0 | O46: =M46+K46+I46 -> 0 | P46: =N46+L46+J46 -> 0 | Q46: =P46+O46 -> 0 | R46: 0 | S46: 0 | T46: 0 | U46: =T46+S46+R46 -> 0
A47: الزراعي | B47: 0 | C47: 0 | D47: 0 | E47: =D47+C47+B47 -> 0 | F47: 0 | G47: 0 | H47: =G47+F47 -> 0 | I47: 0 | J47: 0 | K47: 0 | L47: 0 | M47: 0 | N47: 0 | O47: =M47+K47+I47 -> 0 | P47: =N47+L47+J47 -> 0 | Q47: =P47+O47 -> 0 | R47: 0 | S47: 0 | T47: 0 | U47: =T47+S47+R47 -> 0
A48: التجاري | B48: 0 | C48: 0 | D48: 0 | E48: =D48+C48+B48 -> 0 | F48: 0 | G48: 0 | H48: =G48+F48 -> 0 | I48: 0 | J48: 0 | K48: 0 | L48: 0 | M48: 0 | N48: 0 | O48: =M48+K48+I48 -> 0 | P48: =N48+L48+J48 -> 0 | Q48: =P48+O48 -> 0 | R48: 0 | S48: 0 | T48: 0 | U48: =T48+S48+R48 -> 0
A49: الفنون التطبيقية | B49: 0 | C49: 0 | D49: 0 | E49: =D49+C49+B49 -> 0 | F49: 0 | G49: 0 | H49: =G49+F49 -> 0 | I49: 0 | J49: 0 | K49: 0 | L49: 0 | M49: 0 | N49: 0 | O49: =M49+K49+I49 -> 0 | P49: =N49+L49+J49 -> 0 | Q49: =P49+O49 -> 0 | R49: 0 | S49: 0 | T49: 0 | U49: =T49+S49+R49 -> 0
A50: سياحة
A51: الحاسوب وتقنية المعلومات | B51: 0 | C51: 0 | D51: 0 | E51: =D51+C51+B51 -> 0 | F51: 0 | G51: 0 | H51: =G51+F51 -> 0 | I51: 0 | J51: 0 | K51: 0 | L51: 0 | M51: 0 | N51: 0 | O51: =M51+K51+I51 -> 0 | P51: =N51+L51+J51 -> 0 | Q51: =P51+O51 -> 0 | R51: 0 | S51: 0 | T51: 0 | U51: =T51+S51+R51 -> 0
A52: المجموع | B52: =B49+B48+B47+B46 -> 0 | C52: =C49+C48+C47+C46 -> 0 | D52: =D49+D48+D47+D46 -> 0 | E52: =E49+E48+E47+E46 -> 0 | F52: =F49+F48+F47+F46 -> 0 | G52: =G49+G48+G47+G46 -> 0 | H52: =H49+H48+H47+H46 -> 0 | I52: =I49+I48+I47+I46 -> 0 | ... U52: =U49+U48+U47+U46 -> 0
A54: المديرية العامة للتربية في محافظة النجف الاشرف | S54: التعليم المهني
B55: قسم التخطيط التربوي | J55: خلاصة قضاء المناذرة
A56: جدول رقم ( 3 )
A57: التعليم المهني للعام الدراسي 2025 / 2026
A58: عدد المدارس والمدرسين والطلبة والشعب (( المدارس المسائية فقط ))
A60: الفرع | B60: عدد المدارس | F60: عدد المدرسين | I60: عدد الطلبة المسجلين | R60: الشعب
I61: الصف الاول | K61: الصف الثاني | M61: الصف الثالث | O61: المجموع الكلي
B62: بنون | C62: بنات | D62: مختلطة | E62: المجموع | F62: بنون | G62: بنات | H62: المجموع | I62: بنون | J62: بنات | K62: بنون | L62: بنات | M62: بنون | N62: بنات | O62: بنون | P62: بنات | Q62: المجموع | R62: بنون | S62: بنات | T62: مختلط | U62: المجموع
A63: الصناعي | B63: 0 | C63: 0 | D63: 0 | E63: =D63+C63+B63 -> 0 | F63: 0 | G63: 0 | H63: =G63+F63 -> 0 | I63: 0 | J63: 0 | K63: 0 | L63: 0 | M63: 0 | N63: 0 | O63: =M63+K63+I63 -> 0 | P63: =N63+L63+J63 -> 0 | Q63: =P63+O63 -> 0 | R63: 0 | S63: 0 | T63: 0 | U63: =T63+S63+R63 -> 0
A64: الزراعي | B64: 0 | C64: 0 | D64: 0 | E64: =D64+C64+B64 -> 0 | F64: 0 | G64: 0 | H64: =G64+F64 -> 0 | I64: 0 | J64: 0 | K64: 0 | L64: 0 | M64: 0 | N64: 0 | O64: =M64+K64+I64 -> 0 | P64: =N64+L64+J64 -> 0 | Q64: =P64+O64 -> 0 | R64: 0 | S64: 0 | T64: 0 | U64: =T64+S64+R64 -> 0
A65: التجاري | B65: 0 | C65: 0 | D65: 0 | E65: =D65+C65+B65 -> 0 | F65: 0 | G65: 0 | H65: =G65+F65 -> 0 | I65: 0 | J65: 0 | K65: 0 | L65: 0 | M65: 0 | N65: 0 | O65: =M65+K65+I65 -> 0 | P65: =N65+L65+J65 -> 0 | Q65: =P65+O65 -> 0 | R65: 0 | S65: 0 | T65: 0 | U65: =T65+S65+R65 -> 0
A66: الفنون التطبيقية | B66: 0 | C66: 0 | D66: 0 | E66: =D66+C66+B66 -> 0 | F66: 0 | G66: 0 | H66: =G66+F66 -> 0 | I66: 0 | J66: 0 | K66: 0 | L66: 0 | M66: 0 | N66: 0 | O66: =M66+K66+I66 -> 0 | P66: =N66+L66+J66 -> 0 | Q66: =P66+O66 -> 0 | R66: 0 | S66: 0 | T66: 0 | U66: =T66+S66+R66 -> 0
A67: سياحة
A68: الحاسوب وتقنية المعلومات | B68: 0 | C68: 0 | D68: 0 | E68: =D68+C68+B68 -> 0 | F68: 0 | G68: 0 | H68: =G68+F68 -> 0 | I68: 0 | J68: 0 | K68: 0 | L68: 0 | M68: 0 | N68: 0 | O68: 0 | P68: =N68+L68+J68 -> 0 | Q68: =P68+O68 -> 0 | R68: 0 | S68: 0 | T68: 0 | U68: =T68+S68+R68 -> 0
A69: المجموع | B69: =B66+B65+B64+B63 -> 0 | C69: =C66+C65+C64+C63 -> 0 | D69: =D66+D65+D64+D63 -> 0 | E69: =E66+E65+E64+E63 -> 0 | F69: =F66+F65+F64+F63 -> 0 | G69: =G66+G65+G64+G63 -> 0 | H69: =H66+H65+H64+H63 -> 0 | I69: =I66+I65+I64+I63 -> 0 | ... U69: =U66+U65+U64+U63 -> 0

Sheet ج4
A1: المديرية العامة للتربية في محافظة النجف الاشرف | S1: التعليم المهني
A2: قسم التخطيط التربوي | I2: خلاصة محافظة النجف الاشرف
A3: جدول رقم ( 4 )
A4: التعليم المهني للعام الدراسي 2025 / 2026
A5: عدد الطلبة المسجلين حسب العمر والجنس والصف والفرع ( الصباحي والمسائي )
A7: الفرع | B7: الصف | D7: عمر 15 سنة | F7: عمر 16 سنة | H7: عمر 17 سنة | J7: عمر 18 سنة | L7: عمر 19 سنة | N7: عمر 20 سنة | P7: عمر 21 سنة | R7: المجموع
D8: بنون | E8: بنات | F8: بنون | G8: بنات | H8: بنون | I8: بنات | J8: بنون | K8: بنات | L8: بنون | M8: بنات | N8: بنون | O8: بنات | P8: بنون | Q8: بنات | R8: بنون | S8: بنات | T8: المجموع
A9: الصناعي | B9: الاول | D9: =المهني!AI20 -> 274 | E9: =المهني!AJ20 -> 92 | F9: =المهني!AK20 -> 248 | G9: =المهني!AL20 -> 77 | H9: =المهني!AM20 -> 166 | I9: =المهني!AN20 -> 61 | J9: =المهني!AO20 -> 113 | K9: =المهني!AP20 -> 33 | ... M9: =المهني!AR20 -> 38 | N9: 0 | O9: 0 | P9: 0 | Q9: 0 | R9: =P9+N9+L9+J9+H9+F9+D9 -> 866 | S9: =Q9+O9+M9+K9+I9+G9+E9 -> 301 | T9: =S9+R9 -> 1167
B10: الثاني | F10: =المهني!AV20 -> 141 | G10: =المهني!AW20 -> 49 | H10: =المهني!AX20 -> 107 | I10: =المهني!AY20 -> 31 | J10: =المهني!AZ20 -> 125 | K10: =المهني!BA20 -> 33 | L10: =المهني!BB20 -> 96 | M10: =المهني!BC20 -> 16 | ... O10: =المهني!BE20 -> 37 | P10: 0 | Q10: 0 | R10: =P10+N10+L10+J10+H10+F10+D10 -> 527 | S10: =Q10+O10+M10+K10+I10+G10+E10 -> 166 | T10: =S10+R10 -> 693
B11: الثالث | H11: =المهني!BI20 -> 72 | I11: =المهني!BJ20 -> 32 | J11: =المهني!BK20 -> 147 | K11: =المهني!BL20 -> 28 | L11: =المهني!BM20 -> 96 | M11: =المهني!BN20 -> 32 | N11: =المهني!BO20 -> 66 | O11: =المهني!BP20 -> 22 | ... Q11: =المهني!BR20 -> 29 | R11: =P11+N11+L11+J11+H11+F11+D11 -> 456 | S11: =Q11+O11+M11+K11+I11+G11+E11 -> 143 | T11: =S11+R11 -> 599
B12: المجموع | D12: =D11+D10+D9 -> 274 | E12: =E11+E10+E9 -> 92 | F12: =F11+F10+F9 -> 389 | G12: =G11+G10+G9 -> 126 | H12: =H11+H10+H9 -> 345 | I12: =I11+I10+I9 -> 124 | J12: =J11+J10+J9 -> 385 | K12: =K11+K10+K9 -> 94 | ... T12: =T11+T10+T9 -> 2459
A13: الزراعي | B13: الاول | D13: =المهني!AI31 -> 8 | E13: =المهني!AJ31 -> 0 | F13: =المهني!AK31 -> 19 | G13: =المهني!AL31 -> 0 | H13: =المهني!AM31 -> 9 | I13: =المهني!AN31 -> 0 | J13: =المهني!AO31 -> 10 | K13: =المهني!AP31 -> 0 | ... M13: =المهني!AR31 -> 0 | N13: 0 | O13: 0 | P13: 0 | Q13: 0 | R13: =P13+N13+L13+J13+H13+F13+D13 -> 54 | S13: =Q13+O13+M13+K13+I13+G13+E13 -> 0 | T13: =S13+R13 -> 54
B14: الثاني | F14: =المهني!AV31 -> 5 | G14: =المهني!AW31 -> 0 | H14: =المهني!AX31 -> 4 | I14: =المهني!AY31 -> 0 | J14: =المهني!AZ31 -> 10 | K14: =المهني!BA31 -> 0 | L14: =المهني!BB31 -> 4 | M14: =المهني!BC31 -> 0 | ... O14: =المهني!BE31 -> 0 | P14: 0 | Q14: 0 | R14: =P14+N14+L14+J14+H14+F14+D14 -> 25 | S14: =Q14+O14+M14+K14+I14+G14+E14 -> 0 | T14: =S14+R14 -> 25
B15: الثالث | H15: =المهني!BI31 -> 0 | I15: =المهني!BJ31 -> 0 | J15: =المهني!BK31 -> 8 | K15: =المهني!BL31 -> 0 | L15: =المهني!BM31 -> 9 | M15: =المهني!BN31 -> 0 | N15: =المهني!BO31 -> 8 | O15: =المهني!BP31 -> 0 | ... Q15: =المهني!BR31 -> 0 | R15: =P15+N15+L15+J15+H15+F15+D15 -> 33 | S15: =Q15+O15+M15+K15+I15+G15+E15 -> 0 | T15: =S15+R15 -> 33
B16: المجموع | D16: =D15+D14+D13 -> 8 | E16: =E15+E14+E13 -> 0 | F16: =F15+F14+F13 -> 24 | G16: =G15+G14+G13 -> 0 | H16: =H15+H14+H13 -> 13 | I16: =I15+I14+I13 -> 0 | J16: =J15+J14+J13 -> 28 | K16: =K15+K14+K13 -> 0 | ... Q16: =Q15+Q14+Q13 -> 0 | R16: =P16+N16+L16+J16+H16+F16+D16 -> 112 | S16: =Q16+O16+M16+K16+I16+G16+E16 -> 0 | T16: =S16+R16 -> 112
A17: التجاري | B17: الاول | D17: =المهني!AI26 -> 0 | E17: =المهني!AJ26 -> 29 | F17: =المهني!AK26 -> 40 | G17: =المهني!AL26 -> 42 | H17: =المهني!AM26 -> 100 | I17: =المهني!AN26 -> 24 | J17: =المهني!AO26 -> 44 | K17: =المهني!AP26 -> 24 | ... M17: =المهني!AR26 -> 23 | N17: 0 | O17: 0 | P17: 0 | Q17: 0 | R17: =P17+N17+L17+J17+H17+F17+D17 -> 198 | S17: =Q17+O17+M17+K17+I17+G17+E17 -> 142 | T17: =S17+R17 -> 340
B18: الثاني | F18: =المهني!AV26 -> 0 | G18: =المهني!AW26 -> 14 | H18: =المهني!AX26 -> 20 | I18: =المهني!AY26 -> 19 | J18: =المهني!AZ26 -> 34 | K18: =المهني!BA26 -> 17 | L18: =المهني!BB26 -> 36 | M18: =المهني!BC26 -> 12 | ... O18: =المهني!BE26 -> 15 | P18: 0 | Q18: 0 | R18: =P18+N18+L18+J18+H18+F18+D18 -> 90 | S18: =Q18+O18+M18+K18+I18+G18+E18 -> 77 | T18: =S18+R18 -> 167
B19: الثالث | H19: =المهني!BI26 -> 10 | I19: =المهني!BJ26 -> 9 | J19: =المهني!BK26 -> 10 | K19: =المهني!BL26 -> 9 | L19: =المهني!BM26 -> 73 | M19: =المهني!BN26 -> 12 | N19: =المهني!BO26 -> 134 | O19: =المهني!BP26 -> 30 | ... Q19: =المهني!BR26 -> 0 | R19: =P19+N19+L19+J19+H19+F19+D19 -> 269 | S19: =Q19+O19+M19+K19+I19+G19+E19 -> 60 | T19: =S19+R19 -> 329
B20: المجموع | D20: =D19+D18+D17 -> 0 | E20: =E19+E18+E17 -> 29 | F20: =F19+F18+F17 -> 40 | G20: =G19+G18+G17 -> 56 | H20: =H19+H18+H17 -> 130 | I20: =I19+I18+I17 -> 52 | J20: =J19+J18+J17 -> 88 | K20: =K19+K18+K17 -> 50 | ... Q20: =Q19+Q18+Q17 -> 0 | R20: =P20+N20+L20+J20+H20+F20+D20 -> 557 | S20: =Q20+O20+M20+K20+I20+G20+E20 -> 279 | T20: =S20+R20 -> 836
A21: الفنون التطبيقية | B21: الاول | E21: =المهني!AJ35 -> 35 | G21: =المهني!AL35 -> 48 | I21: =المهني!AN35 -> 41 | K21: =المهني!AP35 -> 21 | M21: =المهني!AR35 -> 22 | O21: 0 | Q21: 0 | S21: =Q21+O21+M21+K21+I21+G21+E21 -> 167 | T21: =S21+R21 -> 167
B22: الثاني | G22: =المهني!AW35 -> 18 | I22: =المهني!AY35 -> 17 | K22: =المهني!BA35 -> 14 | M22: =المهني!BC35 -> 19 | O22: =المهني!BE35 -> 34 | Q22: 0 | S22: =Q22+O22+M22+K22+I22+G22+E22 -> 102 | T22: =S22+R22 -> 102
B23: الثالث | I23: =المهني!BJ35 -> 18 | K23: =المهني!BL35 -> 21 | M23: =المهني!BN35 -> 18 | O23: =المهني!BP35 -> 16 | Q23: =المهني!BR35 -> 4 | S23: =Q23+O23+M23+K23+I23+G23+E23 -> 77 | T23: =S23+R23 -> 77
B24: المجموع | E24: =E23+E22+E21 -> 35 | G24: =G23+G22+G21 -> 66 | I24: =I23+I22+I21 -> 76 | K24: =K23+K22+K21 -> 56 | M24: =M23+M22+M21 -> 59 | O24: =O23+O22+O21 -> 50 | Q24: =Q23+Q22+Q21 -> 4 | S24: =Q24+O24+M24+K24+I24+G24+E24 -> 346 | T24: =S24+R24 -> 346
A25: سياحة | B25: الاول | D25: =المهني!AI49 -> 24 | E25: =المهني!AJ49 -> 0 | F25: =المهني!AK49 -> 25 | G25: =المهني!AL49 -> 0 | H25: =المهني!AM49 -> 22 | I25: =المهني!AN49 -> 0 | J25: =المهني!AO49 -> 15 | K25: =المهني!AP49 -> 0 | ... M25: =المهني!AR49 -> 0 | R25: =P25+N25+L25+J25+H25+F25+D25 -> 96 | S25: =Q25+O25+M25+K25+I25+G25+E25 -> 0 | T25: =S25+R25 -> 96
B26: الثاني | F26: =المهني!AV49 -> 11 | G26: =المهني!AW49 -> 0 | H26: =المهني!AX49 -> 16 | I26: =المهني!AY49 -> 0 | J26: =المهني!AZ49 -> 19 | K26: =المهني!BA49 -> 0 | L26: =المهني!BB49 -> 6 | M26: =المهني!BC49 -> 0 | ... O26: =المهني!BE49 -> 0 | R26: =P26+N26+L26+J26+H26+F26+D26 -> 64 | S26: =Q26+O26+M26+K26+I26+G26+E26 -> 0 | T26: =S26+R26 -> 64
B27: الثالث | H27: =المهني!BI49 -> 6 | I27: =المهني!BJ49 -> 0 | J27: =المهني!BK49 -> 10 | K27: =المهني!BL49 -> 0 | L27: =المهني!BM49 -> 13 | M27: =المهني!BN49 -> 0 | N27: =المهني!BO49 -> 1 | O27: =المهني!BP49 -> 0 | ... Q27: =المهني!BR49 -> 0 | R27: =P27+N27+L27+J27+H27+F27+D27 -> 37 | S27: =Q27+O27+M27+K27+I27+G27+E27 -> 0 | T27: =S27+R27 -> 37
B28: المجموع | D28: =D27+D26+D25 -> 24 | E28: =E27+E26+E25 -> 0 | F28: =F27+F26+F25 -> 36 | G28: =G27+G26+G25 -> 0 | H28: =H27+H26+H25 -> 44 | I28: =I27+I26+I25 -> 0 | J28: =J27+J26+J25 -> 44 | K28: =K27+K26+K25 -> 0 | ... Q28: =Q27+Q26+Q25 -> 0 | R28: =P28+N28+L28+J28+H28+F28+D28 -> 197 | S28: =Q28+O28+M28+K28+I28+G28+E28 -> 0 | T28: =S28+R28 -> 197
A29: العلوم الرياضية | B29: الاول | D29: =المهني!AI51 -> 28 | E29: =المهني!AJ51 -> 0 | F29: =المهني!AK51 -> 37 | G29: =المهني!AL51 -> 0 | H29: =المهني!AM51 -> 44 | I29: =المهني!AN51 -> 0 | J29: =المهني!AO51 -> 47 | K29: =المهني!AP51 -> 0 | ... M29: =المهني!AR51 -> 0 | R29: =P29+N29+L29+J29+H29+F29+D29 -> 156 | S29: =Q29+O29+M29+K29+I29+G29+E29 -> 0 | T29: =S29+R29 -> 156
B30: الثاني | F30: =المهني!AV51 -> 0 | G30: =المهني!AW51 -> 0 | H30: =المهني!AX51 -> 20 | I30: =المهني!AY51 -> 0 | J30: =المهني!AZ51 -> 30 | K30: =المهني!BA51 -> 0 | L30: =المهني!BB51 -> 31 | M30: =المهني!BC51 -> 0 | ... O30: =المهني!BE51 -> 0 | R30: =P30+N30+L30+J30+H30+F30+D30 -> 91 | S30: =Q30+O30+M30+K30+I30+G30+E30 -> 0 | T30: =S30+R30 -> 91
B31: الثالث | H31: =المهني!BI51 -> 0 | I31: =المهني!BJ51 -> 0 | J31: =المهني!BK53 -> 0 | K31: =المهني!BL53 -> 0 | L31: =المهني!BM53 -> 0 | M31: =المهني!BN53 -> 0 | N31: =المهني!BO53 -> 0 | O31: =المهني!BP53 -> 0 | P31: =المهني!BQ53 -> 0 | Q31: =المهني!BR53 -> 0 | R31: =P31+N31+L31+J31+H31+F31+D31 -> 0 | S31: =Q31+O31+M31+K31+I31+G31+E31 -> 0 | T31: =S31+R31 -> 0
B32: المجموع | D32: =D31+D30+D29 -> 28 | E32: =E31+E30+E29 -> 0 | F32: =F31+F30+F29 -> 37 | G32: =G31+G30+G29 -> 0 | H32: =H31+H30+H29 -> 64 | I32: =I31+I30+I29 -> 0 | J32: =J31+J30+J29 -> 77 | K32: =K31+K30+K29 -> 0 | ... Q32: =Q31+Q30+Q29 -> 0 | R32: =P32+N32+L32+J32+H32+F32+D32 -> 247 | S32: =Q32+O32+M32+K32+I32+G32+E32 -> 0 | T32: =S32+R32 -> 247
A33: الحاسوب وتقنية المعلومات | B33: الاول | D33: =المهني!AI46 -> 256 | E33: =المهني!AJ46 -> 123 | F33: =المهني!AK46 -> 227 | G33: =المهني!AL46 -> 94 | H33: =المهني!AM46 -> 144 | I33: =المهني!AN46 -> 90 | J33: =المهني!AO46 -> 100 | K33: =المهني!AP46 -> 50 | ... M33: =المهني!AR46 -> 66 | R33: =P33+N33+L33+J33+H33+F33+D33 -> 849 | S33: =Q33+O33+M33+K33+I33+G33+E33 -> 423 | T33: =S33+R33 -> 1272
B34: الثاني | F34: =المهني!AV46 -> 98 | G34: =المهني!AW46 -> 49 | H34: =المهني!AX46 -> 85 | I34: =المهني!AY46 -> 35 | J34: =المهني!AZ46 -> 105 | K34: =المهني!BA46 -> 57 | L34: =المهني!BB46 -> 34 | M34: =المهني!BC46 -> 46 | ... O34: =المهني!BE46 -> 26 | R34: =P34+N34+L34+J34+H34+F34+D34 -> 364 | S34: =Q34+O34+M34+K34+I34+G34+E34 -> 213 | T34: =S34+R34 -> 577
B35: الثالث | H35: =المهني!BI46 -> 40 | I35: =المهني!BJ46 -> 14 | J35: =المهني!BK46 -> 94 | K35: =المهني!BL46 -> 29 | L35: =المهني!BM46 -> 167 | M35: =المهني!BN46 -> 21 | N35: =المهني!BO46 -> 243 | O35: =المهني!BP46 -> 25 | ... Q35: =المهني!BR46 -> 26 | R35: =P35+N35+L35+J35+H35+F35+D35 -> 636 | S35: =Q35+O35+M35+K35+I35+G35+E35 -> 115 | T35: =S35+R35 -> 751
B36: المجموع | D36: =D35+D34+D33 -> 256 | E36: =E35+E34+E33 -> 123 | F36: =F35+F34+F33 -> 325 | G36: =G35+G34+G33 -> 143 | H36: =H35+H34+H33 -> 269 | I36: =I35+I34+I33 -> 139 | J36: =J35+J34+J33 -> 299 | K36: =K35+K34+K33 -> 136 | ... Q36: =Q35+Q34+Q33 -> 26 | R36: =P36+N36+L36+J36+H36+F36+D36 -> 1849 | S36: =Q36+O36+M36+K36+I36+G36+E36 -> 751 | T36: =S36+R36 -> 2600
A37: المجموع الكلي | B37: الاول | D37: =D21+D17+D13+D9+D33+D25+D29 -> 590 | E37: =E21+E17+E13+E9+E33+E25+E29 -> 279 | F37: =F21+F17+F13+F9+F33+F25+F29 -> 596 | G37: =G21+G17+G13+G9+G33+G25+G29 -> 261 | H37: =H21+H17+H13+H9+H33+H25+H29 -> 485 | I37: =I21+I17+I13+I9+I33+I25+I29 -> 216 | J37: =J21+J17+J13+J9+J33+J25+J29 -> 329 | K37: =K21+K17+K13+K9+K33+K25+K29 -> 128 | ... M37: =M21+M17+M13+M9+M33+M25+M29 -> 149 | N37: =N21+N17+N13+N9 -> 0 | O37: =O21+O17+O13+O9 -> 0 | P37: =P21+P17+P13+P9 -> 0 | Q37: =Q21+Q17+Q13+Q9 -> 0 | R37: =P37+N37+L37+J37+H37+F37+D37 -> 2219 | S37: =Q37+O37+M37+K37+I37+G37+E37 -> 1033 | T37: =S37+R37 -> 3252
B38: الثاني | F38: =F22+F18+F14+F10+F34+F26+F30 -> 255 | G38: =G22+G18+G14+G10+G34+G26+G30 -> 130 | H38: =H22+H18+H14+H10+H34+H26+H30 -> 252 | I38: =I22+I18+I14+I10+I34+I26+I30 -> 102 | J38: =J22+J18+J14+J10+J34+J26+J30 -> 323 | K38: =K22+K18+K14+K10+K34+K26+K30 -> 121 | L38: =L22+L18+L14+L10+L34+L26+L30 -> 207 | M38: =M22+M18+M14+M10+M34+M26+M30 -> 93 | ... O38: =O22+O18+O14+O10+O34+O26+O30 -> 112 | P38: =P22+P18+P14+P10 -> 0 | Q38: =Q22+Q18+Q14+Q10 -> 0 | R38: =P38+N38+L38+J38+H38+F38+D38 -> 1161 | S38: =Q38+O38+M38+K38+I38+G38+E38 -> 558 | T38: =S38+R38 -> 1719
B39: الثالث | H39: =H23+H19+H15+H11+H35+H27 -> 128 | I39: =I23+I19+I15+I11+I35+I27 -> 73 | J39: =J23+J19+J15+J11+J35+J27 -> 269 | K39: =K23+K19+K15+K11+K35+K27 -> 87 | L39: =L23+L19+L15+L11+L35+L27 -> 358 | M39: =M23+M19+M15+M11+M35+M27 -> 83 | N39: =N23+N19+N15+N11+N35+N27 -> 452 | O39: =O23+O19+O15+O11+O35+O27 -> 93 | ... Q39: =Q23+Q19+Q15+Q11+Q35+Q27 -> 59 | R39: =P39+N39+L39+J39+H39+F39+D39 -> 1431 | S39: =Q39+O39+M39+K39+I39+G39+E39 -> 395 | T39: =S39+R39 -> 1826
B40: المجموع | D40: =D39+D38+D37 -> 590 | E40: =E39+E38+E37 -> 279 | F40: =F39+F38+F37 -> 851 | G40: =G39+G38+G37 -> 391 | H40: =H39+H38+H37 -> 865 | I40: =I39+I38+I37 -> 391 | J40: =J39+J38+J37 -> 921 | K40: =K39+K38+K37 -> 336 | ... Q40: =Q39+Q38+Q37 -> 59 | R40: =P40+N40+L40+J40+H40+F40+D40 -> 4811 | S40: =Q40+O40+M40+K40+I40+G40+E40 -> 1986 | T40: =S40+R40 -> 6797
A42: المديرية العامة للتربية في محافظة النجف الاشرف | S42: التعليم المهني
A43: قسم التخطيط التربوي | H43: خلاصة قضاء النجف
A44: جدول رقم ( 4 )
A45: التعليم المهني للعام الدراسي 2025 / 2026
A46: عدد الطلبة المسجلين حسب العمر والجنس والصف والفرع ( الصباحي والمسائي )
A48: الفرع | B48: الصف | D48: عمر 15 سنة | F48: عمر 16 سنة | H48: عمر 17 سنة | J48: عمر 18 سنة | L48: عمر 19 سنة | N48: عمر 20 سنة | P48: عمر 21 سنة | R48: المجموع
D49: بنون | E49: بنات | F49: بنون | G49: بنات | H49: بنون | I49: بنات | J49: بنون | K49: بنات | L49: بنون | M49: بنات | N49: بنون | O49: بنات | P49: بنون | Q49: بنات | R49: بنون | S49: بنات | T49: المجموع
A50: الصناعي | B50: الاول | D50: =المهني!AI12 -> 216 | E50: =المهني!AJ12 -> 77 | F50: =المهني!AK12 -> 173 | G50: =المهني!AL12 -> 64 | H50: =المهني!AM12 -> 125 | I50: =المهني!AN12 -> 56 | J50: =المهني!AO12 -> 80 | K50: =المهني!AP12 -> 23 | ... M50: =المهني!AR12 -> 29 | R50: =P50+N50+L50+J50+H50+F50+D50 -> 649 | S50: =Q50+O50+M50+K50+I50+G50+E50 -> 249 | T50: =S50+R50 -> 898
B51: الثاني | F51: =المهني!AV12 -> 127 | G51: =المهني!AW12 -> 46 | H51: =المهني!AX12 -> 94 | I51: =المهني!AY12 -> 23 | J51: =المهني!AZ12 -> 102 | K51: =المهني!BA12 -> 29 | L51: =المهني!BB12 -> 68 | M51: =المهني!BC12 -> 15 | ... O51: =المهني!BE12 -> 29 | R51: =P51+N51+L51+J51+H51+F51+D51 -> 432 | S51: =Q51+O51+M51+K51+I51+G51+E51 -> 142 | T51: =S51+R51 -> 574
B52: الثالث | H52: =المهني!BI12 -> 59 | I52: =المهني!BJ12 -> 31 | J52: =المهني!BK12 -> 106 | K52: =المهني!BL12 -> 22 | L52: =المهني!BM12 -> 70 | M52: =المهني!BN12 -> 28 | N52: =المهني!BO12 -> 49 | O52: =المهني!BP12 -> 15 | ... Q52: =المهني!BR12 -> 29 | R52: =P52+N52+L52+J52+H52+F52+D52 -> 353 | S52: =Q52+O52+M52+K52+I52+G52+E52 -> 125 | T52: =S52+R52 -> 478
B53: المجموع | D53: =D52+D51+D50 -> 216 | E53: =E52+E51+E50 -> 77 | F53: =F52+F51+F50 -> 300 | G53: =G52+G51+G50 -> 110 | H53: =H52+H51+H50 -> 278 | I53: =I52+I51+I50 -> 110 | J53: =J52+J51+J50 -> 288 | K53: =K52+K51+K50 -> 74 | ... T53: =T52+T51+T50 -> 1950
A54: الزراعي | B54: الاول | D54: 0 | E54: 0 | F54: 0 | G54: 0 | H54: 0 | I54: 0 | J54: 0 | K54: 0 | L54: 0 | M54: 0 | R54: =P54+N54+L54+J54+H54+F54+D54 -> 0 | S54: =Q54+O54+M54+K54+I54+G54+E54 -> 0 | T54: =S54+R54 -> 0
B55: الثاني | F55: 0 | G55: 0 | H55: 0 | I55: 0 | J55: 0 | K55: 0 | L55: 0 | M55: 0 | N55: 0 | O55: 0 | R55: =P55+N55+L55+J55+H55+F55+D55 -> 0 | S55: =Q55+O55+M55+K55+I55+G55+E55 -> 0 | T55: =S55+R55 -> 0
B56: الثالث | H56: 0 | I56: 0 | J56: 0 | K56: 0 | L56: 0 | M56: 0 | N56: 0 | O56: 0 | P56: 0 | Q56: 0 | R56: =P56+N56+L56+J56+H56+F56+D56 -> 0 | S56: =Q56+O56+M56+K56+I56+G56+E56 -> 0 | T56: =S56+R56 -> 0
B57: المجموع | D57: =D56+D55+D54 -> 0 | E57: =E56+E55+E54 -> 0 | F57: =F56+F55+F54 -> 0 | G57: =G56+G55+G54 -> 0 | H57: =H56+H55+H54 -> 0 | I57: =I56+I55+I54 -> 0 | J57: =J56+J55+J54 -> 0 | K57: =K56+K55+K54 -> 0 | ... Q57: =Q56+Q55+Q54 -> 0 | R57: =P57+N57+L57+J57+H57+F57+D57 -> 0 | S57: =Q57+O57+M57+K57+I57+G57+E57 -> 0 | T57: =S57+R57 -> 0
A58: التجاري | B58: الاول | D58: =المهني!AI26 -> 0 | E58: =المهني!AJ26 -> 29 | F58: =المهني!AK26 -> 40 | G58: =المهني!AL26 -> 42 | H58: =المهني!AM26 -> 100 | I58: =المهني!AN26 -> 24 | J58: =المهني!AO26 -> 44 | K58: =المهني!AP26 -> 24 | ... M58: =المهني!AR26 -> 23 | R58: =P58+N58+L58+J58+H58+F58+D58 -> 198 | S58: =Q58+O58+M58+K58+I58+G58+E58 -> 142 | T58: =S58+R58 -> 340
B59: الثاني | F59: =المهني!AV26 -> 0 | G59: =المهني!AW26 -> 14 | H59: =المهني!AX26 -> 20 | I59: =المهني!AY26 -> 19 | J59: =المهني!AZ26 -> 34 | K59: =المهني!BA26 -> 17 | L59: =المهني!BB26 -> 36 | M59: =المهني!BC26 -> 12 | ... O59: =المهني!BE26 -> 15 | R59: =P59+N59+L59+J59+H59+F59+D59 -> 90 | S59: =Q59+O59+M59+K59+I59+G59+E59 -> 77 | T59: =S59+R59 -> 167
B60: الثالث | H60: =المهني!BI26 -> 10 | I60: =المهني!BJ26 -> 9 | J60: =المهني!BK26 -> 10 | K60: =المهني!BL26 -> 9 | L60: =المهني!BM26 -> 73 | M60: =المهني!BN26 -> 12 | N60: =المهني!BO26 -> 134 | O60: =المهني!BP26 -> 30 | ... Q60: =المهني!BR26 -> 0 | R60: =P60+N60+L60+J60+H60+F60+D60 -> 269 | S60: =Q60+O60+M60+K60+I60+G60+E60 -> 60 | T60: =S60+R60 -> 329
B61: المجموع | D61: =D60+D59+D58 -> 0 | E61: =E60+E59+E58 -> 29 | F61: =F60+F59+F58 -> 40 | G61: =G60+G59+G58 -> 56 | H61: =H60+H59+H58 -> 130 | I61: =I60+I59+I58 -> 52 | J61: =J60+J59+J58 -> 88 | K61: =K60+K59+K58 -> 50 | ... Q61: =Q60+Q59+Q58 -> 0 | R61: =P61+N61+L61+J61+H61+F61+D61 -> 557 | S61: =Q61+O61+M61+K61+I61+G61+E61 -> 279 | T61: =S61+R61 -> 836
A62: فنون تطبيقية | B62: الاول | E62: =المهني!AJ34 -> 35 | F62: =المهني!AK34 -> 0 | G62: =المهني!AL34 -> 48 | H62: =المهني!AM34 -> 0 | I62: =المهني!AN34 -> 41 | J62: =المهني!AO34 -> 0 | K62: =المهني!AP34 -> 21 | L62: =المهني!AQ34 -> 0 | M62: =المهني!AR34 -> 22 | S62: =Q62+O62+M62+K62+I62+G62+E62 -> 167 | T62: =S62+R62 -> 167
B63: الثاني | G63: =المهني!AW34 -> 18 | I63: =المهني!AY34 -> 17 | K63: =المهني!BA34 -> 14 | M63: =المهني!BC34 -> 19 | O63: =المهني!BE34 -> 34 | S63: =Q63+O63+M63+K63+I63+G63+E63 -> 102 | T63: =S63+R63 -> 102
B64: الثالث | I64: =المهني!BJ35 -> 18 | K64: =المهني!BL35 -> 21 | M64: =المهني!BN35 -> 18 | O64: =المهني!BP35 -> 16 | Q64: =المهني!BR35 -> 4 | S64: =Q64+O64+M64+K64+I64+G64+E64 -> 77 | T64: =S64+R64 -> 77
B65: المجموع | E65: =E64+E63+E62 -> 35 | G65: =G64+G63+G62 -> 66 | I65: =I64+I63+I62 -> 76 | K65: =K64+K63+K62 -> 56 | M65: =M64+M63+M62 -> 59 | O65: =O64+O63+O62 -> 50 | Q65: =Q64+Q63+Q62 -> 4 | S65: =Q65+O65+M65+K65+I65+G65+E65 -> 346 | T65: =S65+R65 -> 346
A66: سياحة | B66: الاول | D66: =المهني!AI49 -> 24 | E66: =المهني!AJ49 -> 0 | F66: =المهني!AK49 -> 25 | G66: =المهني!AL49 -> 0 | H66: =المهني!AM49 -> 22 | I66: =المهني!AN49 -> 0 | J66: =المهني!AO49 -> 15 | K66: =المهني!AP49 -> 0 | ... M66: =المهني!AR49 -> 0 | R66: =P66+N66+L66+J66+H66+F66+D66 -> 96 | S66: =Q66+O66+M66+K66+I66+G66+E66 -> 0 | T66: =S66+R66 -> 96
B67: الثاني | F67: =المهني!AV49 -> 11 | G67: =المهني!AW49 -> 0 | H67: =المهني!AX49 -> 16 | I67: =المهني!AY49 -> 0 | J67: =المهني!AZ49 -> 19 | K67: =المهني!BA49 -> 0 | L67: =المهني!BB49 -> 6 | M67: =المهني!BC49 -> 0 | ... O67: =المهني!BE49 -> 0 | R67: =P67+N67+L67+J67+H67+F67+D67 -> 64 | S67: =Q67+O67+M67+K67+I67+G67+E67 -> 0 | T67: =S67+R67 -> 64
B68: الثالث | H68: =المهني!BI49 -> 6 | I68: =المهني!BJ49 -> 0 | J68: =المهني!BK49 -> 10 | K68: =المهني!BL49 -> 0 | L68: =المهني!BM49 -> 13 | M68: =المهني!BN49 -> 0 | N68: =المهني!BO49 -> 1 | O68: =المهني!BP49 -> 0 | ... Q68: =المهني!BR49 -> 0 | R68: =P68+N68+L68+J68+H68+F68+D68 -> 37 | S68: =Q68+O68+M68+K68+I68+G68+E68 -> 0 | T68: =S68+R68 -> 37
B69: المجموع | D69: =D68+D67+D66 -> 24 | E69: =E68+E67+E66 -> 0 | F69: =F68+F67+F66 -> 36 | G69: =G68+G67+G66 -> 0 | H69: =H68+H67+H66 -> 44 | I69: =I68+I67+I66 -> 0 | J69: =J68+J67+J66 -> 44 | K69: =K68+K67+K66 -> 0 | ... Q69: =Q68+Q67+Q66 -> 0 | R69: =P69+N69+L69+J69+H69+F69+D69 -> 197 | S69: =Q69+O69+M69+K69+I69+G69+E69 -> 0 | T69: =S69+R69 -> 197
A70: الحاسوب تقنية المعلومات | B70: الاول | D70: =المهني!AI47 -> 213 | E70: =المهني!AJ47 -> 107 | F70: =المهني!AK47 -> 152 | G70: =المهني!AL47 -> 74 | H70: =المهني!AM47 -> 118 | I70: =المهني!AN47 -> 54 | J70: =المهني!AO47 -> 83 | K70: =المهني!AP47 -> 30 | ... M70: =المهني!AR47 -> 52 | R70: =P70+N70+L70+J70+H70+F70+D70 -> 681 | S70: =Q70+O70+M70+K70+I70+G70+E70 -> 317 | T70: =S70+R70 -> 998
B71: الثاني | F71: =المهني!AV47 -> 85 | G71: =المهني!AW47 -> 42 | H71: =المهني!AX47 -> 61 | I71: =المهني!AY47 -> 30 | J71: =المهني!AZ47 -> 78 | K71: =المهني!BA47 -> 50 | L71: =المهني!BB47 -> 20 | M71: =المهني!BC47 -> 38 | ... O71: =المهني!BE47 -> 23 | R71: =P71+N71+L71+J71+H71+F71+D71 -> 273 | S71: =Q71+O71+M71+K71+I71+G71+E71 -> 183 | T71: =S71+R71 -> 456
B72: الثالث | H72: =المهني!BI47 -> 28 | I72: =المهني!BJ47 -> 12 | J72: =المهني!BK47 -> 62 | K72: =المهني!BL47 -> 24 | L72: =المهني!BM47 -> 149 | M72: =المهني!BN47 -> 16 | N72: =المهني!BO47 -> 224 | O72: =المهني!BP47 -> 20 | ... Q72: =المهني!BR47 -> 23 | R72: =P72+N72+L72+J72+H72+F72+D72 -> 540 | S72: =Q72+O72+M72+K72+I72+G72+E72 -> 95 | T72: =S72+R72 -> 635
B73: المجموع | D73: =SUM(D70:D72) -> 213 | E73: =SUM(E70:E72) -> 107 | F73: =SUM(F70:F72) -> 237 | G73: =SUM(G70:G72) -> 116 | H73: =SUM(H70:H72) -> 207 | I73: =SUM(I70:I72) -> 96 | J73: =SUM(J70:J72) -> 223 | K73: =SUM(K70:K72) -> 104 | ... Q73: =SUM(Q70:Q72) -> 23 | R73: =P73+N73+L73+J73+H73+F73+D73 -> 1494 | S73: =Q73+O73+M73+K73+I73+G73+E73 -> 595 | T73: =S73+R73 -> 2089
A74: المجموع الكلي | B74: الاول | D74: =D62+D58+D54+D50+D70+D66 -> 453 | E74: =E62+E58+E54+E50+E70+E66 -> 248 | F74: =F62+F58+F54+F50+F70+F66 -> 390 | G74: =G62+G58+G54+G50+G70+G66 -> 228 | H74: =H62+H58+H54+H50+H70+H66 -> 365 | I74: =I62+I58+I54+I50+I70+I66 -> 175 | J74: =J62+J58+J54+J50+J70+J66 -> 222 | K74: =K62+K58+K54+K50+K70+K66 -> 98 | ... Q74: =Q62+Q58+Q54+Q50+Q70+Q66 -> 0 | R74: =P74+N74+L74+J74+H74+F74+D74 -> 1624 | S74: =Q74+O74+M74+K74+I74+G74+E74 -> 875 | T74: =S74+R74 -> 2499
B75: الثاني | D75: =D63+D59+D55+D51+D71+D67 -> 0 | E75: =E63+E59+E55+E51+E71+E67 -> 0 | F75: =F63+F59+F55+F51+F71+F67 -> 223 | G75: =G63+G59+G55+G51+G71+G67 -> 120 | H75: =H63+H59+H55+H51+H71+H67 -> 191 | I75: =I63+I59+I55+I51+I71+I67 -> 89 | J75: =J63+J59+J55+J51+J71+J67 -> 233 | K75: =K63+K59+K55+K51+K71+K67 -> 110 | ... Q75: =Q63+Q59+Q55+Q51+Q71+Q67 -> 0 | R75: =P75+N75+L75+J75+H75+F75+D75 -> 859 | S75: =Q75+O75+M75+K75+I75+G75+E75 -> 504 | T75: =S75+R75 -> 1363
B76: الثالث | D76: =D64+D60+D56+D52+D72+D68 -> 0 | E76: =E64+E60+E56+E52+E72+E68 -> 0 | F76: =F64+F60+F56+F52+F72+F68 -> 0 | G76: =G64+G60+G56+G52+G72+G68 -> 0 | H76: =H64+H60+H56+H52+H72+H68 -> 103 | I76: =I64+I60+I56+I52+I72+I68 -> 70 | J76: =J64+J60+J56+J52+J72+J68 -> 188 | K76: =K64+K60+K56+K52+K72+K68 -> 76 | ... Q76: =Q64+Q60+Q56+Q52+Q72+Q68 -> 56 | R76: =P76+N76+L76+J76+H76+F76+D76 -> 1199 | S76: =Q76+O76+M76+K76+I76+G76+E76 -> 357 | T76: =S76+R76 -> 1556
B77: المجموع | D77: =D76+D75+D74 -> 453 | E77: =E76+E75+E74 -> 248 | F77: =F76+F75+F74 -> 613 | G77: =G76+G75+G74 -> 348 | H77: =H76+H75+H74 -> 659 | I77: =I76+I75+I74 -> 334 | J77: =J76+J75+J74 -> 643 | K77: =K76+K75+K74 -> 284 | ... Q77: =Q76+Q75+Q74 -> 56 | R77: =P77+N77+L77+J77+H77+F77+D77 -> 3682 | S77: =Q77+O77+M77+K77+I77+G77+E77 -> 1736 | T77: =S77+R77 -> 5418
A79: المديرية العامة للتربية في محافظة النجف الاشرف | S79: التعليم المهني
A80: قسم التخطيط التربوي | H80: خلاصة قضاء الكوفة
A81: جدول رقم ( 4 )
A82: التعليم المهني للعام الدراسي 2025 / 2026
A83: عدد الطلبة المسجلين حسب العمر والجنس والصف والفرع ( الصباحي والمسائي )
A85: الفرع | B85: الصف | D85: عمر 15 سنة | F85: عمر 16 سنة | H85: عمر 17 سنة | J85: عمر 18 سنة | L85: عمر 19 سنة | N85: عمر 20 سنة | P85: عمر 21 سنة | R85: المجموع
D86: بنون | E86: بنات | F86: بنون | G86: بنات | H86: بنون | I86: بنات | J86: بنون | K86: بنات | L86: بنون | M86: بنات | N86: بنون | O86: بنات | P86: بنون | Q86: بنات | R86: بنون | S86: بنات | T86: المجموع
A87: الصناعي | B87: الاول | D87: =المهني!AI15 -> 24 | E87: =المهني!AJ15 -> 0 | F87: =المهني!AK15 -> 9 | G87: =المهني!AL15 -> 0 | H87: =المهني!AM15 -> 7 | I87: =المهني!AN15 -> 0 | J87: =المهني!AO15 -> 11 | K87: =المهني!AP15 -> 0 | ... M87: =المهني!AR15 -> 0 | N87: 0 | O87: 0 | P87: 0 | Q87: 0 | R87: =P87+N87+L87+J87+H87+F87+D87 -> 53 | S87: =Q87+O87+M87+K87+I87+G87+E87 -> 0 | T87: =S87+R87 -> 53
B88: الثاني | F88: =المهني!AV15 -> 12 | G88: =المهني!AW15 -> 0 | H88: =المهني!AX15 -> 7 | I88: =المهني!AY15 -> 0 | J88: =المهني!AZ15 -> 13 | K88: =المهني!BA15 -> 0 | L88: =المهني!BB15 -> 4 | M88: =المهني!BC15 -> 0 | ... O88: =المهني!BE15 -> 0 | P88: 0 | Q88: 0 | R88: =P88+N88+L88+J88+H88+F88+D88 -> 38 | S88: =Q88+O88+M88+K88+I88+G88+E88 -> 0 | T88: =S88+R88 -> 38
B89: الثالث | H89: =المهني!BI15 -> 6 | I89: =المهني!BJ15 -> 0 | J89: =المهني!BK15 -> 14 | K89: =المهني!BL15 -> 0 | L89: =المهني!BM15 -> 14 | M89: =المهني!BN15 -> 0 | N89: =المهني!BO15 -> 5 | O89: =المهني!BP15 -> 0 | ... Q89: =المهني!BR15 -> 0 | R89: =P89+N89+L89+J89+H89+F89+D89 -> 40 | S89: =Q89+O89+M89+K89+I89+G89+E89 -> 0 | T89: =S89+R89 -> 40
B90: المجموع | D90: =D89+D88+D87 -> 24 | E90: =E89+E88+E87 -> 0 | F90: =F89+F88+F87 -> 21 | G90: =G89+G88+G87 -> 0 | H90: =H89+H88+H87 -> 20 | I90: =I89+I88+I87 -> 0 | J90: =J89+J88+J87 -> 38 | K90: =K89+K88+K87 -> 0 | ... T90: =T89+T88+T87 -> 131
A91: الزراعي | B91: الاول | D91: =المهني!AI31 -> 8 | E91: =المهني!AJ31 -> 0 | F91: =المهني!AK31 -> 19 | G91: =المهني!AL31 -> 0 | H91: =المهني!AM31 -> 9 | I91: =المهني!AN31 -> 0 | J91: =المهني!AO31 -> 10 | K91: =المهني!AP31 -> 0 | ... M91: =المهني!AR31 -> 0 | N91: 0 | O91: 0 | P91: 0 | Q91: 0 | R91: =P91+N91+L91+J91+H91+F91+D91 -> 54 | S91: =Q91+O91+M91+K91+I91+G91+E91 -> 0 | T91: =S91+R91 -> 54
B92: الثاني | F92: =المهني!AV31 -> 5 | G92: =المهني!AW31 -> 0 | H92: =المهني!AX31 -> 4 | I92: =المهني!AY31 -> 0 | J92: =المهني!AZ31 -> 10 | K92: =المهني!BA31 -> 0 | L92: =المهني!BB31 -> 4 | M92: =المهني!BC31 -> 0 | ... O92: =المهني!BE31 -> 0 | P92: 0 | Q92: 0 | R92: =P92+N92+L92+J92+H92+F92+D92 -> 25 | S92: =Q92+O92+M92+K92+I92+G92+E92 -> 0 | T92: =S92+R92 -> 25
B93: الثالث | H93: =المهني!BI31 -> 0 | I93: =المهني!BJ31 -> 0 | J93: =المهني!BK31 -> 8 | K93: =المهني!BL31 -> 0 | L93: =المهني!BM31 -> 9 | M93: =المهني!BN31 -> 0 | N93: =المهني!BO31 -> 8 | O93: =المهني!BP31 -> 0 | ... Q93: =المهني!BR31 -> 0 | R93: =P93+N93+L93+J93+H93+F93+D93 -> 33 | S93: =Q93+O93+M93+K93+I93+G93+E93 -> 0 | T93: =S93+R93 -> 33
B94: المجموع | D94: =D93+D92+D91 -> 8 | E94: =E93+E92+E91 -> 0 | F94: =F93+F92+F91 -> 24 | G94: =G93+G92+G91 -> 0 | H94: =H93+H92+H91 -> 13 | I94: =I93+I92+I91 -> 0 | J94: =J93+J92+J91 -> 28 | K94: =K93+K92+K91 -> 0 | ... Q94: =Q93+Q92+Q91 -> 0 | R94: =P94+N94+L94+J94+H94+F94+D94 -> 112 | S94: =Q94+O94+M94+K94+I94+G94+E94 -> 0 | T94: =S94+R94 -> 112
A95: التجاري | B95: الاول | D95: 0 | E95: 0 | F95: 0 | G95: 0 | H95: 0 | I95: 0 | J95: 0 | K95: 0 | L95: 0 | M95: 0 | N95: 0 | O95: 0 | P95: 0 | Q95: 0 | R95: =P95+N95+L95+J95+H95+F95+D95 -> 0 | S95: =Q95+O95+M95+K95+I95+G95+E95 -> 0 | T95: =S95+R95 -> 0
B96: الثاني | F96: 0 | G96: 0 | H96: 0 | I96: 0 | J96: 0 | K96: 0 | L96: 0 | M96: 0 | N96: 0 | O96: 0 | P96: 0 | Q96: 0 | R96: =P96+N96+L96+J96+H96+F96+D96 -> 0 | S96: =Q96+O96+M96+K96+I96+G96+E96 -> 0 | T96: =S96+R96 -> 0
B97: الثالث | H97: 0 | I97: 0 | J97: 0 | K97: 0 | L97: 0 | M97: 0 | N97: 0 | O97: 0 | P97: 0 | Q97: 0 | R97: =P97+N97+L97+J97+H97+F97+D97 -> 0 | S97: =Q97+O97+M97+K97+I97+G97+E97 -> 0 | T97: =S97+R97 -> 0
B98: المجموع | D98: =D97+D96+D95 -> 0 | E98: =E97+E96+E95 -> 0 | F98: =F97+F96+F95 -> 0 | G98: =G97+G96+G95 -> 0 | H98: =H97+H96+H95 -> 0 | I98: =I97+I96+I95 -> 0 | J98: =J97+J96+J95 -> 0 | K98: =K97+K96+K95 -> 0 | ... Q98: =Q97+Q96+Q95 -> 0 | R98: =P98+N98+L98+J98+H98+F98+D98 -> 0 | S98: =Q98+O98+M98+K98+I98+G98+E98 -> 0 | T98: =S98+R98 -> 0
A99: الفنون التطبيقية | B99: الاول | E99: 0 | G99: 0 | I99: 0 | K99: 0 | M99: 0 | O99: 0 | Q99: 0 | S99: =Q99+O99+M99+K99+I99+G99+E99 -> 0 | T99: =S99+R99 -> 0
B100: الثاني | G100: 0 | I100: 0 | K100: 0 | M100: 0 | O100: 0 | Q100: 0 | S100: =Q100+O100+M100+K100+I100+G100+E100 -> 0 | T100: =S100+R100 -> 0
B101: الثالث | I101: 0 | K101: 0 | M101: 0 | O101: 0 | Q101: 0 | S101: =Q101+O101+M101+K101+I101+G101+E101 -> 0 | T101: =S101+R101 -> 0
B102: المجموع | E102: =E101+E100+E99 -> 0 | G102: =G101+G100+G99 -> 0 | I102: =I101+I100+I99 -> 0 | K102: =K101+K100+K99 -> 0 | M102: =M101+M100+M99 -> 0 | O102: =O101+O100+O99 -> 0 | Q102: =Q101+Q100+Q99 -> 0 | S102: =Q102+O102+M102+K102+I102+G102+E102 -> 0 | T102: =S102+R102 -> 0
A103: سياحة | B103: الاول | R103: =P103+N103+L103+J103+H103+F103+D103 -> 0 | S103: =Q103+O103+M103+K103+I103+G103+E103 -> 0 | T103: =S103+R103 -> 0
B104: الثاني | R104: =P104+N104+L104+J104+H104+F104+D104 -> 0 | S104: =Q104+O104+M104+K104+I104+G104+E104 -> 0 | T104: =S104+R104 -> 0
B105: الثالث | R105: =P105+N105+L105+J105+H105+F105+D105 -> 0 | S105: =Q105+O105+M105+K105+I105+G105+E105 -> 0 | T105: =S105+R105 -> 0
...

Sheet ج5
C1: المديرية العامة للتربية في محافظة النجف الاشرف | O1: التعليم المهني
C2: قسم التخطيط التربوي
K3: خلاصة محافظة النجف الاشرف
G4: جدول رقم ( 5 )
G5: التعليم المهني للعام الدراسي 2025 / 2026
G6: عدد الشعب حسب الجنس والصف والتصنيف ( الصباحي والمسائي )
E8: الفرع | G8: الصف | J8: عدد الشعب حسب الصف والجنس
J10: بنون | K10: بنات | L10: مختلطة | M10: المجموع
E11: الصناعي | G11: الاول | J11: =المهني!CM20 -> 21 | K11: =المهني!CN20 -> 9 | L11: =المهني!CO20 -> 0 | M11: =L11+K11+J11 -> 30
G12: الثاني | J12: =المهني!CP20 -> 21 | K12: =المهني!CQ20 -> 5 | L12: =المهني!CR20 -> 0 | M12: =L12+K12+J12 -> 26
G13: الثالث | J13: =المهني!CS20 -> 19 | K13: =المهني!CT20 -> 4 | L13: =المهني!CU20 -> 0 | M13: =L13+K13+J13 -> 23
G14: المجموع | J14: =J13+J12+J11 -> 61 | K14: =K13+K12+K11 -> 18 | L14: =L13+L12+L11 -> 0 | M14: =M13+M12+M11 -> 79
E15: الزراعي | G15: الاول | J15: =المهني!CM31 -> 2 | K15: =المهني!CN31 -> 0 | L15: =المهني!CO31 -> 0 | M15: =L15+K15+J15 -> 2
G16: الثاني | J16: =المهني!CP31 -> 2 | K16: =المهني!CQ31 -> 0 | L16: =المهني!CR31 -> 0 | M16: =L16+K16+J16 -> 2
G17: الثالث | J17: =المهني!CS31 -> 1 | K17: =المهني!CT31 -> 0 | L17: =المهني!CU31 -> 0 | M17: =L17+K17+J17 -> 1
G18: المجموع | J18: =J17+J16+J15 -> 5 | K18: =K17+K16+K15 -> 0 | L18: =L17+L16+L15 -> 0 | M18: =M17+M16+M15 -> 5
E19: التجاري | G19: الاول | J19: =المهني!CM26 -> 5 | K19: =المهني!CN26 -> 4 | L19: =المهني!CO26 -> 0 | M19: =L19+K19+J19 -> 9
G20: الثاني | J20: =المهني!CP26 -> 4 | K20: =المهني!CQ26 -> 2 | L20: =المهني!CR26 -> 0 | M20: =L20+K20+J20 -> 6
G21: الثالث | J21: =المهني!CS26 -> 6 | K21: =المهني!CT26 -> 2 | L21: =المهني!CU26 -> 0 | M21: =L21+K21+J21 -> 8
G22: المجموع | J22: =J21+J20+J19 -> 15 | K22: =K21+K20+K19 -> 8 | L22: =L21+L20+L19 -> 0 | M22: =M21+M20+M19 -> 23
E23: الفنون التطبيقية | G23: الاول | K23: =المهني!CN35 -> 4 | M23: =L23+K23+J23 -> 4
G24: الثاني | K24: =المهني!CQ35 -> 3 | M24: =L24+K24+J24 -> 3
G25: الثالث | K25: =المهني!CT35 -> 3 | M25: =L25+K25+J25 -> 3
G26: المجموع | K26: =K25+K24+K23 -> 10 | M26: =M25+M24+M23 -> 10
E27: سياحة | G27: الاول | J27: =المهني!CM49 -> 3 | K27: =المهني!CN49 -> 0 | L27: =المهني!CO49 -> 0 | M27: =L27+K27+J27 -> 3
G28: الثاني | J28: =المهني!CP49 -> 3 | K28: =المهني!CQ49 -> 0 | L28: =المهني!CR49 -> 0 | M28: =L28+K28+J28 -> 3
G29: الثالث | J29: =المهني!CS49 -> 3 | K29: =المهني!CT49 -> 0 | L29: =المهني!CU49 -> 0 | M29: =L29+K29+J29 -> 3
G30: المجموع | J30: =J29+J28+J27 -> 9 | K30: =K29+K28+K27 -> 0 | L30: =L29+L28+L27 -> 0 | M30: =L30+K30+J30 -> 9
E31: العلوم الرياضية | G31: الاول | J31: =المهني!CM51 -> 3 | K31: =المهني!CN51 -> 0 | L31: =المهني!CO51 -> 0 | M31: =L31+K31+J31 -> 3
G32: الثاني | J32: =المهني!CP51 -> 3 | K32: =المهني!CQ51 -> 0 | L32: =المهني!CR51 -> 0 | M32: =L32+K32+J32 -> 3
G33: الثالث | J33: =المهني!CS51 -> 0 | K33: =المهني!CT51 -> 0 | L33: =المهني!CU51 -> 0 | M33: =L33+K33+J33 -> 0
G34: المجموع | J34: =J33+J32+J31 -> 6 | K34: =K33+K32+K31 -> 0 | L34: =L33+L32+L31 -> 0 | M34: =L34+K34+J34 -> 6
E35: الحاسوب وتقنية المعلومات | G35: الاول | J35: =المهني!CM46 -> 17 | K35: =المهني!CN46 -> 11 | L35: =المهني!CO46 -> 0 | M35: =L35+K35+J35 -> 28
G36: الثاني | J36: =المهني!CP46 -> 11 | K36: =المهني!CQ46 -> 6 | L36: =المهني!CR46 -> 0 | M36: =L36+K36+J36 -> 17
G37: الثالث | J37: =المهني!CS46 -> 12 | K37: =المهني!CT46 -> 4 | L37: =المهني!CU46 -> 0 | M37: =L37+K37+J37 -> 16
G38: المجموع | J38: =J37+J36+J35 -> 40 | K38: =K37+K36+K35 -> 21 | L38: =L37+L36+L35 -> 0 | M38: =M37+M36+M35 -> 61
E39: المجموع الكلي | G39: الاول | J39: =J23+J19+J15+J11+J35+J27+J31 -> 51 | K39: =K23+K19+K15+K11+K35+K27+K31 -> 28 | L39: =L23+L19+L15+L11+L35+L27+L31 -> 0 | M39: =M23+M19+M15+M11+M35+M27+M31 -> 79
G40: الثاني | J40: =J24+J20+J16+J12+J36+J28+J32 -> 44 | K40: =K24+K20+K16+K12+K36+K28+K32 -> 16 | L40: =L24+L20+L16+L12+L36+L28+L32 -> 0 | M40: =M24+M20+M16+M12+M36+M28+M32 -> 60
G41: الثالث | J41: =J25+J21+J17+J13+J37+J29+J33 -> 41 | K41: =K25+K21+K17+K13+K37+K29+K33 -> 13 | L41: =L25+L21+L17+L13+L37+L29+L33 -> 0 | M41: =M25+M21+M17+M13+M37+M29+M33 -> 54
G42: المجموع | J42: =J26+J22+J18+J14+J38+J30+J34 -> 136 | K42: =K26+K22+K18+K14+K38+K30+K34 -> 57 | L42: =L26+L22+L18+L14+L38+L30+L34 -> 0 | M42: =M26+M22+M18+M14+M38+M30+M34 -> 193
C44: المديرية العامة للتربية في محافظة النجف الاشرف | O44: التعليم المهني
C45: قسم التخطيط التربوي
K46: خلاصة قضاء النجف
G47: جدول رقم ( 5 )
G48: التعليم المهني للعام الدراسي 2025 / 2026
G49: عدد الشعب حسب الجنس والصف والتصنيف ( الصباحي والمسائي )
E51: الفرع | G51: الصف | J51: عدد الشعب حسب الصف والجنس
J53: بنون | K53: بنات | L53: مختلطة | M53: المجموع
E54: الصناعي | G54: الاول | J54: =المهني!CM12 -> 15 | K54: =المهني!CN12 -> 7 | L54: =المهني!CO12 -> 0 | M54: =L54+K54+J54 -> 22
G55: الثاني | J55: =المهني!CP12 -> 17 | K55: =المهني!CQ12 -> 4 | L55: =المهني!CR12 -> 0 | M55: =L55+K55+J55 -> 21
G56: الثالث | J56: =المهني!CS12 -> 15 | K56: =المهني!CT12 -> 3 | L56: =المهني!CU12 -> 0 | M56: =L56+K56+J56 -> 18
G57: المجموع | J57: =J56+J55+J54 -> 47 | K57: =K56+K55+K54 -> 14 | L57: =L56+L55+L54 -> 0 | M57: =M56+M55+M54 -> 61
E58: الزراعي | G58: الاول | J58: 0 | K58: 0 | L58: 0 | M58: =L58+K58+J58 -> 0
G59: الثاني | J59: 0 | K59: 0 | L59: 0 | M59: =L59+K59+J59 -> 0
G60: الثالث | J60: 0 | K60: 0 | L60: 0 | M60: =L60+K60+J60 -> 0
G61: المجموع | J61: =J60+J59+J58 -> 0 | K61: =K60+K59+K58 -> 0 | L61: =L60+L59+L58 -> 0 | M61: =M60+M59+M58 -> 0
E62: التجاري | G62: الاول | J62: =المهني!CM26 -> 5 | K62: =المهني!CN26 -> 4 | L62: =المهني!CO26 -> 0 | M62: =L62+K62+J62 -> 9
G63: الثاني | J63: =المهني!CP26 -> 4 | K63: =المهني!CQ26 -> 2 | L63: =المهني!CR26 -> 0 | M63: =L63+K63+J63 -> 6
G64: الثالث | J64: =المهني!CS26 -> 6 | K64: =المهني!CT26 -> 2 | L64: =المهني!CU26 -> 0 | M64: =L64+K64+J64 -> 8
G65: المجموع | J65: =J64+J63+J62 -> 15 | K65: =K64+K63+K62 -> 8 | L65: =L64+L63+L62 -> 0 | M65: =M64+M63+M62 -> 23
E66: فنون تطبيقية | G66: الاول | J66: 0 | K66: =المهني!CN35 -> 4 | L66: 0 | M66: =L66+K66+J66 -> 4
G67: الثاني | J67: 0 | K67: =المهني!CQ34 -> 3 | L67: 0 | M67: =L67+K67+J67 -> 3
G68: الثالث | J68: 0 | K68: =المهني!CT35 -> 3 | L68: 0 | M68: =L68+K68+J68 -> 3
G69: المجموع | J69: =J68+J67+J66 -> 0 | K69: =K68+K67+K66 -> 10 | L69: =L68+L67+L66 -> 0 | M69: =M68+M67+M66 -> 10
E70: سياحة | G70: الاول | J70: =المهني!CM49 -> 3 | K70: =المهني!CN49 -> 0 | L70: =المهني!CO49 -> 0 | M70: =L70+K70+J70 -> 3
G71: الثاني | J71: =المهني!CP49 -> 3 | K71: =المهني!CQ49 -> 0 | L71: =المهني!CR49 -> 0 | M71: =L71+K71+J71 -> 3
G72: الثالث | J72: =المهني!CS49 -> 3 | K72: =المهني!CT49 -> 0 | L72: =المهني!CU49 -> 0 | M72: =L72+K72+J72 -> 3
G73: المجموع | J73: =J72+J71+J70 -> 9 | K73: =K72+K71+K70 -> 0 | L73: =L72+L71+L70 -> 0 | M73: =M72+M71+M70 -> 9
E74: الحاسوب وتقنية المعلومات | G74: الاول | J74: =المهني!CM47 -> 13 | K74: =المهني!CN47 -> 7 | L74: =المهني!CO47 -> 0 | M74: =L74+K74+J74 -> 20
G75: الثاني | J75: =المهني!CP47 -> 8 | K75: =المهني!CQ47 -> 5 | L75: =المهني!CR47 -> 0 | M75: =L75+K75+J75 -> 13
G76: الثالث | J76: =المهني!CS47 -> 9 | K76: =المهني!CT47 -> 3 | L76: =المهني!CU47 -> 0 | M76: =L76+K76+J76 -> 12
G77: المجموع | J77: =J76+J75+J74 -> 30 | K77: =K76+K75+K74 -> 15 | L77: =L76+L75+L74 -> 0 | M77: =M76+M75+M74 -> 45
E78: المجموع الكلي | G78: الاول | J78: =J66+J62+J58+J54+J74+J70 -> 36 | K78: =K66+K62+K58+K54+K74+K70 -> 22 | L78: =L66+L62+L58+L54+L74+L70 -> 0 | M78: =M66+M62+M58+M54+M74+M70 -> 58
G79: الثاني | J79: =J67+J63+J59+J55+J75+J71 -> 32 | K79: =K67+K63+K59+K55+K75+K71 -> 14 | L79: =L67+L63+L59+L55+L75+L71 -> 0 | M79: =M67+M63+M59+M55+M75+M71 -> 46
G80: الثالث | J80: =J68+J64+J60+J56+J76+J72 -> 33 | K80: =K68+K64+K60+K56+K76+K72 -> 11 | L80: =L68+L64+L60+L56+L76+L72 -> 0 | M80: =M68+M64+M60+M56+M76+M72 -> 44
G81: المجموع | J81: =J69+J65+J61+J57+J77+J73 -> 101 | K81: =K69+K65+K61+K57+K77+K73 -> 47 | L81: =L69+L65+L61+L57+L77+L73 -> 0 | M81: =M69+M65+M61+M57+M77+M73 -> 148
C83: المديرية العامة للتربية في محافظة النجف الاشرف | O83: التعليم المهني
C84: قسم التخطيط التربوي
K85: خلاصة قضاء الكوفة
G86: جدول رقم ( 5 )
G87: التعليم المهني للعام الدراسي 2025 / 2026
G88: عدد الشعب حسب الجنس والصف والتصنيف ( الصباحي والمسائي )
E90: الفرع | G90: الصف | J90: عدد الشعب حسب الصف والجنس
J92: بنون | K92: بنات | L92: مختلطة | M92: المجموع
E93: الصناعي | G93: الاول | J93: =المهني!CM15 -> 1 | K93: =المهني!CN15 -> 0 | L93: =المهني!CO15 -> 0 | M93: =L93+K93+J93 -> 1
G94: الثاني | J94: =المهني!CP15 -> 1 | K94: =المهني!CQ15 -> 0 | L94: =المهني!CR15 -> 0 | M94: =L94+K94+J94 -> 1
G95: الثالث | J95: =المهني!CS15 -> 1 | K95: =المهني!CT15 -> 0 | L95: =المهني!CU15 -> 0 | M95: =L95+K95+J95 -> 1
G96: المجموع | J96: =J95+J94+J93 -> 3 | K96: =K95+K94+K93 -> 0 | L96: =L95+L94+L93 -> 0 | M96: =M95+M94+M93 -> 3
E97: الزراعي | G97: الاول | J97: =المهني!CM31 -> 2 | K97: =المهني!CN31 -> 0 | L97: =المهني!CO31 -> 0 | M97: =L97+K97+J97 -> 2
G98: الثاني | J98: =المهني!CP31 -> 2 | K98: =المهني!CQ31 -> 0 | L98: =المهني!CR31 -> 0 | M98: =L98+K98+J98 -> 2
G99: الثالث | J99: =المهني!CS31 -> 1 | K99: =المهني!CT31 -> 0 | L99: =المهني!CU31 -> 0 | M99: =L99+K99+J99 -> 1
G100: المجموع | J100: =J99+J98+J97 -> 5 | K100: =K99+K98+K97 -> 0 | L100: =L99+L98+L97 -> 0 | M100: =M99+M98+M97 -> 5
E101: التجاري | G101: الاول | J101: 0 | K101: 0 | L101: 0 | M101: =L101+K101+J101 -> 0
G102: الثاني | J102: 0 | K102: 0 | L102: 0 | M102: =L102+K102+J102 -> 0
G103: الثالث | J103: 0 | K103: 0 | L103: 0 | M103: =L103+K103+J103 -> 0
G104: المجموع | J104: =J103+J102+J101 -> 0 | K104: =K103+K102+K101 -> 0 | L104: =L103+L102+L101 -> 0 | M104: =M103+M102+M101 -> 0
E105: الفنون التطبيقية | G105: الاول | K105: 0 | M105: =L105+K105+J105 -> 0
G106: الثاني | K106: 0 | M106: =L106+K106+J106 -> 0
G107: الثالث | K107: 0 | M107: =L107+K107+J107 -> 0
G108: المجموع | K108: =K107+K106+K105 -> 0 | M108: =M107+M106+M105 -> 0
...

Sheet ج6
A1: المديرية العامة للتربية في محافظة النجف الاشرف | R1: التعليم المهني
A2: قسم التخطيط التربوي | I2: خلاصة محافظة النجف الاشرف
B3: جدول رقم (6)
B4: التعليم المهني للعام الدراسي 2025 / 2026
B5: عدد الطلبة التاركين والناجحين والراسبين حسب الصف والجنس والفرع للعام الدراسي 2025/2024 ( الصباحي والمسائي )
B7: الفرع | D7: الصف | E7: عدد الطلبة التاركين للعام الدراسي 2025 / 2026 | H7: عدد الطلبة الناجحين للعام الدراسي 2025/2024 | K7: عدد الطلبة الراسبين حسب اسباب الرسوب للعام الدراسي 2025/2024
K8: الفشل في الامتحان | M8: تجاوز ايام الغياب | O8: أسباب أخرى | Q8: المجمــــــــــــــوع
E9: بنون | F9: بنات | G9: المجموع | H9: بنون | I9: بنات | J9: المجموع | K9: بنون | L9: بنات | M9: بنون | N9: بنات | O9: بنون | P9: بنات | Q9: بنون | R9: بنات | S9: المجموع
B10: الصناعي | D10: الاول | E10: =المهني!CZ20 -> 30 | F10: =المهني!DA20 -> 1 | G10: =F10+E10 -> 31 | H10: =المهني!DR20 -> 481 | I10: =المهني!DS20 -> 159 | J10: =I10+H10 -> 640 | K10: =المهني!EA20 -> 74 | L10: =المهني!EB20 -> 3 | M10: =المهني!EJ20 -> 22 | N10: =المهني!EK20 -> 3 | O10: =المهني!ES20 -> 0 | P10: =المهني!ET20 -> 0 | Q10: =O10+M10+K10 -> 96 | R10: =P10+N10+L10 -> 6 | S10: =R10+Q10 -> 102
D11: الثاني | E11: =المهني!DB20 -> 12 | F11: =المهني!DC20 -> 4 | G11: =F11+E11 -> 16 | H11: =المهني!DT20 -> 263 | I11: =المهني!DU20 -> 137 | J11: =I11+H11 -> 400 | K11: =المهني!EC20 -> 29 | L11: =المهني!ED20 -> 2 | M11: =المهني!EL20 -> 8 | N11: =المهني!EM20 -> 2 | O11: =المهني!EU20 -> 0 | P11: =المهني!EV20 -> 0 | Q11: =O11+M11+K11 -> 37 | R11: =P11+N11+L11 -> 4 | S11: =R11+Q11 -> 41
D12: الثالث | E12: =المهني!DD20 -> 16 | F12: =المهني!DE20 -> 1 | G12: =F12+E12 -> 17 | H12: =المهني!DV20 -> 326 | I12: =المهني!DW20 -> 125 | J12: =I12+H12 -> 451 | K12: =المهني!EE20 -> 118 | L12: =المهني!EF20 -> 9 | M12: =المهني!EN20 -> 28 | N12: =المهني!EO20 -> 0 | O12: =المهني!EW20 -> 29 | P12: =المهني!EX20 -> 1 | Q12: =O12+M12+K12 -> 175 | R12: =P12+N12+L12 -> 10 | S12: =R12+Q12 -> 185
D13: المجموع | E13: =E12+E11+E10 -> 58 | F13: =F12+F11+F10 -> 6 | G13: =G12+G11+G10 -> 64 | H13: =H12+H11+H10 -> 1070 | I13: =I12+I11+I10 -> 421 | J13: =J12+J11+J10 -> 1491 | K13: =K12+K11+K10 -> 221 | L13: =L12+L11+L10 -> 14 | ... R13: =R12+R11+R10 -> 20 | S13: =R13+Q13 -> 328
B14: الزراعي | D14: الاول | E14: =المهني!CZ31 -> 2 | F14: =المهني!DA31 -> 0 | G14: =F14+E14 -> 2 | H14: =المهني!DR31 -> 25 | I14: =المهني!DS31 -> 0 | J14: =I14+H14 -> 25 | K14: =المهني!EA31 -> 1 | L14: =المهني!EB31 -> 0 | M14: =المهني!EJ31 -> 1 | N14: =المهني!EK31 -> 0 | O14: =المهني!ES31 -> 0 | P14: =المهني!ET31 -> 0 | Q14: =O14+M14+K14 -> 2 | R14: =P14+N14+L14 -> 0 | S14: =R14+Q14 -> 2
D15: الثاني | E15: =المهني!DB31 -> 0 | F15: =المهني!DC31 -> 0 | G15: =F15+E15 -> 0 | H15: =المهني!DT31 -> 18 | I15: =المهني!DU31 -> 0 | J15: =I15+H15 -> 18 | K15: =المهني!EC31 -> 2 | L15: =المهني!ED31 -> 0 | M15: =المهني!EL31 -> 0 | N15: =المهني!EM31 -> 0 | O15: =المهني!EU31 -> 0 | P15: =المهني!EV31 -> 0 | Q15: =O15+M15+K15 -> 2 | R15: =P15+N15+L15 -> 0 | S15: =R15+Q15 -> 2
D16: الثالث | E16: =المهني!DD31 -> 1 | F16: =المهني!DE31 -> 0 | G16: =F16+E16 -> 1 | H16: =المهني!DV31 -> 20 | I16: =المهني!DW31 -> 0 | J16: =I16+H16 -> 20 | K16: =المهني!EE31 -> 11 | L16: =المهني!EF31 -> 0 | M16: =المهني!EN31 -> 5 | N16: =المهني!EO31 -> 0 | O16: =المهني!EW31 -> 0 | P16: =المهني!EX31 -> 0 | Q16: =O16+M16+K16 -> 16 | R16: =P16+N16+L16 -> 0 | S16: =R16+Q16 -> 16
D17: المجموع | E17: =E16+E15+E14 -> 3 | F17: =F16+F15+F14 -> 0 | G17: =G16+G15+G14 -> 3 | H17: =H16+H15+H14 -> 63 | I17: =I16+I15+I14 -> 0 | J17: =J16+J15+J14 -> 63 | K17: =K16+K15+K14 -> 14 | L17: =L16+L15+L14 -> 0 | ... R17: =R16+R15+R14 -> 0 | S17: =R17+Q17 -> 20
B18: التجاري | D18: الاول | E18: =المهني!CZ26 -> 4 | F18: =المهني!DA26 -> 3 | G18: =F18+E18 -> 7 | H18: =المهني!DR26 -> 87 | I18: =المهني!DS26 -> 57 | J18: =I18+H18 -> 144 | K18: =المهني!EA26 -> 14 | L18: =المهني!EB26 -> 13 | M18: =المهني!EJ26 -> 4 | N18: =المهني!EK26 -> 2 | O18: =المهني!ES26 -> 0 | P18: =المهني!ET26 -> 0 | Q18: =O18+M18+K18 -> 18 | R18: =P18+N18+L18 -> 15 | S18: =R18+Q18 -> 33
D19: الثاني | E19: =المهني!DB26 -> 2 | F19: =المهني!DC26 -> 2 | G19: =F19+E19 -> 4 | H19: =المهني!DT26 -> 35 | I19: =المهني!DU26 -> 42 | J19: =I19+H19 -> 77 | K19: =المهني!EC26 -> 1 | L19: =المهني!ED26 -> 4 | M19: =المهني!EL26 -> 3 | N19: =المهني!EM26 -> 6 | O19: =المهني!EU26 -> 0 | P19: =المهني!EV26 -> 0 | Q19: =O19+M19+K19 -> 4 | R19: =P19+N19+L19 -> 10 | S19: =R19+Q19 -> 14
