Workbook

Sheet الفنون الجميلة
A1: المديرية العامة لتربية في محافظة النجف الاشرف | O1: استقلالية المعهد | Q1: نوع الازدواج | U1: عدد المعاهد الفتح الجديد | X1: عدد الطلبة المستجدين في الصف الاول حسب العمر | AS1: عدد الطلبة المسجلين في الصف الاول حسب العمر والجنس | BN1: عدد الطلبة المسجلين في الصف الثاني حسب العمر والجنس | CG1: عدد الطلبة المسجلين في الصف الثالث حسب العمر والجنس | CX1: عدد الطلبة المسجلين في الصف الرابع حسب العمر والجنس | DM1: عدد الطلبة المسجلين في الصف الخامس حسب العمر والجنس | DZ1: عدد الطلبة المسجلين حسب الصف والجنس ( المجموع الكلي) | EU1: عدد الطلبة المسجلين حسب الاقسام الدراسية | FJ1: عدد الشعب حسب الصف والجنس | GC1: عدد الطلبة التاركين حسب الصف والجنس للعام الدراسي 2025 / 2026 | GP1: عدد الطلبة المشاركين في الامتحانات النهائية و حسب الصف والجنس للعام الدراسي 2015 / 2016 | HC1: عدد الطلبة الناجحين حسب الصف والجنس للعام الدراسي 2024 / 2025 | HP1: عدد الطلبة الراسبين بسبب الفشل في الامتحان و حسب الصف والجنس للعام الدراسي 2024 / 2025 | IC1: عدد الطلبة الراسبين بسبب تجاوز ايام الغياب و حسب الصف والجنس للعام الدراسي 2024 / 2025 | IP1: عدد الطلبة الراسبين لاسباب اخرى و حسب الصف والجنس للعام الدراسي 2024 / 2025 | JC1: اعضاء الهيئة التعليمية و التدريسية حسب العنوان الوظيفي | JP1: عدد الموظفون الاداريون والخدميون حسب العنوان الوظيفي | KM1: عدد اعضاء الهيئة التعليمية حسب الجنسية | KV1: عدد اعضاء الهيئة التعليمية والتدريسية حسب الحالة الوظيفية | LQ1: اعضاء الهيئة التعليمية والتدريسية حسب الشهادة | MJ1: اعضاء الهيئة التعليمية والتدريسية حسب الشهادة | NC1: اعضاء الهيئة التعليمية والتدريسية حسب الشهادة | NV1: اعضاء الهيئة التعليمية والتدريسية حسب الشهادة | OO1: اعضاء الهيئة التعليمية والتدريسية حسب الشهادة | PH1: اعضاء الهيئة التعليمية والتدريسية حسب الشهادة | QA1: اعضاء الهيئة التعليمية والتدريسية حسب الشهادة | QT1: اعضاء الهيئة التعليمية والتدريسية حسب الشهادة | RM1: اعضاء الهيئة التعليمية والتدريسية حسب الشهادة | SF1: اعضاء الهيئة التعليمية والتدريسية حسب الشهادة | SY1: اعضاء الهيئة التعليمية والتدريسية حسب الشهادة | TR1: اعضاء الهيئة التعليمية والتدريسية حسب الشهادة | UK1: اعضاء الهيئة التعليمية والتدريسية حسب الشهادة | VD1: اعضاء الهيئة التعليمية والتدريسية حسب الشهادة | VW1: اعضاء الهيئة التعليمية والتدريسية حسب الشهادة | WP1: اعضاء الهيئة التعليمية والتدريسية حسب الشهادة | XI1: اعضاء الهيئة التعليمية والتدريسية حسب الشهادة | YB1: اعضاء الهيئة التعليمية والتدريسية حسب الشهادة | YU1: اعضاء الهيئة التعليمية والتدريسية حسب الشهادة | ZN1: اعضاء الهيئة التعليمية والتدريسية حسب الشهادة | AAG1: اعضاء الهيئة التعليمية والتدريسية حسب الشهادة | AAZ1: اعضاء الهيئة التعليمية والتدريسية حسب الشهادة | ABS1: اعضاء الهيئة التعليمية والتدريسية حسب الشهادة | ACL1: اعضاء الهيئة التعليمية والتدريسية حسب الشهادة | ADE1: اعضاء الهيئة التعليمية والتدريسية حسب الشهادة | ADX1: اعضاء الهيئة التعليمية والتدريسية حسب الشهادة | AEQ1: اعضاء الهيئة التعليمية والتدريسية حسب الشهادة | AFJ1: اعضاء الهيئة التعليمية والتدريسية حسب الشهادة | AGC1: اعضاء الهيئة التعليمية والتدريسية حسب الشهادة | AGV1: اعضاء الهيئة التعليمية والتدريسية حسب الشهادة | AHO1: اعضاء الهيئة التعليمية والتدريسية حسب الشهادة | AIH1: اعضاء الهيئة التعليمية والتدريسية حسب الشهادة | AJA1: اعضاء الهيئة التعليمية والتدريسية حسب الشهادة | AJT1: عدد الهيئة التدريسية حسب سنوات الخدمة | AKE1: عدد الهيئة التدريسية حسب سنوات العمر | AKR1: عدد اعضاء الهيئة التعليمية والتدريسية حسب الحالة الاجتماعية | ALC1: عدد الهيئة التدريسية المشاركين بدورات | ANV1: هل المعهد مشمول بـ : | ANZ1: عدد الرحلات ذات المقعدين | AOB1: عدد الرحلات ذات المقعد الواحد او الكرسي | AOD1: عدد السبورات
A2: قسم التخطيط التربوي / شعبة الاحصاء | F2: جنس المعهد | I2: بيئة المعهد | K2: دوام المعهد | ALE2: الابنية المدرسية | AOF2: الحاسبات :- | AOL2: المكتبات المدرسية :- | APB2: المختبرات المدرسية :-
A3: معاهد الفنون الجميلة 2026-2025 | KV3: داخل القوة العمل | KX3: خارج قوة العمل | LN3: المجموع الكلي | LQ3: التربية الاسلامية | MJ3: اللغة العربية | NC3: اللغة الانكيزية | NV3: اللغة الكردية | OO3: الرياضيات | PH3: الفيزياء | QA3: الكيمياء | QT3: العلوم | RM3: علوم الحياة | SF3: التاريخ | SY3: الجغرافية | TR3: الاجتماعيات | UK3: الاجتماع | VD3: التربية الرياضية | VW3: التربية الفنية | WP3: الاقتصاد | XI3: علم النفس التربوي | YB3: علوم تربوية ونفسية | YU3: ارشاد تربوي | ZN3: حاسوب | AAG3: الرسم | AAZ3: النحت | ABS3: الكرافيك | ACL3: السيراميك | ADE3: سينما ومسرح | ADX3: الخط | AEQ3: الزخرفة | AFJ3: التصميم | AGC3: الديكور | AGV3: ادارة تربوية | AHO3: الموسيقى | AIH3: اخرى | AJA3: المجموع | ALE3: عدد الابنية المدرسية حسب :- | AMF3: هل تتوفر في البناية مرافق صحية | AML3: هل البناية مزودة بخدمة المجاري | AMN3: نوع المجاري | AMP3: هل ترتبط البناية بشبكة الماء الصالح للشرب | AMR3: مصدر الماء | AMW3: هل هناك سياج حول البناية | AMY3: حالة السياج | ANB3: هل توجد ساحة رياضية | AND3: نوع الساحة الرياضية | ANI3: هل توجد حديقة في المعهد | ANK3: هل توجد قاعة مستقلة للانشطة | AOF3: عدد الحاسبات الالكترونية | AOH3: عدد الطابعات | AOI3: عدد الطابعات غيرالصالحة | AOJ3: عدد الماسحات الضوئية (سكنرات) | AOK3: عدد الماسحات الضوئية (سكنرات) غيرالصالحة | AOL3: هل توجد مكتبة | AON3: المسؤول المكتبة | AOS3: نوعية المكتبة | AOW3: عدد الكتب | AOY3: عدد الكتب الكلي | AOZ3: هل يوجد مختبر :-
X4: 15 سنة | Z4: 16 سنة | AB4: 17 سنة | AD4: 18 سنة | AF4: 19 سنة | AH4: 20 سنة | AJ4: 21 سنة | AL4: 22 سنة | AN4: 23 سنة | AP4: المجموع | AS4: 15 سنة | AU4: 16 سنة | AW4: 17 سنة | AY4: 18 سنة | BA4: 19 سنة | BC4: 20 سنة | BE4: 21 سنة | BG4: 22 سنة | BI4: 23 سنة | BK4: المجموع | BN4: 16 سنة | BP4: 17 سنة | BR4: 18 سنة | BT4: 19 سنة | BV4: 20 سنة | BX4: 21 سنة | BZ4: 22 سنة | CB4: 23 سنة | CD4: المجموع | CG4: 17سنة | CI4: 18سنة | CK4: 19سنة | CM4: 20سنة | CO4: 21سنة | CQ4: 22 سنة | CS4: 23 سنة | CU4: المجموع | CX4: 18سنة | CZ4: 19سنة | DB4: 20سنة | DD4: 21سنة | DF4: 22 سنة | DH4: 23 سنة | DJ4: المجموع | DM4: 19سنة | DO4: 20سنة | DQ4: 21سنة | DS4: 22 سنة | DU4: 23 سنة | DW4: المجموع | DZ4: 16سنة | EB4: 17سنة | ED4: 17سنة | EF4: 18سنة | EH4: 19سنة | EJ4: 20سنة | EL4: 21سنة | EN4: 22سنة | EP4: 23سنة | ER4: المجموع | EU4: الموسيقى | EW4: التشكيلي | EY4: الخط والزخرفة | FA4: السينما | FC4: المسرح | FE4: التصميم | FG4: المجموع | FJ4: الصف الاول | FM4: الصف الثاني | FP4: الصف الثالث | FS4: الصف الرابع | FV4: الصف الخامس | FY4: المجموع | GC4: الصف الاول | GE4: الصف الثاني | GG4: الصف الثالث | GI4: الصف الرابع | GK4: الصف الخامس | GM4: المجموع | GP4: الصف الاول | GR4: الصف الثاني | GT4: الصف الثالث | GV4: الصف الرابع | GX4: الصف الخامس | GZ4: المجموع | HC4: الصف الاول | HE4: الصف الثاني | HG4: الصف الثالث | HI4: الصف الرابع | HK4: الصف الخامس | HM4: المجموع | HP4: الصف الاول | HR4: الصف الثاني | HT4: الصف الثالث | HV4: الصف الرابع | HX4: الصف الخامس | HZ4: المجموع | IC4: الصف الاول | IE4: الصف الثاني | IG4: الصف الثالث | II4: الصف الرابع | IK4: الصف الخامس | IM4: المجموع | IP4: الصف الاول | IR4: الصف الثاني | IT4: الصف الثالث | IV4: الصف الرابع | IX4: الصف الخامس | IZ4: المجموع | JC4: مدير | JE4: معاون | JG4: مدرس | JI4: معلم | JK4: مرشد تربوي | JM4: المجموع | JP4: موظف الادارة | JR4: كاتب | JT4: محاسب | JV4: مساعد مختبر | JX4: امين مكتب | JZ4: موظف خدمة | KB4: حارس | KD4: سائق | KF4: حرفي | KH4: فلاح | KJ4: المجموع | KM4: عراقية | KO4: عربية | KQ4: اجنبية | KS4: المجموع | KX4: بعثة او زمالة دراسية | KZ4: اجازة دراسية | LB4: اجازة مصاحبة | LD4: اجازة بدون راتب | LF4: اجازة مرضية طويلة | LH4: اجازة امومة | LJ4: منسب الى جهات اخرى | LL4: 4-5سنوات | LQ4: دبلوم تعليمي | LS4: دبلوم عام | LU4: بكلوريوس عام | LW4: بكلوريوس تعليمي | LY4: دبلوم عالي | MA4: ماجستير | MC4: دكتوراه | ME4: اخرى | MG4: المجموع | MJ4: دبلوم تعليمي | ML4: دبلوم عام | MN4: بكلوريوس عام | MP4: بكلوريوس تعليمي | MR4: دبلوم عالي | MT4: ماجستير | MV4: دكتوراه | MX4: اخرى | MZ4: المجموع | NC4: دبلوم تعليمي | NE4: دبلوم عام | NG4: بكلوريوس عام | NI4: بكلوريوس تعليمي | NK4: دبلوم عالي | NM4: ماجستير | NO4: دكتوراه | NQ4: اخرى | NS4: المجموع | NV4: دبلوم تعليمي | NX4: دبلوم عام | NZ4: بكلوريوس عام | OB4: بكلوريوس تعليمي | OD4: دبلوم عالي | OF4: ماجستير | OH4: دكتوراه | OJ4: اخرى | OL4: المجموع | OO4: دبلوم تعليمي | OQ4: دبلوم عام | OS4: بكلوريوس عام | OU4: بكلوريوس تعليمي | OW4: دبلوم عالي | OY4: ماجستير | PA4: دكتوراه | PC4: اخرى | PE4: المجموع | PH4: دبلوم تعليمي | PJ4: دبلوم عام | PL4: بكلوريوس عام | PN4: بكلوريوس تعليمي | PP4: دبلوم عالي | PR4: ماجستير | PT4: دكتوراه | PV4: اخرى | PX4: المجموع | QA4: دبلوم تعليمي | QC4: دبلوم عام | QE4: بكلوريوس عام | QG4: بكلوريوس تعليمي | QI4: دبلوم عالي | QK4: ماجستير | QM4: دكتوراه | QO4: اخرى | QQ4: المجموع | QT4: دبلوم تعليمي | QV4: دبلوم عام | QX4: بكلوريوس عام | QZ4: بكلوريوس تعليمي | RB4: دبلوم عالي | RD4: ماجستير | RF4: دكتوراه | RH4: اخرى | RJ4: المجموع | RM4: دبلوم تعليمي | RO4: دبلوم عام | RQ4: بكلوريوس عام | RS4: بكلوريوس تعليمي | RU4: دبلوم عالي | RW4: ماجستير | RY4: دكتوراه | SA4: اخرى | SC4: المجموع | SF4: دبلوم تعليمي | SH4: دبلوم عام | SJ4: بكلوريوس عام | SL4: بكلوريوس تعليمي | SN4: دبلوم عالي | SP4: ماجستير | SR4: دكتوراه | ST4: اخرى | SV4: المجموع | SY4: دبلوم تعليمي | TA4: دبلوم عام | TC4: بكلوريوس عام | TE4: بكلوريوس تعليمي | TG4: دبلوم عالي | TI4: ماجستير | TK4: دكتوراه | TM4: اخرى | TO4: المجموع | TR4: دبلوم تعليمي | TT4: دبلوم عام | TV4: بكلوريوس عام | TX4: بكلوريوس تعليمي | TZ4: دبلوم عالي | UB4: ماجستير | UD4: دكتوراه | UF4: اخرى | UH4: المجموع | UK4: دبلوم تعليمي | UM4: دبلوم عام | UO4: بكلوريوس عام | UQ4: بكلوريوس تعليمي | US4: دبلوم عالي | UU4: ماجستير | UW4: دكتوراه | UY4: اخرى | VA4: المجموع | VD4: دبلوم تعليمي | VF4: دبلوم عام | VH4: بكلوريوس عام | VJ4: بكلوريوس تعليمي | VL4: دبلوم عالي | VN4: ماجستير | VP4: دكتوراه | VR4: اخرى | VT4: المجموع | VW4: دبلوم تعليمي | VY4: دبلوم عام | WA4: بكلوريوس عام | WC4: بكلوريوس تعليمي | WE4: دبلوم عالي | WG4: ماجستير | WI4: دكتوراه | WK4: اخرى | WM4: المجموع | WP4: دبلوم تعليمي | WR4: دبلوم عام | WT4: بكلوريوس عام | WV4: بكلوريوس تعليمي | WX4: دبلوم عالي | WZ4: ماجستير | XB4: دكتوراه | XD4: اخرى | XF4: المجموع | XI4: دبلوم تعليمي | XK4: دبلوم عام | XM4: بكلوريوس عام | XO4: بكلوريوس تعليمي | XQ4: دبلوم عالي | XS4: ماجستير | XU4: دكتوراه | XW4: اخرى | XY4: المجموع | YB4: دبلوم تعليمي | YD4: دبلوم عام | YF4: بكلوريوس عام | YH4: بكلوريوس تعليمي | YJ4: دبلوم عالي | YL4: ماجستير | YN4: دكتوراه | YP4: اخرى | YR4: المجموع | YU4: دبلوم تعليمي | YW4: دبلوم عام | YY4: بكلوريوس عام | ZA4: بكلوريوس تعليمي | ZC4: دبلوم عالي | ZE4: ماجستير | ZG4: دكتوراه | ZI4: اخرى | ZK4: المجموع | ZN4: دبلوم تعليمي | ZP4: دبلوم عام | ZR4: بكلوريوس عام | ZT4: بكلوريوس تعليمي | ZV4: دبلوم عالي | ZX4: ماجستير | ZZ4: دكتوراه | AAB4: اخرى | AAD4: المجموع | AAG4: دبلوم تعليمي | AAI4: دبلوم عام | AAK4: بكلوريوس عام | AAM4: بكلوريوس تعليمي | AAO4: دبلوم عالي | AAQ4: ماجستير | AAS4: دكتوراه | AAU4: اخرى | AAW4: المجموع | AAZ4: دبلوم تعليمي | ABB4: دبلوم عام | ABD4: بكلوريوس عام | ABF4: بكلوريوس تعليمي | ABH4: دبلوم عالي | ABJ4: ماجستير | ABL4: دكتوراه | ABN4: اخرى | ABP4: المجموع | ABS4: دبلوم تعليمي | ABU4: دبلوم عام | ABW4: بكلوريوس عام | ABY4: بكلوريوس تعليمي | ACA4: دبلوم عالي | ACC4: ماجستير | ACE4: دكتوراه | ACG4: اخرى | ACI4: المجموع | ACL4: دبلوم تعليمي | ACN4: دبلوم عام | ACP4: بكلوريوس عام | ACR4: بكلوريوس تعليمي | ACT4: دبلوم عالي | ACV4: ماجستير | ACX4: دكتوراه | ACZ4: اخرى | ADB4: المجموع | ADE4: دبلوم تعليمي | ADG4: دبلوم عام | ADI4: بكلوريوس عام | ADK4: بكلوريوس تعليمي | ADM4: دبلوم عالي | ADO4: ماجستير | ADQ4: دكتوراه | ADS4: اخرى | ADU4: المجموع | ADX4: دبلوم تعليمي | ADZ4: دبلوم عام | AEB4: بكلوريوس عام | AED4: بكلوريوس تعليمي | AEF4: دبلوم عالي | AEH4: ماجستير | AEJ4: دكتوراه | AEL4: اخرى | AEN4: المجموع | AEQ4: دبلوم تعليمي | AES4: دبلوم عام | AEU4: بكلوريوس عام | AEW4: بكلوريوس تعليمي | AEY4: دبلوم عالي | AFA4: ماجستير | AFC4: دكتوراه | AFE4: اخرى | AFG4: المجموع | AFJ4: دبلوم تعليمي | AFL4: دبلوم عام | AFN4: بكلوريوس عام | AFP4: بكلوريوس تعليمي | AFR4: دبلوم عالي | AFT4: ماجستير | AFV4: دكتوراه | AFX4: اخرى | AFZ4: المجموع | AGC4: دبلوم تعليمي | AGE4: دبلوم عام | AGG4: بكلوريوس عام | AGI4: بكلوريوس تعليمي | AGK4: دبلوم عالي | AGM4: ماجستير | AGO4: دكتوراه | AGQ4: اخرى | AGS4: المجموع | AGV4: دبلوم تعليمي | AGX4: دبلوم عام | AGZ4: بكلوريوس عام | AHB4: بكلوريوس تعليمي | AHD4: دبلوم عالي | AHF4: ماجستير | AHH4: دكتوراه | AHJ4: اخرى | AHL4: المجموع | AHO4: دبلوم تعليمي | AHQ4: دبلوم عام | AHS4: بكلوريوس عام | AHU4: بكلوريوس تعليمي | AHW4: دبلوم عالي | AHY4: ماجستير | AIA4: دكتوراه | AIC4: اخرى | AIE4: المجموع | AIH4: دبلوم تعليمي | AIJ4: دبلوم عام | AIL4: بكلوريوس عام | AIN4: بكلوريوس تعليمي | AIP4: دبلوم عالي | AIR4: ماجستير | AIT4: دكتوراه | AIV4: اخرى | AIX4: المجموع | AJA4: دبلوم تعليمي | AJC4: دبلوم عام | AJE4: بكلوريوس تعليمي | AJG4: بكلوريوس عام | AJI4: دبلوم عالي | AJK4: ماجستير | AJM4: دكتوراه | AJO4: اخرى | AJQ4: المجموع | AJT4: 5سنوات فاقل | AJV4: 6ــ 10 | AJX4: 11ــ15 | AJZ4: 16فاكثر | AKB4: المجموع الكلي | AKE4: 30فاقل | AKG4: 30ــ 39 | AKI4: 40ــ49 | AKK4: 50ــ 59 | AKM4: 60فأكثر | AKO4: المجموع الكلي | AKR4: اعزب | AKT4: متزوج | AKV4: ارمل | AKX4: مطلق | AKZ4: المجموع | ALE4: نوع البتاء | ALH4: البناية | ALJ4: هل توجد مساحة للتوسعة | ALL4: عدد الطوابق | ALO4: هل المدرسة بحاجة الى صفوف | ALR4: عدد الصفوف في البناية | ALU4: حجم المعهد | ALZ4: مادة البناء | ANM4: العائدية | ANP4: عدد المدارس التي تشغلها | ANS4: الحالة العمرانية | AOZ4: هل يوجد مختبر | APB4: العلوم مستقل | APD4: الفيزياء مستقل | APF4: الكيمياء مستقل | APH4: الاحياء مستقل | APJ4: مجمع المختبرات | APL4: لغة مستقل | APN4: حاسوب مستقل
A5: القضاء | B5: الناحية | C5: ت | D5: الرقم الاحصائي | E5: اسم المعهد | F5: بنون | G5: بنات | H5: مختلط | I5: حضر | J5: ريف | K5: صباحا | L5: ظهرا | M5: صباحا وظهرا | N5: مساءا | O5: اصلية | P5: ضيف | Q5: غير مزدوجة | R5: مع نفسها | S5: مع اخرى | T5: مع نفسها ومع اخرى | U5: بنون | V5: بنات | W5: مختلط | X5: بنون | Y5: بنات | Z5: بنون | AA5: بنات | AB5: بنون | AC5: بنات | AD5: بنون | AE5: بنات | AF5: بنون | AG5: بنات | AH5: بنون | AI5: بنات | AJ5: بنون | AK5: بنات | AL5: بنون | AM5: بنات | AN5: بنون | AO5: بنات | AP5: بنون | AQ5: بنات | AR5: المجموع | AS5: بنون | AT5: بنات | AU5: بنون | AV5: بنات | AW5: بنون | AX5: بنات | AY5: بنون | AZ5: بنات | BA5: بنون | BB5: بنات | BC5: بنون | BD5: بنات | BE5: بنون | BF5: بنات | BG5: بنون | BH5: بنات | BI5: بنون | BJ5: بنات | BK5: بنون | BL5: بنات | BM5: المجموع | BN5: بنون | BO5: بنات | BP5: بنون | BQ5: بنات | BR5: بنون | BS5: بنات | BT5: بنون | BU5: بنات | BV5: بنون | BW5: بنات | BX5: بنون | BY5: بنات | BZ5: بنون | CA5: بنات | CB5: بنون | CC5: بنات | CD5: بنون | CE5: بنات | CF5: المجموع | CG5: بنون | CH5: بنات | CI5: بنون | CJ5: بنات | CK5: بنون | CL5: بنات | CM5: بنون | CN5: بنات | CO5: بنون | CP5: بنات | CQ5: بنون | CR5: بنات | CS5: بنون | CT5: بنات | CU5: بنون | CV5: بنات | CW5: المجموع | CX5: بنون | CY5: بنات | CZ5: بنون | DA5: بنات | DB5: بنون | DC5: بنات | DD5: بنون | DE5: بنات | DF5: بنون | DG5: بنات | DH5: بنون | DI5: بنات | DJ5: بنون | DK5: بنات | DL5: المجموع | DM5: بنون | DN5: بنات | DO5: بنون | DP5: بنات | DQ5: بنون | DR5: بنات | DS5: بنون | DT5: بنات | DU5: بنون | DV5: بنات | DW5: بنون | DX5: بنات | DY5: المجموع | DZ5: بنون | EA5: بنات | EB5: بنون | EC5: بنات | ED5: بنون | EE5: بنات | EF5: بنون | EG5: بنات | EH5: بنون | EI5: بنات | EJ5: بنون | EK5: بنات | EL5: بنون | EM5: بنات | EN5: بنون | EO5: بنات | EP5: بنون | EQ5: بنات | ER5: بنون | ES5: بنات | ET5: المجموع | EU5: بنون | EV5: بنات | EW5: بنون | EX5: بنات | EY5: بنون | EZ5: بنات | FA5: بنون | FB5: بنات | FC5: بنون | FD5: بنات | FE5: بنون | FF5: بنات | FG5: بنون | FH5: بنات | FI5: المجموع | FJ5: بنون | FK5: بنات | FL5: مختلطة | FM5: بنون | FN5: بنات | FO5: مختلطة | FP5: بنون | FQ5: بنات | FR5: مختلطة | FS5: بنون | FT5: بنات | FU5: مختلطة | FV5: بنون | FW5: بنات | FX5: مختلطة | FY5: بنون | FZ5: بنات | GA5: مختلطة | GB5: المجموع | GC5: بنون | GD5: بنات | GE5: بنون | GF5: بنات | GG5: بنون | GH5: بنات | GI5: بنون | GJ5: بنات | GK5: بنون | GL5: بنات | GM5: بنون | GN5: بنات | GO5: المجموع | GP5: بنون | GQ5: بنات | GR5: بنون | GS5: بنات | GT5: بنون | GU5: بنات | GV5: بنون | GW5: بنات | GX5: بنون | GY5: بنات | GZ5: بنون | HA5: بنات | HB5: المجموع | HC5: بنون | HD5: بنات | HE5: بنون | HF5: بنات | HG5: بنون | HH5: بنات | HI5: بنون | HJ5: بنات | HK5: بنون | HL5: بنات | HM5: بنون | HN5: بنات | HO5: المجموع | HP5: بنون | HQ5: بنات | HR5: بنون | HS5: بنات | HT5: بنون | HU5: بنات | HV5: بنون | HW5: بنات | HX5: بنون | HY5: بنات | HZ5: بنون | IA5: بنات | IB5: المجموع | IC5: بنون | ID5: بنات | IE5: بنون | IF5: بنات | IG5: بنون | IH5: بنات | II5: بنون | IJ5: بنات | IK5: بنون | IL5: بنات | IM5: بنون | IN5: بنات | IO5: المجموع | IP5: بنون | IQ5: بنات | IR5: بنون | IS5: بنات | IT5: بنون | IU5: بنات | IV5: بنون | IW5: بنات | IX5: بنون | IY5: بنات | IZ5: بنون | JA5: بنات | JB5: المجموع | JC5: ذكور | JD5: اناث | JE5: ذكور | JF5: اناث | JG5: ذكور | JH5: اناث | JI5: ذكور | JJ5: اناث | JK5: ذكور | JL5: اناث | JM5: ذكور | JN5: اناث | JO5: المجموع | JP5: ذكور | JQ5: اناث | JR5: ذكور | JS5: اناث | JT5: ذكور | JU5: اناث | JV5: ذكور | JW5: اناث | JX5: ذكور | JY5: اناث | JZ5: ذكور | KA5: اناث | KB5: ذكور | KC5: اناث | KD5: ذكور | KE5: اناث | KF5: ذكور | KG5: اناث | KH5: ذكور | KI5: اناث | KJ5: ذكور | KK5: اناث | KL5: المجموع | KM5: ذكور | KN5: اناث | KO5: ذكور | KP5: اناث | KQ5: ذكور | KR5: اناث | KS5: ذكور | KT5: اناث | KU5: المجموع | KV5: ذكور | KW5: اناث | KX5: ذكور | KY5: اناث | KZ5: ذكور | LA5: اناث | LB5: ذكور | LC5: اناث | LD5: ذكور | LE5: اناث | LF5: ذكور | LG5: اناث | LH5: ذكور | LI5: اناث | LJ5: ذكور | LK5: اناث | LL5: ذكور | LM5: اناث | LN5: ذكور | LO5: اناث | LP5: المجموع | LQ5: ذكور | LR5: اناث | LS5: ذكور | LT5: اناث | LU5: ذكور | LV5: اناث | LW5: ذكور | LX5: اناث | LY5: ذكور | LZ5: اناث | MA5: ذكور | MB5: اناث | MC5: ذكور | MD5: اناث | ME5: ذكور | MF5: اناث | MG5: ذكور | MH5: اناث | MI5: المجموع | MJ5: ذكور | MK5: اناث | ML5: ذكور | MM5: اناث | MN5: ذكور | MO5: اناث | MP5: ذكور | MQ5: اناث | MR5: ذكور | MS5: اناث | MT5: ذكور | MU5: اناث | MV5: ذكور | MW5: اناث | MX5: ذكور | MY5: اناث | MZ5: ذكور | NA5: اناث | NB5: المجموع | NC5: ذكور | ND5: اناث | NE5: ذكور | NF5: اناث | NG5: ذكور | NH5: اناث | NI5: ذكور | NJ5: اناث | NK5: ذكور | NL5: اناث | NM5: ذكور | NN5: اناث | NO5: ذكور | NP5: اناث | NQ5: ذكور | NR5: اناث | NS5: ذكور | NT5: اناث | NU5: المجموع | NV5: ذكور | NW5: اناث | NX5: ذكور | NY5: اناث | NZ5: ذكور | OA5: اناث | OB5: ذكور | OC5: اناث | OD5: ذكور | OE5: اناث | OF5: ذكور | OG5: اناث | OH5: ذكور | OI5: اناث | OJ5: ذكور | OK5: اناث | OL5: ذكور | OM5: اناث | ON5: المجموع | OO5: ذكور | OP5: اناث | OQ5: ذكور | OR5: اناث | OS5: ذكور | OT5: اناث | OU5: ذكور | OV5: اناث | OW5: ذكور | OX5: اناث | OY5: ذكور | OZ5: اناث | PA5: ذكور | PB5: اناث | PC5: ذكور | PD5: اناث | PE5: ذكور | PF5: اناث | PG5: المجموع | PH5: ذكور | PI5: اناث | PJ5: ذكور | PK5: اناث | PL5: ذكور | PM5: اناث | PN5: ذكور | PO5: اناث | PP5: ذكور | PQ5: اناث | PR5: ذكور | PS5: اناث | PT5: ذكور | PU5: اناث | PV5: ذكور | PW5: اناث | PX5: ذكور | PY5: اناث | PZ5: المجموع | QA5: ذكور | QB5: اناث | QC5: ذكور | QD5: اناث | QE5: ذكور | QF5: اناث | QG5: ذكور | QH5: اناث | QI5: ذكور | QJ5: اناث | QK5: ذكور | QL5: اناث | QM5: ذكور | QN5: اناث | QO5: ذكور | QP5: اناث | QQ5: ذكور | QR5: اناث | QS5: المجموع | QT5: ذكور | QU5: اناث | QV5: ذكور | QW5: اناث | QX5: ذكور | QY5: اناث | QZ5: ذكور | RA5: اناث | RB5: ذكور | RC5: اناث | RD5: ذكور | RE5: اناث | RF5: ذكور | RG5: اناث | RH5: ذكور | RI5: اناث | RJ5: ذكور | RK5: اناث | RL5: المجموع | RM5: ذكور | RN5: اناث | RO5: ذكور | RP5: اناث | RQ5: ذكور | RR5: اناث | RS5: ذكور | RT5: اناث | RU5: ذكور | RV5: اناث | RW5: ذكور | RX5: اناث | RY5: ذكور | RZ5: اناث | SA5: ذكور | SB5: اناث | SC5: ذكور | SD5: اناث | SE5: المجموع | SF5: ذكور | SG5: اناث | SH5: ذكور | SI5: اناث | SJ5: ذكور | SK5: اناث | SL5: ذكور | SM5: اناث | SN5: ذكور | SO5: اناث | SP5: ذكور | SQ5: اناث | SR5: ذكور | SS5: اناث | ST5: ذكور | SU5: اناث | SV5: ذكور | SW5: اناث | SX5: المجموع | SY5: ذكور | SZ5: اناث | TA5: ذكور | TB5: اناث | TC5: ذكور | TD5: اناث | TE5: ذكور | TF5: اناث | TG5: ذكور | TH5: اناث | TI5: ذكور | TJ5: اناث | TK5: ذكور | TL5: اناث | TM5: ذكور | TN5: اناث | TO5: ذكور | TP5: اناث | TQ5: المجموع | TR5: ذكور | TS5: اناث | TT5: ذكور | TU5: اناث | TV5: ذكور | TW5: اناث | TX5: ذكور | TY5: اناث | TZ5: ذكور | UA5: اناث | UB5: ذكور | UC5: اناث | UD5: ذكور | UE5: اناث | UF5: ذكور | UG5: اناث | UH5: ذكور | UI5: اناث | UJ5: المجموع | UK5: ذكور | UL5: اناث | UM5: ذكور | UN5: اناث | UO5: ذكور | UP5: اناث | UQ5: ذكور | UR5: اناث | US5: ذكور | UT5: اناث | UU5: ذكور | UV5: اناث | UW5: ذكور | UX5: اناث | UY5: ذكور | UZ5: اناث | VA5: ذكور | VB5: اناث | VC5: المجموع | VD5: ذكور | VE5: اناث | VF5: ذكور | VG5: اناث | VH5: ذكور | VI5: اناث | VJ5: ذكور | VK5: اناث | VL5: ذكور | VM5: اناث | VN5: ذكور | VO5: اناث | VP5: ذكور | VQ5: اناث | VR5: ذكور | VS5: اناث | VT5: ذكور | VU5: اناث | VV5: المجموع | VW5: ذكور | VX5: اناث | VY5: ذكور | VZ5: اناث | WA5: ذكور | WB5: اناث | WC5: ذكور | WD5: اناث | WE5: ذكور | WF5: اناث | WG5: ذكور | WH5: اناث | WI5: ذكور | WJ5: اناث | WK5: ذكور | WL5: اناث | WM5: ذكور | WN5: اناث | WO5: المجموع | WP5: ذكور | WQ5: اناث | WR5: ذكور | WS5: اناث | WT5: ذكور | WU5: اناث | WV5: ذكور | WW5: اناث | WX5: ذكور | WY5: اناث | WZ5: ذكور | XA5: اناث | XB5: ذكور | XC5: اناث | XD5: ذكور | XE5: اناث | XF5: ذكور | XG5: اناث | XH5: المجموع | XI5: ذكور | XJ5: اناث | XK5: ذكور | XL5: اناث | XM5: ذكور | XN5: اناث | XO5: ذكور | XP5: اناث | XQ5: ذكور | XR5: اناث | XS5: ذكور | XT5: اناث | XU5: ذكور | XV5: اناث | XW5: ذكور | XX5: اناث | XY5: ذكور | XZ5: اناث | YA5: المجموع | YB5: ذكور | YC5: اناث | YD5: ذكور | YE5: اناث | YF5: ذكور | YG5: اناث | YH5: ذكور | YI5: اناث | YJ5: ذكور | YK5: اناث | YL5: ذكور | YM5: اناث | YN5: ذكور | YO5: اناث | YP5: ذكور | YQ5: اناث | YR5: ذكور | YS5: اناث | YT5: المجموع | YU5: ذكور | YV5: اناث | YW5: ذكور | YX5: اناث | YY5: ذكور | YZ5: اناث | ZA5: ذكور | ZB5: اناث | ZC5: ذكور | ZD5: اناث | ZE5: ذكور | ZF5: اناث | ZG5: ذكور | ZH5: اناث | ZI5: ذكور | ZJ5: اناث | ZK5: ذكور | ZL5: اناث | ZM5: المجموع | ZN5: ذكور | ZO5: اناث | ZP5: ذكور | ZQ5: اناث | ZR5: ذكور | ZS5: اناث | ZT5: ذكور | ZU5: اناث | ZV5: ذكور | ZW5: اناث | ZX5: ذكور | ZY5: اناث | ZZ5: ذكور | AAA5: اناث | AAB5: ذكور | AAC5: اناث | AAD5: ذكور | AAE5: اناث | AAF5: المجموع | AAG5: ذكور | AAH5: اناث | AAI5: ذكور | AAJ5: اناث | AAK5: ذكور | AAL5: اناث | AAM5: ذكور | AAN5: اناث | AAO5: ذكور | AAP5: اناث | AAQ5: ذكور | AAR5: اناث | AAS5: ذكور | AAT5: اناث | AAU5: ذكور | AAV5: اناث | AAW5: ذكور | AAX5: اناث | AAY5: المجموع | AAZ5: ذكور | ABA5: اناث | ABB5: ذكور | ABC5: اناث | ABD5: ذكور | ABE5: اناث | ABF5: ذكور | ABG5: اناث | ABH5: ذكور | ABI5: اناث | ABJ5: ذكور | ABK5: اناث | ABL5: ذكور | ABM5: اناث | ABN5: ذكور | ABO5: اناث | ABP5: ذكور | ABQ5: اناث | ABR5: المجموع | ABS5: ذكور | ABT5: اناث | ABU5: ذكور | ABV5: اناث | ABW5: ذكور | ABX5: اناث | ABY5: ذكور | ABZ5: اناث | ACA5: ذكور | ACB5: اناث | ACC5: ذكور | ACD5: اناث | ACE5: ذكور | ACF5: اناث | ACG5: ذكور | ACH5: اناث | ACI5: ذكور | ACJ5: اناث | ACK5: المجموع | ACL5: ذكور | ACM5: اناث | ACN5: ذكور | ACO5: اناث | ACP5: ذكور | ACQ5: اناث | ACR5: ذكور | ACS5: اناث | ACT5: ذكور | ACU5: اناث | ACV5: ذكور | ACW5: اناث | ACX5: ذكور | ACY5: اناث | ACZ5: ذكور | ADA5: اناث | ADB5: ذكور | ADC5: اناث | ADD5: المجموع | ADE5: ذكور | ADF5: اناث | ADG5: ذكور | ADH5: اناث | ADI5: ذكور | ADJ5: اناث | ADK5: ذكور | ADL5: اناث | ADM5: ذكور | ADN5: اناث | ADO5: ذكور | ADP5: اناث | ADQ5: ذكور | ADR5: اناث | ADS5: ذكور | ADT5: اناث | ADU5: ذكور | ADV5: اناث | ADW5: المجموع | ADX5: ذكور | ADY5: اناث | ADZ5: ذكور | AEA5: اناث | AEB5: ذكور | AEC5: اناث | AED5: ذكور | AEE5: اناث | AEF5: ذكور | AEG5: اناث | AEH5: ذكور | AEI5: اناث | AEJ5: ذكور | AEK5: اناث | AEL5: ذكور | AEM5: اناث | AEN5: ذكور | AEO5: اناث | AEP5: المجموع | AEQ5: ذكور | AER5: اناث | AES5: ذكور | AET5: اناث | AEU5: ذكور | AEV5: اناث | AEW5: ذكور | AEX5: اناث | AEY5: ذكور | AEZ5: اناث | AFA5: ذكور | AFB5: اناث | AFC5: ذكور | AFD5: اناث | AFE5: ذكور | AFF5: اناث | AFG5: ذكور | AFH5: اناث | AFI5: المجموع | AFJ5: ذكور | AFK5: اناث | AFL5: ذكور | AFM5: اناث | AFN5: ذكور | AFO5: اناث | AFP5: ذكور | AFQ5: اناث | AFR5: ذكور | AFS5: اناث | AFT5: ذكور | AFU5: اناث | AFV5: ذكور | AFW5: اناث | AFX5: ذكور | AFY5: اناث | AFZ5: ذكور | AGA5: اناث | AGB5: المجموع | AGC5: ذكور | AGD5: اناث | AGE5: ذكور | AGF5: اناث | AGG5: ذكور | AGH5: اناث | AGI5: ذكور | AGJ5: اناث | AGK5: ذكور | AGL5: اناث | AGM5: ذكور | AGN5: اناث | AGO5: ذكور | AGP5: اناث | AGQ5: ذكور | AGR5: اناث | AGS5: ذكور | AGT5: اناث | AGU5: المجموع | AGV5: ذكور | AGW5: اناث | AGX5: ذكور | AGY5: اناث | AGZ5: ذكور | AHA5: اناث | AHB5: ذكور | AHC5: اناث | AHD5: ذكور | AHE5: اناث | AHF5: ذكور | AHG5: اناث | AHH5: ذكور | AHI5: اناث | AHJ5: ذكور | AHK5: اناث | AHL5: ذكور | AHM5: اناث | AHN5: المجموع | AHO5: ذكور | AHP5: اناث | AHQ5: ذكور | AHR5: اناث | AHS5: ذكور | AHT5: اناث | AHU5: ذكور | AHV5: اناث | AHW5: ذكور | AHX5: اناث | AHY5: ذكور | AHZ5: اناث | AIA5: ذكور | AIB5: اناث | AIC5: ذكور | AID5: اناث | AIE5: ذكور | AIF5: اناث | AIG5: المجموع | AIH5: ذكور | AII5: اناث | AIJ5: ذكور | AIK5: اناث | AIL5: ذكور | AIM5: اناث | AIN5: ذكور | AIO5: اناث | AIP5: ذكور | AIQ5: اناث | AIR5: ذكور | AIS5: اناث | AIT5: ذكور | AIU5: اناث | AIV5: ذكور | AIW5: اناث | AIX5: ذكور | AIY5: اناث | AIZ5: المجموع | AJA5: ذكور | AJB5: اناث | AJC5: ذكور | AJD5: اناث | AJE5: ذكور | AJF5: اناث | AJG5: ذكور | AJH5: اناث | AJI5: ذكور | AJJ5: اناث | AJK5: ذكور | AJL5: اناث | AJM5: ذكور | AJN5: اناث | AJO5: ذكور | AJP5: اناث | AJQ5: ذكور | AJR5: اناث | AJS5: المجموع | AJT5: ذكور | AJU5: اناث | AJV5: ذكور | AJW5: اناث | AJX5: ذكور | AJY5: اناث | AJZ5: ذكور | AKA5: اناث | AKB5: ذكور | AKC5: اناث | AKD5: المجموع | AKE5: ذكور | AKF5: اناث | AKG5: ذكور | AKH5: اناث | AKI5: ذكور | AKJ5: اناث | AKK5: ذكور | AKL5: اناث | AKM5: ذكور | AKN5: اناث | AKO5: ذكور | AKP5: اناث | AKQ5: المجموع | AKR5: ذكور | AKS5: اناث | AKT5: ذكور | AKU5: اناث | AKV5: ذكور | AKW5: اناث | AKX5: ذكور | AKY5: اناث | AKZ5: ذكور | ALA5: اناث | ALB5: المجموع الكلي | ALC5: ذكور | ALD5: اناث | ALE5: مدرسي | ALF5: غير مدرسي | ALG5: سنة البناء | ALH5: رقم القطعة | ALI5: رقم المقاطعة | ALJ5: نعم | ALK5: كلا | ALL5: طابق واحد | ALM5: طابقين | ALN5: ثلاث طوابق | ALO5: نعم | ALP5: كلا | ALQ5: عدد الصفوف الاضافية | ALR5: عدد الصفوف | ALS5: عدد الغرف في البناية | ALT5: المجموع | ALU5: 6صف | ALV5: 9صف | ALW5: 12صف | ALX5: 18صف | ALY5: 24صف | ALZ5: طابوق او حجر او بلوك | AMA5: طين او صريفة | AMB5: هياكل حديدية | AMC5: بناء جاهز | AMD5: كرفان | AME5: اخرى | AMF5: نعم | AMG5: كلا | AMH5: صالحة | AMI5: غيرصالحة | AMJ5: كافية | AMK5: غيركافية | AML5: نعم | AMM5: كلا | AMN5: شبكة المجاري | AMO5: خزانات | AMP5: نعم | AMQ5: كلا | AMR5: بلدية | AMS5: بئر عميق | AMT5: نهر | AMU5: صهاريج | AMV5: اخرى | AMW5: نعم | AMX5: كلا | AMY5: جيد | AMZ5: متصدع | ANA5: غير امن | ANB5: نعم | ANC5: كلا | AND5: كرة قدم | ANE5: كرة سلة | ANF5: كرة طائرة | ANG5: ساحة رياضية | ANH5: اخرى | ANI5: نعم | ANJ5: كلا | ANK5: نعم | ANL5: كلا | ANM5: حكومية تابعة لوزارة التربية | ANN5: حكومية تابعة لجهات اخرى | ANO5: مستأجرة | ANP5: مدرسة واحدة | ANQ5: مدرستان | ANR5: ثلاث مدارس | ANS5: صالحة | ANT5: بحاجة الى ترميم | ANU5: غير صالحة | ANV5: الارشاد التربوي | ANW5: تدريس الحاسوب | ANX5: تدريس اللغات الاجنبية والمحلية | ANY5: التغذية المدرسية | ANZ5: صالح | AOA5: غير صالح | AOB5: صالح | AOC5: غير صالح | AOD5: صالح | AOE5: غير صالح | AOF5: صالحة | AOG5: غير صالحة | AOH5: صالحة | AOI5: غير صالحة | AOJ5: صالحة | AOK5: غير صالحة | AOL5: نعم | AOM5: كلا | AON5: مدير | AOO5: معاون | AOP5: مدرس او معلم | AOQ5: امين مكتبة | AOR5: كاتب | AOS5: قاعة | AOT5: غرفة | AOU5: خزانة | AOV5: رفوف عارضة | AOW5: الكتب | AOX5: المجلات والقصص | AOZ5: نعم | APA5: كلا | APB5: نعم | APC5: كلا | APD5: نعم | APE5: كلا | APF5: نعم | APG5: كلا | APH5: نعم | API5: كلا | APJ5: نعم | APK5: كلا | APL5: نعم | APM5: كلا | APN5: نعم | APO5: كلا | APP5: اسم المدير | APQ5: رقم الموبايل
A6: النجف | B6: المركز | C6: 1 | D6: 1500953 | E6: معهد الفنون الجميلة للبنين | F6: 1 | I6: 1 | K6: 1 | O6: 1 | Q6: 1 | X6: 1 | Z6: 47 | AB6: 45 | AD6: 13 | AF6: 5 | AH6: 4 | AP6: =AN6+AL6+AJ6+AH6+AF6+AD6+AB6+Z6+X6 -> 115 | AQ6: =AO6+AM6+AK6+AI6+AG6+AE6+AC6+AA6+Y6 -> 0 | AR6: =AQ6+AP6 -> 115 | AS6: 1 | AU6: 47 | AW6: 45 | AY6: 13 | BA6: 5 | BC6: 4 | BK6: =BI6+BG6+BE6+BC6+BA6+AY6+AW6+AU6+AS6 -> 115 | BL6: =BJ6+BH6+BF6+BD6+BB6+AZ6+AX6+AV6+AT6 -> 0 | BM6: =BL6+BK6 -> 115 | BN6: 1 | BP6: 55 | BR6: 41 | BT6: 4 | CD6: =CB6+BZ6+BX6+BV6+BT6+BR6+BP6+BN6 -> 101 | CE6: =CC6+CA6+BY6+BW6+BU6+BS6+BQ6+BO6 -> 0 | CF6: =CE6+CD6 -> 101 | CG6: 4 | CI6: 20 | CK6: 31 | CM6: 22 | CO6: 6 | CQ6: 5 | CS6: 2 | CU6: =CS6+CQ6+CO6+CM6+CK6+CI6+CG6 -> 90 | CV6: =CT6+CR6+CP6+CN6+CL6+CJ6+CH6 -> 0 | CW6: =CV6+CU6 -> 90 | CX6: 3 | CZ6: 15 | DB6: 23 | DD6: 12 | DF6: 14 | DH6: 8 | DJ6: =DH6+DF6+DD6+DB6+CZ6+CX6 -> 75 | DK6: =DI6+DG6+DE6+DC6+DA6+CY6 -> 0 | DL6: =DK6+DJ6 -> 75 | DM6: 2 | DO6: 14 | DQ6: 16 | DS6: 22 | DU6: 15 | DW6: =DU6+DS6+DQ6+DO6+DM6 -> 69 | DX6: =DV6+DT6+DR6+DP6+DN6 -> 0 | DY6: =DX6+DW6 -> 69 | DZ6: =AS6 -> 1 | EA6: =AT6 -> 0 | EB6: =BN6+AU6 -> 48 | EC6: =BO6+AV6 -> 0 | ED6: =CG6+BP6+AW6 -> 104 | EE6: =CH6+BQ6+AX6 -> 0 | EF6: =CX6+CI6+BR6+AY6 -> 77 | EG6: =CY6+CJ6+BS6+AZ6 -> 0 | EH6: =DM6+CZ6+CK6+BT6+BA6 -> 57 | EI6: =DN6+DA6+CL6+BU6+BB6+AG6 -> 0 | EJ6: =DO6+DB6+CM6+BV6+BC6 -> 63 | EK6: =DP6+DC6+CN6+BW6+BD6 -> 0 | EL6: =DQ6+DD6+CO6+BX6+BE6 -> 34 | EM6: =DR6+DE6+CP6+BY6+BF6 -> 0 | EN6: =DS6+DF6+CQ6+BZ6+BG6 -> 41 | EO6: =DT6+DG6+CR6+CA6+BH6 -> 0 | EP6: =DU6+DH6+CS6+CB6+BI6 -> 25 | EQ6: =DV6+DI6+CT6+CC6+BJ6 -> 0 | ER6: =EP6+EN6+EL6+EJ6+EH6+EF6+ED6+EB6+DZ6 -> 450 | ES6: =EQ6+EO6+EM6+EK6+EI6+EG6+EE6+EC6+EA6 -> 0 | ET6: =ES6+ER6 -> 450 | EW6: 87 | EY6: 101 | FA6: 149 | FC6: 113 | FG6: =FC6+FA6+EY6+EW6+EU6+FE6 -> 450 | FH6: =FD6+FB6+EZ6+EX6+EV6+FF6 -> 0 | FI6: =FH6+FG6 -> 450 | FJ6: 4 | FM6: 4 | FP6: 5 | FS6: 5 | FV6: 5 | FY6: =FV6+FS6+FP6+FM6+FJ6 -> 23 | FZ6: =FW6+FT6+FQ6+FN6+FK6 -> 0 | GA6: =FX6+FU6+FR6+FO6+FL6 -> 0 | GB6: =GA6+FZ6+FY6 -> 23 | GM6: =GK6+GI6+GG6+GE6+GC6 -> 0 | GN6: =GL6+GJ6+GH6+GF6+GD6 -> 0 | GO6: =GN6+GM6 -> 0 | GZ6: =GX6+GV6+GT6+GR6+GP6 -> 0 | HA6: =GY6+GW6+GU6+GS6+GQ6 -> 0 | HB6: =HA6+GZ6 -> 0 | HC6: 99 | HE6: 86 | HG6: 72 | HI6: 69 | HK6: 109 | HM6: =HK6+HI6+HG6+HE6+HC6 -> 435 | HN6: =HL6+HJ6+HH6+HF6+HD6 -> 0 | HO6: =HN6+HM6 -> 435 | HR6: 4 | HT6: 7 | HV6: 5 | HZ6: =HX6+HV6+HT6+HR6+HP6 -> 16 | IA6: =HY6+HW6+HU6+HS6+HQ6 -> 0 | IB6: =IA6+HZ6 -> 16 | IC6: 1 | II6: 1 | IM6: =IK6+II6+IG6+IE6+IC6 -> 2 | IN6: =IL6+IJ6+IH6+IF6+ID6 -> 0 | IO6: =IN6+IM6 -> 2 | IZ6: =IX6+IV6+IT6+IR6+IP6 -> 0 | JA6: =IY6+IW6+IU6+IS6+IQ6 -> 0 | JB6: =JA6+IZ6 -> 0 | JC6: 1 | JE6: 3 | JG6: 29 | JH6: 5 | JI6: 10 | JK6: 2 | JM6: =JK6+JI6+JG6+JE6+JC6 -> 45 | JN6: =JL6+JJ6+JH6+JF6+JD6 -> 5 | JO6: =JN6+JM6 -> 50 | JU6: 1 | JY6: 1 | JZ6: 4 | KB6: 1 | KJ6: =KH6+KD6+KB6+JZ6+JX6+JV6+JT6+JP6+JR6+KF6 -> 5 | KK6: =KI6+KE6+KC6+KA6+JY6+JW6+JU6+JQ6+JS6+KG6 -> 2 | KL6: =KK6+KJ6 -> 7 | KM6: 45 | KN6: 5 | KS6: =KQ6+KO6+KM6 -> 45 | KT6: =KR6+KP6+KN6 -> 5 | KU6: =KT6+KS6 -> 50 | KV6: 41 | KW6: 4 | KZ6: 2 | LG6: 1 | LL6: 2 | LN6: =LL6+KV6+LJ6+LH6+LF6+LD6+LB6+KZ6+KX6 -> 45 | LO6: =LM6+KW6+LK6+LI6+LG6+LE6+LC6+LA6+KY6 -> 5 | LP6: =LO6+LN6 -> 50 | LX6: 1 | MA6: 1 | MD6: 2 | MG6: =ME6+MC6+MA6+LY6+LW6+LU6+LS6+LQ6 -> 1 | MH6: =MF6+MD6+MB6+LZ6+LX6+LV6+LT6+LR6 -> 3 | MI6: =MH6+MG6 -> 4 | MP6: 1 | MT6: 2 | MU6: 1 | MV6: 1 | MZ6: =MX6+MV6+MT6+MR6+MP6+MN6+ML6+MJ6 -> 4 | NA6: =MY6+MW6+MU6+MS6+MQ6+MO6+MM6+MK6 -> 1 | NB6: =NA6+MZ6 -> 5 | NG6: 1 | NI6: 1 | NJ6: 1 | NM6: 1 | NS6: =NQ6+NO6+NM6+NK6+NI6+NG6+NE6+NC6 -> 3 | NT6: =NR6+NP6+NN6+NL6+NJ6+NH6+NF6+ND6 -> 1 | NU6: =NT6+NS6 -> 4 | OL6: =OJ6+OH6+OF6+OD6+OB6+NZ6+NX6+NV6 -> 0 | OM6: =OK6+OI6+OG6+OE6+OC6+OA6+NY6+NW6 -> 0 | ON6: =OM6+OL6 -> 0 | PE6: =PC6+PA6+OY6+OW6+OU6+OS6+OQ6+OO6 -> 0 | PF6: =PD6+PB6+OZ6+OX6+OV6+OT6+OR6+OP6 -> 0 | PG6: =PF6+PE6 -> 0 | PX6: =PV6+PT6+PR6+PP6+PN6+PL6+PJ6+PH6 -> 0 | PY6: =PW6+PU6+PS6+PQ6+PO6+PM6+PK6+PI6 -> 0 | PZ6: =PY6+PX6 -> 0 | QQ6: =QO6+QM6+QK6+QI6+QG6+QE6+QC6+QA6 -> 0 | QR6: =QP6+QN6+QL6+QJ6+QH6+QF6+QD6+QB6 -> 0 | QS6: =QR6+QQ6 -> 0 | RJ6: =RH6+RF6+RD6+RB6+QZ6+QX6+QV6+QT6 -> 0 | RK6: =RI6+RG6+RE6+RC6+RA6+QY6+QW6+QU6 -> 0 | RL6: =RK6+RJ6 -> 0 | SC6: =SA6+RY6+RW6+RU6+RS6+RQ6+RO6+RM6 -> 0 | SD6: =SB6+RZ6+RX6+RV6+RT6+RR6+RP6+RN6 -> 0 | SE6: =SD6+SC6 -> 0 | SV6: =ST6+SR6+SP6+SN6+SL6+SJ6+SH6+SF6 -> 0 | SW6: =SU6+SS6+SQ6+SO6+SM6+SK6+SI6+SG6 -> 0 | SX6: =SW6+SV6 -> 0 | TO6: =TM6+TK6+TI6+TG6+TE6+TC6+TA6+SY6 -> 0 | TP6: =TN6+TL6+TJ6+TH6+TF6+TD6+TB6+SZ6 -> 0 | TQ6: =TP6+TO6 -> 0 | UH6: =UF6+UD6+UB6+TZ6+TX6+TV6+TT6+TR6 -> 0 | UI6: =UG6+UE6+UC6+UA6+TY6+TW6+TU6+TS6 -> 0 | UJ6: =UI6+UH6 -> 0 | VA6: =UY6+UW6+UU6+US6+UQ6+UO6+UM6+UK6 -> 0 | VB6: =UZ6+UX6+UV6+UT6+UR6+UP6+UN6+UL6 -> 0 | VC6: =VB6+VA6 -> 0 | VJ6: 2 | VT6: =VR6+VP6+VN6+VL6+VJ6+VH6+VF6+VD6 -> 2 | VU6: =VS6+VQ6+VO6+VM6+VK6+VI6+VG6+VE6 -> 0 | VV6: =VU6+VT6 -> 2 | VW6: 2 | WC6: 3 | WG6: 2 | WI6: 1 | WM6: =WK6+WI6+WG6+WE6+WC6+WA6+VY6+VW6 -> 8 | WN6: =WL6+WJ6+WH6+WF6+WD6+WB6+VZ6+VX6 -> 0 | WO6: =WN6+WM6 -> 8 | XF6: =XD6+XB6+WZ6+WX6+WV6+WT6+WR6+WP6 -> 0 | XG6: =XE6+XC6+XA6+WY6+WW6+WU6+WS6+WQ6 -> 0 | XH6: =XG6+XF6 -> 0 | XO6: 1 | XS6: 1 | XY6: =XW6+XU6+XS6+XQ6+XO6+XM6+XK6+XI6 -> 2 | XZ6: =XX6+XV6+XT6+XR6+XP6+XN6+XL6+XJ6 -> 0 | YA6: =XZ6+XY6 -> 2 | YR6: =YP6+YN6+YL6+YJ6+YH6+YF6+YD6+YB6 -> 0 | YS6: =YQ6+YO6+YM6+YK6+YI6+YG6+YE6+YC6 -> 0 | YT6: =YS6+YR6 -> 0 | ZK6: =ZI6+ZG6+ZE6+ZC6+ZA6+YY6+YW6+YU6 -> 0 | ZL6: =ZJ6+ZH6+ZF6+ZD6+ZB6+YZ6+YX6+YV6 -> 0 | ZM6: =ZL6+ZK6 -> 0 | ZT6: 1 | AAD6: =AAB6+ZZ6+ZX6+ZV6+ZT6+ZR6+ZP6+ZN6 -> 1 | AAE6: =AAC6+AAA6+ZY6+ZW6+ZU6+ZS6+ZQ6+ZO6 -> 0 | AAF6: =AAE6+AAD6 -> 1 | AAM6: 7 | AAS6: 1 | AAW6: =AAU6+AAS6+AAQ6+AAO6+AAM6+AAK6+AAI6+AAG6 -> 8 | AAX6: =AAV6+AAT6+AAR6+AAP6+AAN6+AAL6+AAJ6+AAH6 -> 0 | AAY6: =AAX6+AAW6 -> 8 | ABP6: =ABN6+ABL6+ABJ6+ABH6+ABF6+ABD6+ABB6+AAZ6 -> 0 | ABQ6: =ABO6+ABM6+ABK6+ABI6+ABG6+ABE6+ABC6+ABA6 -> 0 | ABR6: =ABQ6+ABP6 -> 0 | ACI6: =ACG6+ACE6+ACC6+ACA6+ABY6+ABW6+ABU6+ABS6 -> 0 | ACJ6: =ACH6+ACF6+ACD6+ACB6+ABZ6+ABX6+ABV6+ABT6 -> 0 | ACK6: =ACJ6+ACI6 -> 0 | ADB6: =ACZ6+ACX6+ACV6+ACT6+ACR6+ACP6+ACN6+ACL6 -> 0 | ADC6: =ADA6+ACY6+ACW6+ACU6+ACS6+ACQ6+ACO6+ACM6 -> 0 | ADD6: =ADC6+ADB6 -> 0 | ADK6: 5 | ADO6: 2 | ADQ6: 1 | ADU6: =ADS6+ADQ6+ADO6+ADM6+ADK6+ADI6+ADG6+ADE6 -> 8 | ADV6: =ADT6+ADR6+ADP6+ADN6+ADL6+ADJ6+ADH6+ADF6 -> 0 | ADW6: =ADV6+ADU6 -> 8 | AED6: 1 | AEH6: 1 | AEN6: =AEL6+AEJ6+AEH6+AEF6+AED6+AEB6+ADZ6+ADX6 -> 2 | AEO6: =AEM6+AEK6+AEI6+AEG6+AEE6+AEC6+AEA6+ADY6 -> 0 | AEP6: =AEO6+AEN6 -> 2 | AFG6: =AFE6+AFC6+AFA6+AEY6+AEW6+AEU6+AES6+AEQ6 -> 0 | AFH6: =AFF6+AFD6+AFB6+AEZ6+AEX6+AEV6+AET6+AER6 -> 0 | AFI6: =AFH6+AFG6 -> 0 | AFP6: 1 | AFZ6: =AFX6+AFV6+AFT6+AFR6+AFP6+AFN6+AFL6+AFJ6 -> 1 | AGA6: =AFY6+AFW6+AFU6+AFS6+AFQ6+AFO6+AFM6+AFK6 -> 0 | AGB6: =AGA6+AFZ6 -> 1 | AGS6: =AGQ6+AGO6+AGM6+AGK6+AGI6+AGG6+AGE6+AGC6 -> 0 | AGT6: =AGR6+AGP6+AGN6+AGL6+AGJ6+AGH6+AGF6+AGD6 -> 0 | AGU6: =AGT6+AGS6 -> 0 | AHL6: =AHJ6+AHH6+AHF6+AHD6+AHB6+AGZ6+AGX6+AGV6 -> 0 | AHM6: =AHK6+AHI6+AHG6+AHE6+AHC6+AHA6+AGY6+AGW6 -> 0 | AHN6: =AHM6+AHL6 -> 0 | AHO6: 1 | AIE6: =AIC6+AIA6+AHY6+AHW6+AHU6+AHS6+AHQ6+AHO6 -> 1 | AIF6: =AID6+AIB6+AHZ6+AHX6+AHV6+AHT6+AHR6+AHP6 -> 0 | AIG6: =AIF6+AIE6 -> 1 | AIR6: 1 | AIT6: 3 | AIX6: =AIV6+AIT6+AIR6+AIP6+AIN6+AIL6+AIJ6+AIH6 -> 4 | AIY6: =AIW6+AIU6+AIS6+AIQ6+AIO6+AIM6+AIK6+AII6 -> 0 | AIZ6: =AIY6+AIX6 -> 4 | AJA6: =AIH6+AGV6+AGC6+AFJ6+AEQ6+ADX6+ADE6+ACL6+ABS6+AAZ6+AAG6+ZN6+YU6+YB6+XI6+WP6+VW6+VD6+UK6+TR6+SY6+SF6+RM6+QT6+QA6+PH6+OO6+NV6+NC6+MJ6+LQ6+AHO6 -> 3 | AJB6: =AII6+AGW6+AGD6+AFK6+AER6+ADY6+ADF6+ACM6+ABT6+ABA6+AAH6+ZO6+YV6+YC6+XJ6+WQ6+VX6+VE6+UL6+TS6+SZ6+SG6+RN6+QU6+QB6+PI6+OP6+NW6+ND6+MK6+LR6+AHP6 -> 0 | AJC6: =AIJ6+AGX6+AGE6+AFL6+AES6+ADZ6+ADG6+ACN6+ABU6+ABB6+AAI6+ZP6+YW6+YD6+XK6+WR6+VY6+VF6+UM6+TT6+TA6+SH6+RO6+QV6+QC6+PJ6+OQ6+NX6+NE6+ML6+LS6+AHQ6 -> 0 | AJD6: =AIK6+AGY6+AGF6+AFM6+AET6+AEA6+ADH6+ACO6+ABV6+ABC6+AAJ6+ZQ6+YX6+YE6+XL6+WS6+VZ6+VG6+UN6+TU6+TB6+SI6+RP6+QW6+QD6+PK6+OR6+NY6+NF6+MM6+LT6+AHR6 -> 0 | AJE6: =AIL6+AGZ6+AGG6+AFN6+AEU6+AEB6+ADI6+ACP6+ABW6+ABD6+AAK6+ZR6+YY6+YF6+XM6+WT6+WA6+VH6+UO6+TV6+TC6+SJ6+RQ6+QX6+QE6+PL6+OS6+NZ6+NG6+MN6+LU6+AHS6 -> 1 | AJF6: =AIM6+AHA6+AGH6+AFO6+AEV6+AEC6+ADJ6+ACQ6+ABX6+ABE6+AAL6+ZS6+YZ6+YG6+XN6+WU6+WB6+VI6+UP6+TW6+TD6+SK6+RR6+QY6+QF6+PM6+OT6+OA6+NH6+MO6+LV6+AHT6 -> 0 | AJG6: =AIN6+AHB6+AGI6+AFP6+AEW6+AED6+ADK6+ACR6+ABY6+ABF6+AAM6+ZT6+ZA6+YH6+XO6+WV6+WC6+VJ6+UQ6+TX6+TE6+SL6+RS6+QZ6+QG6+PN6+OU6+OB6+NI6+MP6+LW6+AHU6 -> 23 | AJH6: =AIO6+AHC6+AGJ6+AFQ6+AEX6+AEE6+ADL6+ACS6+ABZ6+ABG6+AAN6+ZU6+ZB6+YI6+XP6+WW6+WD6+VK6+UR6+TY6+TF6+SM6+RT6+RA6+QH6+PO6+OV6+OC6+NJ6+MQ6+LX6+AHV6 -> 2 | ... AJP6: =AIW6+AHK6+AGR6+AFY6+AFF6+AEM6+ADT6+ADA6+ACH6+ABO6+AAV6+AAC6+ZJ6+YQ6+XX6+XE6+WL6+VS6+UZ6+UG6+TN6+SU6+SB6+RI6+QP6+PW6+PD6+OK6+NR6+MY6+MF6+AID6 -> 0 | AJQ6: =AJO6+AJM6+AJK6+AJI6+AJE6+AJG6+AJC6+AJA6 -> 45 | AJR6: =AJP6+AJN6+AJL6+AJJ6+AJF6+AJH6+AJD6+AJB6 -> 5 | AJS6: =AJR6+AJQ6 -> 50 | AJV6: 9 | AJX6: 16 | AJY6: 3 | AJZ6: 20 | AKA6: 2 | AKB6: =AJX6+AJV6+AJT6+AJZ6 -> 45 | AKC6: =AJY6+AJW6+AJU6+AKA6 -> 5 | AKD6: =AKC6+AKB6 -> 50 | AKG6: 8 | AKI6: 21 | AKJ6: 3 | AKK6: 16 | AKL6: 2 | AKO6: =AKM6+AKK6+AKI6+AKG6+AKE6 -> 45 | AKP6: =AKN6+AKL6+AKJ6+AKH6+AKF6 -> 5 | AKQ6: =AKP6+AKO6 -> 50 | AKT6: 45 | AKU6: 5 | AKZ6: =AKX6+AKV6+AKT6+AKR6 -> 45 | ALA6: =AKY6+AKW6+AKU6+AKS6 -> 5 | ALB6: =SUM(AKZ6:ALA6) -> 50 | ALC6: 5 | ALE6: 1 | ALG6: 2022 | ALH6: 17063/2 | ALI6: 2 | ALK6: 1 | ALN6: 1 | ALP6: 1 | ALR6: 27 | ALS6: 10 | ALT6: =ALS6+ALR6 -> 37 | ALY6: 1 | ALZ6: 1 | AMF6: 1 | AMH6: 1 | AMJ6: 1 | AML6: 1 | AMN6: 1 | AMP6: 1 | AMR6: 1 | AMW6: 1 | AMY6: 1 | ANB6: 1 | ANH6: 1 | ANI6: 1 | ANK6: 1 | ANN6: 1 | ANP6: 1 | ANS6: 1 | ANV6: 1 | ANW6: 1 | ANZ6: 250 | AOD6: 25 | AOF6: 27 | AOG6: 16 | AOH6: 4 | AOI6: 13 | AOJ6: 1 | AOL6: 1 | AOQ6: 1 | AOT6: 1 | AOW6: 1316 | AOX6: 330 | AOY6: =AOX6+AOW6 -> 1646 | AOZ6: 1 | APC6: 1 | APE6: 1 | APG6: 1 | API6: 1 | APK6: 1 | APM6: 1 | APN6: 1 | APP6: م . م . علي عبد الحسين فياض | APQ6: 7811661655
A7: النجف | B7: المركز | C7: 2 | D7: 1501039 | E7: معهد الفنون الجميلة للبنات | G7: 1 | I7: 1 | K7: 1 | O7: 1 | S7: 1 | Y7: 5 | AA7: 57 | AC7: 47 | AE7: 29 | AG7: 11 | AI7: 14 | AK7: 4 | AP7: =AN7+AL7+AJ7+AH7+AF7+AD7+AB7+Z7+X7 -> 0 | AQ7: =AO7+AM7+AK7+AI7+AG7+AE7+AC7+AA7+Y7 -> 167 | AR7: =AQ7+AP7 -> 167 | AT7: 5 | AV7: 57 | AX7: 47 | AZ7: 29 | BB7: 11 | BD7: 14 | BF7: 4 | BK7: =BI7+BG7+BE7+BC7+BA7+AY7+AW7+AU7+AS7 -> 0 | BL7: =BJ7+BH7+BF7+BD7+BB7+AZ7+AX7+AV7+AT7 -> 167 | BM7: =BL7+BK7 -> 167 | BO7: 32 | BQ7: 40 | BS7: 20 | BU7: 17 | BW7: 11 | BY7: 5 | CA7: 1 | CC7: 1 | CD7: =CB7+BZ7+BX7+BV7+BT7+BR7+BP7+BN7 -> 0 | CE7: =CC7+CA7+BY7+BW7+BU7+BS7+BQ7+BO7 -> 127 | CF7: =CE7+CD7 -> 127 | CH7: 31 | CJ7: 17 | CL7: 21 | CN7: 9 | CP7: 8 | CR7: 5 | CT7: 9 | CU7: =CS7+CQ7+CO7+CM7+CK7+CI7+CG7 -> 0 | CV7: =CT7+CR7+CP7+CN7+CL7+CJ7+CH7 -> 100 | CW7: =CV7+CU7 -> 100 | CY7: 6 | DA7: 24 | DC7: 19 | DE7: 8 | DG7: 5 | DI7: 6 | DJ7: =DH7+DF7+DD7+DB7+CZ7+CX7 -> 0 | DK7: =DI7+DG7+DE7+DC7+DA7+CY7 -> 68 | DL7: =DK7+DJ7 -> 68 | DN7: 4 | DP7: 30 | DR7: 8 | DT7: 8 | DV7: 28 | DW7: =DU7+DS7+DQ7+DO7+DM7 -> 0 | DX7: =DV7+DT7+DR7+DP7+DN7 -> 78 | DY7: =DX7+DW7 -> 78 | DZ7: =AS7 -> 0 | EA7: =AT7 -> 5 | EB7: =BN7+AU7 -> 0 | EC7: =BO7+AV7 -> 89 | ED7: =CG7+BP7+AW7 -> 0 | EE7: =CH7+BQ7+AX7 -> 118 | EF7: =CX7+CI7+BR7+AY7 -> 0 | EG7: =CY7+CJ7+BS7+AZ7 -> 72 | EH7: =DM7+CZ7+CK7+BT7+BA7 -> 0 | EI7: =DN7+DA7+CL7+BU7+BB7 -> 77 | EJ7: =DO7+DB7+CM7+BV7+BC7 -> 0 | EK7: =DP7+DC7+CN7+BW7+BD7 -> 83 | EL7: =DQ7+DD7+CO7+BX7+BE7 -> 0 | EM7: =DR7+DE7+CP7+BY7+BF7 -> 33 | EN7: =DS7+DF7+CQ7+BZ7+BG7 -> 0 | EO7: =DT7+DG7+CR7+CA7+BH7 -> 19 | ... EQ7: =DV7+DI7+CT7+CC7+BJ7 -> 44 | ER7: =EP7+EN7+EL7+EJ7+EH7+EF7+ED7+EB7+DZ7 -> 0 | ES7: =EQ7+EO7+EM7+EK7+EI7+EG7+EE7+EC7+EA7 -> 540 | ET7: =ES7+ER7 -> 540 | EX7: 174 | EZ7: 181 | FF7: 185 | FG7: =FC7+FA7+EY7+EW7+EU7+FE7 -> 0 | FH7: =FD7+FB7+EZ7+EX7+EV7+FF7 -> 540 | FI7: =FH7+FG7 -> 540 | FK7: 6 | FN7: 4 | FQ7: 4 | FT7: 4 | FW7: 4 | FY7: =FV7+FS7+FP7+FM7+FJ7 -> 0 | FZ7: =FW7+FT7+FQ7+FN7+FK7 -> 22 | GA7: =FX7+FU7+FR7+FO7+FL7 -> 0 | GB7: =GA7+FZ7+FY7 -> 22 | GF7: 5 | GH7: 1 | GM7: =GK7+GI7+GG7+GE7+GC7 -> 0 | GN7: =GL7+GJ7+GH7+GF7+GD7 -> 6 | GO7: =GN7+GM7 -> 6 | GZ7: =GX7+GV7+GT7+GR7+GP7 -> 0 | HA7: =GY7+GW7+GU7+GS7+GQ7 -> 0 | HB7: =HA7+GZ7 -> 0 | HD7: 122 | HF7: 102 | HH7: 66 | HJ7: 78 | HL7: 101 | HM7: =HK7+HI7+HG7+HE7+HC7 -> 0 | HN7: =HL7+HJ7+HH7+HF7+HD7 -> 469 | HO7: =HN7+HM7 -> 469 | HQ7: 3 | HS7: 4 | HU7: 1 | HZ7: =HX7+HV7+HT7+HR7+HP7 -> 0 | IA7: =HY7+HW7+HU7+HS7+HQ7 -> 8 | IB7: =IA7+HZ7 -> 8 | IF7: 9 | IH7: 1 | IM7: =IK7+II7+IG7+IE7+IC7 -> 0 | IN7: =IL7+IJ7+IH7+IF7+ID7 -> 10 | IO7: =IN7+IM7 -> 10 | IZ7: =IX7+IV7+IT7+IR7+IP7 -> 0 | JA7: =IY7+IW7+IU7+IS7+IQ7 -> 0 | JB7: =JA7+IZ7 -> 0 | JD7: 1 | JF7: 2 | JG7: 4 | JH7: 14 | JJ7: 1 | JL7: 1 | JM7: =JK7+JI7+JG7+JE7+JC7 -> 4 | JN7: =JL7+JJ7+JH7+JF7+JD7 -> 19 | JO7: =JN7+JM7 -> 23 | JS7: 2 | KA7: 2 | KJ7: =KH7+KD7+KB7+JZ7+JX7+JV7+JT7+JP7+JR7+KF7 -> 0 | KK7: =KI7+KE7+KC7+KA7+JY7+JW7+JU7+JQ7+JS7+KG7 -> 4 | KL7: =KK7+KJ7 -> 4 | KM7: 4 | KN7: 19 | KS7: =KQ7+KO7+KM7 -> 4 | KT7: =KR7+KP7+KN7 -> 19 | KU7: =KT7+KS7 -> 23 | KV7: 3 | KW7: 18 | KZ7: 1 | LG7: 1 | LN7: =LL7+KV7+LJ7+LH7+LF7+LD7+LB7+KZ7+KX7 -> 4 | LO7: =LM7+KW7+LK7+LI7+LG7+LE7+LC7+LA7+KY7 -> 19 | LP7: =LO7+LN7 -> 23 | LX7: 1 | MB7: 1 | MD7: 1 | MG7: =ME7+MC7+MA7+LY7+LW7+LU7+LS7+LQ7 -> 0 | MH7: =MF7+MD7+MB7+LZ7+LX7+LV7+LT7+LR7 -> 3 | MI7: =MH7+MG7 -> 3 | MQ7: 2 | MZ7: =MX7+MV7+MT7+MR7+MP7+MN7+ML7+MJ7 -> 0 | NA7: =MY7+MW7+MU7+MS7+MQ7+MO7+MM7+MK7 -> 2 | NB7: =NA7+MZ7 -> 2 | NH7: 4 | NJ7: 1 | NS7: =NQ7+NO7+NM7+NK7+NI7+NG7+NE7+NC7 -> 0 | NT7: =NR7+NP7+NN7+NL7+NJ7+NH7+NF7+ND7 -> 5 | NU7: =NT7+NS7 -> 5 | OL7: =OJ7+OH7+OF7+OD7+OB7+NZ7+NX7+NV7 -> 0 | OM7: =OK7+OI7+OG7+OE7+OC7+OA7+NY7+NW7 -> 0 | ON7: =OM7+OL7 -> 0 | PE7: =PC7+PA7+OY7+OW7+OU7+OS7+OQ7+OO7 -> 0 | PF7: =PD7+PB7+OZ7+OX7+OV7+OT7+OR7+OP7 -> 0 | PG7: =PF7+PE7 -> 0 | PX7: =PV7+PT7+PR7+PP7+PN7+PL7+PJ7+PH7 -> 0 | PY7: =PW7+PU7+PS7+PQ7+PO7+PM7+PK7+PI7 -> 0 | PZ7: =PY7+PX7 -> 0 | QQ7: =QO7+QM7+QK7+QI7+QG7+QE7+QC7+QA7 -> 0 | QR7: =QP7+QN7+QL7+QJ7+QH7+QF7+QD7+QB7 -> 0 | QS7: =QR7+QQ7 -> 0 | RJ7: =RH7+RF7+RD7+RB7+QZ7+QX7+QV7+QT7 -> 0 | RK7: =RI7+RG7+RE7+RC7+RA7+QY7+QW7+QU7 -> 0 | RL7: =RK7+RJ7 -> 0 | SC7: =SA7+RY7+RW7+RU7+RS7+RQ7+RO7+RM7 -> 0 | SD7: =SB7+RZ7+RX7+RV7+RT7+RR7+RP7+RN7 -> 0 | SE7: =SD7+SC7 -> 0 | SV7: =ST7+SR7+SP7+SN7+SL7+SJ7+SH7+SF7 -> 0 | SW7: =SU7+SS7+SQ7+SO7+SM7+SK7+SI7+SG7 -> 0 | SX7: =SW7+SV7 -> 0 | TO7: =TM7+TK7+TI7+TG7+TE7+TC7+TA7+SY7 -> 0 | TP7: =TN7+TL7+TJ7+TH7+TF7+TD7+TB7+SZ7 -> 0 | TQ7: =TP7+TO7 -> 0 | UH7: =UF7+UD7+UB7+TZ7+TX7+TV7+TT7+TR7 -> 0 | UI7: =UG7+UE7+UC7+UA7+TY7+TW7+TU7+TS7 -> 0 | UJ7: =UI7+UH7 -> 0 | VA7: =UY7+UW7+UU7+US7+UQ7+UO7+UM7+UK7 -> 0 | VB7: =UZ7+UX7+UV7+UT7+UR7+UP7+UN7+UL7 -> 0 | VC7: =VB7+VA7 -> 0 | VK7: 1 | VT7: =VR7+VP7+VN7+VL7+VJ7+VH7+VF7+VD7 -> 0 | VU7: =VS7+VQ7+VO7+VM7+VK7+VI7+VG7+VE7 -> 1 | VV7: =VU7+VT7 -> 1 | WC7: 1 | WD7: 2 | WM7: =WK7+WI7+WG7+WE7+WC7+WA7+VY7+VW7 -> 1 | WN7: =WL7+WJ7+WH7+WF7+WD7+WB7+VZ7+VX7 -> 2 | WO7: =WN7+WM7 -> 3 | XF7: =XD7+XB7+WZ7+WX7+WV7+WT7+WR7+WP7 -> 0 | XG7: =XE7+XC7+XA7+WY7+WW7+WU7+WS7+WQ7 -> 0 | XH7: =XG7+XF7 -> 0 | XT7: 1 | XY7: =XW7+XU7+XS7+XQ7+XO7+XM7+XK7+XI7 -> 0 | XZ7: =XX7+XV7+XT7+XR7+XP7+XN7+XL7+XJ7 -> 1 | YA7: =XZ7+XY7 -> 1 | YR7: =YP7+YN7+YL7+YJ7+YH7+YF7+YD7+YB7 -> 0 | YS7: =YQ7+YO7+YM7+YK7+YI7+YG7+YE7+YC7 -> 0 | YT7: =YS7+YR7 -> 0 | ZK7: =ZI7+ZG7+ZE7+ZC7+ZA7+YY7+YW7+YU7 -> 0 | ZL7: =ZJ7+ZH7+ZF7+ZD7+ZB7+YZ7+YX7+YV7 -> 0 | ZM7: =ZL7+ZK7 -> 0 | ZS7: 1 | ZU7: 1 | AAD7: =AAB7+ZZ7+ZX7+ZV7+ZT7+ZR7+ZP7+ZN7 -> 0 | AAE7: =AAC7+AAA7+ZY7+ZW7+ZU7+ZS7+ZQ7+ZO7 -> 2 | AAF7: =AAE7+AAD7 -> 2 | AAN7: 1 | AAW7: =AAU7+AAS7+AAQ7+AAO7+AAM7+AAK7+AAI7+AAG7 -> 0 | AAX7: =AAV7+AAT7+AAR7+AAP7+AAN7+AAL7+AAJ7+AAH7 -> 1 | AAY7: =AAX7+AAW7 -> 1 | ABP7: =ABN7+ABL7+ABJ7+ABH7+ABF7+ABD7+ABB7+AAZ7 -> 0 | ABQ7: =ABO7+ABM7+ABK7+ABI7+ABG7+ABE7+ABC7+ABA7 -> 0 | ABR7: =ABQ7+ABP7 -> 0 | ACI7: =ACG7+ACE7+ACC7+ACA7+ABY7+ABW7+ABU7+ABS7 -> 0 | ACJ7: =ACH7+ACF7+ACD7+ACB7+ABZ7+ABX7+ABV7+ABT7 -> 0 | ACK7: =ACJ7+ACI7 -> 0 | ADB7: =ACZ7+ACX7+ACV7+ACT7+ACR7+ACP7+ACN7+ACL7 -> 0 | ADC7: =ADA7+ACY7+ACW7+ACU7+ACS7+ACQ7+ACO7+ACM7 -> 0 | ADD7: =ADC7+ADB7 -> 0 | ADL7: 1 | ADU7: =ADS7+ADQ7+ADO7+ADM7+ADK7+ADI7+ADG7+ADE7 -> 0 | ADV7: =ADT7+ADR7+ADP7+ADN7+ADL7+ADJ7+ADH7+ADF7 -> 1 | ADW7: =ADV7+ADU7 -> 1 | AEN7: =AEL7+AEJ7+AEH7+AEF7+AED7+AEB7+ADZ7+ADX7 -> 0 | AEO7: =AEM7+AEK7+AEI7+AEG7+AEE7+AEC7+AEA7+ADY7 -> 0 | AEP7: =AEO7+AEN7 -> 0 | AFG7: =AFE7+AFC7+AFA7+AEY7+AEW7+AEU7+AES7+AEQ7 -> 0 | AFH7: =AFF7+AFD7+AFB7+AEZ7+AEX7+AEV7+AET7+AER7 -> 0 | AFI7: =AFH7+AFG7 -> 0 | AFQ7: 1 | AFZ7: =AFX7+AFV7+AFT7+AFR7+AFP7+AFN7+AFL7+AFJ7 -> 0 | AGA7: =AFY7+AFW7+AFU7+AFS7+AFQ7+AFO7+AFM7+AFK7 -> 1 | AGB7: =AGA7+AFZ7 -> 1 | AGI7: 3 | AGS7: =AGQ7+AGO7+AGM7+AGK7+AGI7+AGG7+AGE7+AGC7 -> 3 | AGT7: =AGR7+AGP7+AGN7+AGL7+AGJ7+AGH7+AGF7+AGD7 -> 0 | AGU7: =AGT7+AGS7 -> 3 | AHL7: =AHJ7+AHH7+AHF7+AHD7+AHB7+AGZ7+AGX7+AGV7 -> 0 | AHM7: =AHK7+AHI7+AHG7+AHE7+AHC7+AHA7+AGY7+AGW7 -> 0 | AHN7: =AHM7+AHL7 -> 0 | AIE7: =AIC7+AIA7+AHY7+AHW7+AHU7+AHS7+AHQ7+AHO7 -> 0 | AIF7: =AID7+AIB7+AHZ7+AHX7+AHV7+AHT7+AHR7+AHP7 -> 0 | AIG7: =AIF7+AIE7 -> 0 | AIX7: =AIV7+AIT7+AIR7+AIP7+AIN7+AIL7+AIJ7+AIH7 -> 0 | AIY7: =AIW7+AIU7+AIS7+AIQ7+AIO7+AIM7+AIK7+AII7 -> 0 | AIZ7: =AIY7+AIX7 -> 0 | AJA7: =AIH7+AGV7+AGC7+AFJ7+AEQ7+ADX7+ADE7+ACL7+ABS7+AAZ7+AAG7+ZN7+YU7+YB7+XI7+WP7+VW7+VD7+UK7+TR7+SY7+SF7+RM7+QT7+QA7+PH7+OO7+NV7+NC7+MJ7+LQ7+AHO7 -> 0 | AJB7: =AII7+AGW7+AGD7+AFK7+AER7+ADY7+ADF7+ACM7+ABT7+ABA7+AAH7+ZO7+YV7+YC7+XJ7+WQ7+VX7+VE7+UL7+TS7+SZ7+SG7+RN7+QU7+QB7+PI7+OP7+NW7+ND7+MK7+LR7+AHP7 -> 0 | AJC7: =AIJ7+AGX7+AGE7+AFL7+AES7+ADZ7+ADG7+ACN7+ABU7+ABB7+AAI7+ZP7+YW7+YD7+XK7+WR7+VY7+VF7+UM7+TT7+TA7+SH7+RO7+QV7+QC7+PJ7+OQ7+NX7+NE7+ML7+LS7+AHQ7 -> 0 | AJD7: =AIK7+AGY7+AGF7+AFM7+AET7+AEA7+ADH7+ACO7+ABV7+ABC7+AAJ7+ZQ7+YX7+YE7+XL7+WS7+VZ7+VG7+UN7+TU7+TB7+SI7+RP7+QW7+QD7+PK7+OR7+NY7+NF7+MM7+LT7+AHR7 -> 0 | AJE7: =AIL7+AGZ7+AGG7+AFN7+AEU7+AEB7+ADI7+ACP7+ABW7+ABD7+AAK7+ZR7+YY7+YF7+XM7+WT7+WA7+VH7+UO7+TV7+TC7+SJ7+RQ7+QX7+QE7+PL7+OS7+NZ7+NG7+MN7+LU7+AHS7 -> 0 | AJF7: =AIM7+AHA7+AGH7+AFO7+AEV7+AEC7+ADJ7+ACQ7+ABX7+ABE7+AAL7+ZS7+YZ7+YG7+XN7+WU7+WB7+VI7+UP7+TW7+TD7+SK7+RR7+QY7+QF7+PM7+OT7+OA7+NH7+MO7+LV7+AHT7 -> 5 | AJG7: =AIN7+AHB7+AGI7+AFP7+AEW7+AED7+ADK7+ACR7+ABY7+ABF7+AAM7+ZT7+ZA7+YH7+XO7+WV7+WC7+VJ7+UQ7+TX7+TE7+SL7+RS7+QZ7+QG7+PN7+OU7+OB7+NI7+MP7+LW7+AHU7 -> 4 | AJH7: =AIO7+AHC7+AGJ7+AFQ7+AEX7+AEE7+ADL7+ACS7+ABZ7+ABG7+AAN7+ZU7+ZB7+YI7+XP7+WW7+WD7+VK7+UR7+TY7+TF7+SM7+RT7+RA7+QH7+PO7+OV7+OC7+NJ7+MQ7+LX7+AHV7 -> 11 | ... AJP7: =AIW7+AHK7+AGR7+AFY7+AFF7+AEM7+ADT7+ADA7+ACH7+ABO7+AAV7+AAC7+ZJ7+YQ7+XX7+XE7+WL7+VS7+UZ7+UG7+TN7+SU7+SB7+RI7+QP7+PW7+PD7+OK7+NR7+MY7+MF7+AID7 -> 0 | AJQ7: =AJO7+AJM7+AJK7+AJI7+AJE7+AJG7+AJC7+AJA7 -> 4 | AJR7: =AJP7+AJN7+AJL7+AJJ7+AJF7+AJH7+AJD7+AJB7 -> 19 | AJS7: =AJR7+AJQ7 -> 23 | AJZ7: 4 | AKA7: 19 | AKB7: =AJX7+AJV7+AJT7+AJZ7 -> 4 | AKC7: =AJY7+AJW7+AJU7+AKA7 -> 19 | AKD7: =AKC7+AKB7 -> 23 | AKI7: 3 | AKJ7: 8 | AKK7: 1 | AKL7: 11 | AKO7: =AKM7+AKK7+AKI7+AKG7+AKE7 -> 4 | AKP7: =AKN7+AKL7+AKJ7+AKH7+AKF7 -> 19 | AKQ7: =AKP7+AKO7 -> 23 | AKS7: 1 | AKT7: 4 | AKU7: 16 | AKW7: 2 | AKZ7: =AKX7+AKV7+AKT7+AKR7 -> 4 | ALA7: =AKY7+AKW7+AKU7+AKS7 -> 19 | ALB7: =SUM(AKZ7:ALA7) -> 23 | ALC7: 2 | ALD7: 5 | ALE7: 1 | ALG7: 2007 | ALH7: 82234/3 | ALI7: 3 | ALJ7: 1 | ALM7: 1 | ALO7: 1 | ALQ7: 6 | ALR7: 18 | ALS7: 18 | ALT7: =ALS7+ALR7 -> 36 | ALX7: 1 | ALZ7: 1 | AMF7: 1 | AMI7: 1 | AMJ7: 1 | AML7: 1 | AMN7: 1 | AMP7: 1 | AMR7: 1 | AMW7: 1 | AMY7: 1 | ANB7: 1 | ANE7: 1 | ANI7: 1 | ANK7: 1 | ANN7: 1 | ANQ7: 1 | ANT7: 1 | ANV7: 1 | ANW7: 1 | ANZ7: 50 | AOB7: 400 | AOC7: 108 | AOD7: 23 | AOE7: 1 | AOF7: 12 | AOG7: 10 | AOH7: 2 | AOI7: 1 | AOK7: 2 | AOL7: 1 | AOP7: 1 | AOS7: 1 | AOW7: 2505 | AOY7: =AOX7+AOW7 -> 2505 | AOZ7: 1 | APC7: 1 | APE7: 1 | APG7: 1 | API7: 1 | APK7: 1 | APM7: 1 | APN7: 1 | APP7: ابتسام عبد الحسن شنان | APQ7: 7803343910
A8: النجف | B8: المركز | C8: 3 | E8: معهد الفنون الجميلة المسائية للبنين | F8: 1 | I8: 1 | N8: 1 | O8: 1 | Q8: 1 | AN8: 153 | AP8: =AN8+AL8+AJ8+AH8+AF8+AD8+AB8+Z8+X8 -> 153 | AQ8: =AO8+AM8+AK8+AI8+AG8+AE8+AC8+AA8+Y8 -> 0 | AR8: =AQ8+AP8 -> 153 | BI8: 181 | BK8: =BI8+BG8+BE8+BC8+BA8+AY8+AW8+AU8+AS8 -> 181 | BL8: =BJ8+BH8+BF8+BD8+BB8+AZ8+AX8+AV8+AT8 -> 0 | BM8: =BL8+BK8 -> 181 | CB8: 124 | CD8: =CB8+BZ8+BX8+BV8+BT8+BR8+BP8+BN8 -> 124 | CE8: =CC8+CA8+BY8+BW8+BU8+BS8+BQ8+BO8 -> 0 | CF8: =CE8+CD8 -> 124 | CS8: 123 | CU8: =CS8+CQ8+CO8+CM8+CK8+CI8+CG8 -> 123 | CV8: =CT8+CR8+CP8+CN8+CL8+CJ8+CH8 -> 0 | CW8: =CV8+CU8 -> 123 | DJ8: =DH8+DF8+DD8+DB8+CZ8+CX8 -> 0 | DK8: =DI8+DG8+DE8+DC8+DA8+CY8 -> 0 | DL8: =DK8+DJ8 -> 0 | DW8: =DU8+DS8+DQ8+DO8+DM8 -> 0 | DX8: =DV8+DT8+DR8+DP8+DN8 -> 0 | DY8: =DX8+DW8 -> 0 | DZ8: =AS8 -> 0 | EA8: =AT8 -> 0 | EB8: =BN8+AU8 -> 0 | EC8: =BO8+AV8 -> 0 | ED8: =CG8+BP8+AW8 -> 0 | EE8: =CH8+BQ8+AX8 -> 0 | EF8: =CX8+CI8+BR8+AY8 -> 0 | EG8: =CY8+CJ8+BS8+AZ8 -> 0 | EH8: =DM8+CZ8+CK8+BT8+BA8 -> 0 | EI8: =DN8+DA8+CL8+BU8+BB8 -> 0 | EJ8: =DO8+DB8+CM8+BV8+BC8 -> 0 | EK8: =DP8+DC8+CN8+BW8+BD8 -> 0 | EL8: =DQ8+DD8+CO8+BX8+BE8 -> 0 | EM8: =DR8+DE8+CP8+BY8+BF8 -> 0 | EN8: =DS8+DF8+CQ8+BZ8+BG8 -> 0 | EO8: =DT8+DG8+CR8+CA8+BH8 -> 0 | ... EQ8: =DV8+DI8+CT8+CC8+BJ8 -> 0 | ER8: =EP8+EN8+EL8+EJ8+EH8+EF8+ED8+EB8+DZ8 -> 428 | ES8: =EQ8+EO8+EM8+EK8+EI8+EG8+EE8+EC8+EA8 -> 0 | ET8: =ES8+ER8 -> 428 | EW8: 96 | EY8: 111 | FA8: 127 | FC8: 94 | FG8: =FC8+FA8+EY8+EW8+EU8+FE8 -> 428 | FH8: =FD8+FB8+EZ8+EX8+EV8+FF8 -> 0 | FI8: =FH8+FG8 -> 428 | FJ8: 8 | FM8: 8 | FP8: 8 | FY8: =FV8+FS8+FP8+FM8+FJ8 -> 24 | FZ8: =FW8+FT8+FQ8+FN8+FK8 -> 0 | GA8: =FX8+FU8+FR8+FO8+FL8 -> 0 | GB8: =GA8+FZ8+FY8 -> 24 | GC8: 28 | GE8: 4 | GG8: 1 | GM8: =GK8+GI8+GG8+GE8+GC8 -> 33 | GN8: =GL8+GJ8+GH8+GF8+GD8 -> 0 | GO8: =GN8+GM8 -> 33 | HC8: 120 | HE8: 122 | HM8: =HK8+HI8+HG8+HE8+HC8 -> 242 | HN8: =HL8+HJ8+HH8+HF8+HD8 -> 0 | HO8: =HN8+HM8 -> 242 | HP8: 8 | HR8: 1 | HZ8: =HX8+HV8+HT8+HR8+HP8 -> 9 | IA8: =HY8+HW8+HU8+HS8+HQ8 -> 0 | IB8: =IA8+HZ8 -> 9 | IM8: =IK8+II8+IG8+IE8+IC8 -> 0 | IN8: =IL8+IJ8+IH8+IF8+ID8 -> 0 | IO8: =IN8+IM8 -> 0 | IZ8: =IX8+IV8+IT8+IR8+IP8 -> 0 | JA8: =IY8+IW8+IU8+IS8+IQ8 -> 0 | JB8: =JA8+IZ8 -> 0 | JC8: 1 | JE8: 1 | JG8: 6 | JM8: =JK8+JI8+JG8+JE8+JC8 -> 8 | JN8: =JL8+JJ8+JH8+JF8+JD8 -> 0 | JO8: =JN8+JM8 -> 8 | JP8: 1 | KB8: 1 | KJ8: =KH8+KD8+KB8+JZ8+JX8+JV8+JT8+JP8+JR8+KF8 -> 2 | KK8: =KI8+KE8+KC8+KA8+JY8+JW8+JU8+JQ8+JS8+KG8 -> 0 | KL8: =KK8+KJ8 -> 2 | KM8: 8 | KS8: =KQ8+KO8+KM8 -> 8 | KT8: =KR8+KP8+KN8 -> 0 | KU8: =KT8+KS8 -> 8 | KV8: 5 | KZ8: 2 | LF8: 1 | LN8: =LL8+KV8+LJ8+LH8+LF8+LD8+LB8+KZ8+KX8 -> 8 | LO8: =LM8+KW8+LK8+LI8+LG8+LE8+LC8+LA8+KY8 -> 0 | LP8: =LO8+LN8 -> 8 | MC8: 1 | MG8: =ME8+MC8+MA8+LY8+LW8+LU8+LS8+LQ8 -> 1 | MH8: =MF8+MD8+MB8+LZ8+LX8+LV8+LT8+LR8 -> 0 | MI8: =MH8+MG8 -> 1 | MV8: 1 | MZ8: =MX8+MV8+MT8+MR8+MP8+MN8+ML8+MJ8 -> 1 | NA8: =MY8+MW8+MU8+MS8+MQ8+MO8+MM8+MK8 -> 0 | NB8: =NA8+MZ8 -> 1 | NK8: 1 | NS8: =NQ8+NO8+NM8+NK8+NI8+NG8+NE8+NC8 -> 1 | NT8: =NR8+NP8+NN8+NL8+NJ8+NH8+NF8+ND8 -> 0 | NU8: =NT8+NS8 -> 1 | OL8: =OJ8+OH8+OF8+OD8+OB8+NZ8+NX8+NV8 -> 0 | OM8: =OK8+OI8+OG8+OE8+OC8+OA8+NY8+NW8 -> 0 | ON8: =OM8+OL8 -> 0 | PE8: =PC8+PA8+OY8+OW8+OU8+OS8+OQ8+OO8 -> 0 | PF8: =PD8+PB8+OZ8+OX8+OV8+OT8+OR8+OP8 -> 0 | PG8: =PF8+PE8 -> 0 | PX8: =PV8+PT8+PR8+PP8+PN8+PL8+PJ8+PH8 -> 0 | PY8: =PW8+PU8+PS8+PQ8+PO8+PM8+PK8+PI8 -> 0 | PZ8: =PY8+PX8 -> 0 | QQ8: =QO8+QM8+QK8+QI8+QG8+QE8+QC8+QA8 -> 0 | QR8: =QP8+QN8+QL8+QJ8+QH8+QF8+QD8+QB8 -> 0 | QS8: =QR8+QQ8 -> 0 | RJ8: =RH8+RF8+RD8+RB8+QZ8+QX8+QV8+QT8 -> 0 | RK8: =RI8+RG8+RE8+RC8+RA8+QY8+QW8+QU8 -> 0 | RL8: =RK8+RJ8 -> 0 | SC8: =SA8+RY8+RW8+RU8+RS8+RQ8+RO8+RM8 -> 0 | SD8: =SB8+RZ8+RX8+RV8+RT8+RR8+RP8+RN8 -> 0 | SE8: =SD8+SC8 -> 0 | SV8: =ST8+SR8+SP8+SN8+SL8+SJ8+SH8+SF8 -> 0 | SW8: =SU8+SS8+SQ8+SO8+SM8+SK8+SI8+SG8 -> 0 | SX8: =SW8+SV8 -> 0 | TO8: =TM8+TK8+TI8+TG8+TE8+TC8+TA8+SY8 -> 0 | TP8: =TN8+TL8+TJ8+TH8+TF8+TD8+TB8+SZ8 -> 0 | TQ8: =TP8+TO8 -> 0 | UH8: =UF8+UD8+UB8+TZ8+TX8+TV8+TT8+TR8 -> 0 | UI8: =UG8+UE8+UC8+UA8+TY8+TW8+TU8+TS8 -> 0 | UJ8: =UI8+UH8 -> 0 | VA8: =UY8+UW8+UU8+US8+UQ8+UO8+UM8+UK8 -> 0 | VB8: =UZ8+UX8+UV8+UT8+UR8+UP8+UN8+UL8 -> 0 | VC8: =VB8+VA8 -> 0 | VT8: =VR8+VP8+VN8+VL8+VJ8+VH8+VF8+VD8 -> 0 | VU8: =VS8+VQ8+VO8+VM8+VK8+VI8+VG8+VE8 -> 0 | VV8: =VU8+VT8 -> 0 | WC8: 5 | WM8: =WK8+WI8+WG8+WE8+WC8+WA8+VY8+VW8 -> 5 | WN8: =WL8+WJ8+WH8+WF8+WD8+WB8+VZ8+VX8 -> 0 | WO8: =WN8+WM8 -> 5 | XF8: =XD8+XB8+WZ8+WX8+WV8+WT8+WR8+WP8 -> 0 | XG8: =XE8+XC8+XA8+WY8+WW8+WU8+WS8+WQ8 -> 0 | XH8: =XG8+XF8 -> 0 | XY8: =XW8+XU8+XS8+XQ8+XO8+XM8+XK8+XI8 -> 0 | XZ8: =XX8+XV8+XT8+XR8+XP8+XN8+XL8+XJ8 -> 0 | YA8: =XZ8+XY8 -> 0 | YR8: =YP8+YN8+YL8+YJ8+YH8+YF8+YD8+YB8 -> 0 | YS8: =YQ8+YO8+YM8+YK8+YI8+YG8+YE8+YC8 -> 0 | YT8: =YS8+YR8 -> 0 | ZK8: =ZI8+ZG8+ZE8+ZC8+ZA8+YY8+YW8+YU8 -> 0 | ZL8: =ZJ8+ZH8+ZF8+ZD8+ZB8+YZ8+YX8+YV8 -> 0 | ZM8: =ZL8+ZK8 -> 0 | AAD8: =AAB8+ZZ8+ZX8+ZV8+ZT8+ZR8+ZP8+ZN8 -> 0 | AAE8: =AAC8+AAA8+ZY8+ZW8+ZU8+ZS8+ZQ8+ZO8 -> 0 | AAF8: =AAE8+AAD8 -> 0 | AAW8: =AAU8+AAS8+AAQ8+AAO8+AAM8+AAK8+AAI8+AAG8 -> 0 | AAX8: =AAV8+AAT8+AAR8+AAP8+AAN8+AAL8+AAJ8+AAH8 -> 0 | AAY8: =AAX8+AAW8 -> 0 | ABP8: =ABN8+ABL8+ABJ8+ABH8+ABF8+ABD8+ABB8+AAZ8 -> 0 | ABQ8: =ABO8+ABM8+ABK8+ABI8+ABG8+ABE8+ABC8+ABA8 -> 0 | ABR8: =ABQ8+ABP8 -> 0 | ACI8: =ACG8+ACE8+ACC8+ACA8+ABY8+ABW8+ABU8+ABS8 -> 0 | ACJ8: =ACH8+ACF8+ACD8+ACB8+ABZ8+ABX8+ABV8+ABT8 -> 0 | ACK8: =ACJ8+ACI8 -> 0 | ADB8: =ACZ8+ACX8+ACV8+ACT8+ACR8+ACP8+ACN8+ACL8 -> 0 | ADC8: =ADA8+ACY8+ACW8+ACU8+ACS8+ACQ8+ACO8+ACM8 -> 0 | ADD8: =ADC8+ADB8 -> 0 | ADU8: =ADS8+ADQ8+ADO8+ADM8+ADK8+ADI8+ADG8+ADE8 -> 0 | ADV8: =ADT8+ADR8+ADP8+ADN8+ADL8+ADJ8+ADH8+ADF8 -> 0 | ADW8: =ADV8+ADU8 -> 0 | AEN8: =AEL8+AEJ8+AEH8+AEF8+AED8+AEB8+ADZ8+ADX8 -> 0 | AEO8: =AEM8+AEK8+AEI8+AEG8+AEE8+AEC8+AEA8+ADY8 -> 0 | AEP8: =AEO8+AEN8 -> 0 | AFG8: =AFE8+AFC8+AFA8+AEY8+AEW8+AEU8+AES8+AEQ8 -> 0 | AFH8: =AFF8+AFD8+AFB8+AEZ8+AEX8+AEV8+AET8+AER8 -> 0 | AFI8: =AFH8+AFG8 -> 0 | AFZ8: =AFX8+AFV8+AFT8+AFR8+AFP8+AFN8+AFL8+AFJ8 -> 0 | AGA8: =AFY8+AFW8+AFU8+AFS8+AFQ8+AFO8+AFM8+AFK8 -> 0 | AGB8: =AGA8+AFZ8 -> 0 | AGS8: =AGQ8+AGO8+AGM8+AGK8+AGI8+AGG8+AGE8+AGC8 -> 0 | AGT8: =AGR8+AGP8+AGN8+AGL8+AGJ8+AGH8+AGF8+AGD8 -> 0 | AGU8: =AGT8+AGS8 -> 0 | AHL8: =AHJ8+AHH8+AHF8+AHD8+AHB8+AGZ8+AGX8+AGV8 -> 0 | AHM8: =AHK8+AHI8+AHG8+AHE8+AHC8+AHA8+AGY8+AGW8 -> 0 | AHN8: =AHM8+AHL8 -> 0 | AIE8: =AIC8+AIA8+AHY8+AHW8+AHU8+AHS8+AHQ8+AHO8 -> 0 | AIF8: =AID8+AIB8+AHZ8+AHX8+AHV8+AHT8+AHR8+AHP8 -> 0 | AIG8: =AIF8+AIE8 -> 0 | AIX8: =AIV8+AIT8+AIR8+AIP8+AIN8+AIL8+AIJ8+AIH8 -> 0 | AIY8: =AIW8+AIU8+AIS8+AIQ8+AIO8+AIM8+AIK8+AII8 -> 0 | AIZ8: =AIY8+AIX8 -> 0 | AJA8: =AIH8+AGV8+AGC8+AFJ8+AEQ8+ADX8+ADE8+ACL8+ABS8+AAZ8+AAG8+ZN8+YU8+YB8+XI8+WP8+VW8+VD8+UK8+TR8+SY8+SF8+RM8+QT8+QA8+PH8+OO8+NV8+NC8+MJ8+LQ8+AHO8 -> 0 | AJB8: =AII8+AGW8+AGD8+AFK8+AER8+ADY8+ADF8+ACM8+ABT8+ABA8+AAH8+ZO8+YV8+YC8+XJ8+WQ8+VX8+VE8+UL8+TS8+SZ8+SG8+RN8+QU8+QB8+PI8+OP8+NW8+ND8+MK8+LR8+AHP8 -> 0 | AJC8: =AIJ8+AGX8+AGE8+AFL8+AES8+ADZ8+ADG8+ACN8+ABU8+ABB8+AAI8+ZP8+YW8+YD8+XK8+WR8+VY8+VF8+UM8+TT8+TA8+SH8+RO8+QV8+QC8+PJ8+OQ8+NX8+NE8+ML8+LS8+AHQ8 -> 0 | AJD8: =AIK8+AGY8+AGF8+AFM8+AET8+AEA8+ADH8+ACO8+ABV8+ABC8+AAJ8+ZQ8+YX8+YE8+XL8+WS8+VZ8+VG8+UN8+TU8+TB8+SI8+RP8+QW8+QD8+PK8+OR8+NY8+NF8+MM8+LT8+AHR8 -> 0 | AJE8: =AIL8+AGZ8+AGG8+AFN8+AEU8+AEB8+ADI8+ACP8+ABW8+ABD8+AAK8+ZR8+YY8+YF8+XM8+WT8+WA8+VH8+UO8+TV8+TC8+SJ8+RQ8+QX8+QE8+PL8+OS8+NZ8+NG8+MN8+LU8+AHS8 -> 0 | AJF8: =AIM8+AHA8+AGH8+AFO8+AEV8+AEC8+ADJ8+ACQ8+ABX8+ABE8+AAL8+ZS8+YZ8+YG8+XN8+WU8+WB8+VI8+UP8+TW8+TD8+SK8+RR8+QY8+QF8+PM8+OT8+OA8+NH8+MO8+LV8+AHT8 -> 0 | AJG8: =AIN8+AHB8+AGI8+AFP8+AEW8+AED8+ADK8+ACR8+ABY8+ABF8+AAM8+ZT8+ZA8+YH8+XO8+WV8+WC8+VJ8+UQ8+TX8+TE8+SL8+RS8+QZ8+QG8+PN8+OU8+OB8+NI8+MP8+LW8+AHU8 -> 5 | AJH8: =AIO8+AHC8+AGJ8+AFQ8+AEX8+AEE8+ADL8+ACS8+ABZ8+ABG8+AAN8+ZU8+ZB8+YI8+XP8+WW8+WD8+VK8+UR8+TY8+TF8+SM8+RT8+RA8+QH8+PO8+OV8+OC8+NJ8+MQ8+LX8+AHV8 -> 0 | ... AJP8: =AIW8+AHK8+AGR8+AFY8+AFF8+AEM8+ADT8+ADA8+ACH8+ABO8+AAV8+AAC8+ZJ8+YQ8+XX8+XE8+WL8+VS8+UZ8+UG8+TN8+SU8+SB8+RI8+QP8+PW8+PD8+OK8+NR8+MY8+MF8+AID8 -> 0 | AJQ8: =AJO8+AJM8+AJK8+AJI8+AJE8+AJG8+AJC8+AJA8 -> 8 | AJR8: =AJP8+AJN8+AJL8+AJJ8+AJF8+AJH8+AJD8+AJB8 -> 0 | AJS8: =AJR8+AJQ8 -> 8 | AJT8: 1 | AJV8: 2 | AJX8: 2 | AJZ8: 3 | AKB8: =AJX8+AJV8+AJT8+AJZ8 -> 8 | AKC8: =AJY8+AJW8+AJU8+AKA8 -> 0 | AKD8: =AKC8+AKB8 -> 8 | AKG8: 3 | AKI8: 1 | AKK8: 4 | AKO8: =AKM8+AKK8+AKI8+AKG8+AKE8 -> 8 | AKP8: =AKN8+AKL8+AKJ8+AKH8+AKF8 -> 0 | AKQ8: =AKP8+AKO8 -> 8 | AKT8: 8 | AKZ8: =AKX8+AKV8+AKT8+AKR8 -> 8 | ALA8: =AKY8+AKW8+AKU8+AKS8 -> 0 | ALB8: =SUM(AKZ8:ALA8) -> 8 | ALC8: 1 | ALE8: 1 | ALG8: 2014 | ALJ8: 1 | ALM8: 1 | ALP8: 1 | ALR8: 18 | ALS8: 12 | ALX8: 1 | ALZ8: 1 | AMF8: 1 | AMI8: 1 | AMJ8: 1 | AML8: 1 | AMO8: 1 | AMP8: 1 | AMR8: 1 | AMW8: 1 | AMY8: 1 | ANB8: 1 | AND8: 1 | ANI8: 1 | ANK8: 1 | ANN8: 1 | ANP8: 1 | ANT8: 1 | ANZ8: 150 | AOD8: 10 | AOH8: 2 | AOM8: 1 | AOY8: =AOX8+AOW8 -> 0 | APA8: 1 | APP8: علي رافع عبداكاظم | APQ8: 7813968478
A9: النجف | B9: المركز | C9: 4 | E9: معهد الفنون الجميلة المسائية للبنات | G9: 1 | I9: 1 | N9: 1 | P9: 1 | S9: 1 | AO9: 278 | AP9: =AN9+AL9+AJ9+AH9+AF9+AD9+AB9+Z9+X9 -> 0 | AQ9: =AO9+AM9+AK9+AI9+AG9+AE9+AC9+AA9+Y9 -> 278 | AR9: =AQ9+AP9 -> 278 | BJ9: 278 | BK9: =BI9+BG9+BE9+BC9+BA9+AY9+AW9+AU9+AS9 -> 0 | BL9: =BJ9+BH9+BF9+BD9+BB9+AZ9+AX9+AV9+AT9 -> 278 | BM9: =BL9+BK9 -> 278 | CC9: 230 | CD9: =CB9+BZ9+BX9+BV9+BT9+BR9+BP9+BN9 -> 0 | CE9: =CC9+CA9+BY9+BW9+BU9+BS9+BQ9+BO9 -> 230 | CF9: =CE9+CD9 -> 230 | CT9: 188 | CU9: =CS9+CQ9+CO9+CM9+CK9+CI9+CG9 -> 0 | CV9: =CT9+CR9+CP9+CN9+CL9+CJ9+CH9 -> 188 | CW9: =CV9+CU9 -> 188 | DJ9: =DH9+DF9+DD9+DB9+CZ9+CX9 -> 0 | DK9: =DI9+DG9+DE9+DC9+DA9+CY9 -> 0 | DL9: =DK9+DJ9 -> 0 | DW9: =DU9+DS9+DQ9+DO9+DM9 -> 0 | DX9: =DV9+DT9+DR9+DP9+DN9 -> 0 | DY9: =DX9+DW9 -> 0 | DZ9: =AS9 -> 0 | EA9: =AT9 -> 0 | EB9: =BN9+AU9 -> 0 | EC9: =BO9+AV9 -> 0 | ED9: =CG9+BP9+AW9 -> 0 | EE9: =CH9+BQ9+AX9 -> 0 | EF9: =CX9+CI9+BR9+AY9 -> 0 | EG9: =CY9+CJ9+BS9+AZ9 -> 0 | EH9: =DM9+CZ9+CK9+BT9+BA9 -> 0 | EI9: =DN9+DA9+CL9+BU9+BB9 -> 0 | EJ9: =DO9+DB9+CM9+BV9+BC9 -> 0 | EK9: =DP9+DC9+CN9+BW9+BD9 -> 0 | EL9: =DQ9+DD9+CO9+BX9+BE9 -> 0 | EM9: =DR9+DE9+CP9+BY9+BF9 -> 0 | EN9: =DS9+DF9+CQ9+BZ9+BG9 -> 0 | EO9: =DT9+DG9+CR9+CA9+BH9 -> 0 | ... EQ9: =DV9+DI9+CT9+CC9+BJ9 -> 696 | ER9: =EP9+EN9+EL9+EJ9+EH9+EF9+ED9+EB9+DZ9 -> 0 | ES9: =EQ9+EO9+EM9+EK9+EI9+EG9+EE9+EC9+EA9 -> 696 | ET9: =ES9+ER9 -> 696 | EX9: 222 | EZ9: 227 | FF9: 247 | FG9: =FC9+FA9+EY9+EW9+EU9+FE9 -> 0 | FH9: =FD9+FB9+EZ9+EX9+EV9+FF9 -> 696 | FI9: =FH9+FG9 -> 696 | FK9: 6 | FN9: 6 | FQ9: 6 | FY9: =FV9+FS9+FP9+FM9+FJ9 -> 0 | FZ9: =FW9+FT9+FQ9+FN9+FK9 -> 18 | GA9: =FX9+FU9+FR9+FO9+FL9 -> 0 | GB9: =GA9+FZ9+FY9 -> 18 | GD9: 6 | GF9: 7 | GH9: 1 | GM9: =GK9+GI9+GG9+GE9+GC9 -> 0 | GN9: =GL9+GJ9+GH9+GF9+GD9 -> 14 | GO9: =GN9+GM9 -> 14 | HD9: 217 | HF9: 186 | HM9: =HK9+HI9+HG9+HE9+HC9 -> 0 | HN9: =HL9+HJ9+HH9+HF9+HD9 -> 403 | HO9: =HN9+HM9 -> 403 | HQ9: 4 | HZ9: =HX9+HV9+HT9+HR9+HP9 -> 0 | IA9: =HY9+HW9+HU9+HS9+HQ9 -> 4 | IB9: =IA9+HZ9 -> 4 | ID9: 15 | IF9: 4 | IM9: =IK9+II9+IG9+IE9+IC9 -> 0 | IN9: =IL9+IJ9+IH9+IF9+ID9 -> 19 | IO9: =IN9+IM9 -> 19 | IZ9: =IX9+IV9+IT9+IR9+IP9 -> 0 | JA9: =IY9+IW9+IU9+IS9+IQ9 -> 0 | JB9: =JA9+IZ9 -> 0 | JD9: 1 | JF9: 2 | JH9: 13 | JM9: =JK9+JI9+JG9+JE9+JC9 -> 0 | JN9: =JL9+JJ9+JH9+JF9+JD9 -> 16 | JO9: =JN9+JM9 -> 16 | JS9: 1 | KA9: 1 | KJ9: =KH9+KD9+KB9+JZ9+JX9+JV9+JT9+JP9+JR9+KF9 -> 0 | KK9: =KI9+KE9+KC9+KA9+JY9+JW9+JU9+JQ9+JS9+KG9 -> 2 | KL9: =KK9+KJ9 -> 2 | KN9: 16 | KS9: =KQ9+KO9+KM9 -> 0 | KT9: =KR9+KP9+KN9 -> 16 | KU9: =KT9+KS9 -> 16 | KW9: 13 | LA9: 1 | LM9: 2 | LN9: =LL9+KV9+LJ9+LH9+LF9+LD9+LB9+KZ9+KX9 -> 0 | LO9: =LM9+KW9+LK9+LI9+LG9+LE9+LC9+LA9+KY9 -> 16 | LP9: =LO9+LN9 -> 16 | LX9: 2 | MG9: =ME9+MC9+MA9+LY9+LW9+LU9+LS9+LQ9 -> 0 | MH9: =MF9+MD9+MB9+LZ9+LX9+LV9+LT9+LR9 -> 2 | MI9: =MH9+MG9 -> 2 | MO9: 1 | MQ9: 1 | MW9: 1 | MZ9: =MX9+MV9+MT9+MR9+MP9+MN9+ML9+MJ9 -> 0 | NA9: =MY9+MW9+MU9+MS9+MQ9+MO9+MM9+MK9 -> 3 | NB9: =NA9+MZ9 -> 3 | NH9: 2 | NN9: 1 | NS9: =NQ9+NO9+NM9+NK9+NI9+NG9+NE9+NC9 -> 0 | NT9: =NR9+NP9+NN9+NL9+NJ9+NH9+NF9+ND9 -> 3 | NU9: =NT9+NS9 -> 3 | OL9: =OJ9+OH9+OF9+OD9+OB9+NZ9+NX9+NV9 -> 0 | OM9: =OK9+OI9+OG9+OE9+OC9+OA9+NY9+NW9 -> 0 | ON9: =OM9+OL9 -> 0 | PE9: =PC9+PA9+OY9+OW9+OU9+OS9+OQ9+OO9 -> 0 | PF9: =PD9+PB9+OZ9+OX9+OV9+OT9+OR9+OP9 -> 0 | PG9: =PF9+PE9 -> 0 | PX9: =PV9+PT9+PR9+PP9+PN9+PL9+PJ9+PH9 -> 0 | PY9: =PW9+PU9+PS9+PQ9+PO9+PM9+PK9+PI9 -> 0 | PZ9: =PY9+PX9 -> 0 | QQ9: =QO9+QM9+QK9+QI9+QG9+QE9+QC9+QA9 -> 0 | QR9: =QP9+QN9+QL9+QJ9+QH9+QF9+QD9+QB9 -> 0 | QS9: =QR9+QQ9 -> 0 | RJ9: =RH9+RF9+RD9+RB9+QZ9+QX9+QV9+QT9 -> 0 | RK9: =RI9+RG9+RE9+RC9+RA9+QY9+QW9+QU9 -> 0 | RL9: =RK9+RJ9 -> 0 | SC9: =SA9+RY9+RW9+RU9+RS9+RQ9+RO9+RM9 -> 0 | SD9: =SB9+RZ9+RX9+RV9+RT9+RR9+RP9+RN9 -> 0 | SE9: =SD9+SC9 -> 0 | SV9: =ST9+SR9+SP9+SN9+SL9+SJ9+SH9+SF9 -> 0 | SW9: =SU9+SS9+SQ9+SO9+SM9+SK9+SI9+SG9 -> 0 | SX9: =SW9+SV9 -> 0 | TO9: =TM9+TK9+TI9+TG9+TE9+TC9+TA9+SY9 -> 0 | TP9: =TN9+TL9+TJ9+TH9+TF9+TD9+TB9+SZ9 -> 0 | TQ9: =TP9+TO9 -> 0 | UH9: =UF9+UD9+UB9+TZ9+TX9+TV9+TT9+TR9 -> 0 | UI9: =UG9+UE9+UC9+UA9+TY9+TW9+TU9+TS9 -> 0 | UJ9: =UI9+UH9 -> 0 | VA9: =UY9+UW9+UU9+US9+UQ9+UO9+UM9+UK9 -> 0 | VB9: =UZ9+UX9+UV9+UT9+UR9+UP9+UN9+UL9 -> 0 | VC9: =VB9+VA9 -> 0 | VT9: =VR9+VP9+VN9+VL9+VJ9+VH9+VF9+VD9 -> 0 | VU9: =VS9+VQ9+VO9+VM9+VK9+VI9+VG9+VE9 -> 0 | VV9: =VU9+VT9 -> 0 | WD9: 4 | WH9: 3 | WM9: =WK9+WI9+WG9+WE9+WC9+WA9+VY9+VW9 -> 0 | WN9: =WL9+WJ9+WH9+WF9+WD9+WB9+VZ9+VX9 -> 7 | WO9: =WN9+WM9 -> 7 | XF9: =XD9+XB9+WZ9+WX9+WV9+WT9+WR9+WP9 -> 0 | XG9: =XE9+XC9+XA9+WY9+WW9+WU9+WS9+WQ9 -> 0 | XH9: =XG9+XF9 -> 0 | XY9: =XW9+XU9+XS9+XQ9+XO9+XM9+XK9+XI9 -> 0 | XZ9: =XX9+XV9+XT9+XR9+XP9+XN9+XL9+XJ9 -> 0 | YA9: =XZ9+XY9 -> 0 | YR9: =YP9+YN9+YL9+YJ9+YH9+YF9+YD9+YB9 -> 0 | YS9: =YQ9+YO9+YM9+YK9+YI9+YG9+YE9+YC9 -> 0 | YT9: =YS9+YR9 -> 0 | ZK9: =ZI9+ZG9+ZE9+ZC9+ZA9+YY9+YW9+YU9 -> 0 | ZL9: =ZJ9+ZH9+ZF9+ZD9+ZB9+YZ9+YX9+YV9 -> 0 | ZM9: =ZL9+ZK9 -> 0 | AAD9: =AAB9+ZZ9+ZX9+ZV9+ZT9+ZR9+ZP9+ZN9 -> 0 | AAE9: =AAC9+AAA9+ZY9+ZW9+ZU9+ZS9+ZQ9+ZO9 -> 0 | AAF9: =AAE9+AAD9 -> 0 | AAN9: 1 | AAW9: =AAU9+AAS9+AAQ9+AAO9+AAM9+AAK9+AAI9+AAG9 -> 0 | AAX9: =AAV9+AAT9+AAR9+AAP9+AAN9+AAL9+AAJ9+AAH9 -> 1 | AAY9: =AAX9+AAW9 -> 1 | ABP9: =ABN9+ABL9+ABJ9+ABH9+ABF9+ABD9+ABB9+AAZ9 -> 0 | ABQ9: =ABO9+ABM9+ABK9+ABI9+ABG9+ABE9+ABC9+ABA9 -> 0 | ABR9: =ABQ9+ABP9 -> 0 | ACI9: =ACG9+ACE9+ACC9+ACA9+ABY9+ABW9+ABU9+ABS9 -> 0 | ACJ9: =ACH9+ACF9+ACD9+ACB9+ABZ9+ABX9+ABV9+ABT9 -> 0 | ACK9: =ACJ9+ACI9 -> 0 | ADB9: =ACZ9+ACX9+ACV9+ACT9+ACR9+ACP9+ACN9+ACL9 -> 0 | ADC9: =ADA9+ACY9+ACW9+ACU9+ACS9+ACQ9+ACO9+ACM9 -> 0 | ADD9: =ADC9+ADB9 -> 0 | ADU9: =ADS9+ADQ9+ADO9+ADM9+ADK9+ADI9+ADG9+ADE9 -> 0 | ADV9: =ADT9+ADR9+ADP9+ADN9+ADL9+ADJ9+ADH9+ADF9 -> 0 | ADW9: =ADV9+ADU9 -> 0 | AEN9: =AEL9+AEJ9+AEH9+AEF9+AED9+AEB9+ADZ9+ADX9 -> 0 | AEO9: =AEM9+AEK9+AEI9+AEG9+AEE9+AEC9+AEA9+ADY9 -> 0 | AEP9: =AEO9+AEN9 -> 0 | AFG9: =AFE9+AFC9+AFA9+AEY9+AEW9+AEU9+AES9+AEQ9 -> 0 | AFH9: =AFF9+AFD9+AFB9+AEZ9+AEX9+AEV9+AET9+AER9 -> 0 | AFI9: =AFH9+AFG9 -> 0 | AFZ9: =AFX9+AFV9+AFT9+AFR9+AFP9+AFN9+AFL9+AFJ9 -> 0 | AGA9: =AFY9+AFW9+AFU9+AFS9+AFQ9+AFO9+AFM9+AFK9 -> 0 | AGB9: =AGA9+AFZ9 -> 0 | AGS9: =AGQ9+AGO9+AGM9+AGK9+AGI9+AGG9+AGE9+AGC9 -> 0 | AGT9: =AGR9+AGP9+AGN9+AGL9+AGJ9+AGH9+AGF9+AGD9 -> 0 | AGU9: =AGT9+AGS9 -> 0 | AHL9: =AHJ9+AHH9+AHF9+AHD9+AHB9+AGZ9+AGX9+AGV9 -> 0 | AHM9: =AHK9+AHI9+AHG9+AHE9+AHC9+AHA9+AGY9+AGW9 -> 0 | AHN9: =AHM9+AHL9 -> 0 | AIE9: =AIC9+AIA9+AHY9+AHW9+AHU9+AHS9+AHQ9+AHO9 -> 0 | AIF9: =AID9+AIB9+AHZ9+AHX9+AHV9+AHT9+AHR9+AHP9 -> 0 | AIG9: =AIF9+AIE9 -> 0 | AIX9: =AIV9+AIT9+AIR9+AIP9+AIN9+AIL9+AIJ9+AIH9 -> 0 | AIY9: =AIW9+AIU9+AIS9+AIQ9+AIO9+AIM9+AIK9+AII9 -> 0 | AIZ9: =AIY9+AIX9 -> 0 | AJA9: =AIH9+AGV9+AGC9+AFJ9+AEQ9+ADX9+ADE9+ACL9+ABS9+AAZ9+AAG9+ZN9+YU9+YB9+XI9+WP9+VW9+VD9+UK9+TR9+SY9+SF9+RM9+QT9+QA9+PH9+OO9+NV9+NC9+MJ9+LQ9+AHO9 -> 0 | AJB9: =AII9+AGW9+AGD9+AFK9+AER9+ADY9+ADF9+ACM9+ABT9+ABA9+AAH9+ZO9+YV9+YC9+XJ9+WQ9+VX9+VE9+UL9+TS9+SZ9+SG9+RN9+QU9+QB9+PI9+OP9+NW9+ND9+MK9+LR9+AHP9 -> 0 | AJC9: =AIJ9+AGX9+AGE9+AFL9+AES9+ADZ9+ADG9+ACN9+ABU9+ABB9+AAI9+ZP9+YW9+YD9+XK9+WR9+VY9+VF9+UM9+TT9+TA9+SH9+RO9+QV9+QC9+PJ9+OQ9+NX9+NE9+ML9+LS9+AHQ9 -> 0 | AJD9: =AIK9+AGY9+AGF9+AFM9+AET9+AEA9+ADH9+ACO9+ABV9+ABC9+AAJ9+ZQ9+YX9+YE9+XL9+WS9+VZ9+VG9+UN9+TU9+TB9+SI9+RP9+QW9+QD9+PK9+OR9+NY9+NF9+MM9+LT9+AHR9 -> 0 | AJE9: =AIL9+AGZ9+AGG9+AFN9+AEU9+AEB9+ADI9+ACP9+ABW9+ABD9+AAK9+ZR9+YY9+YF9+XM9+WT9+WA9+VH9+UO9+TV9+TC9+SJ9+RQ9+QX9+QE9+PL9+OS9+NZ9+NG9+MN9+LU9+AHS9 -> 0 | AJF9: =AIM9+AHA9+AGH9+AFO9+AEV9+AEC9+ADJ9+ACQ9+ABX9+ABE9+AAL9+ZS9+YZ9+YG9+XN9+WU9+WB9+VI9+UP9+TW9+TD9+SK9+RR9+QY9+QF9+PM9+OT9+OA9+NH9+MO9+LV9+AHT9 -> 3 | AJG9: =AIN9+AHB9+AGI9+AFP9+AEW9+AED9+ADK9+ACR9+ABY9+ABF9+AAM9+ZT9+ZA9+YH9+XO9+WV9+WC9+VJ9+UQ9+TX9+TE9+SL9+RS9+QZ9+QG9+PN9+OU9+OB9+NI9+MP9+LW9+AHU9 -> 0 | AJH9: =AIO9+AHC9+AGJ9+AFQ9+AEX9+AEE9+ADL9+ACS9+ABZ9+ABG9+AAN9+ZU9+ZB9+YI9+XP9+WW9+WD9+VK9+UR9+TY9+TF9+SM9+RT9+RA9+QH9+PO9+OV9+OC9+NJ9+MQ9+LX9+AHV9 -> 8 | ... AJP9: =AIW9+AHK9+AGR9+AFY9+AFF9+AEM9+ADT9+ADA9+ACH9+ABO9+AAV9+AAC9+ZJ9+YQ9+XX9+XE9+WL9+VS9+UZ9+UG9+TN9+SU9+SB9+RI9+QP9+PW9+PD9+OK9+NR9+MY9+MF9+AID9 -> 0 | AJQ9: =AJO9+AJM9+AJK9+AJI9+AJE9+AJG9+AJC9+AJA9 -> 0 | AJR9: =AJP9+AJN9+AJL9+AJJ9+AJF9+AJH9+AJD9+AJB9 -> 16 | AJS9: =AJR9+AJQ9 -> 16 | AJW9: 10 | AJY9: 3 | AKA9: 3 | AKB9: =AJX9+AJV9+AJT9+AJZ9 -> 0 | AKC9: =AJY9+AJW9+AJU9+AKA9 -> 16 | AKD9: =AKC9+AKB9 -> 16 | AKH9: 4 | AKJ9: 7 | AKL9: 3 | AKN9: 2 | AKO9: =AKM9+AKK9+AKI9+AKG9+AKE9 -> 0 | AKP9: =AKN9+AKL9+AKJ9+AKH9+AKF9 -> 16 | AKQ9: =AKP9+AKO9 -> 16 | AKS9: 1 | AKU9: 15 | AKZ9: =AKX9+AKV9+AKT9+AKR9 -> 0 | ALA9: =AKY9+AKW9+AKU9+AKS9 -> 16 | ALB9: =SUM(AKZ9:ALA9) -> 16 | ALD9: 2 | AOH9: 2 | AOM9: 1 | AOY9: =AOX9+AOW9 -> 0 | APA9: 1 | APP9: هدى اسماعيل خليل | APQ9: 7831135628 | APR9: 7815726038
A10: خلاصة قضاء النجف الاشرف | F10: =SUM(F6:F9) -> 2 | G10: =SUM(G6:G9) -> 2 | H10: =SUM(H6:H9) -> 0 | I10: =SUM(I6:I9) -> 4 | J10: =SUM(J6:J9) -> 0 | K10: =SUM(K6:K9) -> 2 | L10: =SUM(L6:L9) -> 0 | M10: =SUM(M6:M9) -> 0 | ... LM10: =SUM(LM6:LM9) -> 2 | LN10: =LL10+KV10+LJ10+LH10+LF10+LD10+LB10+KZ10+KX10 -> 57 | LO10: =LM10+KW10+LK10+LI10+LG10+LE10+LC10+LA10+KY10 -> 40 | LP10: =SUM(LP6:LP9) -> 97 | LQ10: =SUM(LQ6:LQ9) -> 0 | LR10: =SUM(LR6:LR9) -> 0 | LS10: =SUM(LS6:LS9) -> 0 | LT10: =SUM(LT6:LT9) -> 0 | LU10: =SUM(LU6:LU9) -> 0 | LV10: =SUM(LV6:LV9) -> 0 | LW10: =SUM(LW6:LW9) -> 0 | ... ALF10: =SUM(ALF6:ALF9) -> 0 | ALJ10: =SUM(ALJ6:ALJ9) -> 2 | ALK10: =SUM(ALK6:ALK9) -> 1 | ALL10: =SUM(ALL6:ALL9) -> 0 | ALM10: =SUM(ALM6:ALM9) -> 2 | ALN10: =SUM(ALN6:ALN9) -> 1 | ALO10: =SUM(ALO6:ALO9) -> 1 | ALP10: =SUM(ALP6:ALP9) -> 2 | ALQ10: =SUM(ALQ6:ALQ9) -> 6 | ... APO10: =SUM(APO6:APO9) -> 0
D11: لايوجد معاهد في قضاء الكوفة | AP11: =AN11+AL11+AJ11+AH11+AF11+AD11+AB11+Z11+X11 -> 0 | AQ11: =AO11+AM11+AK11+AI11+AG11+AE11+AC11+AA11+Y11 -> 0 | AR11: =AQ11+AP11 -> 0 | BK11: =BI11+BG11+BE11+BC11+BA11+AY11+AW11+AU11+AS11 -> 0 | BL11: =BJ11+BH11+BF11+BD11+BB11+AZ11+AX11+AV11+AT11 -> 0 | BM11: =BL11+BK11 -> 0 | CD11: =CB11+BZ11+BX11+BV11+BT11+BR11+BP11+BN11 -> 0 | CE11: =CC11+CA11+BY11+BW11+BU11+BS11+BQ11+BO11 -> 0 | CF11: =CE11+CD11 -> 0 | CU11: =CS11+CQ11+CO11+CM11+CK11+CI11+CG11 -> 0 | CV11: =CT11+CR11+CP11+CN11+CL11+CJ11+CH11 -> 0 | CW11: =CV11+CU11 -> 0 | DJ11: =DH11+DF11+DD11+DB11+CZ11+CX11 -> 0 | DK11: =DI11+DG11+DE11+DC11+DA11+CY11 -> 0 | DL11: =DK11+DJ11 -> 0 | DW11: =DU11+DS11+DQ11+DO11+DM11 -> 0 | DX11: =DV11+DT11+DR11+DP11+DN11 -> 0 | DY11: =DX11+DW11 -> 0 | DZ11: =AS11 -> 0 | EA11: =AT11 -> 0 | EB11: =BN11+AU11 -> 0 | EC11: =BO11+AV11 -> 0 | ED11: =CG11+BP11+AW11 -> 0 | EE11: =CH11+BQ11+AX11 -> 0 | EF11: =CX11+CI11+BR11+AY11 -> 0 | EG11: =CY11+CJ11+BS11+AZ11 -> 0 | EH11: =DM11+CZ11+CK11+BT11+BA11 -> 0 | EI11: =DN11+DA11+CL11+BU11+BB11+AG11 -> 0 | EJ11: =DO11+DB11+CM11+BV11+BC11 -> 0 | EK11: =DP11+DC11+CN11+BW11+BD11 -> 0 | EL11: =DQ11+DD11+CO11+BX11+BE11 -> 0 | EM11: =DR11+DE11+CP11+BY11+BF11 -> 0 | EN11: =DS11+DF11+CQ11+BZ11+BG11 -> 0 | EO11: =DT11+DG11+CR11+CA11+BH11 -> 0 | EP11: =DU11+DH11+CS11+CB11+BI11 -> 0 | EQ11: =DV11+DI11+CT11+CC11+BJ11 -> 0 | ER11: =EP11+EN11+EL11+EJ11+EH11+EF11+ED11+EB11+DZ11 -> 0 | ES11: =EQ11+EO11+EM11+EK11+EI11+EG11+EE11+EC11+EA11 -> 0 | ET11: =ES11+ER11 -> 0 | FG11: =FC11+FA11+EY11+EW11+EU11 -> 0 | FH11: =FD11+FB11+EZ11+EX11+EV11 -> 0 | FI11: =FH11+FG11 -> 0 | FY11: =FV11+FS11+FP11+FM11+FJ11 -> 0 | FZ11: =FW11+FT11+FQ11+FN11+FK11 -> 0 | GA11: =FX11+FU11+FR11+FO11+FL11 -> 0 | GB11: =GA11+FZ11+FY11 -> 0 | GM11: =GK11+GI11+GG11+GE11+GC11 -> 0 | GN11: =GL11+GJ11+GH11+GF11+GD11 -> 0 | GO11: =GN11+GM11 -> 0 | HM11: =HK11+HI11+HG11+HE11+HC11 -> 0 | HN11: =HL11+HJ11+HH11+HF11+HD11 -> 0 | HO11: =HN11+HM11 -> 0 | HZ11: =HX11+HV11+HT11+HR11+HP11 -> 0 | IA11: =HY11+HW11+HU11+HS11+HQ11 -> 0 | IB11: =IA11+HZ11 -> 0 | IM11: =IK11+II11+IG11+IE11+IC11 -> 0 | IN11: =IL11+IJ11+IH11+IF11+ID11 -> 0 | IO11: =IN11+IM11 -> 0 | IZ11: =IX11+IV11+IT11+IR11+IP11 -> 0 | JA11: =IY11+IW11+IU11+IS11+IQ11 -> 0 | JB11: =JA11+IZ11 -> 0 | JM11: =JK11+JI11+JG11+JE11+JC11 -> 0 | JN11: =JL11+JJ11+JH11+JF11+JD11 -> 0 | JO11: =JN11+JM11 -> 0 | KJ11: =KH11+KD11+KB11+JZ11+JX11+JV11+JT11+JP11+JR11+KF11 -> 0 | KK11: =KI11+KE11+KC11+KA11+JY11+JW11+JU11+JQ11+JS11+KG11 -> 0 | KL11: =KK11+KJ11 -> 0 | KS11: =KQ11+KO11+KM11 -> 0 | KT11: =KR11+KP11+KN11 -> 0 | KU11: =KT11+KS11 -> 0 | LN11: =LL11+KV11+LJ11+LH11+LF11+LD11+LB11+KZ11+KX11 -> 0 | LO11: =LM11+KW11+LK11+LI11+LG11+LE11+LC11+LA11+KY11 -> 0 | LP11: =LO11+LN11 -> 0 | MG11: =ME11+MC11+MA11+LY11+LW11+LU11+LS11+LQ11 -> 0 | MH11: =MF11+MD11+MB11+LZ11+LX11+LV11+LT11+LR11 -> 0 | MI11: =MH11+MG11 -> 0 | MZ11: =MX11+MV11+MT11+MR11+MP11+MN11+ML11+MJ11 -> 0 | NA11: =MY11+MW11+MU11+MS11+MQ11+MO11+MM11+MK11 -> 0 | NB11: =NA11+MZ11 -> 0 | NS11: =NQ11+NO11+NM11+NK11+NI11+NG11+NE11+NC11 -> 0 | NT11: =NR11+NP11+NN11+NL11+NJ11+NH11+NF11+ND11 -> 0 | NU11: =NT11+NS11 -> 0 | OL11: =OJ11+OH11+OF11+OD11+OB11+NZ11+NX11+NV11 -> 0 | OM11: =OK11+OI11+OG11+OE11+OC11+OA11+NY11+NW11 -> 0 | ON11: =OM11+OL11 -> 0 | PE11: =PC11+PA11+OY11+OW11+OU11+OS11+OQ11+OO11 -> 0 | PF11: =PD11+PB11+OZ11+OX11+OV11+OT11+OR11+OP11 -> 0 | PG11: =PF11+PE11 -> 0 | PX11: =PV11+PT11+PR11+PP11+PN11+PL11+PJ11+PH11 -> 0 | PY11: =PW11+PU11+PS11+PQ11+PO11+PM11+PK11+PI11 -> 0 | PZ11: =PY11+PX11 -> 0 | QQ11: =QO11+QM11+QK11+QI11+QG11+QE11+QC11+QA11 -> 0 | QR11: =QP11+QN11+QL11+QJ11+QH11+QF11+QD11+QB11 -> 0 | QS11: =QR11+QQ11 -> 0 | RJ11: =RH11+RF11+RD11+RB11+QZ11+QX11+QV11+QT11 -> 0 | RK11: =RI11+RG11+RE11+RC11+RA11+QY11+QW11+QU11 -> 0 | RL11: =RK11+RJ11 -> 0 | SC11: =SA11+RY11+RW11+RU11+RS11+RQ11+RO11+RM11 -> 0 | SD11: =SB11+RZ11+RX11+RV11+RT11+RR11+RP11+RN11 -> 0 | SE11: =SD11+SC11 -> 0 | SV11: =ST11+SR11+SP11+SN11+SL11+SJ11+SH11+SF11 -> 0 | SW11: =SU11+SS11+SQ11+SO11+SM11+SK11+SI11+SG11 -> 0 | SX11: =SW11+SV11 -> 0 | TO11: =TM11+TK11+TI11+TG11+TE11+TC11+TA11+SY11 -> 0 | TP11: =TN11+TL11+TJ11+TH11+TF11+TD11+TB11+SZ11 -> 0 | TQ11: =TP11+TO11 -> 0 | UH11: =UF11+UD11+UB11+TZ11+TX11+TV11+TT11+TR11 -> 0 | UI11: =UG11+UE11+UC11+UA11+TY11+TW11+TU11+TS11 -> 0 | UJ11: =UI11+UH11 -> 0 | VA11: =UY11+UW11+UU11+US11+UQ11+UO11+UM11+UK11 -> 0 | VB11: =UZ11+UX11+UV11+UT11+UR11+UP11+UN11+UL11 -> 0 | VC11: =VB11+VA11 -> 0 | VT11: =VR11+VP11+VN11+VL11+VJ11+VH11+VF11+VD11 -> 0 | VU11: =VS11+VQ11+VO11+VM11+VK11+VI11+VG11+VE11 -> 0 | VV11: =VU11+VT11 -> 0 | WM11: =WK11+WI11+WG11+WE11+WC11+WA11+VY11+VW11 -> 0 | WN11: =WL11+WJ11+WH11+WF11+WD11+WB11+VZ11+VX11 -> 0 | WO11: =WN11+WM11 -> 0 | XF11: =XD11+XB11+WZ11+WX11+WV11+WT11+WR11+WP11 -> 0 | XG11: =XE11+XC11+XA11+WY11+WW11+WU11+WS11+WQ11 -> 0 | XH11: =XG11+XF11 -> 0 | XY11: =XW11+XU11+XS11+XQ11+XO11+XM11+XK11+XI11 -> 0 | XZ11: =XX11+XV11+XT11+XR11+XP11+XN11+XL11+XJ11 -> 0 | YA11: =XZ11+XY11 -> 0 | YR11: =YP11+YN11+YL11+YJ11+YH11+YF11+YD11+YB11 -> 0 | YS11: =YQ11+YO11+YM11+YK11+YI11+YG11+YE11+YC11 -> 0 | YT11: =YS11+YR11 -> 0 | ZK11: =ZI11+ZG11+ZE11+ZC11+ZA11+YY11+YW11+YU11 -> 0 | ZL11: =ZJ11+ZH11+ZF11+ZD11+ZB11+YZ11+YX11+YV11 -> 0 | ZM11: =ZL11+ZK11 -> 0 | AAD11: =AAB11+ZZ11+ZX11+ZV11+ZT11+ZR11+ZP11+ZN11 -> 0 | AAE11: =AAC11+AAA11+ZY11+ZW11+ZU11+ZS11+ZQ11+ZO11 -> 0 | AAF11: =AAE11+AAD11 -> 0 | AAW11: =AAU11+AAS11+AAQ11+AAO11+AAM11+AAK11+AAI11+AAG11 -> 0 | AAX11: =AAV11+AAT11+AAR11+AAP11+AAN11+AAL11+AAJ11+AAH11 -> 0 | AAY11: =AAX11+AAW11 -> 0 | ABP11: =ABN11+ABL11+ABJ11+ABH11+ABF11+ABD11+ABB11+AAZ11 -> 0 | ABQ11: =ABO11+ABM11+ABK11+ABI11+ABG11+ABE11+ABC11+ABA11 -> 0 | ABR11: =ABQ11+ABP11 -> 0 | ACI11: =ACG11+ACE11+ACC11+ACA11+ABY11+ABW11+ABU11+ABS11 -> 0 | ACJ11: =ACH11+ACF11+ACD11+ACB11+ABZ11+ABX11+ABV11+ABT11 -> 0 | ACK11: =ACJ11+ACI11 -> 0 | ADB11: =ACZ11+ACX11+ACV11+ACT11+ACR11+ACP11+ACN11+ACL11 -> 0 | ADC11: =ADA11+ACY11+ACW11+ACU11+ACS11+ACQ11+ACO11+ACM11 -> 0 | ADD11: =ADC11+ADB11 -> 0 | ADU11: =ADS11+ADQ11+ADO11+ADM11+ADK11+ADI11+ADG11+ADE11 -> 0 | ADV11: =ADT11+ADR11+ADP11+ADN11+ADL11+ADJ11+ADH11+ADF11 -> 0 | ADW11: =ADV11+ADU11 -> 0 | AEN11: =AEL11+AEJ11+AEH11+AEF11+AED11+AEB11+ADZ11+ADX11 -> 0 | AEO11: =AEM11+AEK11+AEI11+AEG11+AEE11+AEC11+AEA11+ADY11 -> 0 | AEP11: =AEO11+AEN11 -> 0 | AFG11: =AFE11+AFC11+AFA11+AEY11+AEW11+AEU11+AES11+AEQ11 -> 0 | AFH11: =AFF11+AFD11+AFB11+AEZ11+AEX11+AEV11+AET11+AER11 -> 0 | AFI11: =AFH11+AFG11 -> 0 | AFZ11: =AFX11+AFV11+AFT11+AFR11+AFP11+AFN11+AFL11+AFJ11 -> 0 | AGA11: =AFY11+AFW11+AFU11+AFS11+AFQ11+AFO11+AFM11+AFK11 -> 0 | AGB11: =AGA11+AFZ11 -> 0 | AGS11: =AGQ11+AGO11+AGM11+AGK11+AGI11+AGG11+AGE11+AGC11 -> 0 | AGT11: =AGR11+AGP11+AGN11+AGL11+AGJ11+AGH11+AGF11+AGD11 -> 0 | AGU11: =AGT11+AGS11 -> 0 | AHL11: =AHJ11+AHH11+AHF11+AHD11+AHB11+AGZ11+AGX11+AGV11 -> 0 | AHM11: =AHK11+AHI11+AHG11+AHE11+AHC11+AHA11+AGY11+AGW11 -> 0 | AHN11: =AHM11+AHL11 -> 0 | AIX11: =AIV11+AIT11+AIR11+AIP11+AIN11+AIL11+AIJ11+AIH11 -> 0 | AIY11: =AIW11+AIU11+AIS11+AIQ11+AIO11+AIM11+AIK11+AII11 -> 0 | AIZ11: =AIY11+AIX11 -> 0 | AJA11: =AIH11+AGV11+AGC11+AFJ11+AEQ11+ADX11+ADE11+ACL11+ABS11+AAZ11+AAG11+ZN11+YU11+YB11+XI11+WP11+VW11+VD11+UK11+TR11+SY11+SF11+RM11+QT11+QA11+PH11+OO11+NV11+NC11+MJ11+LQ11 -> 0 | AJB11: =AII11+AGW11+AGD11+AFK11+AER11+ADY11+ADF11+ACM11+ABT11+ABA11+AAH11+ZO11+YV11+YC11+XJ11+WQ11+VX11+VE11+UL11+TS11+SZ11+SG11+RN11+QU11+QB11+PI11+OP11+NW11+ND11+MK11+LR11 -> 0 | AJC11: =AIJ11+AGX11+AGE11+AFL11+AES11+ADZ11+ADG11+ACN11+ABU11+ABB11+AAI11+ZP11+YW11+YD11+XK11+WR11+VY11+VF11+UM11+TT11+TA11+SH11+RO11+QV11+QC11+PJ11+OQ11+NX11+NE11+ML11+LS11 -> 0 | AJD11: =AIK11+AGY11+AGF11+AFM11+AET11+AEA11+ADH11+ACO11+ABV11+ABC11+AAJ11+ZQ11+YX11+YE11+XL11+WS11+VZ11+VG11+UN11+TU11+TB11+SI11+RP11+QW11+QD11+PK11+OR11+NY11+NF11+MM11+LT11 -> 0 | AJE11: =AIN11+AHB11+AGI11+AFP11+AEW11+AED11+ADK11+ACR11+ABY11+ABF11+AAM11+ZT11+ZA11+YH11+XO11+WV11+WC11+VJ11+UQ11+TX11+TE11+SL11+RS11+QZ11+QG11+PN11+OU11+OB11+NI11+MP11+LW11 -> 0 | AJF11: =AIO11+AHC11+AGJ11+AFQ11+AEX11+AEE11+ADL11+ACS11+ABZ11+ABG11+AAN11+ZU11+ZB11+YI11+XP11+WW11+WD11+VK11+UR11+TY11+TF11+SM11+RT11+RA11+QH11+PO11+OV11+OC11+NJ11+MQ11+LX11 -> 0 | AJG11: =AIL11+AGZ11+AGG11+AFN11+AEU11+AEB11+ADI11+ACP11+ABW11+ABD11+AAK11+ZR11+YY11+YF11+XM11+WT11+WA11+VH11+UO11+TV11+TC11+SJ11+RQ11+QX11+QE11+PL11+OS11+NZ11+NG11+MN11+LU11 -> 0 | AJH11: =AIM11+AHA11+AGH11+AFO11+AEV11+AEC11+ADJ11+ACQ11+ABX11+ABE11+AAL11+ZS11+YZ11+YG11+XN11+WU11+WB11+VI11+UP11+TW11+TD11+SK11+RR11+QY11+QF11+PM11+OT11+OA11+NH11+MO11+LV11 -> 0 | AJI11: =AIP11+AHD11+AGK11+AFR11+AEY11+AEF11+ADM11+ACT11+ACA11+ABH11+AAO11+ZV11+ZC11+YJ11+XQ11+WX11+WE11+VL11+US11+TZ11+TG11+SN11+RU11+RB11+QI11+PP11+OW11+OD11+NK11+MR11+LY11 -> 0 | AJJ11: =AIQ11+AHE11+AGL11+AFS11+AEZ11+AEG11+ADN11+ACU11+ACB11+ABI11+AAP11+ZW11+ZD11+YK11+XR11+WY11+WF11+VM11+UT11+UA11+TH11+SO11+RV11+RC11+QJ11+PQ11+OX11+OE11+NL11+MS11+LZ11 -> 0 | AJK11: =AIR11+AHF11+AGM11+AFT11+AFA11+AEH11+ADO11+ACV11+ACC11+ABJ11+AAQ11+ZX11+ZE11+YL11+XS11+WZ11+WG11+VN11+UU11+UB11+TI11+SP11+RW11+RD11+QK11+PR11+OY11+OF11+NM11+MT11+MA11 -> 0 | AJL11: =AIS11+AHG11+AGN11+AFU11+AFB11+AEI11+ADP11+ACW11+ACD11+ABK11+AAR11+ZY11+ZF11+YM11+XT11+XA11+WH11+VO11+UV11+UC11+TJ11+SQ11+RX11+RE11+QL11+PS11+OZ11+OG11+NN11+MU11+MB11 -> 0 | AJM11: =AIT11+AHH11+AGO11+AFV11+AFC11+AEJ11+ADQ11+ACX11+ACE11+ABL11+AAS11+ZZ11+ZG11+YN11+XU11+XB11+WI11+VP11+UW11+UD11+TK11+SR11+RY11+RF11+QM11+PT11+PA11+OH11+NO11+MV11+MC11 -> 0 | AJN11: =AIU11+AHI11+AGP11+AFW11+AFD11+AEK11+ADR11+ACY11+ACF11+ABM11+AAT11+AAA11+ZH11+YO11+XV11+XC11+WJ11+VQ11+UX11+UE11+TL11+SS11+RZ11+RG11+QN11+PU11+PB11+OI11+NP11+MW11+MD11 -> 0 | AJO11: =AIV11+AHJ11+AGQ11+AFX11+AFE11+AEL11+ADS11+ACZ11+ACG11+ABN11+AAU11+AAB11+ZI11+YP11+XW11+XD11+WK11+VR11+UY11+UF11+TM11+ST11+SA11+RH11+QO11+PV11+PC11+OJ11+NQ11+MX11+ME11 -> 0 | AJP11: =AIW11+AHK11+AGR11+AFY11+AFF11+AEM11+ADT11+ADA11+ACH11+ABO11+AAV11+AAC11+ZJ11+YQ11+XX11+XE11+WL11+VS11+UZ11+UG11+TN11+SU11+SB11+RI11+QP11+PW11+PD11+OK11+NR11+MY11+MF11 -> 0 | AJQ11: =AJO11+AJM11+AJK11+AJI11+AJE11+AJG11+AJC11+AJA11 -> 0 | AJR11: =AJP11+AJN11+AJL11+AJJ11+AJF11+AJH11+AJD11+AJB11 -> 0 | AJS11: =AJR11+AJQ11 -> 0 | ALT11: =ALS11+ALR11 -> 0 | AOY11: =AOX11+AOW11 -> 0
AP12: =AN12+AL12+AJ12+AH12+AF12+AD12+AB12+Z12+X12 -> 0 | AQ12: =AO12+AM12+AK12+AI12+AG12+AE12+AC12+AA12+Y12 -> 0 | AR12: =AQ12+AP12 -> 0 | BK12: =BI12+BG12+BE12+BC12+BA12+AY12+AW12+AU12+AS12 -> 0 | BL12: =BJ12+BH12+BF12+BD12+BB12+AZ12+AX12+AV12+AT12 -> 0 | BM12: =BL12+BK12 -> 0 | CD12: =CB12+BZ12+BX12+BV12+BT12+BR12+BP12+BN12 -> 0 | CE12: =CC12+CA12+BY12+BW12+BU12+BS12+BQ12+BO12 -> 0 | CF12: =CE12+CD12 -> 0 | CU12: =CS12+CQ12+CO12+CM12+CK12+CI12+CG12 -> 0 | CV12: =CT12+CR12+CP12+CN12+CL12+CJ12+CH12 -> 0 | CW12: =CV12+CU12 -> 0 | DJ12: =DH12+DF12+DD12+DB12+CZ12+CX12 -> 0 | DK12: =DI12+DG12+DE12+DC12+DA12+CY12 -> 0 | DL12: =DK12+DJ12 -> 0 | DW12: =DU12+DS12+DQ12+DO12+DM12 -> 0 | DX12: =DV12+DT12+DR12+DP12+DN12 -> 0 | DY12: =DX12+DW12 -> 0 | DZ12: =AS12 -> 0 | EA12: =AT12 -> 0 | EB12: =BN12+AU12 -> 0 | EC12: =BO12+AV12 -> 0 | ED12: =CG12+BP12+AW12 -> 0 | EE12: =CH12+BQ12+AX12 -> 0 | EF12: =CX12+CI12+BR12+AY12 -> 0 | EG12: =CY12+CJ12+BS12+AZ12 -> 0 | EH12: =DM12+CZ12+CK12+BT12+BA12 -> 0 | EI12: =DN12+DA12+CL12+BU12+BB12+AG12 -> 0 | EJ12: =DO12+DB12+CM12+BV12+BC12 -> 0 | EK12: =DP12+DC12+CN12+BW12+BD12 -> 0 | EL12: =DQ12+DD12+CO12+BX12+BE12 -> 0 | EM12: =DR12+DE12+CP12+BY12+BF12 -> 0 | EN12: =DS12+DF12+CQ12+BZ12+BG12 -> 0 | EO12: =DT12+DG12+CR12+CA12+BH12 -> 0 | EP12: =DU12+DH12+CS12+CB12+BI12 -> 0 | EQ12: =DV12+DI12+CT12+CC12+BJ12 -> 0 | ER12: =EP12+EN12+EL12+EJ12+EH12+EF12+ED12+EB12+DZ12 -> 0 | ES12: =EQ12+EO12+EM12+EK12+EI12+EG12+EE12+EC12+EA12 -> 0 | ET12: =ES12+ER12 -> 0 | FG12: =FC12+FA12+EY12+EW12+EU12 -> 0 | FH12: =FD12+FB12+EZ12+EX12+EV12 -> 0 | FI12: =FH12+FG12 -> 0 | FY12: =FV12+FS12+FP12+FM12+FJ12 -> 0 | FZ12: =FW12+FT12+FQ12+FN12+FK12 -> 0 | GA12: =FX12+FU12+FR12+FO12+FL12 -> 0 | GB12: =GA12+FZ12+FY12 -> 0 | GM12: =GK12+GI12+GG12+GE12+GC12 -> 0 | GN12: =GL12+GJ12+GH12+GF12+GD12 -> 0 | GO12: =GN12+GM12 -> 0 | HM12: =HK12+HI12+HG12+HE12+HC12 -> 0 | HN12: =HL12+HJ12+HH12+HF12+HD12 -> 0 | HO12: =HN12+HM12 -> 0 | HZ12: =HX12+HV12+HT12+HR12+HP12 -> 0 | IA12: =HY12+HW12+HU12+HS12+HQ12 -> 0 | IB12: =IA12+HZ12 -> 0 | IM12: =IK12+II12+IG12+IE12+IC12 -> 0 | IN12: =IL12+IJ12+IH12+IF12+ID12 -> 0 | IO12: =IN12+IM12 -> 0 | IZ12: =IX12+IV12+IT12+IR12+IP12 -> 0 | JA12: =IY12+IW12+IU12+IS12+IQ12 -> 0 | JB12: =JA12+IZ12 -> 0 | JM12: =JK12+JI12+JG12+JE12+JC12 -> 0 | JN12: =JL12+JJ12+JH12+JF12+JD12 -> 0 | JO12: =JN12+JM12 -> 0 | KJ12: =KH12+KD12+KB12+JZ12+JX12+JV12+JT12+JP12+JR12+KF12 -> 0 | KK12: =KI12+KE12+KC12+KA12+JY12+JW12+JU12+JQ12+JS12+KG12 -> 0 | KL12: =KK12+KJ12 -> 0 | KS12: =KQ12+KO12+KM12 -> 0 | KT12: =KR12+KP12+KN12 -> 0 | KU12: =KT12+KS12 -> 0 | LN12: =LL12+KV12+LJ12+LH12+LF12+LD12+LB12+KZ12+KX12 -> 0 | LO12: =LM12+KW12+LK12+LI12+LG12+LE12+LC12+LA12+KY12 -> 0 | LP12: =LO12+LN12 -> 0 | MG12: =ME12+MC12+MA12+LY12+LW12+LU12+LS12+LQ12 -> 0 | MH12: =MF12+MD12+MB12+LZ12+LX12+LV12+LT12+LR12 -> 0 | MI12: =MH12+MG12 -> 0 | MZ12: =MX12+MV12+MT12+MR12+MP12+MN12+ML12+MJ12 -> 0 | NA12: =MY12+MW12+MU12+MS12+MQ12+MO12+MM12+MK12 -> 0 | NB12: =NA12+MZ12 -> 0 | NS12: =NQ12+NO12+NM12+NK12+NI12+NG12+NE12+NC12 -> 0 | NT12: =NR12+NP12+NN12+NL12+NJ12+NH12+NF12+ND12 -> 0 | NU12: =NT12+NS12 -> 0 | OL12: =OJ12+OH12+OF12+OD12+OB12+NZ12+NX12+NV12 -> 0 | OM12: =OK12+OI12+OG12+OE12+OC12+OA12+NY12+NW12 -> 0 | ON12: =OM12+OL12 -> 0 | PE12: =PC12+PA12+OY12+OW12+OU12+OS12+OQ12+OO12 -> 0 | PF12: =PD12+PB12+OZ12+OX12+OV12+OT12+OR12+OP12 -> 0 | PG12: =PF12+PE12 -> 0 | PX12: =PV12+PT12+PR12+PP12+PN12+PL12+PJ12+PH12 -> 0 | PY12: =PW12+PU12+PS12+PQ12+PO12+PM12+PK12+PI12 -> 0 | PZ12: =PY12+PX12 -> 0 | QQ12: =QO12+QM12+QK12+QI12+QG12+QE12+QC12+QA12 -> 0 | QR12: =QP12+QN12+QL12+QJ12+QH12+QF12+QD12+QB12 -> 0 | QS12: =QR12+QQ12 -> 0 | RJ12: =RH12+RF12+RD12+RB12+QZ12+QX12+QV12+QT12 -> 0 | RK12: =RI12+RG12+RE12+RC12+RA12+QY12+QW12+QU12 -> 0 | RL12: =RK12+RJ12 -> 0 | SC12: =SA12+RY12+RW12+RU12+RS12+RQ12+RO12+RM12 -> 0 | SD12: =SB12+RZ12+RX12+RV12+RT12+RR12+RP12+RN12 -> 0 | SE12: =SD12+SC12 -> 0 | SV12: =ST12+SR12+SP12+SN12+SL12+SJ12+SH12+SF12 -> 0 | SW12: =SU12+SS12+SQ12+SO12+SM12+SK12+SI12+SG12 -> 0 | SX12: =SW12+SV12 -> 0 | TO12: =TM12+TK12+TI12+TG12+TE12+TC12+TA12+SY12 -> 0 | TP12: =TN12+TL12+TJ12+TH12+TF12+TD12+TB12+SZ12 -> 0 | TQ12: =TP12+TO12 -> 0 | UH12: =UF12+UD12+UB12+TZ12+TX12+TV12+TT12+TR12 -> 0 | UI12: =UG12+UE12+UC12+UA12+TY12+TW12+TU12+TS12 -> 0 | UJ12: =UI12+UH12 -> 0 | VA12: =UY12+UW12+UU12+US12+UQ12+UO12+UM12+UK12 -> 0 | VB12: =UZ12+UX12+UV12+UT12+UR12+UP12+UN12+UL12 -> 0 | VC12: =VB12+VA12 -> 0 | VT12: =VR12+VP12+VN12+VL12+VJ12+VH12+VF12+VD12 -> 0 | VU12: =VS12+VQ12+VO12+VM12+VK12+VI12+VG12+VE12 -> 0 | VV12: =VU12+VT12 -> 0 | WM12: =WK12+WI12+WG12+WE12+WC12+WA12+VY12+VW12 -> 0 | WN12: =WL12+WJ12+WH12+WF12+WD12+WB12+VZ12+VX12 -> 0 | WO12: =WN12+WM12 -> 0 | XF12: =XD12+XB12+WZ12+WX12+WV12+WT12+WR12+WP12 -> 0 | XG12: =XE12+XC12+XA12+WY12+WW12+WU12+WS12+WQ12 -> 0 | XH12: =XG12+XF12 -> 0 | XY12: =XW12+XU12+XS12+XQ12+XO12+XM12+XK12+XI12 -> 0 | XZ12: =XX12+XV12+XT12+XR12+XP12+XN12+XL12+XJ12 -> 0 | YA12: =XZ12+XY12 -> 0 | YR12: =YP12+YN12+YL12+YJ12+YH12+YF12+YD12+YB12 -> 0 | YS12: =YQ12+YO12+YM12+YK12+YI12+YG12+YE12+YC12 -> 0 | YT12: =YS12+YR12 -> 0 | ZK12: =ZI12+ZG12+ZE12+ZC12+ZA12+YY12+YW12+YU12 -> 0 | ZL12: =ZJ12+ZH12+ZF12+ZD12+ZB12+YZ12+YX12+YV12 -> 0 | ZM12: =ZL12+ZK12 -> 0 | AAD12: =AAB12+ZZ12+ZX12+ZV12+ZT12+ZR12+ZP12+ZN12 -> 0 | AAE12: =AAC12+AAA12+ZY12+ZW12+ZU12+ZS12+ZQ12+ZO12 -> 0 | AAF12: =AAE12+AAD12 -> 0 | AAW12: =AAU12+AAS12+AAQ12+AAO12+AAM12+AAK12+AAI12+AAG12 -> 0 | AAX12: =AAV12+AAT12+AAR12+AAP12+AAN12+AAL12+AAJ12+AAH12 -> 0 | AAY12: =AAX12+AAW12 -> 0 | ABP12: =ABN12+ABL12+ABJ12+ABH12+ABF12+ABD12+ABB12+AAZ12 -> 0 | ABQ12: =ABO12+ABM12+ABK12+ABI12+ABG12+ABE12+ABC12+ABA12 -> 0 | ABR12: =ABQ12+ABP12 -> 0 | ACI12: =ACG12+ACE12+ACC12+ACA12+ABY12+ABW12+ABU12+ABS12 -> 0 | ACJ12: =ACH12+ACF12+ACD12+ACB12+ABZ12+ABX12+ABV12+ABT12 -> 0 | ACK12: =ACJ12+ACI12 -> 0 | ADB12: =ACZ12+ACX12+ACV12+ACT12+ACR12+ACP12+ACN12+ACL12 -> 0 | ADC12: =ADA12+ACY12+ACW12+ACU12+ACS12+ACQ12+ACO12+ACM12 -> 0 | ADD12: =ADC12+ADB12 -> 0 | ADU12: =ADS12+ADQ12+ADO12+ADM12+ADK12+ADI12+ADG12+ADE12 -> 0 | ADV12: =ADT12+ADR12+ADP12+ADN12+ADL12+ADJ12+ADH12+ADF12 -> 0 | ADW12: =ADV12+ADU12 -> 0 | AEN12: =AEL12+AEJ12+AEH12+AEF12+AED12+AEB12+ADZ12+ADX12 -> 0 | AEO12: =AEM12+AEK12+AEI12+AEG12+AEE12+AEC12+AEA12+ADY12 -> 0 | AEP12: =AEO12+AEN12 -> 0 | AFG12: =AFE12+AFC12+AFA12+AEY12+AEW12+AEU12+AES12+AEQ12 -> 0 | AFH12: =AFF12+AFD12+AFB12+AEZ12+AEX12+AEV12+AET12+AER12 -> 0 | AFI12: =AFH12+AFG12 -> 0 | AFZ12: =AFX12+AFV12+AFT12+AFR12+AFP12+AFN12+AFL12+AFJ12 -> 0 | AGA12: =AFY12+AFW12+AFU12+AFS12+AFQ12+AFO12+AFM12+AFK12 -> 0 | AGB12: =AGA12+AFZ12 -> 0 | AGS12: =AGQ12+AGO12+AGM12+AGK12+AGI12+AGG12+AGE12+AGC12 -> 0 | AGT12: =AGR12+AGP12+AGN12+AGL12+AGJ12+AGH12+AGF12+AGD12 -> 0 | AGU12: =AGT12+AGS12 -> 0 | AHL12: =AHJ12+AHH12+AHF12+AHD12+AHB12+AGZ12+AGX12+AGV12 -> 0 | AHM12: =AHK12+AHI12+AHG12+AHE12+AHC12+AHA12+AGY12+AGW12 -> 0 | AHN12: =AHM12+AHL12 -> 0 | AIX12: =AIV12+AIT12+AIR12+AIP12+AIN12+AIL12+AIJ12+AIH12 -> 0 | AIY12: =AIW12+AIU12+AIS12+AIQ12+AIO12+AIM12+AIK12+AII12 -> 0 | AIZ12: =AIY12+AIX12 -> 0 | AJA12: =AIH12+AGV12+AGC12+AFJ12+AEQ12+ADX12+ADE12+ACL12+ABS12+AAZ12+AAG12+ZN12+YU12+YB12+XI12+WP12+VW12+VD12+UK12+TR12+SY12+SF12+RM12+QT12+QA12+PH12+OO12+NV12+NC12+MJ12+LQ12 -> 0 | AJB12: =AII12+AGW12+AGD12+AFK12+AER12+ADY12+ADF12+ACM12+ABT12+ABA12+AAH12+ZO12+YV12+YC12+XJ12+WQ12+VX12+VE12+UL12+TS12+SZ12+SG12+RN12+QU12+QB12+PI12+OP12+NW12+ND12+MK12+LR12 -> 0 | AJC12: =AIJ12+AGX12+AGE12+AFL12+AES12+ADZ12+ADG12+ACN12+ABU12+ABB12+AAI12+ZP12+YW12+YD12+XK12+WR12+VY12+VF12+UM12+TT12+TA12+SH12+RO12+QV12+QC12+PJ12+OQ12+NX12+NE12+ML12+LS12 -> 0 | AJD12: =AIK12+AGY12+AGF12+AFM12+AET12+AEA12+ADH12+ACO12+ABV12+ABC12+AAJ12+ZQ12+YX12+YE12+XL12+WS12+VZ12+VG12+UN12+TU12+TB12+SI12+RP12+QW12+QD12+PK12+OR12+NY12+NF12+MM12+LT12 -> 0 | AJE12: =AIN12+AHB12+AGI12+AFP12+AEW12+AED12+ADK12+ACR12+ABY12+ABF12+AAM12+ZT12+ZA12+YH12+XO12+WV12+WC12+VJ12+UQ12+TX12+TE12+SL12+RS12+QZ12+QG12+PN12+OU12+OB12+NI12+MP12+LW12 -> 0 | AJF12: =AIO12+AHC12+AGJ12+AFQ12+AEX12+AEE12+ADL12+ACS12+ABZ12+ABG12+AAN12+ZU12+ZB12+YI12+XP12+WW12+WD12+VK12+UR12+TY12+TF12+SM12+RT12+RA12+QH12+PO12+OV12+OC12+NJ12+MQ12+LX12 -> 0 | AJG12: =AIL12+AGZ12+AGG12+AFN12+AEU12+AEB12+ADI12+ACP12+ABW12+ABD12+AAK12+ZR12+YY12+YF12+XM12+WT12+WA12+VH12+UO12+TV12+TC12+SJ12+RQ12+QX12+QE12+PL12+OS12+NZ12+NG12+MN12+LU12 -> 0 | AJH12: =AIM12+AHA12+AGH12+AFO12+AEV12+AEC12+ADJ12+ACQ12+ABX12+ABE12+AAL12+ZS12+YZ12+YG12+XN12+WU12+WB12+VI12+UP12+TW12+TD12+SK12+RR12+QY12+QF12+PM12+OT12+OA12+NH12+MO12+LV12 -> 0 | AJI12: =AIP12+AHD12+AGK12+AFR12+AEY12+AEF12+ADM12+ACT12+ACA12+ABH12+AAO12+ZV12+ZC12+YJ12+XQ12+WX12+WE12+VL12+US12+TZ12+TG12+SN12+RU12+RB12+QI12+PP12+OW12+OD12+NK12+MR12+LY12 -> 0 | AJJ12: =AIQ12+AHE12+AGL12+AFS12+AEZ12+AEG12+ADN12+ACU12+ACB12+ABI12+AAP12+ZW12+ZD12+YK12+XR12+WY12+WF12+VM12+UT12+UA12+TH12+SO12+RV12+RC12+QJ12+PQ12+OX12+OE12+NL12+MS12+LZ12 -> 0 | AJK12: =AIR12+AHF12+AGM12+AFT12+AFA12+AEH12+ADO12+ACV12+ACC12+ABJ12+AAQ12+ZX12+ZE12+YL12+XS12+WZ12+WG12+VN12+UU12+UB12+TI12+SP12+RW12+RD12+QK12+PR12+OY12+OF12+NM12+MT12+MA12 -> 0 | AJL12: =AIS12+AHG12+AGN12+AFU12+AFB12+AEI12+ADP12+ACW12+ACD12+ABK12+AAR12+ZY12+ZF12+YM12+XT12+XA12+WH12+VO12+UV12+UC12+TJ12+SQ12+RX12+RE12+QL12+PS12+OZ12+OG12+NN12+MU12+MB12 -> 0 | AJM12: =AIT12+AHH12+AGO12+AFV12+AFC12+AEJ12+ADQ12+ACX12+ACE12+ABL12+AAS12+ZZ12+ZG12+YN12+XU12+XB12+WI12+VP12+UW12+UD12+TK12+SR12+RY12+RF12+QM12+PT12+PA12+OH12+NO12+MV12+MC12 -> 0 | AJN12: =AIU12+AHI12+AGP12+AFW12+AFD12+AEK12+ADR12+ACY12+ACF12+ABM12+AAT12+AAA12+ZH12+YO12+XV12+XC12+WJ12+VQ12+UX12+UE12+TL12+SS12+RZ12+RG12+QN12+PU12+PB12+OI12+NP12+MW12+MD12 -> 0 | AJO12: =AIV12+AHJ12+AGQ12+AFX12+AFE12+AEL12+ADS12+ACZ12+ACG12+ABN12+AAU12+AAB12+ZI12+YP12+XW12+XD12+WK12+VR12+UY12+UF12+TM12+ST12+SA12+RH12+QO12+PV12+PC12+OJ12+NQ12+MX12+ME12 -> 0 | AJP12: =AIW12+AHK12+AGR12+AFY12+AFF12+AEM12+ADT12+ADA12+ACH12+ABO12+AAV12+AAC12+ZJ12+YQ12+XX12+XE12+WL12+VS12+UZ12+UG12+TN12+SU12+SB12+RI12+QP12+PW12+PD12+OK12+NR12+MY12+MF12 -> 0 | AJQ12: =AJO12+AJM12+AJK12+AJI12+AJE12+AJG12+AJC12+AJA12 -> 0 | AJR12: =AJP12+AJN12+AJL12+AJJ12+AJF12+AJH12+AJD12+AJB12 -> 0 | AJS12: =AJR12+AJQ12 -> 0 | ALT12: =ALS12+ALR12 -> 0 | AOY12: =AOX12+AOW12 -> 0
A13: خلاصة قضاء الكوفة | F13: =SUM(F11:F12) -> 0 | G13: =SUM(G11:G12) -> 0 | H13: =SUM(H11:H12) -> 0 | I13: =SUM(I11:I12) -> 0 | J13: =SUM(J11:J12) -> 0 | K13: =SUM(K11:K12) -> 0 | L13: =SUM(L11:L12) -> 0 | M13: =SUM(M11:M12) -> 0 | ... FD13: =SUM(FD11:FD12) -> 0 | FG13: =SUM(FG11:FG12) -> 0 | FH13: =SUM(FH11:FH12) -> 0 | FI13: =SUM(FI11:FI12) -> 0 | FJ13: =SUM(FJ11:FJ12) -> 0 | FK13: =SUM(FK11:FK12) -> 0 | FL13: =SUM(FL11:FL12) -> 0 | FM13: =SUM(FM11:FM12) -> 0 | FN13: =SUM(FN11:FN12) -> 0 | ... KE13: =SUM(KE11:KE12) -> 0 | KH13: =SUM(KH11:KH12) -> 0 | KI13: =SUM(KI11:KI12) -> 0 | KJ13: =SUM(KJ11:KJ12) -> 0 | KK13: =SUM(KK11:KK12) -> 0 | KL13: =SUM(KL11:KL12) -> 0 | KM13: =SUM(KM11:KM12) -> 0 | KN13: =SUM(KN11:KN12) -> 0 | KO13: =SUM(KO11:KO12) -> 0 | ... LM13: =SUM(LM11:LM12) -> 0 | LN13: =LL13+KV13+LJ13+LH13+LF13+LD13+LB13+KZ13+KX13 -> 0 | LO13: =LM13+KW13+LK13+LI13+LG13+LE13+LC13+LA13+KY13 -> 0 | LP13: =SUM(LP11:LP12) -> 0 | LQ13: =SUM(LQ11:LQ12) -> 0 | LR13: =SUM(LR11:LR12) -> 0 | LS13: =SUM(LS11:LS12) -> 0 | LT13: =SUM(LT11:LT12) -> 0 | LU13: =SUM(LU11:LU12) -> 0 | LV13: =SUM(LV11:LV12) -> 0 | LW13: =SUM(LW11:LW12) -> 0 | ... AJS13: =SUM(AJS11:AJS12) -> 0 | AKR13: =SUM(AKR11:AKR12) -> 0 | AKS13: =SUM(AKS11:AKS12) -> 0 | AKT13: =SUM(AKT11:AKT12) -> 0 | AKU13: =SUM(AKU11:AKU12) -> 0 | AKV13: =SUM(AKV11:AKV12) -> 0 | AKW13: =SUM(AKW11:AKW12) -> 0 | AKX13: =SUM(AKX11:AKX12) -> 0 | AKY13: =SUM(AKY11:AKY12) -> 0 | ... ALF13: =SUM(ALF11:ALF12) -> 0 | ALI13: =SUM(ALI11:ALI12) -> 0 | ALJ13: =SUM(ALJ11:ALJ12) -> 0 | ALK13: =SUM(ALK11:ALK12) -> 0 | ALL13: =SUM(ALL11:ALL12) -> 0 | ALM13: =SUM(ALM11:ALM12) -> 0 | ALN13: =SUM(ALN11:ALN12) -> 0 | ALO13: =SUM(ALO11:ALO12) -> 0 | ALP13: =SUM(ALP11:ALP12) -> 0 | ... ALT13: =SUM(ALT11:ALT12) -> 0 | ALZ13: =SUM(ALZ11:ALZ12) -> 0 | AMA13: =SUM(AMA11:AMA12) -> 0 | AMB13: =SUM(AMB11:AMB12) -> 0 | AMC13: =SUM(AMC11:AMC12) -> 0 | AME13: =SUM(AME11:AME12) -> 0 | AMF13: =SUM(AMF11:AMF12) -> 0 | AMG13: =SUM(AMG11:AMG12) -> 0 | AMH13: =SUM(AMH11:AMH12) -> 0 | AMI13: =SUM(AMI11:AMI12) -> 0 | AMJ13: =SUM(AMJ11:AMJ12) -> 0 | AMK13: =SUM(AMK11:AMK12) -> 0 | AML13: =SUM(AML11:AML12) -> 0 | ... ANU13: =SUM(ANU11:ANU12) -> 0 | AOF13: =SUM(AOF11:AOF12) -> 0 | AOH13: =SUM(AOH11:AOH12) -> 0 | AOJ13: =SUM(AOJ11:AOJ12) -> 0 | AOL13: =SUM(AOL11:AOL12) -> 0 | AOM13: =SUM(AOM11:AOM12) -> 0 | AON13: =SUM(AON11:AON12) -> 0 | AOO13: =SUM(AOO11:AOO12) -> 0 | AOP13: =SUM(AOP11:AOP12) -> 0 | AOQ13: =SUM(AOQ11:AOQ12) -> 0 | AOR13: =SUM(AOR11:AOR12) -> 0 | AOT13: =SUM(AOT11:AOT12) -> 0 | AOU13: =SUM(AOU11:AOU12) -> 0 | AOV13: =SUM(AOV11:AOV12) -> 0 | AOW13: =SUM(AOW11:AOW12) -> 0 | AOX13: =SUM(AOX11:AOX12) -> 0 | AOY13: =SUM(AOY11:AOY12) -> 0 | AOZ13: =SUM(AOZ11:AOZ12) -> 0 | APA13: =SUM(APA11:APA12) -> 0 | ... APO13: =SUM(APO11:APO12) -> 0
D14: لايوجد معاهد في قضاء المناذرة | AP14: =AN14+AL14+AJ14+AH14+AF14+AD14+AB14+Z14+X14 -> 0 | AQ14: =AO14+AM14+AK14+AI14+AG14+AE14+AC14+AA14+Y14 -> 0 | AR14: =AQ14+AP14 -> 0 | BK14: =BI14+BG14+BE14+BC14+BA14+AY14+AW14+AU14+AS14 -> 0 | BL14: =BJ14+BH14+BF14+BD14+BB14+AZ14+AX14+AV14+AT14 -> 0 | BM14: =BL14+BK14 -> 0 | CD14: =CB14+BZ14+BX14+BV14+BT14+BR14+BP14+BN14 -> 0 | CE14: =CC14+CA14+BY14+BW14+BU14+BS14+BQ14+BO14 -> 0 | CF14: =CE14+CD14 -> 0 | CU14: =CS14+CQ14+CO14+CM14+CK14+CI14+CG14 -> 0 | CV14: =CT14+CR14+CP14+CN14+CL14+CJ14+CH14 -> 0 | CW14: =CV14+CU14 -> 0 | DJ14: =DH14+DF14+DD14+DB14+CZ14+CX14 -> 0 | DK14: =DI14+DG14+DE14+DC14+DA14+CY14 -> 0 | DL14: =DK14+DJ14 -> 0 | DW14: =DU14+DS14+DQ14+DO14+DM14 -> 0 | DX14: =DV14+DT14+DR14+DP14+DN14 -> 0 | DY14: =DX14+DW14 -> 0 | DZ14: =AS14 -> 0 | EA14: =AT14 -> 0 | EB14: =BN14+AU14 -> 0 | EC14: =BO14+AV14 -> 0 | ED14: =CG14+BP14+AW14 -> 0 | EE14: =CH14+BQ14+AX14 -> 0 | EF14: =CX14+CI14+BR14+AY14 -> 0 | EG14: =CY14+CJ14+BS14+AZ14 -> 0 | EH14: =DM14+CZ14+CK14+BT14+BA14 -> 0 | EI14: =DN14+DA14+CL14+BU14+BB14+AG14 -> 0 | EJ14: =DO14+DB14+CM14+BV14+BC14 -> 0 | EK14: =DP14+DC14+CN14+BW14+BD14 -> 0 | EL14: =DQ14+DD14+CO14+BX14+BE14 -> 0 | EM14: =DR14+DE14+CP14+BY14+BF14 -> 0 | EN14: =DS14+DF14+CQ14+BZ14+BG14 -> 0 | EO14: =DT14+DG14+CR14+CA14+BH14 -> 0 | EP14: =DU14+DH14+CS14+CB14+BI14 -> 0 | EQ14: =DV14+DI14+CT14+CC14+BJ14 -> 0 | ER14: =EP14+EN14+EL14+EJ14+EH14+EF14+ED14+EB14+DZ14 -> 0 | ES14: =EQ14+EO14+EM14+EK14+EI14+EG14+EE14+EC14+EA14 -> 0 | ET14: =ES14+ER14 -> 0 | FG14: =FC14+FA14+EY14+EW14+EU14 -> 0 | FH14: =FD14+FB14+EZ14+EX14+EV14 -> 0 | FI14: =FH14+FG14 -> 0 | FY14: =FV14+FS14+FP14+FM14+FJ14 -> 0 | FZ14: =FW14+FT14+FQ14+FN14+FK14 -> 0 | GA14: =FX14+FU14+FR14+FO14+FL14 -> 0 | GB14: =GA14+FZ14+FY14 -> 0 | GM14: =GK14+GI14+GG14+GE14+GC14 -> 0 | GN14: =GL14+GJ14+GH14+GF14+GD14 -> 0 | GO14: =GN14+GM14 -> 0 | HM14: =HK14+HI14+HG14+HE14+HC14 -> 0 | HN14: =HL14+HJ14+HH14+HF14+HD14 -> 0 | HO14: =HN14+HM14 -> 0 | HZ14: =HX14+HV14+HT14+HR14+HP14 -> 0 | IA14: =HY14+HW14+HU14+HS14+HQ14 -> 0 | IB14: =IA14+HZ14 -> 0 | IM14: =IK14+II14+IG14+IE14+IC14 -> 0 | IN14: =IL14+IJ14+IH14+IF14+ID14 -> 0 | IO14: =IN14+IM14 -> 0 | IZ14: =IX14+IV14+IT14+IR14+IP14 -> 0 | JA14: =IY14+IW14+IU14+IS14+IQ14 -> 0 | JB14: =JA14+IZ14 -> 0 | JM14: =JK14+JI14+JG14+JE14+JC14 -> 0 | JN14: =JL14+JJ14+JH14+JF14+JD14 -> 0 | JO14: =JN14+JM14 -> 0 | KJ14: =KH14+KD14+KB14+JZ14+JX14+JV14+JT14+JP14+JR14+KF14 -> 0 | KK14: =KI14+KE14+KC14+KA14+JY14+JW14+JU14+JQ14+JS14+KG14 -> 0 | KL14: =KK14+KJ14 -> 0 | KS14: =KQ14+KO14+KM14 -> 0 | KT14: =KR14+KP14+KN14 -> 0 | KU14: =KT14+KS14 -> 0 | LN14: =LL14+KV14+LJ14+LH14+LF14+LD14+LB14+KZ14+KX14 -> 0 | LO14: =LM14+KW14+LK14+LI14+LG14+LE14+LC14+LA14+KY14 -> 0 | LP14: =LO14+LN14 -> 0 | MG14: =ME14+MC14+MA14+LY14+LW14+LU14+LS14+LQ14 -> 0 | MH14: =MF14+MD14+MB14+LZ14+LX14+LV14+LT14+LR14 -> 0 | MI14: =MH14+MG14 -> 0 | MZ14: =MX14+MV14+MT14+MR14+MP14+MN14+ML14+MJ14 -> 0 | NA14: =MY14+MW14+MU14+MS14+MQ14+MO14+MM14+MK14 -> 0 | NB14: =NA14+MZ14 -> 0 | NS14: =NQ14+NO14+NM14+NK14+NI14+NG14+NE14+NC14 -> 0 | NT14: =NR14+NP14+NN14+NL14+NJ14+NH14+NF14+ND14 -> 0 | NU14: =NT14+NS14 -> 0 | OL14: =OJ14+OH14+OF14+OD14+OB14+NZ14+NX14+NV14 -> 0 | OM14: =OK14+OI14+OG14+OE14+OC14+OA14+NY14+NW14 -> 0 | ON14: =OM14+OL14 -> 0 | PE14: =PC14+PA14+OY14+OW14+OU14+OS14+OQ14+OO14 -> 0 | PF14: =PD14+PB14+OZ14+OX14+OV14+OT14+OR14+OP14 -> 0 | PG14: =PF14+PE14 -> 0 | PX14: =PV14+PT14+PR14+PP14+PN14+PL14+PJ14+PH14 -> 0 | PY14: =PW14+PU14+PS14+PQ14+PO14+PM14+PK14+PI14 -> 0 | PZ14: =PY14+PX14 -> 0 | QQ14: =QO14+QM14+QK14+QI14+QG14+QE14+QC14+QA14 -> 0 | QR14: =QP14+QN14+QL14+QJ14+QH14+QF14+QD14+QB14 -> 0 | QS14: =QR14+QQ14 -> 0 | RJ14: =RH14+RF14+RD14+RB14+QZ14+QX14+QV14+QT14 -> 0 | RK14: =RI14+RG14+RE14+RC14+RA14+QY14+QW14+QU14 -> 0 | RL14: =RK14+RJ14 -> 0 | SC14: =SA14+RY14+RW14+RU14+RS14+RQ14+RO14+RM14 -> 0 | SD14: =SB14+RZ14+RX14+RV14+RT14+RR14+RP14+RN14 -> 0 | SE14: =SD14+SC14 -> 0 | SV14: =ST14+SR14+SP14+SN14+SL14+SJ14+SH14+SF14 -> 0 | SW14: =SU14+SS14+SQ14+SO14+SM14+SK14+SI14+SG14 -> 0 | SX14: =SW14+SV14 -> 0 | TO14: =TM14+TK14+TI14+TG14+TE14+TC14+TA14+SY14 -> 0 | TP14: =TN14+TL14+TJ14+TH14+TF14+TD14+TB14+SZ14 -> 0 | TQ14: =TP14+TO14 -> 0 | UH14: =UF14+UD14+UB14+TZ14+TX14+TV14+TT14+TR14 -> 0 | UI14: =UG14+UE14+UC14+UA14+TY14+TW14+TU14+TS14 -> 0 | UJ14: =UI14+UH14 -> 0 | VA14: =UY14+UW14+UU14+US14+UQ14+UO14+UM14+UK14 -> 0 | VB14: =UZ14+UX14+UV14+UT14+UR14+UP14+UN14+UL14 -> 0 | VC14: =VB14+VA14 -> 0 | VT14: =VR14+VP14+VN14+VL14+VJ14+VH14+VF14+VD14 -> 0 | VU14: =VS14+VQ14+VO14+VM14+VK14+VI14+VG14+VE14 -> 0 | VV14: =VU14+VT14 -> 0 | WM14: =WK14+WI14+WG14+WE14+WC14+WA14+VY14+VW14 -> 0 | WN14: =WL14+WJ14+WH14+WF14+WD14+WB14+VZ14+VX14 -> 0 | WO14: =WN14+WM14 -> 0 | XF14: =XD14+XB14+WZ14+WX14+WV14+WT14+WR14+WP14 -> 0 | XG14: =XE14+XC14+XA14+WY14+WW14+WU14+WS14+WQ14 -> 0 | XH14: =XG14+XF14 -> 0 | XY14: =XW14+XU14+XS14+XQ14+XO14+XM14+XK14+XI14 -> 0 | XZ14: =XX14+XV14+XT14+XR14+XP14+XN14+XL14+XJ14 -> 0 | YA14: =XZ14+XY14 -> 0 | YR14: =YP14+YN14+YL14+YJ14+YH14+YF14+YD14+YB14 -> 0 | YS14: =YQ14+YO14+YM14+YK14+YI14+YG14+YE14+YC14 -> 0 | YT14: =YS14+YR14 -> 0 | ZK14: =ZI14+ZG14+ZE14+ZC14+ZA14+YY14+YW14+YU14 -> 0 | ZL14: =ZJ14+ZH14+ZF14+ZD14+ZB14+YZ14+YX14+YV14 -> 0 | ZM14: =ZL14+ZK14 -> 0 | AAD14: =AAB14+ZZ14+ZX14+ZV14+ZT14+ZR14+ZP14+ZN14 -> 0 | AAE14: =AAC14+AAA14+ZY14+ZW14+ZU14+ZS14+ZQ14+ZO14 -> 0 | AAF14: =AAE14+AAD14 -> 0 | AAW14: =AAU14+AAS14+AAQ14+AAO14+AAM14+AAK14+AAI14+AAG14 -> 0 | AAX14: =AAV14+AAT14+AAR14+AAP14+AAN14+AAL14+AAJ14+AAH14 -> 0 | AAY14: =AAX14+AAW14 -> 0 | ABP14: =ABN14+ABL14+ABJ14+ABH14+ABF14+ABD14+ABB14+AAZ14 -> 0 | ABQ14: =ABO14+ABM14+ABK14+ABI14+ABG14+ABE14+ABC14+ABA14 -> 0 | ABR14: =ABQ14+ABP14 -> 0 | ACI14: =ACG14+ACE14+ACC14+ACA14+ABY14+ABW14+ABU14+ABS14 -> 0 | ACJ14: =ACH14+ACF14+ACD14+ACB14+ABZ14+ABX14+ABV14+ABT14 -> 0 | ACK14: =ACJ14+ACI14 -> 0 | ADB14: =ACZ14+ACX14+ACV14+ACT14+ACR14+ACP14+ACN14+ACL14 -> 0 | ADC14: =ADA14+ACY14+ACW14+ACU14+ACS14+ACQ14+ACO14+ACM14 -> 0 | ADD14: =ADC14+ADB14 -> 0 | ADU14: =ADS14+ADQ14+ADO14+ADM14+ADK14+ADI14+ADG14+ADE14 -> 0 | ADV14: =ADT14+ADR14+ADP14+ADN14+ADL14+ADJ14+ADH14+ADF14 -> 0 | ADW14: =ADV14+ADU14 -> 0 | AEN14: =AEL14+AEJ14+AEH14+AEF14+AED14+AEB14+ADZ14+ADX14 -> 0 | AEO14: =AEM14+AEK14+AEI14+AEG14+AEE14+AEC14+AEA14+ADY14 -> 0 | AEP14: =AEO14+AEN14 -> 0 | AFG14: =AFE14+AFC14+AFA14+AEY14+AEW14+AEU14+AES14+AEQ14 -> 0 | AFH14: =AFF14+AFD14+AFB14+AEZ14+AEX14+AEV14+AET14+AER14 -> 0 | AFI14: =AFH14+AFG14 -> 0 | AFZ14: =AFX14+AFV14+AFT14+AFR14+AFP14+AFN14+AFL14+AFJ14 -> 0 | AGA14: =AFY14+AFW14+AFU14+AFS14+AFQ14+AFO14+AFM14+AFK14 -> 0 | AGB14: =AGA14+AFZ14 -> 0 | AGS14: =AGQ14+AGO14+AGM14+AGK14+AGI14+AGG14+AGE14+AGC14 -> 0 | AGT14: =AGR14+AGP14+AGN14+AGL14+AGJ14+AGH14+AGF14+AGD14 -> 0 | AGU14: =AGT14+AGS14 -> 0 | AHL14: =AHJ14+AHH14+AHF14+AHD14+AHB14+AGZ14+AGX14+AGV14 -> 0 | AHM14: =AHK14+AHI14+AHG14+AHE14+AHC14+AHA14+AGY14+AGW14 -> 0 | AHN14: =AHM14+AHL14 -> 0 | AIX14: =AIV14+AIT14+AIR14+AIP14+AIN14+AIL14+AIJ14+AIH14 -> 0 | AIY14: =AIW14+AIU14+AIS14+AIQ14+AIO14+AIM14+AIK14+AII14 -> 0 | AIZ14: =AIY14+AIX14 -> 0 | AJA14: =AIH14+AGV14+AGC14+AFJ14+AEQ14+ADX14+ADE14+ACL14+ABS14+AAZ14+AAG14+ZN14+YU14+YB14+XI14+WP14+VW14+VD14+UK14+TR14+SY14+SF14+RM14+QT14+QA14+PH14+OO14+NV14+NC14+MJ14+LQ14 -> 0 | AJB14: =AII14+AGW14+AGD14+AFK14+AER14+ADY14+ADF14+ACM14+ABT14+ABA14+AAH14+ZO14+YV14+YC14+XJ14+WQ14+VX14+VE14+UL14+TS14+SZ14+SG14+RN14+QU14+QB14+PI14+OP14+NW14+ND14+MK14+LR14 -> 0 | AJC14: =AIJ14+AGX14+AGE14+AFL14+AES14+ADZ14+ADG14+ACN14+ABU14+ABB14+AAI14+ZP14+YW14+YD14+XK14+WR14+VY14+VF14+UM14+TT14+TA14+SH14+RO14+QV14+QC14+PJ14+OQ14+NX14+NE14+ML14+LS14 -> 0 | AJD14: =AIK14+AGY14+AGF14+AFM14+AET14+AEA14+ADH14+ACO14+ABV14+ABC14+AAJ14+ZQ14+YX14+YE14+XL14+WS14+VZ14+VG14+UN14+TU14+TB14+SI14+RP14+QW14+QD14+PK14+OR14+NY14+NF14+MM14+LT14 -> 0 | AJE14: =AIN14+AHB14+AGI14+AFP14+AEW14+AED14+ADK14+ACR14+ABY14+ABF14+AAM14+ZT14+ZA14+YH14+XO14+WV14+WC14+VJ14+UQ14+TX14+TE14+SL14+RS14+QZ14+QG14+PN14+OU14+OB14+NI14+MP14+LW14 -> 0 | AJF14: =AIO14+AHC14+AGJ14+AFQ14+AEX14+AEE14+ADL14+ACS14+ABZ14+ABG14+AAN14+ZU14+ZB14+YI14+XP14+WW14+WD14+VK14+UR14+TY14+TF14+SM14+RT14+RA14+QH14+PO14+OV14+OC14+NJ14+MQ14+LX14 -> 0 | AJG14: =AIL14+AGZ14+AGG14+AFN14+AEU14+AEB14+ADI14+ACP14+ABW14+ABD14+AAK14+ZR14+YY14+YF14+XM14+WT14+WA14+VH14+UO14+TV14+TC14+SJ14+RQ14+QX14+QE14+PL14+OS14+NZ14+NG14+MN14+LU14 -> 0 | AJH14: =AIM14+AHA14+AGH14+AFO14+AEV14+AEC14+ADJ14+ACQ14+ABX14+ABE14+AAL14+ZS14+YZ14+YG14+XN14+WU14+WB14+VI14+UP14+TW14+TD14+SK14+RR14+QY14+QF14+PM14+OT14+OA14+NH14+MO14+LV14 -> 0 | AJI14: =AIP14+AHD14+AGK14+AFR14+AEY14+AEF14+ADM14+ACT14+ACA14+ABH14+AAO14+ZV14+ZC14+YJ14+XQ14+WX14+WE14+VL14+US14+TZ14+TG14+SN14+RU14+RB14+QI14+PP14+OW14+OD14+NK14+MR14+LY14 -> 0 | AJJ14: =AIQ14+AHE14+AGL14+AFS14+AEZ14+AEG14+ADN14+ACU14+ACB14+ABI14+AAP14+ZW14+ZD14+YK14+XR14+WY14+WF14+VM14+UT14+UA14+TH14+SO14+RV14+RC14+QJ14+PQ14+OX14+OE14+NL14+MS14+LZ14 -> 0 | AJK14: =AIR14+AHF14+AGM14+AFT14+AFA14+AEH14+ADO14+ACV14+ACC14+ABJ14+AAQ14+ZX14+ZE14+YL14+XS14+WZ14+WG14+VN14+UU14+UB14+TI14+SP14+RW14+RD14+QK14+PR14+OY14+OF14+NM14+MT14+MA14 -> 0 | AJL14: =AIS14+AHG14+AGN14+AFU14+AFB14+AEI14+ADP14+ACW14+ACD14+ABK14+AAR14+ZY14+ZF14+YM14+XT14+XA14+WH14+VO14+UV14+UC14+TJ14+SQ14+RX14+RE14+QL14+PS14+OZ14+OG14+NN14+MU14+MB14 -> 0 | AJM14: =AIT14+AHH14+AGO14+AFV14+AFC14+AEJ14+ADQ14+ACX14+ACE14+ABL14+AAS14+ZZ14+ZG14+YN14+XU14+XB14+WI14+VP14+UW14+UD14+TK14+SR14+RY14+RF14+QM14+PT14+PA14+OH14+NO14+MV14+MC14 -> 0 | AJN14: =AIU14+AHI14+AGP14+AFW14+AFD14+AEK14+ADR14+ACY14+ACF14+ABM14+AAT14+AAA14+ZH14+YO14+XV14+XC14+WJ14+VQ14+UX14+UE14+TL14+SS14+RZ14+RG14+QN14+PU14+PB14+OI14+NP14+MW14+MD14 -> 0 | AJO14: =AIV14+AHJ14+AGQ14+AFX14+AFE14+AEL14+ADS14+ACZ14+ACG14+ABN14+AAU14+AAB14+ZI14+YP14+XW14+XD14+WK14+VR14+UY14+UF14+TM14+ST14+SA14+RH14+QO14+PV14+PC14+OJ14+NQ14+MX14+ME14 -> 0 | AJP14: =AIW14+AHK14+AGR14+AFY14+AFF14+AEM14+ADT14+ADA14+ACH14+ABO14+AAV14+AAC14+ZJ14+YQ14+XX14+XE14+WL14+VS14+UZ14+UG14+TN14+SU14+SB14+RI14+QP14+PW14+PD14+OK14+NR14+MY14+MF14 -> 0 | AJQ14: =AJO14+AJM14+AJK14+AJI14+AJE14+AJG14+AJC14+AJA14 -> 0 | AJR14: =AJP14+AJN14+AJL14+AJJ14+AJF14+AJH14+AJD14+AJB14 -> 0 | AJS14: =AJR14+AJQ14 -> 0 | ALT14: =ALS14+ALR14 -> 0 | AOY14: =AOX14+AOW14 -> 0
AP15: =AN15+AL15+AJ15+AH15+AF15+AD15+AB15+Z15+X15 -> 0 | AQ15: =AO15+AM15+AK15+AI15+AG15+AE15+AC15+AA15+Y15 -> 0 | AR15: =AQ15+AP15 -> 0 | BK15: =BI15+BG15+BE15+BC15+BA15+AY15+AW15+AU15+AS15 -> 0 | BL15: =BJ15+BH15+BF15+BD15+BB15+AZ15+AX15+AV15+AT15 -> 0 | BM15: =BL15+BK15 -> 0 | CD15: =CB15+BZ15+BX15+BV15+BT15+BR15+BP15+BN15 -> 0 | CE15: =CC15+CA15+BY15+BW15+BU15+BS15+BQ15+BO15 -> 0 | CF15: =CE15+CD15 -> 0 | CU15: =CS15+CQ15+CO15+CM15+CK15+CI15+CG15 -> 0 | CV15: =CT15+CR15+CP15+CN15+CL15+CJ15+CH15 -> 0 | CW15: =CV15+CU15 -> 0 | DJ15: =DH15+DF15+DD15+DB15+CZ15+CX15 -> 0 | DK15: =DI15+DG15+DE15+DC15+DA15+CY15 -> 0 | DL15: =DK15+DJ15 -> 0 | DW15: =DU15+DS15+DQ15+DO15+DM15 -> 0 | DX15: =DV15+DT15+DR15+DP15+DN15 -> 0 | DY15: =DX15+DW15 -> 0 | DZ15: =AS15 -> 0 | EA15: =AT15 -> 0 | EB15: =BN15+AU15 -> 0 | EC15: =BO15+AV15 -> 0 | ED15: =CG15+BP15+AW15 -> 0 | EE15: =CH15+BQ15+AX15 -> 0 | EF15: =CX15+CI15+BR15+AY15 -> 0 | EG15: =CY15+CJ15+BS15+AZ15 -> 0 | EH15: =DM15+CZ15+CK15+BT15+BA15 -> 0 | EI15: =DN15+DA15+CL15+BU15+BB15+AG15 -> 0 | EJ15: =DO15+DB15+CM15+BV15+BC15 -> 0 | EK15: =DP15+DC15+CN15+BW15+BD15 -> 0 | EL15: =DQ15+DD15+CO15+BX15+BE15 -> 0 | EM15: =DR15+DE15+CP15+BY15+BF15 -> 0 | EN15: =DS15+DF15+CQ15+BZ15+BG15 -> 0 | EO15: =DT15+DG15+CR15+CA15+BH15 -> 0 | EP15: =DU15+DH15+CS15+CB15+BI15 -> 0 | EQ15: =DV15+DI15+CT15+CC15+BJ15 -> 0 | ER15: =EP15+EN15+EL15+EJ15+EH15+EF15+ED15+EB15+DZ15 -> 0 | ES15: =EQ15+EO15+EM15+EK15+EI15+EG15+EE15+EC15+EA15 -> 0 | ET15: =ES15+ER15 -> 0 | FG15: =FC15+FA15+EY15+EW15+EU15 -> 0 | FH15: =FD15+FB15+EZ15+EX15+EV15 -> 0 | FI15: =FH15+FG15 -> 0 | FY15: =FV15+FS15+FP15+FM15+FJ15 -> 0 | FZ15: =FW15+FT15+FQ15+FN15+FK15 -> 0 | GA15: =FX15+FU15+FR15+FO15+FL15 -> 0 | GB15: =GA15+FZ15+FY15 -> 0 | GM15: =GK15+GI15+GG15+GE15+GC15 -> 0 | GN15: =GL15+GJ15+GH15+GF15+GD15 -> 0 | GO15: =GN15+GM15 -> 0 | HM15: =HK15+HI15+HG15+HE15+HC15 -> 0 | HN15: =HL15+HJ15+HH15+HF15+HD15 -> 0 | HO15: =HN15+HM15 -> 0 | HZ15: =HX15+HV15+HT15+HR15+HP15 -> 0 | IA15: =HY15+HW15+HU15+HS15+HQ15 -> 0 | IB15: =IA15+HZ15 -> 0 | IM15: =IK15+II15+IG15+IE15+IC15 -> 0 | IN15: =IL15+IJ15+IH15+IF15+ID15 -> 0 | IO15: =IN15+IM15 -> 0 | IZ15: =IX15+IV15+IT15+IR15+IP15 -> 0 | JA15: =IY15+IW15+IU15+IS15+IQ15 -> 0 | JB15: =JA15+IZ15 -> 0 | JM15: =JK15+JI15+JG15+JE15+JC15 -> 0 | JN15: =JL15+JJ15+JH15+JF15+JD15 -> 0 | JO15: =JN15+JM15 -> 0 | KJ15: =KH15+KD15+KB15+JZ15+JX15+JV15+JT15+JP15+JR15+KF15 -> 0 | KK15: =KI15+KE15+KC15+KA15+JY15+JW15+JU15+JQ15+JS15+KG15 -> 0 | KL15: =KK15+KJ15 -> 0 | KS15: =KQ15+KO15+KM15 -> 0 | KT15: =KR15+KP15+KN15 -> 0 | KU15: =KT15+KS15 -> 0 | LN15: =LL15+KV15+LJ15+LH15+LF15+LD15+LB15+KZ15+KX15 -> 0 | LO15: =LM15+KW15+LK15+LI15+LG15+LE15+LC15+LA15+KY15 -> 0 | LP15: =LO15+LN15 -> 0 | MG15: =ME15+MC15+MA15+LY15+LW15+LU15+LS15+LQ15 -> 0 | MH15: =MF15+MD15+MB15+LZ15+LX15+LV15+LT15+LR15 -> 0 | MI15: =MH15+MG15 -> 0 | MZ15: =MX15+MV15+MT15+MR15+MP15+MN15+ML15+MJ15 -> 0 | NA15: =MY15+MW15+MU15+MS15+MQ15+MO15+MM15+MK15 -> 0 | NB15: =NA15+MZ15 -> 0 | NS15: =NQ15+NO15+NM15+NK15+NI15+NG15+NE15+NC15 -> 0 | NT15: =NR15+NP15+NN15+NL15+NJ15+NH15+NF15+ND15 -> 0 | NU15: =NT15+NS15 -> 0 | OL15: =OJ15+OH15+OF15+OD15+OB15+NZ15+NX15+NV15 -> 0 | OM15: =OK15+OI15+OG15+OE15+OC15+OA15+NY15+NW15 -> 0 | ON15: =OM15+OL15 -> 0 | PE15: =PC15+PA15+OY15+OW15+OU15+OS15+OQ15+OO15 -> 0 | PF15: =PD15+PB15+OZ15+OX15+OV15+OT15+OR15+OP15 -> 0 | PG15: =PF15+PE15 -> 0 | PX15: =PV15+PT15+PR15+PP15+PN15+PL15+PJ15+PH15 -> 0 | PY15: =PW15+PU15+PS15+PQ15+PO15+PM15+PK15+PI15 -> 0 | PZ15: =PY15+PX15 -> 0 | QQ15: =QO15+QM15+QK15+QI15+QG15+QE15+QC15+QA15 -> 0 | QR15: =QP15+QN15+QL15+QJ15+QH15+QF15+QD15+QB15 -> 0 | QS15: =QR15+QQ15 -> 0 | RJ15: =RH15+RF15+RD15+RB15+QZ15+QX15+QV15+QT15 -> 0 | RK15: =RI15+RG15+RE15+RC15+RA15+QY15+QW15+QU15 -> 0 | RL15: =RK15+RJ15 -> 0 | SC15: =SA15+RY15+RW15+RU15+RS15+RQ15+RO15+RM15 -> 0 | SD15: =SB15+RZ15+RX15+RV15+RT15+RR15+RP15+RN15 -> 0 | SE15: =SD15+SC15 -> 0 | SV15: =ST15+SR15+SP15+SN15+SL15+SJ15+SH15+SF15 -> 0 | SW15: =SU15+SS15+SQ15+SO15+SM15+SK15+SI15+SG15 -> 0 | SX15: =SW15+SV15 -> 0 | TO15: =TM15+TK15+TI15+TG15+TE15+TC15+TA15+SY15 -> 0 | TP15: =TN15+TL15+TJ15+TH15+TF15+TD15+TB15+SZ15 -> 0 | TQ15: =TP15+TO15 -> 0 | UH15: =UF15+UD15+UB15+TZ15+TX15+TV15+TT15+TR15 -> 0 | UI15: =UG15+UE15+UC15+UA15+TY15+TW15+TU15+TS15 -> 0 | UJ15: =UI15+UH15 -> 0 | VA15: =UY15+UW15+UU15+US15+UQ15+UO15+UM15+UK15 -> 0 | VB15: =UZ15+UX15+UV15+UT15+UR15+UP15+UN15+UL15 -> 0 | VC15: =VB15+VA15 -> 0 | VT15: =VR15+VP15+VN15+VL15+VJ15+VH15+VF15+VD15 -> 0 | VU15: =VS15+VQ15+VO15+VM15+VK15+VI15+VG15+VE15 -> 0 | VV15: =VU15+VT15 -> 0 | WM15: =WK15+WI15+WG15+WE15+WC15+WA15+VY15+VW15 -> 0 | WN15: =WL15+WJ15+WH15+WF15+WD15+WB15+VZ15+VX15 -> 0 | WO15: =WN15+WM15 -> 0 | XF15: =XD15+XB15+WZ15+WX15+WV15+WT15+WR15+WP15 -> 0 | XG15: =XE15+XC15+XA15+WY15+WW15+WU15+WS15+WQ15 -> 0 | XH15: =XG15+XF15 -> 0 | XY15: =XW15+XU15+XS15+XQ15+XO15+XM15+XK15+XI15 -> 0 | XZ15: =XX15+XV15+XT15+XR15+XP15+XN15+XL15+XJ15 -> 0 | YA15: =XZ15+XY15 -> 0 | YR15: =YP15+YN15+YL15+YJ15+YH15+YF15+YD15+YB15 -> 0 | YS15: =YQ15+YO15+YM15+YK15+YI15+YG15+YE15+YC15 -> 0 | YT15: =YS15+YR15 -> 0 | ZK15: =ZI15+ZG15+ZE15+ZC15+ZA15+YY15+YW15+YU15 -> 0 | ZL15: =ZJ15+ZH15+ZF15+ZD15+ZB15+YZ15+YX15+YV15 -> 0 | ZM15: =ZL15+ZK15 -> 0 | AAD15: =AAB15+ZZ15+ZX15+ZV15+ZT15+ZR15+ZP15+ZN15 -> 0 | AAE15: =AAC15+AAA15+ZY15+ZW15+ZU15+ZS15+ZQ15+ZO15 -> 0 | AAF15: =AAE15+AAD15 -> 0 | AAW15: =AAU15+AAS15+AAQ15+AAO15+AAM15+AAK15+AAI15+AAG15 -> 0 | AAX15: =AAV15+AAT15+AAR15+AAP15+AAN15+AAL15+AAJ15+AAH15 -> 0 | AAY15: =AAX15+AAW15 -> 0 | ABP15: =ABN15+ABL15+ABJ15+ABH15+ABF15+ABD15+ABB15+AAZ15 -> 0 | ABQ15: =ABO15+ABM15+ABK15+ABI15+ABG15+ABE15+ABC15+ABA15 -> 0 | ABR15: =ABQ15+ABP15 -> 0 | ACI15: =ACG15+ACE15+ACC15+ACA15+ABY15+ABW15+ABU15+ABS15 -> 0 | ACJ15: =ACH15+ACF15+ACD15+ACB15+ABZ15+ABX15+ABV15+ABT15 -> 0 | ACK15: =ACJ15+ACI15 -> 0 | ADB15: =ACZ15+ACX15+ACV15+ACT15+ACR15+ACP15+ACN15+ACL15 -> 0 | ADC15: =ADA15+ACY15+ACW15+ACU15+ACS15+ACQ15+ACO15+ACM15 -> 0 | ADD15: =ADC15+ADB15 -> 0 | ADU15: =ADS15+ADQ15+ADO15+ADM15+ADK15+ADI15+ADG15+ADE15 -> 0 | ADV15: =ADT15+ADR15+ADP15+ADN15+ADL15+ADJ15+ADH15+ADF15 -> 0 | ADW15: =ADV15+ADU15 -> 0 | AEN15: =AEL15+AEJ15+AEH15+AEF15+AED15+AEB15+ADZ15+ADX15 -> 0 | AEO15: =AEM15+AEK15+AEI15+AEG15+AEE15+AEC15+AEA15+ADY15 -> 0 | AEP15: =AEO15+AEN15 -> 0 | AFG15: =AFE15+AFC15+AFA15+AEY15+AEW15+AEU15+AES15+AEQ15 -> 0 | AFH15: =AFF15+AFD15+AFB15+AEZ15+AEX15+AEV15+AET15+AER15 -> 0 | AFI15: =AFH15+AFG15 -> 0 | AFZ15: =AFX15+AFV15+AFT15+AFR15+AFP15+AFN15+AFL15+AFJ15 -> 0 | AGA15: =AFY15+AFW15+AFU15+AFS15+AFQ15+AFO15+AFM15+AFK15 -> 0 | AGB15: =AGA15+AFZ15 -> 0 | AGS15: =AGQ15+AGO15+AGM15+AGK15+AGI15+AGG15+AGE15+AGC15 -> 0 | AGT15: =AGR15+AGP15+AGN15+AGL15+AGJ15+AGH15+AGF15+AGD15 -> 0 | AGU15: =AGT15+AGS15 -> 0 | AHL15: =AHJ15+AHH15+AHF15+AHD15+AHB15+AGZ15+AGX15+AGV15 -> 0 | AHM15: =AHK15+AHI15+AHG15+AHE15+AHC15+AHA15+AGY15+AGW15 -> 0 | AHN15: =AHM15+AHL15 -> 0 | AIX15: =AIV15+AIT15+AIR15+AIP15+AIN15+AIL15+AIJ15+AIH15 -> 0 | AIY15: =AIW15+AIU15+AIS15+AIQ15+AIO15+AIM15+AIK15+AII15 -> 0 | AIZ15: =AIY15+AIX15 -> 0 | AJA15: =AIH15+AGV15+AGC15+AFJ15+AEQ15+ADX15+ADE15+ACL15+ABS15+AAZ15+AAG15+ZN15+YU15+YB15+XI15+WP15+VW15+VD15+UK15+TR15+SY15+SF15+RM15+QT15+QA15+PH15+OO15+NV15+NC15+MJ15+LQ15 -> 0 | AJB15: =AII15+AGW15+AGD15+AFK15+AER15+ADY15+ADF15+ACM15+ABT15+ABA15+AAH15+ZO15+YV15+YC15+XJ15+WQ15+VX15+VE15+UL15+TS15+SZ15+SG15+RN15+QU15+QB15+PI15+OP15+NW15+ND15+MK15+LR15 -> 0 | AJC15: =AIJ15+AGX15+AGE15+AFL15+AES15+ADZ15+ADG15+ACN15+ABU15+ABB15+AAI15+ZP15+YW15+YD15+XK15+WR15+VY15+VF15+UM15+TT15+TA15+SH15+RO15+QV15+QC15+PJ15+OQ15+NX15+NE15+ML15+LS15 -> 0 | AJD15: =AIK15+AGY15+AGF15+AFM15+AET15+AEA15+ADH15+ACO15+ABV15+ABC15+AAJ15+ZQ15+YX15+YE15+XL15+WS15+VZ15+VG15+UN15+TU15+TB15+SI15+RP15+QW15+QD15+PK15+OR15+NY15+NF15+MM15+LT15 -> 0 | AJE15: =AIN15+AHB15+AGI15+AFP15+AEW15+AED15+ADK15+ACR15+ABY15+ABF15+AAM15+ZT15+ZA15+YH15+XO15+WV15+WC15+VJ15+UQ15+TX15+TE15+SL15+RS15+QZ15+QG15+PN15+OU15+OB15+NI15+MP15+LW15 -> 0 | AJF15: =AIO15+AHC15+AGJ15+AFQ15+AEX15+AEE15+ADL15+ACS15+ABZ15+ABG15+AAN15+ZU15+ZB15+YI15+XP15+WW15+WD15+VK15+UR15+TY15+TF15+SM15+RT15+RA15+QH15+PO15+OV15+OC15+NJ15+MQ15+LX15 -> 0 | AJG15: =AIL15+AGZ15+AGG15+AFN15+AEU15+AEB15+ADI15+ACP15+ABW15+ABD15+AAK15+ZR15+YY15+YF15+XM15+WT15+WA15+VH15+UO15+TV15+TC15+SJ15+RQ15+QX15+QE15+PL15+OS15+NZ15+NG15+MN15+LU15 -> 0 | AJH15: =AIM15+AHA15+AGH15+AFO15+AEV15+AEC15+ADJ15+ACQ15+ABX15+ABE15+AAL15+ZS15+YZ15+YG15+XN15+WU15+WB15+VI15+UP15+TW15+TD15+SK15+RR15+QY15+QF15+PM15+OT15+OA15+NH15+MO15+LV15 -> 0 | AJI15: =AIP15+AHD15+AGK15+AFR15+AEY15+AEF15+ADM15+ACT15+ACA15+ABH15+AAO15+ZV15+ZC15+YJ15+XQ15+WX15+WE15+VL15+US15+TZ15+TG15+SN15+RU15+RB15+QI15+PP15+OW15+OD15+NK15+MR15+LY15 -> 0 | AJJ15: =AIQ15+AHE15+AGL15+AFS15+AEZ15+AEG15+ADN15+ACU15+ACB15+ABI15+AAP15+ZW15+ZD15+YK15+XR15+WY15+WF15+VM15+UT15+UA15+TH15+SO15+RV15+RC15+QJ15+PQ15+OX15+OE15+NL15+MS15+LZ15 -> 0 | AJK15: =AIR15+AHF15+AGM15+AFT15+AFA15+AEH15+ADO15+ACV15+ACC15+ABJ15+AAQ15+ZX15+ZE15+YL15+XS15+WZ15+WG15+VN15+UU15+UB15+TI15+SP15+RW15+RD15+QK15+PR15+OY15+OF15+NM15+MT15+MA15 -> 0 | AJL15: =AIS15+AHG15+AGN15+AFU15+AFB15+AEI15+ADP15+ACW15+ACD15+ABK15+AAR15+ZY15+ZF15+YM15+XT15+XA15+WH15+VO15+UV15+UC15+TJ15+SQ15+RX15+RE15+QL15+PS15+OZ15+OG15+NN15+MU15+MB15 -> 0 | AJM15: =AIT15+AHH15+AGO15+AFV15+AFC15+AEJ15+ADQ15+ACX15+ACE15+ABL15+AAS15+ZZ15+ZG15+YN15+XU15+XB15+WI15+VP15+UW15+UD15+TK15+SR15+RY15+RF15+QM15+PT15+PA15+OH15+NO15+MV15+MC15 -> 0 | AJN15: =AIU15+AHI15+AGP15+AFW15+AFD15+AEK15+ADR15+ACY15+ACF15+ABM15+AAT15+AAA15+ZH15+YO15+XV15+XC15+WJ15+VQ15+UX15+UE15+TL15+SS15+RZ15+RG15+QN15+PU15+PB15+OI15+NP15+MW15+MD15 -> 0 | AJO15: =AIV15+AHJ15+AGQ15+AFX15+AFE15+AEL15+ADS15+ACZ15+ACG15+ABN15+AAU15+AAB15+ZI15+YP15+XW15+XD15+WK15+VR15+UY15+UF15+TM15+ST15+SA15+RH15+QO15+PV15+PC15+OJ15+NQ15+MX15+ME15 -> 0 | AJP15: =AIW15+AHK15+AGR15+AFY15+AFF15+AEM15+ADT15+ADA15+ACH15+ABO15+AAV15+AAC15+ZJ15+YQ15+XX15+XE15+WL15+VS15+UZ15+UG15+TN15+SU15+SB15+RI15+QP15+PW15+PD15+OK15+NR15+MY15+MF15 -> 0 | AJQ15: =AJO15+AJM15+AJK15+AJI15+AJE15+AJG15+AJC15+AJA15 -> 0 | AJR15: =AJP15+AJN15+AJL15+AJJ15+AJF15+AJH15+AJD15+AJB15 -> 0 | AJS15: =AJR15+AJQ15 -> 0 | ALT15: =ALS15+ALR15 -> 0 | AOY15: =AOX15+AOW15 -> 0
A16: خلاصة قضاء المناذرة | F16: =SUM(F14:F15) -> 0 | G16: =SUM(G14:G15) -> 0 | H16: =SUM(H14:H15) -> 0 | I16: =SUM(I14:I15) -> 0 | J16: =SUM(J14:J15) -> 0 | K16: =SUM(K14:K15) -> 0 | L16: =SUM(L14:L15) -> 0 | M16: =SUM(M14:M15) -> 0 | ... FD16: =SUM(FD14:FD15) -> 0 | FG16: =SUM(FG14:FG15) -> 0 | FH16: =SUM(FH14:FH15) -> 0 | FI16: =SUM(FI14:FI15) -> 0 | FJ16: =SUM(FJ14:FJ15) -> 0 | FK16: =SUM(FK14:FK15) -> 0 | FL16: =SUM(FL14:FL15) -> 0 | FM16: =SUM(FM14:FM15) -> 0 | FN16: =SUM(FN14:FN15) -> 0 | ... KE16: =SUM(KE14:KE15) -> 0 | KH16: =SUM(KH14:KH15) -> 0 | KI16: =SUM(KI14:KI15) -> 0 | KJ16: =SUM(KJ14:KJ15) -> 0 | KK16: =SUM(KK14:KK15) -> 0 | KL16: =SUM(KL14:KL15) -> 0 | KM16: =SUM(KM14:KM15) -> 0 | KN16: =SUM(KN14:KN15) -> 0 | KO16: =SUM(KO14:KO15) -> 0 | ... LM16: =SUM(LM14:LM15) -> 0 | LN16: =LL16+KV16+LJ16+LH16+LF16+LD16+LB16+KZ16+KX16 -> 0 | LO16: =LM16+KW16+LK16+LI16+LG16+LE16+LC16+LA16+KY16 -> 0 | LP16: =SUM(LP14:LP15) -> 0 | LQ16: =SUM(LQ14:LQ15) -> 0 | LR16: =SUM(LR14:LR15) -> 0 | LS16: =SUM(LS14:LS15) -> 0 | LT16: =SUM(LT14:LT15) -> 0 | LU16: =SUM(LU14:LU15) -> 0 | LV16: =SUM(LV14:LV15) -> 0 | LW16: =SUM(LW14:LW15) -> 0 | ... ALF16: =SUM(ALF14:ALF15) -> 0 | ALH16: =SUM(ALH14:ALH15) -> 0 | ALI16: =SUM(ALI14:ALI15) -> 0 | ALJ16: =SUM(ALJ14:ALJ15) -> 0 | ALK16: =SUM(ALK14:ALK15) -> 0 | ALL16: =SUM(ALL14:ALL15) -> 0 | ALM16: =SUM(ALM14:ALM15) -> 0 | ALN16: =SUM(ALN14:ALN15) -> 0 | ALO16: =SUM(ALO14:ALO15) -> 0 | ... ANU16: =SUM(ANU14:ANU15) -> 0 | AOF16: =SUM(AOF14:AOF15) -> 0 | AOG16: =SUM(AOG14:AOG15) -> 0 | AOH16: =SUM(AOH14:AOH15) -> 0 | AOI16: =SUM(AOI14:AOI15) -> 0 | AOJ16: =SUM(AOJ14:AOJ15) -> 0 | AOK16: =SUM(AOK14:AOK15) -> 0 | AOL16: =SUM(AOL14:AOL15) -> 0 | AOM16: =SUM(AOM14:AOM15) -> 0 | ... AOR16: =SUM(AOR14:AOR15) -> 0 | AOT16: =SUM(AOT14:AOT15) -> 0 | AOU16: =SUM(AOU14:AOU15) -> 0 | AOV16: =SUM(AOV14:AOV15) -> 0 | AOW16: =SUM(AOW14:AOW15) -> 0 | AOX16: =SUM(AOX14:AOX15) -> 0 | AOY16: =SUM(AOY14:AOY15) -> 0 | AOZ16: =SUM(AOZ14:AOZ15) -> 0 | APA16: =SUM(APA14:APA15) -> 0 | ... APO16: =SUM(APO14:APO15) -> 0
A17: خلاصة محافظة النجف الاشرف | F17: =F13+F10 -> 2 | G17: =G13+G10 -> 2 | H17: =H13+H10 -> 0 | I17: =I13+I10 -> 4 | J17: =J13+J10 -> 0 | K17: =K13+K10 -> 2 | L17: =L13+L10 -> 0 | M17: =M13+M10 -> 0 | ... KE17: =KE13+KE10 -> 0 | KH17: =KH13+KH10 -> 0 | KI17: =KI13+KI10 -> 0 | KJ17: =KJ13+KJ10 -> 7 | KK17: =KK13+KK10 -> 8 | KL17: =KL13+KL10 -> 15 | KM17: =KM13+KM10 -> 57 | KN17: =KN13+KN10 -> 40 | KO17: =KO13+KO10 -> 0 | ... LM17: =LM13+LM10 -> 2 | LN17: =LL17+KV17+LJ17+LH17+LF17+LD17+LB17+KZ17+KX17 -> 57 | LO17: =LM17+KW17+LK17+LI17+LG17+LE17+LC17+LA17+KY17 -> 40 | LP17: =LP13+LP10 -> 97 | LQ17: =LQ13+LQ10 -> 0 | LR17: =LR13+LR10 -> 0 | LS17: =LS13+LS10 -> 0 | LT17: =LT13+LT10 -> 0 | LU17: =LU13+LU10 -> 0 | LV17: =LV13+LV10 -> 0 | LW17: =LW13+LW10 -> 0 | ... ALF17: =ALF13+ALF10 -> 0 | ALJ17: =ALJ13+ALJ10 -> 2 | ALK17: =ALK13+ALK10 -> 1 | ALL17: =ALL13+ALL10 -> 0 | ALM17: =ALM13+ALM10 -> 2 | ALN17: =ALN13+ALN10 -> 1 | ALO17: =ALO13+ALO10 -> 1 | ALP17: =ALP13+ALP10 -> 2 | ALQ17: =ALQ13+ALQ10 -> 6 | ... APO17: =APO13+APO10 -> 0
A19: خلاصة المعاهد المسائية | F19: =F8+F9 -> 1 | G19: =G8+G9 -> 1 | H19: =H8+H9 -> 0 | I19: =I8+I9 -> 2 | J19: =J8+J9 -> 0 | K19: =K8+K9 -> 0 | L19: =L8+L9 -> 0 | M19: =M8+M9 -> 0 | ... APO19: =APO8+APO9 -> 0

Sheet ج 1 و 2و3
A1: المديرية العامة للتربية في محافظة النجف الاشرف
A2: قسم التخطيط التربوي | H2: خلاصة محافظة النجف الاشرف | V2: معهد الفنون الجميلة
H3: جدول رقم ((1))
A4: معهد الفنون الجميلة للعام الدراسي 2025 - 2026
A5: عدد معهد الفنون الجميلة والطلبة المقبولين والموجودين وعدد اعضاء الهيئة التدريسية واستقلالية المدرسة ومعاهد الفتح الجديد
A7: نوع المعهد | B7: عدد معهد الفنون الجميلة | F7: عدد الطلبة المقبولين الجدد | I7: عدد الطلبة الموجودين | L7: عدد اعضاء الهيئة التدريسية | O7: استقلالية المعهد | Q7: عدد المعهد الفتح الجديد
B8: بنون | C8: بنات | D8: مختلط | E8: المجموع | F8: بنون | G8: بنات | H8: المجموع | I8: بنون | J8: بنات | K8: المجموع | L8: ذكور | M8: اناث | N8: المجموع | O8: اصلية | P8: ضيف | Q8: بنون | R8: بنات | S8: مختلط | T8: المجموع
A9: معاهد الفنون الجميلة | B9: ='الفنون الجميلة'!F17 -> 2 | C9: ='الفنون الجميلة'!G17 -> 2 | D9: ='الفنون الجميلة'!H17 -> 0 | E9: =D9+C9+B9 -> 4 | F9: ='الفنون الجميلة'!AP17 -> 268 | G9: ='الفنون الجميلة'!AQ17 -> 445 | H9: =G9+F9 -> 713 | I9: ='الفنون الجميلة'!ER17 -> 878 | J9: ='الفنون الجميلة'!ES17 -> 1236 | K9: =J9+I9 -> 2114 | L9: ='الفنون الجميلة'!JM17 -> 57 | M9: ='الفنون الجميلة'!JN17 -> 40 | N9: =M9+L9 -> 97 | O9: ='الفنون الجميلة'!O17 -> 3 | P9: ='الفنون الجميلة'!P17 -> 1 | Q9: ='الفنون الجميلة'!U17 -> 0 | R9: ='الفنون الجميلة'!V17 -> 0 | S9: ='الفنون الجميلة'!W17 -> 0 | T9: =S9+R9+Q9 -> 0
A11: جدول رقم ((2))
A12: معهد الفنون الجميلة للعام الدراسي 2025 - 2026
A13: عدد معهد الفنون الجميلة والطلبة الموجودين حسب الصف وعدد اعضاء الهيئة التدريسية والشعب ( المسائية فقط )
A15: نوع المعهد | B15: عدد معهد الفنون الجميلة | F15: عدد اعضاء الهيئة التدريسية | I15: عدد الطلبة المسجلين للعام الدراسي 2025 - 2026 | V15: الشعب
I16: الصف الاول | K16: الصف الثاني | M16: الصف الثالث | O16: الصف الرابع | Q16: الصف الخامس | S16: المجموع
B17: بنون | C17: بنات | D17: مختلط | E17: المجموع | F17: ذكور | G17: اناث | H17: المجموع | I17: بنون | J17: بنات | K17: بنون | L17: بنات | M17: بنون | N17: بنات | O17: بنون | P17: بنات | Q17: بنون | R17: بنات | S17: بنون | T17: بنات | U17: المجموع | V17: بنون | W17: بنات | X17: مختلط | Y17: المجموع
A18: معاهد الفنون الجميلة | B18: ='الفنون الجميلة'!F19 -> 1 | C18: ='الفنون الجميلة'!G19 -> 1 | D18: ='الفنون الجميلة'!H19 -> 0 | E18: =D18+C18+B18 -> 2 | F18: ='الفنون الجميلة'!JM19 -> 8 | G18: ='الفنون الجميلة'!JN19 -> 16 | H18: =G18+F18 -> 24 | I18: ='الفنون الجميلة'!BK19 -> 181 | J18: ='الفنون الجميلة'!BL19 -> 278 | K18: ='الفنون الجميلة'!CD19 -> 124 | L18: ='الفنون الجميلة'!CE19 -> 230 | M18: 0 | N18: 0 | O18: 0 | P18: 0 | Q18: 0 | R18: 0 | S18: =Q18+O18+M18+K18+I18 -> 305 | T18: =R18+P18+N18+L18+J18 -> 508 | U18: =T18+S18 -> 813 | V18: ='الفنون الجميلة'!FY19 -> 24 | W18: ='الفنون الجميلة'!FZ19 -> 18 | X18: ='الفنون الجميلة'!GA19 -> 0 | Y18: =X18+W18+V18 -> 42
A20: جدول رقم ((3))
A21: معهد الفنون الجميلة للعام الدراسي 2025 - 2026
A22: عدد الطلبة المقبولين ((الجدد)) حسب العمر والجنس
A24: نوع المعهد | B24: عمر 15 سنة | D24: عمر 16 سنة | F24: عمر 17 سنة | H24: عمر 18 سنة | J24: عمر 19 سنة | L24: عمر 20 سنة | N24: عمر 21 سنة | P24: عمر 22 سنة | R24: عمر 23 سنة فاكثر | T24: المجموع الكلي
B25: بنون | C25: بنات | D25: بنون | E25: بنات | F25: بنون | G25: بنات | H25: بنون | I25: بنات | J25: بنون | K25: بنات | L25: بنون | M25: بنات | N25: بنون | O25: بنات | P25: بنون | Q25: بنات | R25: بنون | S25: بنات | T25: بنون | U25: بنات | V25: المجموع
A26: معاهد الفنون الجميلة | B26: ='الفنون الجميلة'!X17 -> 1 | C26: ='الفنون الجميلة'!Y17 -> 5 | D26: ='الفنون الجميلة'!Z17 -> 47 | E26: ='الفنون الجميلة'!AA17 -> 57 | F26: ='الفنون الجميلة'!AB17 -> 45 | G26: ='الفنون الجميلة'!AC17 -> 47 | H26: ='الفنون الجميلة'!AD17 -> 13 | I26: ='الفنون الجميلة'!AE17 -> 29 | ... S26: ='الفنون الجميلة'!AO17 -> 278 | T26: =R26+P26+N26+L26+J26+H26+F26+D26+B26 -> 268 | U26: =S26+Q26+O26+M26+K26+I26+G26+E26+C26 -> 445 | V26: =U26+T26 -> 713
A28: المديرية العامة للتربية في محافظة النجف الاشرف
A29: قسم التخطيط التربوي | V29: معهد الفنون الجميلة
H30: خلاصة قضاء النجف
H31: جدول رقم ((1))
A32: معهد الفنون الجميلة للعام الدراسي 2022 - 2025
A33: عدد معهد الفنون الجميلة والطلبة المقبولين والموجودين وعدد اعضاء الهيئة التدريسية واستقلالية المدرسة ومعاهد الفتح الجديد
A35: نوع المعهد | B35: عدد معهد الفنون الجميلة | F35: عدد الطلبة المقبولين الجدد | I35: عدد الطلبة الموجودين | L35: عدد اعضاء الهيئة التدريسية | O35: استقلالية المعهد | Q35: عدد المعهد الفتح الجديد
B36: بنون | C36: بنات | D36: مختلط | E36: المجموع | F36: بنون | G36: بنات | H36: المجموع | I36: بنون | J36: بنات | K36: المجموع | L36: ذكور | M36: اناث | N36: المجموع | O36: اصلية | P36: ضيف | Q36: بنون | R36: بنات | S36: مختلط | T36: المجموع
A37: معاهد الفنون الجميلة | B37: ='الفنون الجميلة'!F10 -> 2 | C37: ='الفنون الجميلة'!G10 -> 2 | D37: ='الفنون الجميلة'!H10 -> 0 | E37: =D37+C37+B37 -> 4 | F37: ='الفنون الجميلة'!AP10 -> 268 | G37: ='الفنون الجميلة'!AQ10 -> 445 | H37: =G37+F37 -> 713 | I37: ='الفنون الجميلة'!ER10 -> 878 | J37: ='الفنون الجميلة'!ES10 -> 1236 | K37: =J37+I37 -> 2114 | L37: ='الفنون الجميلة'!JM10 -> 57 | M37: ='الفنون الجميلة'!JN10 -> 40 | N37: =M37+L37 -> 97 | O37: ='الفنون الجميلة'!O10 -> 3 | P37: ='الفنون الجميلة'!P10 -> 1 | Q37: ='الفنون الجميلة'!U10 -> 0 | R37: ='الفنون الجميلة'!V10 -> 0 | S37: ='الفنون الجميلة'!W10 -> 0 | T37: =S37+R37+Q37 -> 0
A39: جدول رقم ((2))
A40: معهد الفنون الجميلة للعام الدراسي 2022 - 2025
A41: عدد معهد الفنون الجميلة والطلبة الموجودين حسب الصف وعدد اعضاء الهيئة التدريسية والشعب ( المسائية فقط )
A43: نوع المعهد | B43: عدد معهد الفنون الجميلة | F43: عدد اعضاء الهيئة التدريسية | I43: عدد الطلبة المسجلين للعام الدراسي 2022 - 2025 | V43: الشعب
I44: الصف الاول | K44: الصف الثاني | M44: الصف الثالث | O44: الصف الرابع | Q44: الصف الخامس | S44: المجموع
B45: بنون | C45: بنات | D45: مختلط | E45: المجموع | F45: ذكور | G45: اناث | H45: المجموع | I45: بنون | J45: بنات | K45: بنون | L45: بنات | M45: بنون | N45: بنات | O45: بنون | P45: بنات | Q45: بنون | R45: بنات | S45: بنون | T45: بنات | U45: المجموع | V45: بنون | W45: بنات | X45: مختلط | Y45: المجموع
A46: معاهد الفنون الجميلة | B46: 0 | C46: 0 | D46: 0 | E46: =D46+C46+B46 -> 0 | F46: 0 | G46: 0 | H46: =G46+F46 -> 0 | I46: 0 | J46: 0 | K46: 0 | L46: 0 | M46: 0 | N46: 0 | O46: 0 | P46: 0 | Q46: 0 | R46: 0 | S46: =Q46+O46+M46+K46+I46 -> 0 | T46: =R46+P46+N46+L46+J46 -> 0 | U46: =T46+S46 -> 0 | V46: 0 | W46: 0 | X46: 0 | Y46: =X46+W46+V46 -> 0
A48: جدول رقم ((3))
A49: معهد الفنون الجميلة للعام الدراسي 2022 - 2025
A50: عدد الطلبة المقبولين ((الجدد)) حسب العمر والجنس
A52: نوع المعهد | B52: عمر 15 سنة | D52: عمر 16 سنة | F52: عمر 17 سنة | H52: عمر 18 سنة | J52: عمر 19 سنة | L52: عمر 20 سنة | N52: عمر 21 سنة | P52: عمر 22 سنة | R52: عمر 23 سنة فاكثر | T52: المجموع الكلي
B53: بنون | C53: بنات | D53: بنون | E53: بنات | F53: بنون | G53: بنات | H53: بنون | I53: بنات | J53: بنون | K53: بنات | L53: بنون | M53: بنات | N53: بنون | O53: بنات | P53: بنون | Q53: بنات | R53: بنون | S53: بنات | T53: بنون | U53: بنات | V53: المجموع
A54: معاهد الفنون الجميلة | B54: ='الفنون الجميلة'!X10 -> 1 | C54: ='الفنون الجميلة'!Y10 -> 5 | D54: ='الفنون الجميلة'!Z10 -> 47 | E54: ='الفنون الجميلة'!AA10 -> 57 | F54: ='الفنون الجميلة'!AB10 -> 45 | G54: ='الفنون الجميلة'!AC10 -> 47 | H54: ='الفنون الجميلة'!AD10 -> 13 | I54: ='الفنون الجميلة'!AE10 -> 29 | ... S54: ='الفنون الجميلة'!AO10 -> 278 | T54: =R54+P54+N54+L54+J54+H54+F54+D54+B54 -> 268 | U54: =S54+Q54+O54+M54+K54+I54+G54+E54+C54 -> 445 | V54: =U54+T54 -> 713

Sheet ج 4و5و6
B1: المديرية العامة للتربية في محافظة النجف الاشرف
B2: قسم التخطيط التربوي | I2: خلاصة محافظة النجف الاشرف | R2: معهد الفنون الجميلة
A3: جدول رقم ((4))
A4: معهد الفنون الجميلة للعام الدراسي 2025 - 2026
A5: عدد الطلبة الموجودين حسب العمر والصف والجنس
B7: الصف | C7: عمر 15 سنة | E7: عمر 16 سنة | G7: عمر 17 سنة | I7: عمر 18 سنة | K7: عمر 19 سنة | M7: عمر 20 سنة | O7: عمر 21 سنة | Q7: عمر 22 سنة | S7: عمر 23 سنة فاكثر | U7: المجموع الكلي
C8: بنون | D8: بنات | E8: بنون | F8: بنات | G8: بنون | H8: بنات | I8: بنون | J8: بنات | K8: بنون | L8: بنات | M8: بنون | N8: بنات | O8: بنون | P8: بنات | Q8: بنون | R8: بنات | S8: بنون | T8: بنات | U8: بنون | V8: بنات | W8: المجموع
A9: معاهد الفنون الجميلة | B9: الصف الاول | C9: ='الفنون الجميلة'!AS17 -> 1 | D9: ='الفنون الجميلة'!AT17 -> 5 | E9: ='الفنون الجميلة'!AU17 -> 47 | F9: ='الفنون الجميلة'!AV17 -> 57 | G9: ='الفنون الجميلة'!AW17 -> 45 | H9: ='الفنون الجميلة'!AX17 -> 47 | I9: ='الفنون الجميلة'!AY17 -> 13 | J9: ='الفنون الجميلة'!AZ17 -> 29 | ... T9: ='الفنون الجميلة'!BJ17 -> 278 | U9: =S9+Q9+O9+M9+K9+I9+G9+E9+C9 -> 296 | V9: =T9+R9+P9+N9+L9+J9+H9+F9+D9 -> 445 | W9: =V9+U9 -> 741
B10: الصف الثاني | E10: ='الفنون الجميلة'!BN17 -> 1 | F10: ='الفنون الجميلة'!BO17 -> 32 | G10: ='الفنون الجميلة'!BP17 -> 55 | H10: ='الفنون الجميلة'!BQ17 -> 40 | I10: ='الفنون الجميلة'!BR17 -> 41 | J10: ='الفنون الجميلة'!BS17 -> 20 | K10: ='الفنون الجميلة'!BT17 -> 4 | L10: ='الفنون الجميلة'!BU17 -> 17 | ... T10: ='الفنون الجميلة'!CC17 -> 231 | U10: =S10+Q10+O10+M10+K10+I10+G10+E10+C10 -> 225 | V10: =T10+R10+P10+N10+L10+J10+H10+F10+D10 -> 357 | W10: =V10+U10 -> 582
B11: الصف الثالث | G11: ='الفنون الجميلة'!CG17 -> 4 | H11: ='الفنون الجميلة'!CH17 -> 31 | I11: ='الفنون الجميلة'!CI17 -> 20 | J11: ='الفنون الجميلة'!CJ17 -> 17 | K11: ='الفنون الجميلة'!CK17 -> 31 | L11: ='الفنون الجميلة'!CL17 -> 21 | M11: ='الفنون الجميلة'!CM17 -> 22 | N11: ='الفنون الجميلة'!CN17 -> 9 | ... T11: ='الفنون الجميلة'!CT17 -> 197 | U11: =S11+Q11+O11+M11+K11+I11+G11+E11+C11 -> 213 | V11: =T11+R11+P11+N11+L11+J11+H11+F11+D11 -> 288 | W11: =V11+U11 -> 501
B12: الصف الرابع | I12: ='الفنون الجميلة'!CX17 -> 3 | J12: ='الفنون الجميلة'!CY17 -> 6 | K12: ='الفنون الجميلة'!CZ17 -> 15 | L12: ='الفنون الجميلة'!DA17 -> 24 | M12: ='الفنون الجميلة'!DB17 -> 23 | N12: ='الفنون الجميلة'!DC17 -> 19 | O12: ='الفنون الجميلة'!DD17 -> 12 | P12: ='الفنون الجميلة'!DE17 -> 8 | ... T12: ='الفنون الجميلة'!DI17 -> 6 | U12: =S12+Q12+O12+M12+K12+I12+G12+E12+C12 -> 75 | V12: =T12+R12+P12+N12+L12+J12+H12+F12+D12 -> 68 | W12: =V12+U12 -> 143
B13: الصف الخامس | K13: ='الفنون الجميلة'!DM17 -> 2 | L13: ='الفنون الجميلة'!DN17 -> 4 | M13: ='الفنون الجميلة'!DO17 -> 14 | N13: ='الفنون الجميلة'!DP17 -> 30 | O13: ='الفنون الجميلة'!DQ17 -> 16 | P13: ='الفنون الجميلة'!DR17 -> 8 | Q13: ='الفنون الجميلة'!DS17 -> 22 | R13: ='الفنون الجميلة'!DT17 -> 8 | ... T13: ='الفنون الجميلة'!DV17 -> 28 | U13: =S13+Q13+O13+M13+K13+I13+G13+E13+C13 -> 69 | V13: =T13+R13+P13+N13+L13+J13+H13+F13+D13 -> 78 | W13: =V13+U13 -> 147
B14: المجموع | C14: =SUM(C9:C13) -> 1 | D14: =SUM(D9:D13) -> 5 | E14: =SUM(E9:E13) -> 48 | F14: =SUM(F9:F13) -> 89 | G14: =SUM(G9:G13) -> 104 | H14: =SUM(H9:H13) -> 118 | I14: =SUM(I9:I13) -> 77 | J14: =SUM(J9:J13) -> 72 | ... T14: =SUM(T9:T13) -> 740 | U14: =S14+Q14+O14+M14+K14+I14+G14+E14+C14 -> 878 | V14: =T14+R14+P14+N14+L14+J14+H14+F14+D14 -> 1236 | W14: =V14+U14 -> 2114
C15: جدول رقم ((5))
C16: معهد الفنون الجميلة للعام الدراسي 2025 - 2026
C17: عدد الشعب حسب الجنس
E18: عدد الشعب حسب الصف والجنس
E19: بنون | H19: بنات | K19: مختلط | N19: المجموع
C20: معاهد الفنون الجميلة | D20: الصف الاول | E20: ='الفنون الجميلة'!FJ17 -> 12 | H20: ='الفنون الجميلة'!FK17 -> 12 | K20: ='الفنون الجميلة'!FL17 -> 0 | N20: =K20+H20+E20 -> 24
D21: الصف الثاني | E21: ='الفنون الجميلة'!FM17 -> 12 | H21: ='الفنون الجميلة'!FN17 -> 10 | K21: ='الفنون الجميلة'!FO17 -> 0 | N21: =K21+H21+E21 -> 22
D22: الصف الثالث | E22: ='الفنون الجميلة'!FP17 -> 13 | H22: ='الفنون الجميلة'!FQ17 -> 10 | K22: ='الفنون الجميلة'!FR17 -> 0 | N22: =K22+H22+E22 -> 23
D23: الصف الرابع | E23: ='الفنون الجميلة'!FS17 -> 5 | H23: ='الفنون الجميلة'!FT17 -> 4 | K23: ='الفنون الجميلة'!FU17 -> 0 | N23: =K23+H23+E23 -> 9
D24: الصف الخامس | E24: ='الفنون الجميلة'!FV17 -> 5 | H24: ='الفنون الجميلة'!FW17 -> 4 | K24: ='الفنون الجميلة'!FX17 -> 0 | N24: =K24+H24+E24 -> 9
D25: المجموع | E25: =E24+E23+E22+E21+E21 -> 47 | H25: =H24+H23+H22+H21+H21 -> 38 | K25: =K24+K23+K22+K21+K21 -> 0 | N25: =N20+N21+N22+N23+N24 -> 87
A26: جدول رقم ((6))
A27: معهد الفنون الجميلة للعام الدراسي 2025 - 2026
A28: عدد الطلبة الناجحين والراسبين للعام الدراسي 2023 - 2026 حسب الجنس
C29: نوع المعهد | D29: الصف | E29: عدد الطلبة التاركين للعام الدراسي 2025 - 2026 | H29: عدد الطلبة الناجحين للعام الدراسي 2026/2023 | K29: عدد الطلبة الراسبين للعام الدراسي 2023-2026
E30: بنون | F30: بنات | G30: المجموع | H30: بنون | I30: بنات | J30: المجموع | K30: الفشل في الامتحان | M30: تجاوز ايام الغياب | O30: اسباب اخرى | Q30: المجموع
K31: بنون | L31: بنات | M31: بنون | N31: بنات | O31: بنون | P31: بنات | Q31: بنون | R31: بنات | S31: المجموع
C32: معاهد الفنون الجميلة | D32: الصف الاول | E32: ='الفنون الجميلة'!GC17 -> 28 | F32: ='الفنون الجميلة'!GD17 -> 6 | G32: =F32+E32 -> 34 | H32: ='الفنون الجميلة'!HC17 -> 219 | I32: ='الفنون الجميلة'!HD17 -> 339 | J32: =I32+H32 -> 558 | K32: ='الفنون الجميلة'!HP17 -> 8 | L32: ='الفنون الجميلة'!HQ17 -> 7 | M32: ='الفنون الجميلة'!IC17 -> 1 | N32: ='الفنون الجميلة'!ID17 -> 15 | O32: ='الفنون الجميلة'!IP17 -> 0 | P32: ='الفنون الجميلة'!IQ17 -> 0 | Q32: =O32+M32+K32 -> 9 | R32: =P32+N32+L32 -> 22 | S32: =R32+Q32 -> 31
D33: الصف الثاني | E33: ='الفنون الجميلة'!GE17 -> 4 | F33: ='الفنون الجميلة'!GF17 -> 12 | G33: =F33+E33 -> 16 | H33: ='الفنون الجميلة'!HE17 -> 208 | I33: ='الفنون الجميلة'!HF17 -> 288 | J33: =I33+H33 -> 496 | K33: ='الفنون الجميلة'!HR17 -> 5 | L33: ='الفنون الجميلة'!HS17 -> 4 | M33: ='الفنون الجميلة'!IE17 -> 0 | N33: ='الفنون الجميلة'!IF17 -> 13 | O33: ='الفنون الجميلة'!IR17 -> 0 | P33: ='الفنون الجميلة'!IS17 -> 0 | Q33: =O33+M33+K33 -> 5 | R33: =P33+N33+L33 -> 17 | S33: =R34+Q34 -> 9
D34: الصف الثالث | E34: ='الفنون الجميلة'!GG17 -> 1 | F34: ='الفنون الجميلة'!GH17 -> 2 | G34: =F34+E34 -> 3 | H34: ='الفنون الجميلة'!HG17 -> 72 | I34: ='الفنون الجميلة'!HH17 -> 66 | J34: =I34+H34 -> 138 | K34: ='الفنون الجميلة'!HT17 -> 7 | L34: ='الفنون الجميلة'!HU17 -> 1 | M34: ='الفنون الجميلة'!IG17 -> 0 | N34: ='الفنون الجميلة'!IH17 -> 1 | O34: ='الفنون الجميلة'!IT17 -> 0 | P34: ='الفنون الجميلة'!IU17 -> 0 | Q34: =O34+M34+K34 -> 7 | R34: =P34+N34+L34 -> 2 | S34: =R34+Q34 -> 9
D35: الصف الرابع | E35: ='الفنون الجميلة'!GI17 -> 0 | F35: ='الفنون الجميلة'!GJ17 -> 0 | G35: =F35+E35 -> 0 | H35: ='الفنون الجميلة'!HI17 -> 69 | I35: ='الفنون الجميلة'!HJ17 -> 78 | J35: =I35+H35 -> 147 | K35: ='الفنون الجميلة'!HV17 -> 5 | L35: ='الفنون الجميلة'!HW17 -> 0 | M35: ='الفنون الجميلة'!II17 -> 1 | N35: ='الفنون الجميلة'!IJ17 -> 0 | O35: ='الفنون الجميلة'!IV17 -> 0 | P35: ='الفنون الجميلة'!IW17 -> 0 | Q35: =O35+M35+K35 -> 6 | R35: =P35+N35+L35 -> 0 | S35: =R35+Q35 -> 6
D36: الصف الخامس | E36: ='الفنون الجميلة'!GK17 -> 0 | F36: ='الفنون الجميلة'!GL17 -> 0 | G36: =F36+E36 -> 0 | H36: ='الفنون الجميلة'!HK17 -> 109 | I36: ='الفنون الجميلة'!HL17 -> 101 | J36: =I36+H36 -> 210 | K36: ='الفنون الجميلة'!HX17 -> 0 | L36: ='الفنون الجميلة'!HY17 -> 0 | M36: ='الفنون الجميلة'!IK17 -> 0 | N36: ='الفنون الجميلة'!IL17 -> 0 | O36: ='الفنون الجميلة'!IX17 -> 0 | P36: ='الفنون الجميلة'!IY17 -> 0 | Q36: =O36+M36+K36 -> 0 | R36: =P36+N36+L36 -> 0 | S36: =R36+Q36 -> 0
D37: المجموع | E37: =E36+E35+E34+E33+E32 -> 33 | F37: =F36+F35+F34+F33+F32 -> 20 | G37: =G36+G35+G34+G33+G32 -> 53 | H37: =H36+H35+H34+H33+H32 -> 677 | I37: =I36+I35+I34+I33+I32 -> 872 | J37: =J36+J35+J34+J33+J32 -> 1549 | K37: =K36+K35+K34+K33+K32 -> 25 | L37: =L36+L35+L34+L33+L32 -> 12 | ... S37: =S36+S35+S34+S33+S32 -> 55
B38: المديرية العامة للتربية في محافظة النجف الاشرف
B39: قسم التخطيط التربوي | I39: خلاصة قضاء النجف | R39: معهد الفنون الجميلة
A40: جدول رقم ((4))
A41: معهد الفنون الجميلة للعام الدراسي 2022 - 2025
A42: عدد الطلبة الموجودين حسب العمر والصف والجنس
C44: عمر 15 سنة | E44: عمر 16 سنة | G44: عمر 17 سنة | I44: عمر 18 سنة | K44: عمر 19 سنة | M44: عمر 20 سنة | O44: عمر 21 سنة | Q44: عمر 22 سنة | S44: عمر 23 سنة فاكثر | U44: المجموع الكلي
C45: بنون | D45: بنات | E45: بنون | F45: بنات | G45: بنون | H45: بنات | I45: بنون | J45: بنات | K45: بنون | L45: بنات | M45: بنون | N45: بنات | O45: بنون | P45: بنات | Q45: بنون | R45: بنات | S45: بنون | T45: بنات | U45: بنون | V45: بنات | W45: المجموع
A46: معاهد الفنون الجميلة | B46: الصف الاول | C46: ='الفنون الجميلة'!AS10 -> 1 | D46: ='الفنون الجميلة'!AT10 -> 5 | E46: ='الفنون الجميلة'!AU10 -> 47 | F46: ='الفنون الجميلة'!AV10 -> 57 | G46: ='الفنون الجميلة'!AW10 -> 45 | H46: ='الفنون الجميلة'!AX10 -> 47 | I46: ='الفنون الجميلة'!AY10 -> 13 | J46: ='الفنون الجميلة'!AZ10 -> 29 | ... T46: ='الفنون الجميلة'!BJ10 -> 278 | U46: =S46+Q46+O46+M46+K46+I46+G46+E46+C46 -> 296 | V46: =T46+R46+P46+N46+L46+J46+H46+F46+D46 -> 445 | W46: =V46+U46 -> 741
B47: الصف الثاني | E47: ='الفنون الجميلة'!BN10 -> 1 | F47: ='الفنون الجميلة'!BO10 -> 32 | G47: ='الفنون الجميلة'!BP10 -> 55 | H47: ='الفنون الجميلة'!BQ10 -> 40 | I47: ='الفنون الجميلة'!BR10 -> 41 | J47: ='الفنون الجميلة'!BS10 -> 20 | K47: ='الفنون الجميلة'!BT10 -> 4 | L47: ='الفنون الجميلة'!BU10 -> 17 | ... T47: ='الفنون الجميلة'!CC10 -> 231 | U47: =S47+Q47+O47+M47+K47+I47+G47+E47+C47 -> 225 | V47: =T47+R47+P47+N47+L47+J47+H47+F47+D47 -> 357 | W47: =V47+U47 -> 582
B48: الصف الثالث | G48: ='الفنون الجميلة'!CG10 -> 4 | H48: ='الفنون الجميلة'!CH10 -> 31 | I48: ='الفنون الجميلة'!CI10 -> 20 | J48: ='الفنون الجميلة'!CJ10 -> 17 | K48: ='الفنون الجميلة'!CK10 -> 31 | L48: ='الفنون الجميلة'!CL10 -> 21 | M48: ='الفنون الجميلة'!CM10 -> 22 | N48: ='الفنون الجميلة'!CN10 -> 9 | ... T48: ='الفنون الجميلة'!CT10 -> 197 | U48: =S48+Q48+O48+M48+K48+I48+G48+E48+C48 -> 213 | V48: =T48+R48+P48+N48+L48+J48+H48+F48+D48 -> 288 | W48: =V48+U48 -> 501
B49: الصف الرابع | I49: ='الفنون الجميلة'!CX10 -> 3 | J49: ='الفنون الجميلة'!CY10 -> 6 | K49: ='الفنون الجميلة'!CZ10 -> 15 | L49: ='الفنون الجميلة'!DA10 -> 24 | M49: ='الفنون الجميلة'!DB10 -> 23 | N49: ='الفنون الجميلة'!DC10 -> 19 | O49: ='الفنون الجميلة'!DD10 -> 12 | P49: ='الفنون الجميلة'!DE10 -> 8 | ... T49: ='الفنون الجميلة'!DI10 -> 6 | U49: =S49+Q49+O49+M49+K49+I49+G49+E49+C49 -> 75 | V49: =T49+R49+P49+N49+L49+J49+H49+F49+D49 -> 68 | W49: =V49+U49 -> 143
B50: الصف الخامس | K50: ='الفنون الجميلة'!DM10 -> 2 | L50: ='الفنون الجميلة'!DN10 -> 4 | M50: ='الفنون الجميلة'!DO10 -> 14 | N50: ='الفنون الجميلة'!DP10 -> 30 | O50: ='الفنون الجميلة'!DQ10 -> 16 | P50: ='الفنون الجميلة'!DR10 -> 8 | Q50: ='الفنون الجميلة'!DS10 -> 22 | R50: ='الفنون الجميلة'!DT10 -> 8 | ... T50: ='الفنون الجميلة'!DV10 -> 28 | U50: =S50+Q50+O50+M50+K50+I50+G50+E50+C50 -> 69 | V50: =T50+R50+P50+N50+L50+J50+H50+F50+D50 -> 78 | W50: =V50+U50 -> 147
B51: المجموع | C51: =C50+C49+C48+C47+C46 -> 1 | D51: =D50+D49+D48+D47+D46 -> 5 | E51: =E50+E49+E48+E47+E46 -> 48 | F51: =F50+F49+F48+F47+F46 -> 89 | G51: =G50+G49+G48+G47+G46 -> 104 | H51: =H50+H49+H48+H47+H46 -> 118 | I51: =I50+I49+I48+I47+I46 -> 77 | J51: =J50+J49+J48+J47+J46 -> 72 | ... T51: =T50+T49+T48+T47+T46 -> 740 | U51: =S51+Q51+O51+M51+K51+I51+G51+E51+C51 -> 878 | V51: =T51+R51+P51+N51+L51+J51+H51+F51+D51 -> 1236 | W51: =V51+U51 -> 2114
F53: جدول رقم ((5))
F54: معهد الفنون الجميلة للعام الدراسي 2022 - 2025
F55: عدد الشعب حسب الجنس
H57: عدد الشعب حسب الصف والجنس
H58: بنون | I58: بنات | J58: مختلط | K58: المجموع
F59: معاهد الفنون الجميلة | G59: الصف الاول | H59: ='الفنون الجميلة'!FJ10 -> 12 | I59: ='الفنون الجميلة'!FK10 -> 12 | J59: ='الفنون الجميلة'!FL10 -> 0 | K59: =J59+I59+H59 -> 24
G60: الصف الثاني | H60: ='الفنون الجميلة'!FM10 -> 12 | I60: ='الفنون الجميلة'!FN10 -> 10 | J60: ='الفنون الجميلة'!FO10 -> 0 | K60: =J60+I60+H60 -> 22
G61: الصف الثالث | H61: ='الفنون الجميلة'!FP10 -> 13 | I61: ='الفنون الجميلة'!FQ10 -> 10 | J61: ='الفنون الجميلة'!FR10 -> 0 | K61: =J61+I61+H61 -> 23
G62: الصف الرابع | H62: ='الفنون الجميلة'!FS10 -> 5 | I62: ='الفنون الجميلة'!FT10 -> 4 | J62: ='الفنون الجميلة'!FU10 -> 0 | K62: =J62+I62+H62 -> 9
G63: الصف الخامس | H63: ='الفنون الجميلة'!FV10 -> 5 | I63: ='الفنون الجميلة'!FW10 -> 4 | J63: ='الفنون الجميلة'!FX10 -> 0 | K63: =J63+I63+H63 -> 9
G64: المجموع | H64: =H63+H62+H61+H60+H59 -> 47 | I64: =I63+I62+I61+I60+I59 -> 40 | J64: =J63+J62+J61+J60+J59 -> 0 | K64: =K63+K62+K61+K60+K59 -> 87
E66: جدول رقم ((6))
E67: معهد الفنون الجميلة للعام الدراسي 2022 - 2025
E68: عدد الطلبة الناجحين والراسبين للعام الدراسي 2019 - 2022 حسب الجنس
B69: الصف | C69: عدد الطلبة التاركين للعام الدراسي 2022 - 2025 | F69: عدد الطلبة الناجحين للعام الدراسي 2022/2019 | I69: عدد الطلبة الراسبين للعام الدراسي 2019-2022
C70: بنون | D70: بنات | E70: المجموع | F70: بنون | G70: بنات | H70: المجموع | I70: الفشل في الامتحان | K70: تجاوز ايام الغياب | M70: اسباب اخرى | O70: المجموع
I71: بنون | J71: بنات | K71: بنون | L71: بنات | M71: بنون | N71: بنات | O71: بنون | P71: بنات | Q71: المجموع
A72: معاهد الفنون الجميلة | B72: الصف الاول | C72: ='الفنون الجميلة'!GC10 -> 28 | D72: ='الفنون الجميلة'!GD10 -> 6 | E72: =D72+C72 -> 34 | F72: ='الفنون الجميلة'!HC10 -> 219 | G72: ='الفنون الجميلة'!HD10 -> 339 | H72: =G72+F72 -> 558 | I72: ='الفنون الجميلة'!HP10 -> 8 | J72: ='الفنون الجميلة'!HQ10 -> 7 | K72: ='الفنون الجميلة'!IC10 -> 1 | L72: ='الفنون الجميلة'!ID10 -> 15 | M72: ='الفنون الجميلة'!IP10 -> 0 | N72: ='الفنون الجميلة'!IQ10 -> 0 | O72: =M72+K72+I72 -> 9 | P72: =N72+L72+J72 -> 22 | Q72: =P72+O72 -> 31
B73: الصف الثاني | C73: ='الفنون الجميلة'!GE10 -> 4 | D73: ='الفنون الجميلة'!GF10 -> 12 | E73: =D73+C73 -> 16 | F73: ='الفنون الجميلة'!HE10 -> 208 | G73: ='الفنون الجميلة'!HF10 -> 288 | H73: =G73+F73 -> 496 | I73: ='الفنون الجميلة'!HR10 -> 5 | J73: ='الفنون الجميلة'!HS10 -> 4 | K73: ='الفنون الجميلة'!IE10 -> 0 | L73: ='الفنون الجميلة'!IF10 -> 13 | M73: ='الفنون الجميلة'!IR10 -> 0 | N73: ='الفنون الجميلة'!IS10 -> 0 | O73: =M73+K73+I73 -> 5 | P73: =N73+L73+J73 -> 17 | Q73: =P73+O73 -> 22
B74: الصف الثالث | C74: ='الفنون الجميلة'!GG10 -> 1 | D74: ='الفنون الجميلة'!GH10 -> 2 | E74: =D74+C74 -> 3 | F74: ='الفنون الجميلة'!HG10 -> 72 | G74: ='الفنون الجميلة'!HH10 -> 66 | H74: =G74+F74 -> 138 | I74: ='الفنون الجميلة'!HT10 -> 7 | J74: ='الفنون الجميلة'!HU10 -> 1 | K74: ='الفنون الجميلة'!IG10 -> 0 | L74: ='الفنون الجميلة'!IH10 -> 1 | M74: ='الفنون الجميلة'!IT10 -> 0 | N74: ='الفنون الجميلة'!IU10 -> 0 | O74: =M74+K74+I74 -> 7 | P74: =N74+L74+J74 -> 2 | Q74: =P74+O74 -> 9
B75: الصف الرابع | C75: ='الفنون الجميلة'!GI10 -> 0 | D75: ='الفنون الجميلة'!GJ10 -> 0 | E75: =D75+C75 -> 0 | F75: ='الفنون الجميلة'!HI10 -> 69 | G75: ='الفنون الجميلة'!HJ10 -> 78 | H75: =G75+F75 -> 147 | I75: ='الفنون الجميلة'!HV10 -> 5 | J75: ='الفنون الجميلة'!HW10 -> 0 | K75: ='الفنون الجميلة'!II10 -> 1 | L75: ='الفنون الجميلة'!IJ10 -> 0 | M75: ='الفنون الجميلة'!IV10 -> 0 | N75: ='الفنون الجميلة'!IW10 -> 0 | O75: =M75+K75+I75 -> 6 | P75: =N75+L75+J75 -> 0 | Q75: =P75+O75 -> 6
B76: الصف الخامس | C76: ='الفنون الجميلة'!GK10 -> 0 | D76: ='الفنون الجميلة'!GL10 -> 0 | E76: =D76+C76 -> 0 | F76: ='الفنون الجميلة'!HK10 -> 109 | G76: ='الفنون الجميلة'!HL10 -> 101 | H76: =G76+F76 -> 210 | I76: ='الفنون الجميلة'!HX10 -> 0 | J76: ='الفنون الجميلة'!HY10 -> 0 | K76: ='الفنون الجميلة'!IK10 -> 0 | L76: ='الفنون الجميلة'!IL10 -> 0 | M76: ='الفنون الجميلة'!IX10 -> 0 | N76: ='الفنون الجميلة'!IY10 -> 0 | O76: =M76+K76+I76 -> 0 | P76: =N76+L76+J76 -> 0 | Q76: =P76+O76 -> 0
B77: المجموع | C77: =C76+C75+C74+C73+C72 -> 33 | D77: =D76+D75+D74+D73+D72 -> 20 | E77: =E76+E75+E74+E73+E72 -> 53 | F77: =F76+F75+F74+F73+F72 -> 677 | G77: =G76+G75+G74+G73+G72 -> 872 | H77: =H76+H75+H74+H73+H72 -> 1549 | I77: =I76+I75+I74+I73+I72 -> 25 | J77: =J76+J75+J74+J73+J72 -> 12 | ... Q77: =Q76+Q75+Q74+Q73+Q72 -> 68

Sheet ج 7 و 8
A1: المديرية العامة للتربية في محافظة النجف الاشرف
A2: قسم التخطيط التربوي | F2: خلاصة محافظة النجف الاشرف | N2: معهد الفنون الجميلة
A4: جدول رقم ((7))
A5: معهد الفنون الجميلة للعام الدراسي 2025 - 2026
A6: عدد اعضاء الهيئة التدريسية حسب العنوان الوظيفي والجنس والفرع
A8: نوع المعهد | B8: مدير | D8: معاون | F8: مدرس | H8: معلم | J8: مرشد | L8: المجموع
B9: ذكور | C9: اناث | D9: ذكور | E9: اناث | F9: ذكور | G9: اناث | H9: ذكور | I9: اناث | J9: ذكور | K9: اناث | L9: ذكور | M9: اناث | N9: المجموع
A10: معاهد الفنون الجميلة | B10: ='الفنون الجميلة'!JC17 -> 2 | C10: ='الفنون الجميلة'!JD10 -> 2 | D10: ='الفنون الجميلة'!JE17 -> 4 | E10: ='الفنون الجميلة'!JF17 -> 4 | F10: ='الفنون الجميلة'!JG17 -> 39 | G10: ='الفنون الجميلة'!JH17 -> 32 | H10: ='الفنون الجميلة'!JI17 -> 10 | I10: ='الفنون الجميلة'!JJ17 -> 1 | J10: ='الفنون الجميلة'!JK17 -> 2 | K10: ='الفنون الجميلة'!JL17 -> 1 | L10: =J10+H10+F10+D10+B10 -> 57 | M10: =K10+I10+G10+E10+C10 -> 40 | N10: =M10+L10 -> 97
A12: جدول رقم ((8))
A13: معهد الفنون الجميلة للعام الدراسي 2025 - 2026
A14: عدد اعضاء الهيئة التدريسية حسب الشهادة والجنس
A16: نوع المعهد | B16: دبلوم تعليمي | D16: دبلوم عام | F16: بكالوريوس تعليمي | H16: بكالوريوس عام | J16: دبلوم عالي | L16: ماجستير | N16: دكتوراه | P16: اخرى | R16: المجموع
B17: ذكور | C17: اناث | D17: ذكور | E17: اناث | F17: ذكور | G17: اناث | H17: ذكور | I17: اناث | J17: ذكور | K17: اناث | L17: ذكور | M17: اناث | N17: ذكور | O17: اناث | P17: ذكور | Q17: اناث | R17: ذكور | S17: اناث | T17: المجموع
A18: معاهد الفنون الجميلة | B18: ='الفنون الجميلة'!AJA17 -> 3 | C18: ='الفنون الجميلة'!AJB17 -> 0 | D18: ='الفنون الجميلة'!AJC17 -> 0 | E18: ='الفنون الجميلة'!AJD17 -> 0 | F18: ='الفنون الجميلة'!AJE17 -> 1 | G18: ='الفنون الجميلة'!AJF17 -> 8 | H18: ='الفنون الجميلة'!AJG17 -> 32 | I18: ='الفنون الجميلة'!AJH17 -> 21 | ... Q18: ='الفنون الجميلة'!AJP17 -> 0 | R18: =P18+N18+L18+J18+H18+D18+B18+F18 -> 57 | S18: =Q18+O18+M18+K18+I18+E18+C18+G18 -> 40 | T18: =S18+R18 -> 97
A20: المديرية العامة للتربية في محافظة النجف الاشرف
A21: قسم التخطيط التربوي | F21: خلاصة قضاء النجف | N21: معهد الفنون الجميلة
A22: جدول رقم ((7))
A23: معهد الفنون الجميلة للعام الدراسي 2022 - 2025
A24: عدد اعضاء الهيئة التدريسية حسب العنوان الوظيفي والجنس والفرع
A26: نوع المعهد | B26: مدير | D26: معاون | F26: مدرس | H26: معلم | J26: مرشد | L26: المجموع
B27: ذكور | C27: اناث | D27: ذكور | E27: اناث | F27: ذكور | G27: اناث | H27: ذكور | I27: اناث | J27: ذكور | K27: اناث | L27: ذكور | M27: اناث | N27: المجموع
A28: معاهد الفنون الجميلة | B28: ='الفنون الجميلة'!JC10 -> 2 | C28: ='الفنون الجميلة'!JD10 -> 2 | D28: ='الفنون الجميلة'!JE10 -> 4 | E28: ='الفنون الجميلة'!JF10 -> 4 | F28: ='الفنون الجميلة'!JG10 -> 39 | G28: ='الفنون الجميلة'!JH10 -> 32 | H28: ='الفنون الجميلة'!JI10 -> 10 | I28: ='الفنون الجميلة'!JJ10 -> 1 | ... K28: ='الفنون الجميلة'!JL10 -> 1 | L28: =J28+H28+F28+D28+B28 -> 57 | M28: =K28+I28+G28+E28+C28 -> 40 | N28: =M28+L28 -> 97
A30: جدول رقم ((8))
A31: معهد الفنون الجميلة للعام الدراسي 2022 - 2025
A32: عدد اعضاء الهيئة التدريسية حسب الشهادة والجنس
A34: نوع المعهد | B34: دبلوم تعليمي | D34: دبلوم عام | F34: بكالوريوس تعليمي | H34: بكالوريوس عام | J34: دبلوم عالي | L34: ماجستير | N34: دكتوراه | P34: اخرى | R34: المجموع
B35: ذكور | C35: اناث | D35: ذكور | E35: اناث | F35: ذكور | G35: اناث | H35: ذكور | I35: اناث | J35: ذكور | K35: اناث | L35: ذكور | M35: اناث | N35: ذكور | O35: اناث | P35: ذكور | Q35: اناث | R35: ذكور | S35: اناث | T35: المجموع
A36: معاهد الفنون الجميلة | B36: ='الفنون الجميلة'!AJA10 -> 3 | C36: ='الفنون الجميلة'!AJB10 -> 0 | D36: ='الفنون الجميلة'!AJC10 -> 0 | E36: ='الفنون الجميلة'!AJD10 -> 0 | F36: ='الفنون الجميلة'!AJE10 -> 1 | G36: ='الفنون الجميلة'!AJF10 -> 8 | H36: ='الفنون الجميلة'!AJG10 -> 32 | I36: ='الفنون الجميلة'!AJH10 -> 21 | ... Q36: ='الفنون الجميلة'!AJP10 -> 0 | R36: =P36+N36+L36+J36+H36+D36+F36+B36 -> 57 | S36: =Q36+O36+M36+K36+I36+E36+G36+C36 -> 40 | T36: =S36+R36 -> 97

Sheet ج 9 و 10
A1: المديرية العامة للتربية في محافظة النجف الاشرف
A2: قسم التخطيط التربوي | F2: خلاصة محافظة النجف الاشرف | S2: معهد الفنون الجميلة
A3: جدول رقم ((9))
A4: معهد الفنون الجميلة للعام الدراسي 2025 - 2026
A5: الابنية المدرسية
A6: نوع المعهد | B6: عدد الابنية حسب العائدية | E6: عدد الابنية التي تشغلها | H6: عدد الابنية حسب الحالة العمرانية | K6: عدد الابنية حسب نوع البناء | M6: عدد الابنية حسب مادة البناء | S6: المجموع الكلي للابنية | T6: عدد الابنية حسب نوع الخدمات
B7: حكومية | D7: مستأجرة | E7: مدرسة واحدة | F7: مدرستان | G7: ثلاث فاكثر | H7: صالحة | I7: بحاجة الى ترميم | J7: غير صالحة | K7: مدرسي | L7: غير مدرسي | M7: طابوق او حجر | N7: طين او صريفة | O7: هياكل حديدية | P7: بناء جاهز | Q7: كرفان | R7: اخرى | T7: عدد الابنية التي تحتوي مرافق صحية | U7: عدد الابنية التي يصلها ما صالح للشرب | V7: عدد الابنية المزودة بخدمة مجاري | W7: عدد الابنية تحتوي على سياج مدرسي
B8: للتربية | C8: لجهات اخرى
A9: معاهد الفنون الجميلة | B9: ='الفنون الجميلة'!ANM17 -> 0 | C9: ='الفنون الجميلة'!ANN17 -> 3 | D9: ='الفنون الجميلة'!ANO17 -> 0 | E9: ='الفنون الجميلة'!ANP17 -> 2 | F9: ='الفنون الجميلة'!ANQ17 -> 1 | G9: ='الفنون الجميلة'!ANR17 -> 0 | H9: ='الفنون الجميلة'!ANS17 -> 1 | I9: ='الفنون الجميلة'!ANT17 -> 2 | J9: ='الفنون الجميلة'!ANU17 -> 0 | K9: ='الفنون الجميلة'!ALE17 -> 3 | L9: ='الفنون الجميلة'!ALF17 -> 0 | M9: ='الفنون الجميلة'!ALZ17 -> 3 | N9: ='الفنون الجميلة'!AMA17 -> 0 | O9: ='الفنون الجميلة'!AMB17 -> 0 | P9: ='الفنون الجميلة'!AMC17 -> 0 | Q9: ='الفنون الجميلة'!AMD17 -> 0 | R9: ='الفنون الجميلة'!AME17 -> 0 | S9: =R9+P9+O9+N9+M9 -> 3 | T9: 2 | U9: ='الفنون الجميلة'!AMP17 -> 3 | V9: ='الفنون الجميلة'!AML17 -> 3 | W9: ='الفنون الجميلة'!AMW17 -> 3
F11: عدد الابنية المدرسية حسب عدد الطوابق وعدد الصفوف للعام المدرسي2025-2026
B12: عدد الابنية حسب عدد الطوابق | J12: عدد الابنية حسب عدد الصفوف
B13: طابق واحد | D13: طابقين | F13: ثلاثة طوابق | H13: المجموع | J13: 6 صف | L13: 9 صف | N13: 12 صف | P13: 18 صف | R13: 24 صف | T13: المجموع
D14: ='الفنون الجميلة'!ALM17 -> 2 | F14: ='الفنون الجميلة'!ALN17 -> 1 | H14: =F14+D14+B14 -> 3 | P14: ='الفنون الجميلة'!ALX17 -> 2 | R14: ='الفنون الجميلة'!ALY17 -> 1 | T14: =R14+P14+N14+L14+J14 -> 3
A16: جدول رقم ((10))
A17: معهد الفنون الجميلة للعام الدراسي 2025 - 2026
A18: المكتبات والمختبرات المدرسية
C19: نوع المعهد | E19: المكتبات المدرسية | G19: المختبرات المدرسية
E20: عدد المكتبات | F20: عدد الكتب | G20: هل توجد مختبرات | I20: المختبرات العلمية | N20: مختبر اللغة | O20: مختبر الحاسوب
G21: نعم | H21: كلا | I21: مختبر العلوم | J21: مختبر الفيزياء | K21: مختبر الكيمياء | L21: مختبر احياء | M21: مجمع المختبرات
C22: معاهد الفنون الجميلة | E22: ='الفنون الجميلة'!AOL17 -> 2 | F22: ='الفنون الجميلة'!AOY17 -> 4151 | G22: ='الفنون الجميلة'!AOZ17 -> 2 | H22: ='الفنون الجميلة'!APA17 -> 2 | I22: ='الفنون الجميلة'!APB17 -> 0 | J22: ='الفنون الجميلة'!APD17 -> 0 | K22: ='الفنون الجميلة'!APF17 -> 0 | L22: ='الفنون الجميلة'!APH17 -> 0 | M22: ='الفنون الجميلة'!APJ17 -> 0 | N22: ='الفنون الجميلة'!APL17 -> 0 | O22: ='الفنون الجميلة'!APN17 -> 2
A23: المديرية العامة للتربية في محافظة النجف الاشرف
A24: قسم التخطيط التربوي | F24: خلاصة قضاء النجف | S24: معهد الفنون الجميلة
A25: جدول رقم ((9))
A26: معهد الفنون الجميلة للعام الدراسي 2022 - 2025
A27: الابنية المدرسية
A28: نوع المعهد | B28: عدد الابنية حسب العائدية | E28: عدد الابنية التي تشغلها | H28: عدد الابنية حسب الحالة العمرانية | K28: عدد الابنية حسب نوع البناء | M28: عدد الابنية حسب مادة البناء | S28: المجموع الكلي للابنية | T28: عدد الابنية حسب نوع الخدمات
B29: حكومية | D29: مستأجرة | E29: مدرسة واحدة | F29: مدرستان | G29: ثلاث فاكثر | H29: صالحة | I29: بحاجة الى ترميم | J29: غير صالحة | K29: مدرسي | L29: غير مدرسي | M29: طابوق او حجر | N29: طين او صريفة | O29: هياكل حديدية | P29: بناء جاهز | Q29: كرفان | R29: اخرى | T29: عدد الابنية التي يصلها ما صالح للشرب | U29: عدد الابنية المزودة بخدمة مجاري | V29: عدد الابنية تحتوي على سياج مدرسي
B30: للتربية | C30: لجهات اخرى
A31: معاهد الفنون الجميلة | B31: ='الفنون الجميلة'!ANM10 -> 0 | C31: ='الفنون الجميلة'!ANN10 -> 3 | D31: ='الفنون الجميلة'!ANO10 -> 0 | E31: ='الفنون الجميلة'!ANP10 -> 2 | F31: ='الفنون الجميلة'!ANQ10 -> 1 | G31: ='الفنون الجميلة'!ANR10 -> 0 | H31: ='الفنون الجميلة'!ANS10 -> 1 | I31: ='الفنون الجميلة'!ANT10 -> 2 | J31: ='الفنون الجميلة'!ANU10 -> 0 | K31: ='الفنون الجميلة'!ALE10 -> 3 | L31: ='الفنون الجميلة'!ALF10 -> 0 | M31: ='الفنون الجميلة'!ALZ10 -> 3 | N31: ='الفنون الجميلة'!AMA10 -> 0 | O31: ='الفنون الجميلة'!AMB10 -> 0 | P31: ='الفنون الجميلة'!AMC10 -> 0 | Q31: ='الفنون الجميلة'!AMD10 -> 0 | R31: ='الفنون الجميلة'!AME10 -> 0 | S31: =R31+P31+O31+N31+M31 -> 3 | T31: ='الفنون الجميلة'!AMP10 -> 3 | U31: ='الفنون الجميلة'!AML10 -> 3 | V31: ='الفنون الجميلة'!AMW10 -> 3
G33: عدد الابنية المدرسية حسب عدد الطوابق وعدد الصفوف للعام المدرسي2022-2025
B34: عدد الابنية حسب عدد الطوابق | J34: عدد الابنية حسب عدد الصفوف
B35: طابق واحد | D35: طابقين | F35: ثلاثة طوابق | H35: المجموع | J35: 6 صف | L35: 9 صف | N35: 12 صف | P35: 18 صف | R35: 24 صف | T35: المجموع
D36: ='الفنون الجميلة'!ALM10 -> 2 | H36: =F36+D36+B36 -> 2 | P36: ='الفنون الجميلة'!ALX17 -> 2 | R36: ='الفنون الجميلة'!ALY10 -> 1 | T36: =R36+P36+N36+L36+J36 -> 3
A38: جدول رقم ((10))
A39: معهد الفنون الجميلة للعام الدراسي 2022 - 2025
A40: المكتبات والمختبرات المدرسية
C41: نوع المعهد | E41: المكتبات المدرسية | G41: المختبرات المدرسية
E42: عدد المكتبات | F42: عدد الكتب | G42: هل توجد مختبرات | I42: المختبرات العلمية | N42: مختبر اللغة | O42: مختبر الحاسوب
G43: نعم | H43: كلا | I43: مختبر العلوم | J43: مختبر الفيزياء | K43: مختبر الكيمياء | L43: مختبر احياء | M43: مجمع المختبرات
C44: معاهد الفنون الجميلة | E44: ='الفنون الجميلة'!AOL10 -> 2 | F44: ='الفنون الجميلة'!AOY10 -> 4151 | G44: ='الفنون الجميلة'!AOZ10 -> 2 | H44: ='الفنون الجميلة'!APA10 -> 2 | I44: ='الفنون الجميلة'!APB10 -> 0 | J44: ='الفنون الجميلة'!APD10 -> 0 | K44: ='الفنون الجميلة'!APF10 -> 0 | L44: ='الفنون الجميلة'!APH10 -> 0 | M44: ='الفنون الجميلة'!APJ10 -> 0 | N44: ='الفنون الجميلة'!APL10 -> 0 | O44: ='الفنون الجميلة'!APN10 -> 2

Sheet ج 11
A1: المديرية العامة للتربية في محافظة النجف الاشرف
A2: قسم التخطيط التربوي | M2: خلاصة محافظة النجف الاشرف | AD2: معاهد الفنون الجميلة
A3: جدول رقم ((11))
A4: معهد الفنون الجميلة للعام الدراسي 2025 - 2026
A5: استمارة اعضاء الهئية التعليمية والتدريسية حسب الاختصاص والنوع (الصباحي والمسائي)
A8: الجنس | B8: التربية الاسلامية | C8: اللغة العربية | D8: اللغة الانكليزية | E8: اللغة الكردية | F8: الرياضيات | G8: الفيزياء | H8: الكيمياء | I8: العلوم | J8: علوم الحياة | K8: التاريخ | L8: الجغرافية | M8: الاجتماعيات | N8: الاجتماع | O8: التربية الرياضية | P8: التربية الفنية | Q8: الاقتصاد | R8: علم النفس | S8: علوم تربوية ونفسية | T8: ارشاد تربوي | U8: حاسوب | V8: الرسم | W8: النحت | X8: الكرافيك | Y8: السيراميك | Z8: موسيقى | AA8: سينما ومسرح | AB8: الخط | AC8: الزخرفة | AD8: التصميم | AE8: الديكور | AF8: ادارة تربوية | AG8: اللغة السريانية | AH8: اللغة التركمانية | AI8: اخرى | AJ8: المجموع
A9: ذكور | B9: ='الفنون الجميلة'!MG17 -> 2 | C9: ='الفنون الجميلة'!MZ17 -> 5 | D9: ='الفنون الجميلة'!NS17 -> 4 | E9: ='الفنون الجميلة'!OL17 -> 0 | F9: ='الفنون الجميلة'!PE17 -> 0 | G9: ='الفنون الجميلة'!PX17 -> 0 | H9: ='الفنون الجميلة'!QQ17 -> 0 | I9: ='الفنون الجميلة'!RJ17 -> 0 | J9: ='الفنون الجميلة'!SC17 -> 0 | K9: ='الفنون الجميلة'!SV17 -> 0 | L9: ='الفنون الجميلة'!TO17 -> 0 | M9: ='الفنون الجميلة'!UH17 -> 0 | N9: ='الفنون الجميلة'!VA17 -> 0 | O9: ='الفنون الجميلة'!VT17 -> 2 | P9: ='الفنون الجميلة'!WM17 -> 14 | Q9: ='الفنون الجميلة'!XF17 -> 0 | R9: ='الفنون الجميلة'!XY17 -> 2 | S9: ='الفنون الجميلة'!YR17 -> 0 | T9: ='الفنون الجميلة'!ZK17 -> 0 | U9: ='الفنون الجميلة'!AAD17 -> 1 | V9: ='الفنون الجميلة'!AAW17 -> 8 | W9: ='الفنون الجميلة'!ABP17 -> 0 | X9: ='الفنون الجميلة'!ACI17 -> 0 | Y9: ='الفنون الجميلة'!ADB17 -> 0 | Z9: ='الفنون الجميلة'!AIE17 -> 1 | AA9: ='الفنون الجميلة'!ADU17 -> 8 | AB9: ='الفنون الجميلة'!AEN17 -> 2 | AC9: ='الفنون الجميلة'!AFG17 -> 0 | AD9: ='الفنون الجميلة'!AFZ17 -> 1 | AE9: ='الفنون الجميلة'!AGS17 -> 3 | AF9: ='الفنون الجميلة'!AHL17 -> 0 | AI9: ='الفنون الجميلة'!AIX17 -> 4 | AJ9: =SUM(B9:AI9) -> 57
A10: اناث | B10: ='الفنون الجميلة'!MH17 -> 8 | C10: ='الفنون الجميلة'!NA17 -> 6 | D10: ='الفنون الجميلة'!NT17 -> 9 | E10: ='الفنون الجميلة'!OM17 -> 0 | F10: ='الفنون الجميلة'!PF17 -> 0 | G10: ='الفنون الجميلة'!PY17 -> 0 | H10: ='الفنون الجميلة'!QR17 -> 0 | I10: ='الفنون الجميلة'!RK17 -> 0 | J10: ='الفنون الجميلة'!SD17 -> 0 | K10: ='الفنون الجميلة'!SW17 -> 0 | L10: ='الفنون الجميلة'!TP17 -> 0 | M10: ='الفنون الجميلة'!UI17 -> 0 | N10: ='الفنون الجميلة'!VB17 -> 0 | O10: ='الفنون الجميلة'!VU17 -> 1 | P10: ='الفنون الجميلة'!WN17 -> 9 | Q10: ='الفنون الجميلة'!XG17 -> 0 | R10: ='الفنون الجميلة'!XZ17 -> 1 | S10: ='الفنون الجميلة'!YS17 -> 0 | T10: ='الفنون الجميلة'!ZL17 -> 0 | U10: ='الفنون الجميلة'!AAE17 -> 2 | V10: ='الفنون الجميلة'!AAX17 -> 2 | W10: ='الفنون الجميلة'!ABQ17 -> 0 | X10: ='الفنون الجميلة'!ACJ17 -> 0 | Y10: ='الفنون الجميلة'!ADC17 -> 0 | Z10: ='الفنون الجميلة'!AIF17 -> 0 | AA10: ='الفنون الجميلة'!ADV17 -> 1 | AB10: ='الفنون الجميلة'!AEO17 -> 0 | AC10: ='الفنون الجميلة'!AFH17 -> 0 | AD10: ='الفنون الجميلة'!AGA17 -> 1 | AE10: ='الفنون الجميلة'!AGT17 -> 0 | AF10: ='الفنون الجميلة'!AHM17 -> 0 | AI10: ='الفنون الجميلة'!AIY17 -> 0 | AJ10: =SUM(B10:AI10) -> 40
A11: المجموع | B11: =B10+B9 -> 10 | C11: =C10+C9 -> 11 | D11: =D10+D9 -> 13 | E11: =E10+E9 -> 0 | F11: =F10+F9 -> 0 | G11: =G10+G9 -> 0 | H11: =H10+H9 -> 0 | I11: =I10+I9 -> 0 | ... AI11: =AI10+AI9 -> 4 | AJ11: =SUM(B11:AI11) -> 97

Sheet ج12
A1: المديرية العامة للتربية في محافظة النجف الاشرف | L1: خلاصة محافظة النجف الاشرف
A2: قسم التخطيط التربوي | L2: معهد الفنون الجميلة
G3: جدول رقم (( 12 ))
E4: معهد الفنون الجميلة للعام الدراسي 2025 /2026
B5: عدد معاهد الفنون الجميلة المشمولة : | K5: هل المعهــد :
B6: الارشاد التربوي | C6: تدريس الحاسوب | D6: خدمة الانترنت | E6: تدريس اللغات الاجنبية عدا اللغة الانكليزية | F6: تدريس اللغات المحلية | I6: التغذية المدرسية | K6: غيرمزدوجة | L6: مزدوجة على نفسها | M6: مزدوجة مع اخرى | N6: مزدوجة مع نفسها ومع اخرى
B7: ='الفنون الجميلة'!ANV17 -> 2 | C7: ='الفنون الجميلة'!ANW17 -> 2 | D7: 0 | E7: 0 | F7: الكردي | G7: التركماني | H7: السرياني | I7: ='الفنون الجميلة'!ANY17 -> 0 | K7: ='الفنون الجميلة'!Q17 -> 2 | L7: ='الفنون الجميلة'!R17 -> 0 | M7: ='الفنون الجميلة'!S17 -> 2 | N7: ='الفنون الجميلة'!T17 -> 0
F8: 0 | G8: 0 | H8: 0
B10: عدد اعضاء الهيئة التدريسية حسب سنوات الخدمة :
B11: خمس سنوات - فأقل | D11: 6ـ 10 | F11: 11ـ15 | H11: 16فاكثر | J11: المجموع
B12: ذكور | C12: اناث | D12: ذكور | E12: اناث | F12: ذكور | G12: اناث | H12: ذكور | I12: اناث | J12: ذكور | K12: اناث | L12: المجموع
B13: ='الفنون الجميلة'!AJT17 -> 1 | C13: ='الفنون الجميلة'!AJU17 -> 0 | D13: ='الفنون الجميلة'!AJV17 -> 11 | E13: ='الفنون الجميلة'!AJW17 -> 10 | F13: ='الفنون الجميلة'!AJX17 -> 18 | G13: ='الفنون الجميلة'!AJY17 -> 6 | H13: ='الفنون الجميلة'!AJZ17 -> 27 | I13: ='الفنون الجميلة'!AKA17 -> 24 | J13: =F13+D13+B13+H13 -> 57 | K13: =G13+E13+C13+I13 -> 40 | L13: =SUM(J13:K13) -> 97
B15: عدد اعضاء الهيئة التدريسية حسب سنوات العمر :
B16: اقل من 30 | D16: 30ـ 39 | F16: 40ـ49 | H16: 50ـ 59 | J16: 60ـ فأكثر | L16: المجموع
B17: ذكور | C17: اناث | D17: ذكور | E17: اناث | F17: ذكور | G17: اناث | H17: ذكور | I17: اناث | J17: ذكور | K17: اناث | L17: ذكور | M17: اناث | N17: المجموع
B18: ='الفنون الجميلة'!AKE17 -> 0 | C18: ='الفنون الجميلة'!AKF17 -> 0 | D18: ='الفنون الجميلة'!AKG17 -> 11 | E18: ='الفنون الجميلة'!AKH17 -> 4 | F18: ='الفنون الجميلة'!AKI17 -> 25 | G18: ='الفنون الجميلة'!AKJ17 -> 18 | H18: ='الفنون الجميلة'!AKK17 -> 21 | I18: ='الفنون الجميلة'!AKL17 -> 16 | ... K18: ='الفنون الجميلة'!AKN17 -> 2 | L18: =J18+H18+F18+D18+B18 -> 57 | M18: =K18+I18+G18+E18+C18 -> 40 | N18: =SUM(L18:M18) -> 97
B19: عدد اعضاء الهيئة التدريسية حسب الحالة الوظيفية : | I19: عدد اعضاء الهيئة التدريسية المشاركين في الدورات التدريبية للعام السابق :
B20: الحالة الوظيفية | E20: ذكور | F20: اناث | G20: المجموع
B21: داخل قوة العمل | E21: ='الفنون الجميلة'!KV17 -> 49 | F21: ='الفنون الجميلة'!KW17 -> 35 | G21: =SUM(E21:F21) -> 84 | I21: الجنس | K21: عددالمدرسين
B22: خارج قوة العمل | C22: بعثة او زمالة دراسية | E22: ='الفنون الجميلة'!KX17 -> 0 | F22: ='الفنون الجميلة'!KY17 -> 0 | G22: =SUM(E22:F22) -> 0 | I22: ذكور | K22: ='الفنون الجميلة'!ALC17 -> 8
C23: اجازة دراسية | E23: ='الفنون الجميلة'!KZ17 -> 5 | F23: ='الفنون الجميلة'!LA17 -> 1 | G23: =SUM(E23:F23) -> 6 | I23: اناث | K23: ='الفنون الجميلة'!ALD17 -> 7
C24: اجازة مصاحبة | E24: ='الفنون الجميلة'!LB17 -> 0 | F24: ='الفنون الجميلة'!LC17 -> 0 | G24: =SUM(E24:F24) -> 0 | I24: المجموع | K24: =SUM(K22:K23) -> 15
C25: اجازة بدون راتب | E25: ='الفنون الجميلة'!LD17 -> 0 | F25: ='الفنون الجميلة'!LE17 -> 0 | G25: =SUM(E25:F25) -> 0
C26: اجازة مرضية طويلة | E26: ='الفنون الجميلة'!LF17 -> 1 | F26: ='الفنون الجميلة'!LG17 -> 2 | G26: =SUM(E26:F26) -> 3
C27: اجازة امومة | F27: ='الفنون الجميلة'!LI17 -> 0 | G27: =SUM(E27:F27) -> 0
C28: تنسيب الى جهات اخرى | E28: ='الفنون الجميلة'!LJ17 -> 0 | F28: ='الفنون الجميلة'!LK17 -> 0 | G28: =SUM(E28:F28) -> 0
C29: 4-5سنوات | E29: ='الفنون الجميلة'!LL17 -> 2 | F29: ='الفنون الجميلة'!LM17 -> 2 | G29: =SUM(E29:F29) -> 4
B30: المجموع الكلي | E30: =SUM(E21:E29) -> 57 | F30: =SUM(F21:F29) -> 40 | G30: =SUM(G21:G29) -> 97
A33: المديرية العامة للتربية في محافظة النجف الاشرف | M33: خلاصة قضاء النجف
A34: قسم التخطيط التربوي | L34: معهد الفنون الجميلة
G35: جدول رقم (( 12 ))
F36: معهد الفنون الجميلة للعام الدراسي 2022 /2025
B37: عدد معهد الفنون الجميلة المشمولة : | K37: هل المعهــد :
B38: الارشاد التربوي | C38: تدريس الحاسوب | D38: خدمة الانترنت | E38: تدريس اللغات الاجنبية عدا اللغة الانكليزية | F38: تدريس اللغات المحلية | I38: التغذية المدرسية | K38: غيرمزدوجة | L38: مزدوجة على نفسها | M38: مزدوجة مع اخرى | N38: مزدوجة مع نفسها ومع اخرى
B39: ='الفنون الجميلة'!ANV10 -> 2 | C39: ='الفنون الجميلة'!ANW10 -> 2 | D39: 0 | E39: 0 | F39: الكردي | G39: التركماني | H39: السرياني | I39: 0 | K39: ='الفنون الجميلة'!Q10 -> 2 | L39: ='الفنون الجميلة'!R10 -> 0 | M39: ='الفنون الجميلة'!S10 -> 2 | N39: ='الفنون الجميلة'!T10 -> 0
F40: 0 | G40: 0 | H40: 0
B42: عدد اعضاء الهيئة التدريسية حسب سنوات الخدمة :
B43: خمس سنوات - فأقل | D43: 6ـ 10 | F43: 11ـ15 | H43: 16فاكثر | J43: المجموع
B44: ذكور | C44: اناث | D44: ذكور | E44: اناث | F44: ذكور | G44: اناث | H44: ذكور | I44: اناث | J44: ذكور | K44: اناث | L44: المجموع
B45: ='الفنون الجميلة'!AJT10 -> 1 | C45: ='الفنون الجميلة'!AJU10 -> 0 | D45: ='الفنون الجميلة'!AJV10 -> 11 | E45: ='الفنون الجميلة'!AJW10 -> 10 | F45: ='الفنون الجميلة'!AJX10 -> 18 | G45: ='الفنون الجميلة'!AJY10 -> 6 | H45: ='الفنون الجميلة'!AJZ10 -> 27 | I45: ='الفنون الجميلة'!AKA10 -> 24 | J45: =F45+D45+B45+H45 -> 57 | K45: =G45+E45+C45+I45 -> 40 | L45: =SUM(J45:K45) -> 97
B47: عدد اعضاء الهيئة التدريسية حسب سنوات العمر :
B48: اقل من 30 | D48: 30ـ 39 | F48: 40ـ49 | H48: 50ـ 59 | J48: 60ـ فأكثر | L48: المجموع
B49: ذكور | C49: اناث | D49: ذكور | E49: اناث | F49: ذكور | G49: اناث | H49: ذكور | I49: اناث | J49: ذكور | K49: اناث | L49: ذكور | M49: اناث | N49: المجموع
B50: ='الفنون الجميلة'!AKE10 -> 0 | C50: ='الفنون الجميلة'!AKF10 -> 0 | D50: ='الفنون الجميلة'!AKG10 -> 11 | E50: ='الفنون الجميلة'!AKH10 -> 4 | F50: ='الفنون الجميلة'!AKI10 -> 25 | G50: ='الفنون الجميلة'!AKJ10 -> 18 | H50: ='الفنون الجميلة'!AKK10 -> 21 | I50: ='الفنون الجميلة'!AKL10 -> 16 | ... K50: ='الفنون الجميلة'!AKN10 -> 2 | L50: =J50+H50+F50+D50+B50 -> 57 | M50: =K50+I50+G50+E50+C50 -> 40 | N50: =SUM(L50:M50) -> 97
B51: عدد اعضاء الهيئة التدريسية حسب الحالة الوظيفية : | I51: عدد اعضاء الهيئة التدريسية المشاركين في الدورات التدريبية للعام السابق :
B52: الحالة الوظيفية | E52: ذكور | F52: اناث | G52: المجموع
B53: داخل قوة العمل | E53: ='الفنون الجميلة'!KV10 -> 49 | F53: ='الفنون الجميلة'!KW10 -> 35 | G53: =SUM(E53:F53) -> 84 | I53: الجنس | K53: عددالمدرسين
B54: خارج قوة العمل | C54: بعثة او زمالة دراسية | G54: =SUM(E54:F54) -> 0 | I54: ذكور | K54: ='الفنون الجميلة'!ALC10 -> 8
C55: اجازة دراسية | E55: ='الفنون الجميلة'!KZ10 -> 5 | G55: =SUM(E55:F55) -> 5 | I55: اناث | K55: ='الفنون الجميلة'!ALD10 -> 7
C56: اجازة مصاحبة | G56: =SUM(E56:F56) -> 0 | I56: المجموع | K56: =SUM(K54:K55) -> 15
C57: اجازة بدون راتب | G57: =SUM(E57:F57) -> 0
C58: اجازة مرضية طويلة | F58: ='الفنون الجميلة'!LG10 -> 2 | G58: =SUM(E58:F58) -> 2
C59: اجازة امومة | F59: ='الفنون الجميلة'!LI10 -> 0 | G59: =SUM(E59:F59) -> 0
C60: تنسيب الى جهات اخرى | G60: =SUM(E60:F60) -> 0
C61: المجموع | E61: =SUM(E54:E60) -> 5 | F61: =SUM(F54:F60) -> 2 | G61: =SUM(E61:F61) -> 7
B62: المجموع الكلي | E62: =E61+E53 -> 54 | F62: =F61+F53 -> 37 | G62: =G61+G53 -> 91

Sheet جدول11قضاء النجف
A1: المديرية العامة للتربية في محافظة النجف الاشرف
A2: قسم التخطيط التربوي | M2: خلاصة قضاء النجف | AD2: معاهد الفنون الجميلة
A3: جدول رقم ((11))
A4: معهد الفنون الجميلة للعام الدراسي 2025 - 2026
A5: استمارة اعضاء الهئية التعليمية والتدريسية حسب الاختصاص والنوع (الصباحي والمسائي)
A8: الجنس | B8: التربية الاسلامية | C8: اللغة العربية | D8: اللغة الانكليزية | E8: اللغة الكردية | F8: الرياضيات | G8: الفيزياء | H8: الكيمياء | I8: العلوم | J8: علوم الحياة | K8: التاريخ | L8: الجغرافية | M8: الاجتماعيات | N8: الاجتماع | O8: التربية الرياضية | P8: التربية الفنية | Q8: الاقتصاد | R8: علم النفس | S8: علوم تربوية ونفسية | T8: ارشاد تربوي | U8: حاسوب | V8: الرسم | W8: النحت | X8: الكرافيك | Y8: السيراميك | Z8: موسيقى | AA8: سينما ومسرح | AB8: الخط | AC8: الزخرفة | AD8: التصميم | AE8: الديكور | AF8: ادارة تربوية | AG8: اللغة السريانية | AH8: اللغة التركمانية | AI8: اخرى | AJ8: المجموع
A9: ذكور | B9: ='الفنون الجميلة'!MG17 -> 2 | C9: ='الفنون الجميلة'!MZ17 -> 5 | D9: ='الفنون الجميلة'!NS17 -> 4 | E9: ='الفنون الجميلة'!OL17 -> 0 | F9: ='الفنون الجميلة'!PE17 -> 0 | G9: ='الفنون الجميلة'!PX17 -> 0 | H9: ='الفنون الجميلة'!QQ17 -> 0 | I9: ='الفنون الجميلة'!RJ17 -> 0 | J9: ='الفنون الجميلة'!SC17 -> 0 | K9: ='الفنون الجميلة'!SV17 -> 0 | L9: ='الفنون الجميلة'!TO17 -> 0 | M9: ='الفنون الجميلة'!UH17 -> 0 | N9: ='الفنون الجميلة'!VA17 -> 0 | O9: ='الفنون الجميلة'!VT17 -> 2 | P9: ='الفنون الجميلة'!WM17 -> 14 | Q9: ='الفنون الجميلة'!XF17 -> 0 | R9: ='الفنون الجميلة'!XY17 -> 2 | S9: ='الفنون الجميلة'!YR17 -> 0 | T9: ='الفنون الجميلة'!ZK17 -> 0 | U9: ='الفنون الجميلة'!AAD17 -> 1 | V9: ='الفنون الجميلة'!AAW17 -> 8 | W9: ='الفنون الجميلة'!ABP17 -> 0 | X9: ='الفنون الجميلة'!ACI17 -> 0 | Y9: ='الفنون الجميلة'!ADB17 -> 0 | Z9: ='الفنون الجميلة'!AIE17 -> 1 | AA9: ='الفنون الجميلة'!ADU17 -> 8 | AB9: ='الفنون الجميلة'!AEN17 -> 2 | AC9: ='الفنون الجميلة'!AFG17 -> 0 | AD9: ='الفنون الجميلة'!AFZ17 -> 1 | AE9: ='الفنون الجميلة'!AGS17 -> 3 | AF9: ='الفنون الجميلة'!AHL17 -> 0 | AI9: ='الفنون الجميلة'!AIX17 -> 4 | AJ9: =SUM(B9:AI9) -> 57
A10: اناث | B10: ='الفنون الجميلة'!MH17 -> 8 | C10: ='الفنون الجميلة'!NA17 -> 6 | D10: ='الفنون الجميلة'!NT17 -> 9 | E10: ='الفنون الجميلة'!OM17 -> 0 | F10: ='الفنون الجميلة'!PF17 -> 0 | G10: ='الفنون الجميلة'!PY17 -> 0 | H10: ='الفنون الجميلة'!QR17 -> 0 | I10: ='الفنون الجميلة'!RK17 -> 0 | J10: ='الفنون الجميلة'!SD17 -> 0 | K10: ='الفنون الجميلة'!SW17 -> 0 | L10: ='الفنون الجميلة'!TP17 -> 0 | M10: ='الفنون الجميلة'!UI17 -> 0 | N10: ='الفنون الجميلة'!VB17 -> 0 | O10: ='الفنون الجميلة'!VU17 -> 1 | P10: ='الفنون الجميلة'!WN17 -> 9 | Q10: ='الفنون الجميلة'!XG17 -> 0 | R10: ='الفنون الجميلة'!XZ17 -> 1 | S10: ='الفنون الجميلة'!YS17 -> 0 | T10: ='الفنون الجميلة'!ZL17 -> 0 | U10: ='الفنون الجميلة'!AAE17 -> 2 | V10: ='الفنون الجميلة'!AAX17 -> 2 | W10: ='الفنون الجميلة'!ABQ17 -> 0 | X10: ='الفنون الجميلة'!ACJ17 -> 0 | Y10: ='الفنون الجميلة'!ADC17 -> 0 | AA10: ='الفنون الجميلة'!ADV17 -> 1 | AB10: ='الفنون الجميلة'!AEO17 -> 0 | AC10: ='الفنون الجميلة'!AFH17 -> 0 | AD10: ='الفنون الجميلة'!AGA17 -> 1 | AE10: ='الفنون الجميلة'!AGT17 -> 0 | AF10: ='الفنون الجميلة'!AHM17 -> 0 | AI10: ='الفنون الجميلة'!AIY17 -> 0 | AJ10: =SUM(B10:AI10) -> 40
A11: المجموع | B11: =B10+B9 -> 10 | C11: =C10+C9 -> 11 | D11: =D10+D9 -> 13 | E11: =E10+E9 -> 0 | F11: =F10+F9 -> 0 | G11: =G10+G9 -> 0 | H11: =H10+H9 -> 0 | I11: =I10+I9 -> 0 | ... AI11: =AI10+AI9 -> 4 | AJ11: =SUM(B11:AI11) -> 97
