Workbook

Sheet رياض
A1: المديرية العامة للتربية في محافظة النجف الاشرف | H1: جنس الروضة | K1: بيئة الروضة | M1: دوام الروضة | Y1: عدد الاطفال المسجلين في الروضة حسب المرحلة للسنة الدراسية 2025/2026 | AF1: عدد الشعب بالروضة حسب المرحلة و الجنس | AI1: عدد الاطفال التاركين بالروضة حسب المرحلة و الجنس للسنة الدراسية 2025/2024 | AP1: عدد الاطفال المسجلين من غير العراقيين بالروضة حسب المرحلة و الجنس | AW1: هل الروضة مشمولة بـ تعلم الحاسوب | AY1: هل الروضة مشمولة بالارشاد التربوي | BA1: هل الروضة مشمولة بالتغذية | BC1: هل مشمولة بخدمة الانترنت | BE1: هل الروضة مشمولة بـ تعلم اللغات الاجنبية | BG1: نوع اللغة | BK1: اللغات المحلية | BN1: اعضاء الهيئة التعليمية حسب العنوان الوظيفي | BS1: عدد الملاك الاداري والخدمي حسب العنوان الوظيفي | CN1: عدد اعضاء الهئية التعليمية حسب الجنسية | CR1: عدد اعضاء الهيئة التعليمية حسب الحالة الوظيفية | DB1: المجموع الكلي | DM1: عدد اعضاء الهيئة التعليمية حسب الحالة الاجتماعية | DR1: عدد المعلمين المشاركين بدورات تدريبية للعام الماضي | DS1: عدد اعضاء الهيئة التعليمية حسب سنوات الخدمة | EF1: عدد اعضاء الهيئة التعليمية حسب العمر | ES1: الأبنية المدرسية | HL1: التجهيزات والاثاث :- | HR1: الحاسبات :- | HX1: هل توجد مكتبة | HZ1: المسؤول عنها | ID1: نوع المكتبة | IH1: عدد الكتب | IJ1: عدد الكتب الكلي | IK1: اقرب نقطة دالة | IL1: اسم المدير | IM1: رقم الموبايل
Q2: استقلالية الروضة | T2: نوع الازدواج | X2: هل الروضة فتح جديد | CR2: داخل القوة | CS2: خارج القوة
A3: رياض الاطفال 2025/2026 | G3: الموقع | BS3: موظف ادارة | BU3: كاتب | BW3: محاسب | BY3: امينة مكتبة | CA3: مراقبة روضة | CC3: موظف خدمة | CE3: حارس | CG3: سائق | CI3: فلاح | CK3: المجموع | CN3: عراقية | CO3: عربية | CP3: اجنبية | CQ3: المجموع | CS3: بعثة او زمالة | CT3: اجازة دراسية | CU3: اجازة مصاحبة | CV3: اجازة بدون راتب | CW3: اجازة مرضية طويلة | CX3: اجازة امومة | CY3: منسب الى جهات اخرى | CZ3: 4-5سنوات | DA3: المجموع | DC3: دورات تربوية (اعدادية ومهني ودور المعلمات ) | DD3: معاهد اعداد المعلمات والمعاهد المركزية | DE3: معاهد فنون جميلة | DF3: جامعية | DI3: الشهادات العليا | DK3: اخرى | DL3: المجموع | ES3: نوع البناء | EU3: البناية | EX3: هل توجد مساحة للتوسعة | EZ3: عدد الطوابق | FC3: هل المدرسة بحاجة الى صفوف اضافية | FF3: حجم الروضة | FI3: عدد الغرف في البناية | FL3: مادة البناء | FS3: هل تتوفر في البناية مرافق صحية | FY3: هل ترتبط البناية بشبكة الماء الصالح للشرب | GA3: مصدر الماء | GF3: هل البناية مزودة بخدمة المجاري | GH3: نوع المجاري | GJ3: هل هناك سياج حول البناية | GL3: نوع السياج | GO3: حالة السياج | GR3: هل توجد ساحة رياضية | GT3: هل توجد حديقة مدرسية | GV3: هل توجد قاعة انشطة مستقلة | GX3: نوع الساحة الرياضية | HB3: عدد المدارس التي تشغلها | HE3: العائدية | HI3: الحالة العمرانية | HL3: عدد الرحلات المزدوجة (ذات المقعدين) الصالحة | HN3: عدد الرحلات (ذات المقعد الواحد) الصالحة | HP3: عدد لوحات الكتابة ( السبورات) الصالحة | HR3: عدد الحاسبات الالكترونية (كومبيوتر) | HT3: عدد الطابعات | HV3: عدد الماسحات الضوئية (سكنرات)
Y4: روضة | AA4: تمهيدي | AC4: المجموع | AF4: روضة | AG4: تمهيدي | AH4: المجموع | AI4: روضة | AK4: تمهيدي | AM4: المجموع | AP4: روضة | AR4: تمهيدي | AT4: المجموع | BN4: مديرة | BO4: معاونة | BP4: معلمة | BQ4: مرشدة | BR4: المجموع | BS4: ذكور | BT4: اناث | BU4: ذكور | BV4: اناث | BW4: ذكور | BX4: اناث | BY4: ذكور | BZ4: اناث | CA4: ذكور | CB4: اناث | CC4: ذكور | CD4: اناث | CE4: ذكور | CF4: اناث | CG4: ذكور | CH4: اناث | CI4: ذكور | CJ4: اناث | CK4: ذكور | CL4: اناث | CM4: المجموع | CU4: ذكور | CV4: ذكور | CW4: ذكور | CX4: ذكور | DS4: 5سنوات فاقل | DU4: 10-6 | DW4: 15-11 | DY4: 16-20 | EA4: اكثر من21 | EC4: المجموع | EF4: اقل من 30 | EH4: 39-30 | EJ4: 49-40 | EL4: 59-50 | EN4: 60سنة فاكثر | EP4: المجموع
A5: ت | B5: الرقم الاحصائي | C5: المحافظة | D5: القضاء | E5: الناحية | F5: اسم الروضة | H5: بنون | I5: بنات | J5: مختلط | K5: حضر | L5: ريف | M5: صباحا | N5: ظهرا | O5: صباحا وظهرا | P5: مساءا | Q5: اصلية | R5: ضيف | S5: استضافة | T5: غير مزدوجة | U5: مع نفسها | V5: مع اخرى | W5: مع نفسها ومع اخرى | Y5: بنون | Z5: بنات | AA5: بنون | AB5: بنات | AC5: بنون | AD5: بنات | AE5: المجموع | AI5: بنون | AJ5: بنات | AK5: بنون | AL5: بنات | AM5: بنون | AN5: بنات | AO5: المجموع | AP5: بنون | AQ5: بنات | AR5: بنون | AS5: بنات | AT5: بنون | AU5: بنات | AV5: المجموع | AW5: نعم | AX5: كلا | AY5: نعم | AZ5: كلا | BA5: نعم | BB5: كلا | BC5: نعم | BD5: كلا | BE5: نعم | BF5: كلا | BG5: الانكليزي | BH5: فرنسي | BI5: اسباني | BJ5: اخرى | BK5: كردية | BL5: تركمانية | BM5: سيريانية | DF5: تربوية | DG5: رياض | DH5: غير تربوية | DI5: ماجستير | DJ5: دكتوراه | DM5: اعزب | DN5: متزوج | DO5: ارمل | DP5: مطلق | DQ5: المجموع | DR5: عدد المعلمات | DS5: ذكور | DT5: اناث | DU5: ذكور | DV5: اناث | DW5: ذكور | DX5: اناث | DY5: ذكور | DZ5: اناث | EA5: ذكور | EB5: اناث | EC5: ذكور | ED5: اناث | EE5: المجموع | EF5: ذكور | EG5: اناث | EH5: ذكور | EI5: اناث | EJ5: ذكور | EK5: اناث | EL5: ذكور | EM5: اناث | EN5: ذكور | EO5: اناث | EP5: ذكور | EQ5: اناث | ER5: المجموع | ES5: مدرسي | ET5: غير مدرسي | EU5: سنة البناء | EV5: رقم القطعة | EW5: رقم المقاطعة | EX5: نعم | EY5: كلا | EZ5: طابق واحد | FA5: طابقين | FB5: ثلاث طوابق | FC5: نعم | FD5: كلا | FE5: عدد الصفوف الاضافية | FF5: 6صف | FG5: 9صف | FH5: 12صف | FI5: عدد الصفوف | FJ5: عدد الغرف الاخرى | FK5: المجموع | FL5: طابوق او حجر او بلوك | FM5: طين | FN5: صريفة او خيمة | FO5: بناء جاهز | FP5: هياكل حديدية | FQ5: كرفان | FR5: اخرى | FS5: نعم | FT5: كلا | FU5: صالحة | FV5: غير صالحة | FW5: كافية | FX5: غير كافية | FY5: نعم | FZ5: كلا | GA5: بلدية | GB5: بئر عميق | GC5: نهر | GD5: صهاريج | GE5: اخرى | GF5: نعم | GG5: كلا | GH5: شبكة مجاري | GI5: خزانات | GJ5: نعم | GK5: كلا | GL5: بناء | GM5: اسلاك | GN5: اخرى | GO5: جيد | GP5: متصدع | GQ5: غير امن | GR5: نعم | GS5: كلا | GT5: نعم | GU5: كلا | GV5: نعم | GW5: كلا | GX5: رياضية مبلطة | GY5: مزروعة بالثيل | GZ5: بالرمل والماء | HA5: اخرى | HB5: مدرسة واحدة | HC5: مدرستان | HD5: ثلاث مدارس | HE5: حكومية تابعة لوزارة التربية | HF5: حكومية تابعة لجهات اخرى | HG5: مستأجرة | HH5: خاصة | HI5: صالحة | HJ5: بحاجة الى ترميم | HK5: غير صالحة | HL5: الصالحة | HM5: غيرالصالحة | HN5: الصالحة | HO5: غيرالصالحة | HP5: الصالحة | HQ5: غيرالصالحة | HR5: الصالحة | HS5: عاطلة | HT5: الصالحة | HU5: عاطلة | HV5: الصالحة | HW5: عاطلة | HX5: نعم | HY5: كلا | HZ5: المدير | IA5: المعاون | IB5: المعلم | IC5: امينة مكتبة | ID5: قاعة | IE5: غرفة | IF5: خزانة | IG5: رفوف عارضة | IH5: عدد الكتب | II5: عدد المجلات والقصص
A6: 1 | B6: 1400135 | C6: النجف | D6: النجف | E6: المركز | F6: اطفال النجف | G6: السعد | J6: 1 | K6: 1 | M6: 1 | Q6: 1 | T6: 1 | Y6: 15 | Z6: 18 | AA6: 38 | AB6: 37 | AC6: =AA6+Y6 -> 53 | AD6: =AB6+Z6 -> 55 | AE6: =AD6+AC6 -> 108 | AF6: 1 | AG6: 2 | AH6: =AG6+AF6 -> 3 | AM6: =AK6+AI6 -> 0 | AN6: =AL6+AJ6 -> 0 | AO6: =AN6+AM6 -> 0 | AT6: =AR6+AP6 -> 0 | AU6: =AS6+AQ6 -> 0 | AV6: =AU6+AT6 -> 0 | AX6: 1 | AZ6: 1 | BB6: 1 | BD6: 1 | BF6: 1 | BN6: 1 | BO6: 1 | BP6: 9 | BR6: =BQ6+BP6+BO6+BN6 -> 11 | CD6: 1 | CK6: =CI6+CG6+CE6+CC6+CA6+BY6+BW6+BS6 -> 0 | CL6: =CJ6+CH6+CD6+CB6+BZ6+BX6+BV6+BT6 -> 1 | CM6: =CL6+CK6 -> 1 | CN6: 11 | CQ6: =CP6+CO6+CN6 -> 11 | CR6: 8 | CW6: 2 | CX6: 1 | DA6: =CY6+CX6+CW6+CV6+CU6+CT6+CS6+CZ6 -> 3 | DB6: =DA6+CR6 -> 11 | DD6: 3 | DF6: 2 | DG6: 5 | DI6: 1 | DL6: =DK6+DJ6+DI6+DH6+DG6+DF6+DE6+DD6+DC6 -> 11 | DN6: 9 | DO6: 1 | DP6: 1 | DQ6: =DP6+DO6+DN6+DM6 -> 11 | DR6: 1 | DT6: 2 | DV6: 4 | DZ6: 5 | EC6: =DW6+DU6+DS6+DY6 -> 0 | ED6: =DX6+DV6+DT6+DZ6 -> 11 | EE6: =ED6+EC6 -> 11 | EG6: 1 | EI6: 4 | EK6: 2 | EM6: 4 | EP6: =EN6+EL6+EJ6+EH6+EF6 -> 0 | EQ6: =EO6+EM6+EK6+EI6+EG6 -> 11 | ER6: =EQ6+EP6 -> 11 | ES6: 1 | EU6: 1955 | EV6: 3188/149 | EW6: 2 | EX6: 1 | EZ6: 1 | FC6: 1 | FE6: 4 | FG6: 1 | FI6: 6 | FJ6: 4 | FK6: =FJ6+FI6 -> 10 | FL6: 1 | FS6: 1 | FU6: 1 | FW6: 1 | FY6: 1 | GA6: 1 | GF6: 1 | GH6: 1 | GJ6: 1 | GL6: 1 | GO6: 1 | GR6: 1 | GT6: 1 | GW6: 1 | GX6: 1 | HB6: 1 | HF6: 1 | HJ6: 1 | HN6: 100 | HO6: 60 | HP6: 5 | HQ6: 1 | HR6: 2 | HS6: 1 | HT6: 1 | HU6: 1 | HX6: 1 | HZ6: 1 | IF6: 1 | IH6: 62 | II6: 527 | IJ6: =II6+IH6 -> 589 | IK6: دائرة الاشراف | IL6: انوار نوري حسن | IM6: 7809359640
A7: 2 | B7: 1400136 | C7: النجف | D7: النجف | E7: المركز | F7: الحوراء | G7: الجديدة الثانية | J7: 1 | K7: 1 | M7: 1 | Q7: 1 | T7: 1 | Y7: 41 | Z7: 39 | AA7: 60 | AB7: 60 | AC7: =AA7+Y7 -> 101 | AD7: =AB7+Z7 -> 99 | AE7: =AD7+AC7 -> 200 | AF7: 2 | AG7: 2 | AH7: =AG7+AF7 -> 4 | AI7: 11 | AJ7: 6 | AK7: 5 | AL7: 1 | AM7: =AK7+AI7 -> 16 | AN7: =AL7+AJ7 -> 7 | AO7: =AN7+AM7 -> 23 | AQ7: 3 | AR7: 1 | AS7: 4 | AT7: =AR7+AP7 -> 1 | AU7: =AS7+AQ7 -> 7 | AV7: =AU7+AT7 -> 8 | AX7: 1 | AZ7: 1 | BB7: 1 | BD7: 1 | BF7: 1 | BN7: 1 | BP7: 6 | BR7: =BQ7+BP7+BO7+BN7 -> 7 | CD7: 1 | CE7: 1 | CK7: =CI7+CG7+CE7+CC7+CA7+BY7+BW7+BS7 -> 1 | CL7: =CJ7+CH7+CD7+CB7+BZ7+BX7+BV7+BT7 -> 1 | CM7: =CL7+CK7 -> 2 | CN7: 7 | CQ7: =CP7+CO7+CN7 -> 7 | CR7: 7 | DA7: =CY7+CX7+CW7+CV7+CU7+CT7+CS7+CZ7 -> 0 | DB7: =DA7+CR7 -> 7 | DD7: 1 | DG7: 6 | DL7: =DK7+DJ7+DI7+DH7+DG7+DF7+DE7+DD7+DC7 -> 7 | DM7: 1 | DN7: 6 | DQ7: =DP7+DO7+DN7+DM7 -> 7 | DT7: 6 | DZ7: 1 | EC7: =DW7+DU7+DS7+DY7 -> 0 | ED7: =DX7+DV7+DT7+DZ7 -> 7 | EE7: =ED7+EC7 -> 7 | EI7: 4 | EK7: 1 | EM7: 2 | EP7: =EN7+EL7+EJ7+EH7+EF7 -> 0 | EQ7: =EO7+EM7+EK7+EI7+EG7 -> 7 | ER7: =EQ7+EP7 -> 7 | ES7: 1 | EU7: 1982 | EV7: 1772/2 | EW7: 2 | EX7: 1 | FA7: 1 | FC7: 1 | FE7: 4 | FG7: 1 | FI7: 9 | FJ7: 3 | FK7: =FJ7+FI7 -> 12 | FL7: 1 | FS7: 1 | FU7: 1 | FW7: 1 | FY7: 1 | GA7: 1 | GF7: 1 | GI7: 1 | GJ7: 1 | GL7: 1 | GP7: 1 | GR7: 1 | GT7: 1 | GW7: 1 | GY7: 1 | HB7: 1 | HF7: 1 | HJ7: 1 | HN7: 44 | HO7: 15 | HP7: 6 | HR7: 1 | HT7: 1 | HX7: 1 | HZ7: 1 | IF7: 1 | II7: 306 | IJ7: =II7+IH7 -> 306 | IK7: ع0النجف المركزية | IL7: سندس ناجح عبدالزهره | IM7: 7825989301
A8: 3 | B8: 1400137 | C8: النجف | D8: النجف | E8: المركز | F8: الاجيال | G8: الصحة | J8: 1 | K8: 1 | M8: 1 | Q8: 1 | T8: 1 | Y8: 23 | Z8: 23 | AA8: 9 | AB8: 16 | AC8: =AA8+Y8 -> 32 | AD8: =AB8+Z8 -> 39 | AE8: =AD8+AC8 -> 71 | AF8: 2 | AG8: 2 | AH8: =AG8+AF8 -> 4 | AJ8: 2 | AK8: 2 | AL8: 1 | AM8: =AK8+AI8 -> 2 | AN8: =AL8+AJ8 -> 3 | AO8: =AN8+AM8 -> 5 | AP8: 7 | AQ8: 1 | AR8: 2 | AS8: 1 | AT8: =AR8+AP8 -> 9 | AU8: =AS8+AQ8 -> 2 | AV8: =AU8+AT8 -> 11 | AW8: 1 | AZ8: 1 | BB8: 1 | BC8: 1 | BF8: 1 | BN8: 1 | BO8: 1 | BP8: 8 | BR8: =BQ8+BP8+BO8+BN8 -> 10 | CB8: 2 | CE8: 1 | CK8: =CI8+CG8+CE8+CC8+CA8+BY8+BW8+BS8 -> 1 | CL8: =CJ8+CH8+CD8+CB8+BZ8+BX8+BV8+BT8 -> 2 | CM8: =CL8+CK8 -> 3 | CN8: 10 | CQ8: =CP8+CO8+CN8 -> 10 | CR8: 9 | CZ8: 1 | DA8: =CY8+CX8+CW8+CV8+CU8+CT8+CS8+CZ8 -> 1 | DB8: =DA8+CR8 -> 10 | DC8: 1 | DD8: 4 | DF8: 1 | DG8: 4 | DL8: =DK8+DJ8+DI8+DH8+DG8+DF8+DE8+DD8+DC8 -> 10 | DM8: 2 | DN8: 7 | DO8: 1 | DQ8: =DP8+DO8+DN8+DM8 -> 10 | DR8: 10 | DT8: 4 | DX8: 1 | DZ8: 5 | EC8: =DW8+DU8+DS8+DY8 -> 0 | ED8: =DX8+DV8+DT8+DZ8 -> 10 | EE8: =ED8+EC8 -> 10 | EI8: 4 | EK8: 2 | EM8: 4 | EP8: =EN8+EL8+EJ8+EH8+EF8 -> 0 | EQ8: =EO8+EM8+EK8+EI8+EG8 -> 10 | ER8: =EQ8+EP8 -> 10 | ES8: 1 | EU8: 1973 | EV8: 17254/2 | EW8: 2 | EY8: 1 | EZ8: 1 | FD8: 1 | FF8: 1 | FI8: 6 | FJ8: 5 | FK8: =FJ8+FI8 -> 11 | FL8: 1 | FS8: 1 | FU8: 1 | FW8: 1 | FY8: 1 | GA8: 1 | GF8: 1 | GH8: 1 | GJ8: 1 | GL8: 1 | GO8: 1 | GR8: 1 | GT8: 1 | GW8: 1 | GX8: 1 | HB8: 1 | HF8: 1 | HI8: 1 | HN8: 109 | HO8: 30 | HP8: 6 | HQ8: 3 | HR8: 1 | HT8: 1 | HU8: 1 | HX8: 1 | IB8: 1 | IF8: 1 | IH8: 97 | II8: 100 | IJ8: =II8+IH8 -> 197 | IK8: شرطة الكرار | IL8: فوزية شمران غيدان | IM8: 7816033328
A9: 4 | B9: 1400138 | C9: النجف | D9: النجف | E9: المركز | F9: البراعم | G9: الاسكان | J9: 1 | K9: 1 | M9: 1 | Q9: 1 | T9: 1 | Y9: 14 | Z9: 11 | AA9: 20 | AB9: 16 | AC9: =AA9+Y9 -> 34 | AD9: =AB9+Z9 -> 27 | AE9: =AD9+AC9 -> 61 | AF9: 1 | AG9: 1 | AH9: =AG9+AF9 -> 2 | AM9: =AK9+AI9 -> 0 | AN9: =AL9+AJ9 -> 0 | AO9: =AN9+AM9 -> 0 | AT9: =AR9+AP9 -> 0 | AU9: =AS9+AQ9 -> 0 | AV9: =AU9+AT9 -> 0 | AW9: 1 | AZ9: 1 | BB9: 1 | BD9: 1 | BF9: 1 | BN9: 1 | BP9: 9 | BR9: =BQ9+BP9+BO9+BN9 -> 10 | CB9: 2 | CD9: 1 | CE9: 1 | CK9: =CI9+CG9+CE9+CC9+CA9+BY9+BW9+BS9 -> 1 | CL9: =CJ9+CH9+CD9+CB9+BZ9+BX9+BV9+BT9 -> 3 | CM9: =CL9+CK9 -> 4 | CN9: 10 | CQ9: =CP9+CO9+CN9 -> 10 | CR9: 3 | CW9: 6 | CX9: 1 | DA9: =CY9+CX9+CW9+CV9+CU9+CT9+CS9+CZ9 -> 7 | DB9: =DA9+CR9 -> 10 | DD9: 5 | DF9: 2 | DG9: 2 | DH9: 1 | DL9: =DK9+DJ9+DI9+DH9+DG9+DF9+DE9+DD9+DC9 -> 10 | DN9: 9 | DO9: 1 | DQ9: =DP9+DO9+DN9+DM9 -> 10 | DR9: 3 | DT9: 1 | DX9: 2 | DZ9: 7 | EC9: =DW9+DU9+DS9+DY9 -> 0 | ED9: =DX9+DV9+DT9+DZ9 -> 10 | EE9: =ED9+EC9 -> 10 | EI9: 3 | EK9: 5 | EM9: 2 | EP9: =EN9+EL9+EJ9+EH9+EF9 -> 0 | EQ9: =EO9+EM9+EK9+EI9+EG9 -> 10 | ER9: =EQ9+EP9 -> 10 | ES9: 1 | EU9: 1967 | EV9: 11576/2 | EW9: 2 | EX9: 1 | EZ9: 1 | FD9: 1 | FE9: 2 | FF9: 1 | FI9: 6 | FJ9: 3 | FK9: =FJ9+FI9 -> 9 | FL9: 1 | FS9: 1 | FU9: 1 | FW9: 1 | FY9: 1 | GA9: 1 | GF9: 1 | GH9: 1 | GJ9: 1 | GL9: 1 | GO9: 1 | GR9: 1 | GT9: 1 | GW9: 1 | GY9: 1 | HB9: 1 | HF9: 1 | HJ9: 1 | HN9: 25 | HP9: 4 | HR9: 2 | HT9: 1 | HV9: 1 | HX9: 1 | HZ9: 1 | IE9: 1 | IH9: 1179 | IJ9: =II9+IH9 -> 1179 | IK9: شارع الروان | IL9: زهراء يحيى محمد | IM9: 7725713323
A10: 5 | B10: 1400139 | C10: النجف | D10: النجف | E10: المركز | F10: الزيتون | G10: المعلمين | J10: 1 | K10: 1 | M10: 1 | Q10: 1 | T10: 1 | Y10: 27 | Z10: 43 | AA10: 23 | AB10: 27 | AC10: =AA10+Y10 -> 50 | AD10: =AB10+Z10 -> 70 | AE10: =AD10+AC10 -> 120 | AF10: 1 | AG10: 2 | AH10: =AG10+AF10 -> 3 | AM10: =AK10+AI10 -> 0 | AN10: =AL10+AJ10 -> 0 | AO10: =AN10+AM10 -> 0 | AT10: =AR10+AP10 -> 0 | AU10: =AS10+AQ10 -> 0 | AV10: =AU10+AT10 -> 0 | AX10: 1 | AZ10: 1 | BB10: 1 | BD10: 1 | BF10: 1 | BN10: 1 | BO10: 1 | BP10: 5 | BR10: =BQ10+BP10+BO10+BN10 -> 7 | BT10: 1 | CD10: 1 | CE10: 1 | CK10: =CI10+CG10+CE10+CC10+CA10+BY10+BW10+BS10 -> 1 | CL10: =CJ10+CH10+CD10+CB10+BZ10+BX10+BV10+BT10 -> 2 | CM10: =CL10+CK10 -> 3 | CN10: 7 | CQ10: =CP10+CO10+CN10 -> 7 | CR10: 7 | DA10: =CY10+CX10+CW10+CV10+CU10+CT10+CS10+CZ10 -> 0 | DB10: =DA10+CR10 -> 7 | DD10: 4 | DF10: 2 | DH10: 1 | DL10: =DK10+DJ10+DI10+DH10+DG10+DF10+DE10+DD10+DC10 -> 7 | DM10: 1 | DN10: 6 | DQ10: =DP10+DO10+DN10+DM10 -> 7 | DV10: 2 | DX10: 2 | DZ10: 3 | EC10: =DW10+DU10+DS10+DY10 -> 0 | ED10: =DX10+DV10+DT10+DZ10 -> 7 | EE10: =ED10+EC10 -> 7 | EI10: 1 | EK10: 4 | EM10: 2 | EP10: =EN10+EL10+EJ10+EH10+EF10 -> 0 | EQ10: =EO10+EM10+EK10+EI10+EG10 -> 7 | ER10: =EQ10+EP10 -> 7 | ES10: 1 | EU10: 1978 | EV10: 10990/2 | EW10: م2 | EX10: 1 | EZ10: 1 | FC10: 1 | FE10: 2 | FF10: 1 | FI10: 4 | FJ10: 6 | FK10: =FJ10+FI10 -> 10 | FL10: 1 | FS10: 1 | FU10: 1 | FW10: 1 | FY10: 1 | GA10: 1 | GF10: 1 | GI10: 1 | GJ10: 1 | GL10: 1 | GO10: 1 | GR10: 1 | GT10: 1 | GW10: 1 | HA10: 1 | HB10: 1 | HF10: 1 | HI10: 1 | HN10: 24 | HO10: 9 | HP10: 4 | HR10: 1 | HT10: 1 | HX10: 1 | HZ10: 1 | IF10: 1 | II10: 261 | IJ10: =II10+IH10 -> 261 | IK10: م0 ميسلون | IL10: زينب شاكر كاظم | IM10: 7861911415
A11: 6 | B11: 1400140 | C11: النجف | D11: النجف | E11: المركز | F11: النرجس | G11: الانصار | J11: 1 | K11: 1 | M11: 1 | Q11: 1 | T11: 1 | Y11: 53 | Z11: 59 | AA11: 41 | AB11: 35 | AC11: =AA11+Y11 -> 94 | AD11: =AB11+Z11 -> 94 | AE11: =AD11+AC11 -> 188 | AF11: 2 | AG11: 2 | AH11: =AG11+AF11 -> 4 | AI11: 10 | AJ11: 13 | AK11: 10 | AL11: 10 | AM11: =AK11+AI11 -> 20 | AN11: =AL11+AJ11 -> 23 | AO11: =AN11+AM11 -> 43 | AT11: =AR11+AP11 -> 0 | AU11: =AS11+AQ11 -> 0 | AV11: =AU11+AT11 -> 0 | AX11: 1 | AZ11: 1 | BB11: 1 | BD11: 1 | BF11: 1 | BN11: 1 | BO11: 1 | BP11: 6 | BR11: =BQ11+BP11+BO11+BN11 -> 8 | BT11: 2 | CB11: 1 | CD11: 1 | CE11: 1 | CK11: =CI11+CG11+CE11+CC11+CA11+BY11+BW11+BS11 -> 1 | CL11: =CJ11+CH11+CD11+CB11+BZ11+BX11+BV11+BT11 -> 4 | CM11: =CL11+CK11 -> 5 | CN11: 8 | CQ11: =CP11+CO11+CN11 -> 8 | CR11: 6 | CW11: 1 | CX11: 1 | DA11: =CY11+CX11+CW11+CV11+CU11+CT11+CS11+CZ11 -> 2 | DB11: =DA11+CR11 -> 8 | DD11: 1 | DF11: 1 | DG11: 5 | DH11: 1 | DL11: =DK11+DJ11+DI11+DH11+DG11+DF11+DE11+DD11+DC11 -> 8 | DM11: 1 | DN11: 6 | DO11: 1 | DQ11: =DP11+DO11+DN11+DM11 -> 8 | DR11: 8 | DV11: 5 | DZ11: 3 | EC11: =DW11+DU11+DS11+DY11 -> 0 | ED11: =DX11+DV11+DT11+DZ11 -> 8 | EE11: =ED11+EC11 -> 8 | EI11: 3 | EK11: 3 | EM11: 2 | EP11: =EN11+EL11+EJ11+EH11+EF11 -> 0 | EQ11: =EO11+EM11+EK11+EI11+EG11 -> 8 | ER11: =EQ11+EP11 -> 8 | ES11: 1 | EU11: 1980 | EV11: 9227/2 | EW11: 2 | EX11: 1 | EZ11: 1 | FC11: 1 | FE11: 6 | FF11: 1 | FI11: 4 | FJ11: 6 | FK11: =FJ11+FI11 -> 10 | FL11: 1 | FS11: 1 | FV11: 1 | FX11: 1 | FY11: 1 | GA11: 1 | GF11: 1 | GH11: 1 | GJ11: 1 | GL11: 1 | GP11: 1 | GR11: 1 | GT11: 1 | GW11: 1 | HA11: 1 | HB11: 1 | HF11: 1 | HJ11: 1 | HN11: 200 | HO11: 62 | HP11: 2 | HQ11: 3 | HR11: 1 | HS11: 1 | HT11: 1 | HX11: 1 | IA11: 1 | IE11: 1 | II11: 696 | IJ11: =II11+IH11 -> 696 | IK11: شارع البنزين خانة | IL11: هناء جبار شهيد | IM11: 7839217375
A12: 7 | B12: 1400141 | C12: النجف | D12: النجف | E12: المركز | F12: البيادر | G12: الحوراء زينب | J12: 1 | K12: 1 | M12: 1 | Q12: 1 | T12: 1 | Y12: 16 | Z12: 10 | AA12: 30 | AB12: 20 | AC12: =AA12+Y12 -> 46 | AD12: =AB12+Z12 -> 30 | AE12: =AD12+AC12 -> 76 | AF12: 1 | AG12: 1 | AH12: =AG12+AF12 -> 2 | AM12: =AK12+AI12 -> 0 | AN12: =AL12+AJ12 -> 0 | AO12: =AN12+AM12 -> 0 | AT12: =AR12+AP12 -> 0 | AU12: =AS12+AQ12 -> 0 | AV12: =AU12+AT12 -> 0 | AX12: 1 | AZ12: 1 | BB12: 1 | BC12: 1 | BF12: 1 | BN12: 1 | BP12: 5 | BR12: =BQ12+BP12+BO12+BN12 -> 6 | CD12: 1 | CK12: =CI12+CG12+CE12+CC12+CA12+BY12+BW12+BS12 -> 0 | CL12: =CJ12+CH12+CD12+CB12+BZ12+BX12+BV12+BT12 -> 1 | CM12: =CL12+CK12 -> 1 | CN12: 6 | CQ12: =CP12+CO12+CN12 -> 6 | CR12: 5 | CW12: 1 | DA12: =CY12+CX12+CW12+CV12+CU12+CT12+CS12+CZ12 -> 1 | DB12: =DA12+CR12 -> 6 | DD12: 2 | DF12: 2 | DH12: 1 | DI12: 1 | DL12: =DK12+DJ12+DI12+DH12+DG12+DF12+DE12+DD12+DC12 -> 6 | DN12: 6 | DQ12: =DP12+DO12+DN12+DM12 -> 6 | DR12: 1 | DT12: 1 | DZ12: 5 | EC12: =DW12+DU12+DS12+DY12 -> 0 | ED12: =DX12+DV12+DT12+DZ12 -> 6 | EE12: =ED12+EC12 -> 6 | EK12: 3 | EM12: 3 | EP12: =EN12+EL12+EJ12+EH12+EF12 -> 0 | EQ12: =EO12+EM12+EK12+EI12+EG12 -> 6 | ER12: =EQ12+EP12 -> 6 | ES12: 1 | EU12: 1981 | EV12: 10481/2 | EW12: 2 | EY12: 1 | EZ12: 1 | FD12: 1 | FF12: 1 | FI12: 4 | FJ12: 7 | FK12: =FJ12+FI12 -> 11 | FL12: 1 | FS12: 1 | FU12: 1 | FW12: 1 | FY12: 1 | GA12: 1 | GF12: 1 | GI12: 1 | GJ12: 1 | GL12: 1 | GO12: 1 | GR12: 1 | GT12: 1 | GV12: 1 | GX12: 1 | HB12: 1 | HF12: 1 | HJ12: 1 | HN12: 23 | HO12: 10 | HP12: 3 | HQ12: 2 | HR12: 1 | HT12: 1 | HX12: 1 | IB12: 1 | IE12: 1 | IH12: 135 | II12: 120 | IJ12: =II12+IH12 -> 255 | IK12: اعدادية الغري المهنية | IL12: حلا نجاح مرزة | IM12: 7802835692
A13: 8 | B13: 1400142 | C13: النجف | D13: النجف | E13: المركز | F13: الربيع | G13: الزهراء | J13: 1 | K13: 1 | M13: 1 | Q13: 1 | T13: 1 | Y13: 34 | Z13: 36 | AA13: 75 | AB13: 70 | AC13: =AA13+Y13 -> 109 | AD13: =AB13+Z13 -> 106 | AE13: =AD13+AC13 -> 215 | AF13: 2 | AG13: 2 | AH13: =AG13+AF13 -> 4 | AM13: =AK13+AI13 -> 0 | AN13: =AL13+AJ13 -> 0 | AO13: =AN13+AM13 -> 0 | AT13: =AR13+AP13 -> 0 | AU13: =AS13+AQ13 -> 0 | AV13: =AU13+AT13 -> 0 | AX13: 1 | AZ13: 1 | BB13: 1 | BD13: 1 | BF13: 1 | BN13: 1 | BO13: 1 | BP13: 7 | BR13: =BQ13+BP13+BO13+BN13 -> 9 | CD13: 1 | CK13: =CI13+CG13+CE13+CC13+CA13+BY13+BW13+BS13 -> 0 | CL13: =CJ13+CH13+CD13+CB13+BZ13+BX13+BV13+BT13 -> 1 | CM13: =CL13+CK13 -> 1 | CN13: 9 | CQ13: =CP13+CO13+CN13 -> 9 | CR13: 6 | CW13: 1 | CX13: 1 | CZ13: 1 | DA13: =CY13+CX13+CW13+CV13+CU13+CT13+CS13+CZ13 -> 3 | DB13: =DA13+CR13 -> 9 | DD13: 3 | DG13: 6 | DL13: =DK13+DJ13+DI13+DH13+DG13+DF13+DE13+DD13+DC13 -> 9 | DM13: 2 | DN13: 7 | DQ13: =DP13+DO13+DN13+DM13 -> 9 | DT13: 6 | DZ13: 3 | EC13: =DW13+DU13+DS13+DY13 -> 0 | ED13: =DX13+DV13+DT13+DZ13 -> 9 | EE13: =ED13+EC13 -> 9 | EI13: 4 | EK13: 5 | EP13: =EN13+EL13+EJ13+EH13+EF13 -> 0 | EQ13: =EO13+EM13+EK13+EI13+EG13 -> 9 | ER13: =EQ13+EP13 -> 9 | ES13: 1 | EU13: 1981 | EV13: 16614 | EW13: 2 | EX13: 1 | EZ13: 1 | FC13: 1 | FE13: 2 | FF13: 1 | FI13: 4 | FJ13: 8 | FK13: =FJ13+FI13 -> 12 | FL13: 1 | FS13: 1 | FV13: 1 | FW13: 1 | FY13: 1 | GA13: 1 | GF13: 1 | GI13: 1 | GJ13: 1 | GL13: 1 | GO13: 1 | GR13: 1 | GT13: 1 | GV13: 1 | GX13: 1 | HB13: 1 | HF13: 1 | HI13: 1 | HL13: 45 | HM13: 20 | HN13: 50 | HO13: 20 | HP13: 6 | HR13: 2 | HT13: 1 | HX13: 1 | IB13: 1 | IE13: 1 | IH13: 50 | II13: 120 | IJ13: =II13+IH13 -> 170 | IK13: السوق العصري -الزهراء | IL13: شيماء عبد المنعم هادي | IM13: 7802545032
A14: 9 | B14: 1400143 | C14: النجف | D14: النجف | E14: المركز | F14: الهديل | G14: العلماء | J14: 1 | K14: 1 | M14: 1 | Q14: 1 | T14: 1 | Y14: 41 | Z14: 33 | AA14: 50 | AB14: 42 | AC14: =AA14+Y14 -> 91 | AD14: =AB14+Z14 -> 75 | AE14: =AD14+AC14 -> 166 | AF14: 2 | AG14: 2 | AH14: =AG14+AF14 -> 4 | AK14: 12 | AL14: 10 | AM14: =AK14+AI14 -> 12 | AN14: =AL14+AJ14 -> 10 | AO14: =AN14+AM14 -> 22 | AT14: =AR14+AP14 -> 0 | AU14: =AS14+AQ14 -> 0 | AV14: =AU14+AT14 -> 0 | AX14: 1 | AZ14: 1 | BB14: 1 | BD14: 1 | BF14: 1 | BN14: 1 | BO14: 1 | BP14: 6 | BR14: =BQ14+BP14+BO14+BN14 -> 8 | CB14: 1 | CD14: 2 | CE14: 1 | CK14: =CI14+CG14+CE14+CC14+CA14+BY14+BW14+BS14 -> 1 | CL14: =CJ14+CH14+CD14+CB14+BZ14+BX14+BV14+BT14 -> 3 | CM14: =CL14+CK14 -> 4 | CN14: 8 | CQ14: =CP14+CO14+CN14 -> 8 | CR14: 6 | CW14: 1 | CX14: 1 | DA14: =CY14+CX14+CW14+CV14+CU14+CT14+CS14+CZ14 -> 2 | DB14: =DA14+CR14 -> 8 | DD14: 2 | DF14: 2 | DG14: 4 | DL14: =DK14+DJ14+DI14+DH14+DG14+DF14+DE14+DD14+DC14 -> 8 | DM14: 1 | DN14: 6 | DP14: 1 | DQ14: =DP14+DO14+DN14+DM14 -> 8 | DT14: 3 | DV14: 1 | DX14: 1 | DZ14: 3 | EC14: =DW14+DU14+DS14+DY14 -> 0 | ED14: =DX14+DV14+DT14+DZ14 -> 8 | EE14: =ED14+EC14 -> 8 | EI14: 3 | EK14: 1 | EM14: 4 | EP14: =EN14+EL14+EJ14+EH14+EF14 -> 0 | EQ14: =EO14+EM14+EK14+EI14+EG14 -> 8 | ER14: =EQ14+EP14 -> 8 | ES14: 1 | EU14: 1981 | EV14: 2961/2 | EW14: 2 | EX14: 1 | EZ14: 1 | FC14: 1 | FE14: 2 | FF14: 1 | FI14: 4 | FJ14: 6 | FK14: =FJ14+FI14 -> 10 | FL14: 1 | FS14: 1 | FU14: 1 | FW14: 1 | FY14: 1 | GA14: 1 | GF14: 1 | GI14: 1 | GJ14: 1 | GL14: 1 | GQ14: 1 | GR14: 1 | GT14: 1 | GV14: 1 | GX14: 1 | HB14: 1 | HF14: 1 | HJ14: 1 | HL14: 60 | HN14: 60 | HO14: 60 | HP14: 4 | HQ14: 12 | HR14: 1 | HS14: 1 | HT14: 2 | HX14: 1 | IB14: 1 | IG14: 1 | II14: 490 | IJ14: =II14+IH14 -> 490 | IK14: جامع الفرطوسي | IL14: تغريد سعيد كريم | IM14: 7801532325
A15: 10 | B15: 1400144 | C15: النجف | D15: النجف | E15: المركز | F15: الشهيدة احلام رزاق | G15: الغري | J15: 1 | K15: 1 | M15: 1 | Q15: 1 | T15: 1 | Y15: 39 | Z15: 25 | AA15: 48 | AB15: 56 | AC15: =AA15+Y15 -> 87 | AD15: =AB15+Z15 -> 81 | AE15: =AD15+AC15 -> 168 | AF15: 2 | AG15: 2 | AH15: =AG15+AF15 -> 4 | AM15: =AK15+AI15 -> 0 | AN15: =AL15+AJ15 -> 0 | AO15: =AN15+AM15 -> 0 | AT15: =AR15+AP15 -> 0 | AU15: =AS15+AQ15 -> 0 | AV15: =AU15+AT15 -> 0 | AX15: 1 | AZ15: 1 | BB15: 1 | BD15: 1 | BF15: 1 | BN15: 1 | BP15: 12 | BR15: =BQ15+BP15+BO15+BN15 -> 13 | CD15: 3 | CE15: 1 | CK15: =CI15+CG15+CE15+CC15+CA15+BY15+BW15+BS15 -> 1 | CL15: =CJ15+CH15+CD15+CB15+BZ15+BX15+BV15+BT15 -> 3 | CM15: =CL15+CK15 -> 4 | CN15: 13 | CQ15: =CP15+CO15+CN15 -> 13 | CR15: 9 | CW15: 2 | CZ15: 2 | DA15: =CY15+CX15+CW15+CV15+CU15+CT15+CS15+CZ15 -> 4 | DB15: =DA15+CR15 -> 13 | DC15: 1 | DD15: 2 | DF15: 4 | DG15: 6 | DL15: =DK15+DJ15+DI15+DH15+DG15+DF15+DE15+DD15+DC15 -> 13 | DN15: 12 | DP15: 1 | DQ15: =DP15+DO15+DN15+DM15 -> 13 | DR15: 8 | DV15: 8 | DX15: 2 | DZ15: 3 | EC15: =DW15+DU15+DS15+DY15 -> 0 | ED15: =DX15+DV15+DT15+DZ15 -> 13 | EE15: =ED15+EC15 -> 13 | EI15: 9 | EK15: 2 | EM15: 2 | EP15: =EN15+EL15+EJ15+EH15+EF15 -> 0 | EQ15: =EO15+EM15+EK15+EI15+EG15 -> 13 | ER15: =EQ15+EP15 -> 13 | ES15: 1 | EU15: 1979 | EV15: 72917/3 | EW15: 4 | EX15: 1 | EZ15: 1 | FD15: 1 | FF15: 1 | FI15: 4 | FJ15: 4 | FK15: =FJ15+FI15 -> 8 | FL15: 1 | FS15: 1 | FU15: 1 | FW15: 1 | FY15: 1 | GA15: 1 | GF15: 1 | GH15: 1 | GJ15: 1 | GL15: 1 | GO15: 1 | GR15: 1 | GT15: 1 | GV15: 1 | GX15: 1 | HB15: 1 | HF15: 1 | HI15: 1 | HN15: 178 | HO15: 30 | HP15: 4 | HQ15: 4 | HR15: 1 | HS15: 1 | HT15: 1 | HW15: 1 | HX15: 1 | IB15: 1 | ID15: 1 | IH15: 111 | II15: 1061 | IJ15: =II15+IH15 -> 1172 | IK15: المستوصف الصحي -الاطباء | IL15: تماضر سعيد حسين | IM15: 7702708819
A16: 11 | B16: 1400145 | C16: النجف | D16: النجف | E16: المركز | F16: قتيبة | G16: الوفاء | J16: 1 | K16: 1 | M16: 1 | Q16: 1 | T16: 1 | Y16: 10 | Z16: 23 | AA16: 38 | AB16: 33 | AC16: =AA16+Y16 -> 48 | AD16: =AB16+Z16 -> 56 | AE16: =AD16+AC16 -> 104 | AF16: 1 | AG16: 2 | AH16: =AG16+AF16 -> 3 | AI16: 1 | AJ16: 2 | AM16: =AK16+AI16 -> 1 | AN16: =AL16+AJ16 -> 2 | AO16: =AN16+AM16 -> 3 | AT16: =AR16+AP16 -> 0 | AU16: =AS16+AQ16 -> 0 | AV16: =AU16+AT16 -> 0 | AX16: 1 | AZ16: 1 | BB16: 1 | BD16: 1 | BF16: 1 | BN16: 1 | BP16: 8 | BR16: =BQ16+BP16+BO16+BN16 -> 9 | CD16: 2 | CE16: 1 | CK16: =CI16+CG16+CE16+CC16+CA16+BY16+BW16+BS16 -> 1 | CL16: =CJ16+CH16+CD16+CB16+BZ16+BX16+BV16+BT16 -> 2 | CM16: =CL16+CK16 -> 3 | CN16: 9 | CQ16: =CP16+CO16+CN16 -> 9 | CR16: 9 | DA16: =CY16+CX16+CW16+CV16+CU16+CT16+CS16+CZ16 -> 0 | DB16: =DA16+CR16 -> 9 | DC16: 1 | DD16: 2 | DF16: 2 | DG16: 4 | DL16: =DK16+DJ16+DI16+DH16+DG16+DF16+DE16+DD16+DC16 -> 9 | DM16: 1 | DN16: 8 | DQ16: =DP16+DO16+DN16+DM16 -> 9 | DT16: 5 | DV16: 2 | DZ16: 2 | EC16: =DW16+DU16+DS16+DY16 -> 0 | ED16: =DX16+DV16+DT16+DZ16 -> 9 | EE16: =ED16+EC16 -> 9 | EI16: 5 | EK16: 2 | EM16: 2 | EP16: =EN16+EL16+EJ16+EH16+EF16 -> 0 | EQ16: =EO16+EM16+EK16+EI16+EG16 -> 9 | ER16: =EQ16+EP16 -> 9 | ES16: 1 | EU16: 1986 | EV16: 41/41105 | EW16: 4 | EX16: 1 | EZ16: 1 | FC16: 1 | FE16: 3 | FF16: 1 | FI16: 6 | FJ16: 7 | FK16: =FJ16+FI16 -> 13 | FL16: 1 | FS16: 1 | FU16: 1 | FW16: 1 | FY16: 1 | GA16: 1 | GF16: 1 | GH16: 1 | GJ16: 1 | GL16: 1 | GO16: 1 | GS16: 1 | GT16: 1 | GW16: 1 | HB16: 1 | HF16: 1 | HJ16: 1 | HN16: 120 | HP16: 3 | HR16: 1 | HT16: 1 | HX16: 1 | IB16: 1 | IE16: 1 | IH16: 113 | II16: 140 | IJ16: =II16+IH16 -> 253 | IK16: قسم محو الامية | IL16: وفاء علي حسين | IM16: 7822874003
A17: 12 | B17: 1400146 | C17: النجف | D17: النجف | E17: المركز | F17: العبير | G17: الزهراء | J17: 1 | K17: 1 | M17: 1 | Q17: 1 | T17: 1 | Y17: 55 | Z17: 61 | AA17: 65 | AB17: 69 | AC17: =AA17+Y17 -> 120 | AD17: =AB17+Z17 -> 130 | AE17: =AD17+AC17 -> 250 | AF17: 2 | AG17: 3 | AH17: =AG17+AF17 -> 5 | AM17: =AK17+AI17 -> 0 | AN17: =AL17+AJ17 -> 0 | AO17: =AN17+AM17 -> 0 | AT17: =AR17+AP17 -> 0 | AU17: =AS17+AQ17 -> 0 | AV17: =AU17+AT17 -> 0 | AX17: 1 | AZ17: 1 | BB17: 1 | BD17: 1 | BE17: 1 | BG17: 1 | BN17: 1 | BO17: 1 | BP17: 8 | BR17: =BQ17+BP17+BO17+BN17 -> 10 | CB17: 2 | CD17: 2 | CE17: 1 | CK17: =CI17+CG17+CE17+CC17+CA17+BY17+BW17+BS17 -> 1 | CL17: =CJ17+CH17+CD17+CB17+BZ17+BX17+BV17+BT17 -> 4 | CM17: =CL17+CK17 -> 5 | CN17: 10 | CQ17: =CP17+CO17+CN17 -> 10 | CR17: 8 | CZ17: 2 | DA17: =CY17+CX17+CW17+CV17+CU17+CT17+CS17+CZ17 -> 2 | DB17: =DA17+CR17 -> 10 | DD17: 6 | DG17: 4 | DL17: =DK17+DJ17+DI17+DH17+DG17+DF17+DE17+DD17+DC17 -> 10 | DN17: 10 | DQ17: =DP17+DO17+DN17+DM17 -> 10 | DT17: 4 | DX17: 2 | DZ17: 4 | EC17: =DW17+DU17+DS17+DY17 -> 0 | ED17: =DX17+DV17+DT17+DZ17 -> 10 | EE17: =ED17+EC17 -> 10 | EI17: 6 | EM17: 4 | EP17: =EN17+EL17+EJ17+EH17+EF17 -> 0 | EQ17: =EO17+EM17+EK17+EI17+EG17 -> 10 | ER17: =EQ17+EP17 -> 10 | ES17: 1 | EU17: 1982 | EV17: 1651/1 | EW17: 3 | EX17: 1 | EZ17: 1 | FC17: 1 | FE17: 4 | FF17: 1 | FI17: 4 | FJ17: 7 | FK17: =FJ17+FI17 -> 11 | FL17: 1 | FS17: 1 | FU17: 1 | FW17: 1 | FY17: 1 | GA17: 1 | GF17: 1 | GH17: 1 | GJ17: 1 | GL17: 1 | GO17: 1 | GR17: 1 | GT17: 1 | GV17: 1 | HA17: 1 | HB17: 1 | HF17: 1 | HJ17: 1 | HN17: 300 | HP17: 6 | HR17: 1 | HT17: 1 | HW17: 1 | HX17: 1 | HZ17: 1 | IG17: 1 | IH17: 256 | IJ17: =II17+IH17 -> 256 | IK17: شارع المدارس-الزهراء | IL17: زينب محمد باقر مجبل | IM17: 7717355664
A18: 13 | B18: 1400147 | C18: النجف | D18: النجف | E18: المركز | F18: المباهج | G18: الانصار | J18: 1 | K18: 1 | M18: 1 | Q18: 1 | T18: 1 | Y18: 41 | Z18: 47 | AA18: 101 | AB18: 111 | AC18: =AA18+Y18 -> 142 | AD18: =AB18+Z18 -> 158 | AE18: =AD18+AC18 -> 300 | AF18: 2 | AG18: 3 | AH18: =AG18+AF18 -> 5 | AM18: =AK18+AI18 -> 0 | AN18: =AL18+AJ18 -> 0 | AO18: =AN18+AM18 -> 0 | AT18: =AR18+AP18 -> 0 | AU18: =AS18+AQ18 -> 0 | AV18: =AU18+AT18 -> 0 | AX18: 1 | AZ18: 1 | BB18: 1 | BD18: 1 | BF18: 1 | BN18: 1 | BO18: 1 | BP18: 8 | BR18: =BQ18+BP18+BO18+BN18 -> 10 | CD18: 3 | CE18: 1 | CK18: =CI18+CG18+CE18+CC18+CA18+BY18+BW18+BS18 -> 1 | CL18: =CJ18+CH18+CD18+CB18+BZ18+BX18+BV18+BT18 -> 3 | CM18: =CL18+CK18 -> 4 | CN18: 10 | CQ18: =CP18+CO18+CN18 -> 10 | CR18: 9 | CZ18: 1 | DA18: =CY18+CX18+CW18+CV18+CU18+CT18+CS18+CZ18 -> 1 | DB18: =DA18+CR18 -> 10 | DD18: 5 | DF18: 1 | DG18: 4 | DL18: =DK18+DJ18+DI18+DH18+DG18+DF18+DE18+DD18+DC18 -> 10 | DM18: 1 | DN18: 9 | DQ18: =DP18+DO18+DN18+DM18 -> 10 | DR18: 2 | DT18: 4 | DV18: 1 | DX18: 2 | DZ18: 3 | EC18: =DW18+DU18+DS18+DY18 -> 0 | ED18: =DX18+DV18+DT18+DZ18 -> 10 | EE18: =ED18+EC18 -> 10 | EI18: 4 | EK18: 4 | EM18: 2 | EP18: =EN18+EL18+EJ18+EH18+EF18 -> 0 | EQ18: =EO18+EM18+EK18+EI18+EG18 -> 10 | ER18: =EQ18+EP18 -> 10 | ES18: 1 | EU18: 1982 | EX18: 1 | EZ18: 1 | FC18: 1 | FE18: 2 | FF18: 1 | FI18: 5 | FJ18: 5 | FK18: =FJ18+FI18 -> 10 | FL18: 1 | FS18: 1 | FU18: 1 | FW18: 1 | FY18: 1 | GA18: 1 | GF18: 1 | GH18: 1 | GJ18: 1 | GL18: 1 | GO18: 1 | GR18: 1 | GT18: 1 | GV18: 1 | GX18: 1 | HB18: 1 | HF18: 1 | HI18: 1 | HM18: 200 | HN18: 200 | HO18: 50 | HP18: 5 | HQ18: 4 | HR18: 1 | HX18: 1 | IB18: 1 | IE18: 1 | IH18: 107 | IJ18: =II18+IH18 -> 107 | IK18: الانصار-الشارع العام | IL18: نهلة هادي غني | IM18: 7803088476
A19: 14 | B19: 1400148 | C19: النجف | D19: النجف | E19: المركز | F19: اطفال الثورة | G19: الثورة | J19: 1 | K19: 1 | M19: 1 | Q19: 1 | S19: 1 | T19: 1 | AC19: =AA19+Y19 -> 0 | AD19: =AB19+Z19 -> 0 | AE19: =AD19+AC19 -> 0 | AH19: =AG19+AF19 -> 0 | AM19: =AK19+AI19 -> 0 | AN19: =AL19+AJ19 -> 0 | AO19: =AN19+AM19 -> 0 | AT19: =AR19+AP19 -> 0 | AU19: =AS19+AQ19 -> 0 | AV19: =AU19+AT19 -> 0 | AX19: 1 | AZ19: 1 | BB19: 1 | BD19: 1 | BF19: 1 | BN19: 1 | BP19: 1 | BR19: =BQ19+BP19+BO19+BN19 -> 2 | CD19: 1 | CK19: =CI19+CG19+CE19+CC19+CA19+BY19+BW19+BS19 -> 0 | CL19: =CJ19+CH19+CF19+CD19+CB19+BZ19+BX19+BT19 -> 1 | CM19: =CL19+CK19 -> 1 | CN19: 2 | CQ19: =CP19+CO19+CN19 -> 2 | CR19: 2 | DA19: =CY19+CX19+CW19+CV19+CU19+CT19+CS19+CZ19 -> 0 | DB19: =DA19+CR19 -> 2 | DG19: 2 | DL19: =DK19+DJ19+DI19+DH19+DG19+DF19+DE19+DD19+DC19 -> 2 | DM19: 1 | DN19: 1 | DQ19: =DP19+DO19+DN19+DM19 -> 2 | DR19: 1 | DX19: 1 | DZ19: 1 | EC19: =DW19+DU19+DS19+DY19 -> 0 | ED19: =DX19+DV19+DT19+DZ19 -> 2 | EE19: =ED19+EC19 -> 2 | EK19: 2 | EP19: =EN19+EL19+EJ19+EH19+EF19 -> 0 | EQ19: =EO19+EM19+EK19+EI19+EG19 -> 2 | ER19: =EQ19+EP19 -> 2 | ES19: 1 | EU19: 1984 | EX19: 1 | EZ19: 1 | FD19: 1 | FF19: 1 | FI19: 4 | FJ19: 6 | FK19: =FJ19+FI19 -> 10 | FL19: 1 | FS19: 1 | FV19: 1 | FX19: 1 | FY19: 1 | GA19: 1 | GF19: 1 | GH19: 1 | GJ19: 1 | GL19: 1 | GQ19: 1 | GS19: 1 | GU19: 1 | GW19: 1 | HB19: 1 | HF19: 1 | HK19: 1 | IJ19: =II19+IH19 -> 0 | IK19: المصلخ | IL19: نورس حسن سعد | IM19: 7842816800
A20: 15 | B20: 1400149 | C20: النجف | D20: النجف | E20: المركز | F20: الحسين | G20: الحسين | J20: 1 | K20: 1 | M20: 1 | Q20: 1 | T20: 1 | Y20: 45 | Z20: 40 | AA20: 51 | AB20: 44 | AC20: =AA20+Y20 -> 96 | AD20: =AB20+Z20 -> 84 | AE20: =AD20+AC20 -> 180 | AF20: 2 | AG20: 2 | AH20: =AG20+AF20 -> 4 | AI20: 12 | AJ20: 10 | AK20: 10 | AL20: 5 | AM20: =AK20+AI20 -> 22 | AN20: =AL20+AJ20 -> 15 | AO20: =AN20+AM20 -> 37 | AR20: 1 | AT20: =AR20+AP20 -> 1 | AU20: =AS20+AQ20 -> 0 | AV20: =AU20+AT20 -> 1 | AX20: 1 | AZ20: 1 | BB20: 1 | BD20: 1 | BF20: 1 | BN20: 1 | BO20: 1 | BP20: 10 | BR20: =BQ20+BP20+BO20+BN20 -> 12 | BT20: 1 | BV20: 1 | CD20: 3 | CE20: 1 | CK20: =CI20+CG20+CE20+CC20+CA20+BY20+BW20+BS20 -> 1 | CL20: =CJ20+CH20+CD20+CB20+BZ20+BX20+BV20+BT20 -> 5 | CM20: =CL20+CK20 -> 6 | CN20: 12 | CQ20: =CP20+CO20+CN20 -> 12 | CR20: 10 | CZ20: 2 | DA20: =CY20+CX20+CW20+CV20+CU20+CT20+CS20+CZ20 -> 2 | DB20: =DA20+CR20 -> 12 | DD20: 5 | DF20: 3 | DG20: 4 | DL20: =DK20+DJ20+DI20+DH20+DG20+DF20+DE20+DD20+DC20 -> 12 | DM20: 2 | DN20: 9 | DO20: 1 | DQ20: =DP20+DO20+DN20+DM20 -> 12 | DR20: 1 | DT20: 1 | DZ20: 11 | EC20: =DW20+DU20+DS20+DY20 -> 0 | ED20: =DX20+DV20+DT20+DZ20 -> 12 | EE20: =ED20+EC20 -> 12 | EI20: 3 | EK20: 4 | EM20: 4 | EO20: 1 | EP20: =EN20+EL20+EJ20+EH20+EF20 -> 0 | EQ20: =EO20+EM20+EK20+EI20+EG20 -> 12 | ER20: =EQ20+EP20 -> 12 | ES20: 1 | EU20: 1985 | EV20: 17240/2 | EW20: 2 | EX20: 1 | EZ20: 1 | FC20: 1 | FE20: 2 | FF20: 1 | FI20: 4 | FJ20: 5 | FK20: =FJ20+FI20 -> 9 | FL20: 1 | FS20: 1 | FU20: 1 | FW20: 1 | FY20: 1 | GA20: 1 | GF20: 1 | GH20: 1 | GJ20: 1 | GL20: 1 | GQ20: 1 | GS20: 1 | GT20: 1 | GW20: 1 | HB20: 1 | HF20: 1 | HJ20: 1 | HN20: 20 | HO20: 50 | HP20: 4 | HQ20: 5 | HS20: 2 | HU20: 1 | HW20: 1 | HX20: 1 | IB20: 1 | IE20: 1 | IH20: 75 | II20: 97 | IJ20: =II20+IH20 -> 172 | IK20: معهد الامل للصم والبكم | IL20: حميدة عبد زيد عقيل | IM20: 7801505324
A21: 16 | B21: 1400150 | C21: النجف | D21: النجف | E21: المركز | F21: الشموع | G21: العمارات السكنية | J21: 1 | K21: 1 | M21: 1 | Q21: 1 | T21: 1 | Y21: 8 | Z21: 20 | AA21: 33 | AB21: 20 | AC21: =AA21+Y21 -> 41 | AD21: =AB21+Z21 -> 40 | AE21: =AD21+AC21 -> 81 | AF21: 1 | AG21: 1 | AH21: =AG21+AF21 -> 2 | AM21: =AK21+AI21 -> 0 | AN21: =AL21+AJ21 -> 0 | AO21: =AN21+AM21 -> 0 | AT21: =AR21+AP21 -> 0 | AU21: =AS21+AQ21 -> 0 | AV21: =AU21+AT21 -> 0 | AX21: 1 | AZ21: 1 | BB21: 1 | BD21: 1 | BF21: 1 | BN21: 1 | BO21: 1 | BP21: 3 | BR21: =BQ21+BP21+BO21+BN21 -> 5 | CD21: 1 | CE21: 1 | CK21: =CI21+CG21+CE21+CC21+CA21+BY21+BW21+BS21 -> 1 | CL21: =CJ21+CH21+CF21+CD21+CB21+BZ21+BX21+BT21 -> 1 | CM21: =CL21+CK21 -> 2 | CN21: 5 | CQ21: =CP21+CO21+CN21 -> 5 | CR21: 5 | DA21: =CY21+CX21+CW21+CV21+CU21+CT21+CS21+CZ21 -> 0 | DB21: =DA21+CR21 -> 5 | DD21: 3 | DF21: 1 | DG21: 1 | DL21: =DK21+DJ21+DI21+DH21+DG21+DF21+DE21+DD21+DC21 -> 5 | DM21: 1 | DN21: 4 | DQ21: =DP21+DO21+DN21+DM21 -> 5 | DR21: 3 | DT21: 1 | DZ21: 4 | EC21: =DW21+DU21+DS21+DY21 -> 0 | ED21: =DX21+DV21+DT21+DZ21 -> 5 | EE21: =ED21+EC21 -> 5 | EK21: 3 | EM21: 2 | EP21: =EN21+EL21+EJ21+EH21+EF21 -> 0 | EQ21: =EO21+EM21+EK21+EI21+EG21 -> 5 | ER21: =EQ21+EP21 -> 5 | ES21: 1 | EU21: 1985 | EV21: 15840/2 | EW21: 4 | EY21: 1 | EZ21: 1 | FD21: 1 | FF21: 1 | FI21: 6 | FJ21: 7 | FK21: =FJ21+FI21 -> 13 | FL21: 1 | FS21: 1 | FU21: 1 | FW21: 1 | FY21: 1 | GA21: 1 | GF21: 1 | GH21: 1 | GJ21: 1 | GL21: 1 | GO21: 1 | GR21: 1 | GT21: 1 | GV21: 1 | GX21: 1 | HB21: 1 | HF21: 1 | HI21: 1 | HN21: 50 | HO21: 65 | HP21: 3 | HQ21: 7 | HR21: 1 | HV21: 1 | HX21: 1 | IB21: 1 | IG21: 1 | IH21: 55 | II21: 200 | IJ21: =II21+IH21 -> 255 | IK21: الشقق-شارع الكوفة | IL21: فاتن عبد الكاظم جبر | IM21: 7816244538
A22: 17 | B22: 1400151 | C22: النجف | D22: النجف | E22: المركز | F22: الغدير | G22: الغدير | J22: 1 | K22: 1 | M22: 1 | Q22: 1 | T22: 1 | Y22: 25 | Z22: 27 | AA22: 22 | AB22: 27 | AC22: =AA22+Y22 -> 47 | AD22: =AB22+Z22 -> 54 | AE22: =AD22+AC22 -> 101 | AF22: 2 | AG22: 2 | AH22: =AG22+AF22 -> 4 | AI22: 3 | AJ22: 3 | AL22: 1 | AM22: =AK22+AI22 -> 3 | AN22: =AL22+AJ22 -> 4 | AO22: =AN22+AM22 -> 7 | AR22: 1 | AS22: 2 | AT22: =AR22+AP22 -> 1 | AU22: =AS22+AQ22 -> 2 | AV22: =AU22+AT22 -> 3 | AX22: 1 | AZ22: 1 | BB22: 1 | BD22: 1 | BF22: 1 | BN22: 1 | BP22: 8 | BR22: =BQ22+BP22+BO22+BN22 -> 9 | CB22: 1 | CD22: 2 | CK22: =CI22+CG22+CE22+CC22+CA22+BY22+BW22+BS22 -> 0 | CL22: =CJ22+CH22+CF22+CD22+CB22+BZ22+BX22+BT22 -> 3 | CM22: =CL22+CK22 -> 3 | CN22: 9 | CQ22: =CP22+CO22+CN22 -> 9 | CR22: 9 | DA22: =CY22+CX22+CW22+CV22+CU22+CT22+CS22+CZ22 -> 0 | DB22: =DA22+CR22 -> 9 | DC22: 1 | DD22: 1 | DF22: 2 | DG22: 5 | DL22: =DK22+DJ22+DI22+DH22+DG22+DF22+DE22+DD22+DC22 -> 9 | DM22: 2 | DN22: 6 | DP22: 1 | DQ22: =DP22+DO22+DN22+DM22 -> 9 | DR22: 2 | DT22: 4 | DV22: 2 | DX22: 1 | DZ22: 2 | EC22: =DW22+DU22+DS22+DY22 -> 0 | ED22: =DX22+DV22+DT22+DZ22 -> 9 | EE22: =ED22+EC22 -> 9 | EG22: 1 | EI22: 4 | EK22: 1 | EM22: 3 | EP22: =EN22+EL22+EJ22+EH22+EF22 -> 0 | EQ22: =EO22+EM22+EK22+EI22+EG22 -> 9 | ER22: =EQ22+EP22 -> 9 | ES22: 1 | EU22: 1983 | EV22: 17063/2 | EW22: 28 | EY22: 1 | EZ22: 1 | FD22: 1 | FF22: 1 | FI22: 6 | FJ22: 6 | FK22: =FJ22+FI22 -> 12 | FL22: 1 | FS22: 1 | FU22: 1 | FW22: 1 | FY22: 1 | GA22: 1 | GF22: 1 | GH22: 1 | GJ22: 1 | GL22: 1 | GO22: 1 | GR22: 1 | GT22: 1 | GV22: 1 | GX22: 1 | HB22: 1 | HF22: 1 | HJ22: 1 | HN22: 120 | HP22: 4 | HR22: 1 | HS22: 1 | HT22: 2 | HX22: 1 | IB22: 1 | IE22: 1 | II22: 584 | IJ22: =II22+IH22 -> 584 | IK22: السوق العصري -الغدير | IL22: ثناء محمد عوجة | IM22: 7815219265
A23: 18 | B23: 1400152 | C23: النجف | D23: النجف | E23: المركز | F23: الاستبرق | G23: الجديدة الثالثة | J23: 1 | K23: 1 | M23: 1 | Q23: 1 | T23: 1 | Y23: 30 | Z23: 20 | AA23: 56 | AB23: 54 | AC23: =AA23+Y23 -> 86 | AD23: =AB23+Z23 -> 74 | AE23: =AD23+AC23 -> 160 | AF23: 1 | AG23: 2 | AH23: =AG23+AF23 -> 3 | AI23: 7 | AJ23: 4 | AK23: 8 | AL23: 6 | AM23: =AK23+AI23 -> 15 | AN23: =AL23+AJ23 -> 10 | AO23: =AN23+AM23 -> 25 | AT23: =AR23+AP23 -> 0 | AU23: =AS23+AQ23 -> 0 | AV23: =AU23+AT23 -> 0 | AX23: 1 | AZ23: 1 | BB23: 1 | BC23: 1 | BF23: 1 | BN23: 1 | BP23: 10 | BR23: =BQ23+BP23+BO23+BN23 -> 11 | CC23: 1 | CD23: 2 | CE23: 1 | CK23: =CI23+CG23+CE23+CC23+CA23+BY23+BW23+BS23 -> 2 | CL23: =CJ23+CH23+CF23+CD23+CB23+BZ23+BX23+BT23 -> 2 | CM23: =CL23+CK23 -> 4 | CN23: 11 | CQ23: =CP23+CO23+CN23 -> 11 | CR23: 9 | CW23: 1 | CX23: 1 | DA23: =CY23+CX23+CW23+CV23+CU23+CT23+CS23+CZ23 -> 2 | DB23: =DA23+CR23 -> 11 | DD23: 3 | DF23: 1 | DG23: 6 | DH23: 1 | DL23: =DK23+DJ23+DI23+DH23+DG23+DF23+DE23+DD23+DC23 -> 11 | DM23: 1 | DN23: 10 | DQ23: =DP23+DO23+DN23+DM23 -> 11 | DR23: 2 | DT23: 4 | DX23: 1 | DZ23: 6 | EC23: =DW23+DU23+DS23+DY23 -> 0 | ED23: =DX23+DV23+DT23+DZ23 -> 11 | EE23: =ED23+EC23 -> 11 | EG23: 1 | EI23: 4 | EK23: 5 | EM23: 1 | EP23: =EN23+EL23+EJ23+EH23+EF23 -> 0 | EQ23: =EO23+EM23+EK23+EI23+EG23 -> 11 | ER23: =EQ23+EP23 -> 11 | ES23: 1 | EU23: 2000 | EV23: 3329 | EX23: 1 | FA23: 1 | FC23: 1 | FE23: 2 | FF23: 1 | FI23: 3 | FJ23: 7 | FK23: =FJ23+FI23 -> 10 | FL23: 1 | FS23: 1 | FV23: 1 | FX23: 1 | FY23: 1 | GA23: 1 | GF23: 1 | GH23: 1 | GJ23: 1 | GL23: 1 | GP23: 1 | GR23: 1 | GT23: 1 | GW23: 1 | GX23: 1 | HB23: 1 | HF23: 1 | HJ23: 1 | HN23: 30 | HO23: 70 | HP23: 2 | HQ23: 8 | HR23: 1 | HT23: 1 | HX23: 1 | IB23: 1 | IF23: 1 | IH23: 6 | II23: 140 | IJ23: =II23+IH23 -> 146 | IK23: شارع حنون خلف متوسطة الجمهورية | IL23: نورس حسن سعد | IM23: 7842816800
A24: 19 | B24: 1400153 | C24: النجف | D24: النجف | E24: المركز | F24: الافاق الرحبة | G24: النصر | J24: 1 | K24: 1 | M24: 1 | Q24: 1 | T24: 1 | Y24: 45 | Z24: 45 | AA24: 128 | AB24: 102 | AC24: =AA24+Y24 -> 173 | AD24: =AB24+Z24 -> 147 | AE24: =AD24+AC24 -> 320 | AF24: 1 | AG24: 3 | AH24: =AG24+AF24 -> 4 | AK24: 12 | AL24: 17 | AM24: =AK24+AI24 -> 12 | AN24: =AL24+AJ24 -> 17 | AO24: =AN24+AM24 -> 29 | AT24: =AR24+AP24 -> 0 | AU24: =AS24+AQ24 -> 0 | AV24: =AU24+AT24 -> 0 | AX24: 1 | AZ24: 1 | BB24: 1 | BD24: 1 | BE24: 1 | BG24: 1 | BN24: 1 | BP24: 9 | BR24: =BQ24+BP24+BO24+BN24 -> 10 | CB24: 1 | CD24: 3 | CK24: =CI24+CG24+CE24+CC24+CA24+BY24+BW24+BS24 -> 0 | CL24: =CJ24+CH24+CF24+CD24+CB24+BZ24+BX24+BT24 -> 4 | CM24: =CL24+CK24 -> 4 | CN24: 10 | CQ24: =CP24+CO24+CN24 -> 10 | CR24: 9 | CZ24: 1 | DA24: =CY24+CX24+CW24+CV24+CU24+CT24+CS24+CZ24 -> 1 | DB24: =DA24+CR24 -> 10 | DD24: 3 | DG24: 7 | DL24: =DK24+DJ24+DI24+DH24+DG24+DF24+DE24+DD24+DC24 -> 10 | DM24: 1 | DN24: 9 | DQ24: =DP24+DO24+DN24+DM24 -> 10 | DT24: 6 | DV24: 1 | DX24: 1 | DZ24: 2 | EC24: =DW24+DU24+DS24+DY24 -> 0 | ED24: =DX24+DV24+DT24+DZ24 -> 10 | EE24: =ED24+EC24 -> 10 | EG24: 1 | EI24: 5 | EK24: 4 | EP24: =EN24+EL24+EJ24+EH24+EF24 -> 0 | EQ24: =EO24+EM24+EK24+EI24+EG24 -> 10 | ER24: =EQ24+EP24 -> 10 | ES24: 1 | EU24: 2000 | EV24: 19612/3 | EW24: 4 | EX24: 1 | EZ24: 1 | FD24: 1 | FF24: 1 | FI24: 4 | FJ24: 8 | FK24: =FJ24+FI24 -> 12 | FL24: 1 | FS24: 1 | FV24: 1 | FX24: 1 | FY24: 1 | GA24: 1 | GF24: 1 | GH24: 1 | GJ24: 1 | GL24: 1 | GO24: 1 | GR24: 1 | GT24: 1 | GW24: 1 | GX24: 1 | HB24: 1 | HF24: 1 | HJ24: 1 | HN24: 260 | HO24: 5 | HP24: 4 | HQ24: 6 | HR24: 1 | HT24: 1 | HX24: 1 | IB24: 1 | IE24: 1 | IH24: 114 | II24: 130 | IJ24: =II24+IH24 -> 244 | IK24: المركز الصحي -حي النصر | IL24: صفاء محمود محمد | IM24: 7706757118
A25: 20 | B25: 1400794 | C25: النجف | D25: النجف | E25: المركز | F25: طيور الجنة | G25: الوفاء | J25: 1 | K25: 1 | M25: 1 | Q25: 1 | T25: 1 | Y25: 77 | Z25: 85 | AA25: 48 | AB25: 65 | AC25: =AA25+Y25 -> 125 | AD25: =AB25+Z25 -> 150 | AE25: =AD25+AC25 -> 275 | AF25: 2 | AG25: 3 | AH25: =AG25+AF25 -> 5 | AI25: 17 | AJ25: 13 | AK25: 13 | AL25: 14 | AM25: =AK25+AI25 -> 30 | AN25: =AL25+AJ25 -> 27 | AO25: =AN25+AM25 -> 57 | AT25: =AR25+AP25 -> 0 | AU25: =AS25+AQ25 -> 0 | AV25: =AU25+AT25 -> 0 | AX25: 1 | AZ25: 1 | BB25: 1 | BD25: 1 | BF25: 1 | BN25: 1 | BP25: 12 | BR25: =BQ25+BP25+BO25+BN25 -> 13 | CE25: 1 | CK25: =CI25+CG25+CE25+CC25+CA25+BY25+BW25+BS25 -> 1 | CL25: =CJ25+CH25+CF25+CD25+CB25+BZ25+BX25+BT25 -> 0 | CM25: =CL25+CK25 -> 1 | CN25: 13 | CQ25: =CP25+CO25+CN25 -> 13 | CR25: 9 | CT25: 2 | CW25: 2 | DA25: =CY25+CX25+CW25+CV25+CU25+CT25+CS25+CZ25 -> 4 | DB25: =DA25+CR25 -> 13 | DD25: 3 | DF25: 2 | DG25: 7 | DK25: 1 | DL25: =DK25+DJ25+DI25+DH25+DG25+DF25+DE25+DD25+DC25 -> 13 | DM25: 2 | DN25: 10 | DP25: 1 | DQ25: =DP25+DO25+DN25+DM25 -> 13 | DR25: 4 | DT25: 2 | DV25: 1 | DX25: 2 | DZ25: 8 | EC25: =DW25+DU25+DS25+DY25 -> 0 | ED25: =DX25+DV25+DT25+DZ25 -> 13 | EE25: =ED25+EC25 -> 13 | EG25: 1 | EI25: 1 | EK25: 7 | EM25: 2 | EO25: 2 | EP25: =EN25+EL25+EJ25+EH25+EF25 -> 0 | EQ25: =EO25+EM25+EK25+EI25+EG25 -> 13 | ER25: =EQ25+EP25 -> 13 | ES25: 1 | EU25: 2008 | EV25: 41094/3 | EW25: 4 | EX25: 1 | EZ25: 1 | FC25: 1 | FE25: 2 | FF25: 1 | FI25: 5 | FJ25: 5 | FK25: =FJ25+FI25 -> 10 | FL25: 1 | FS25: 1 | FV25: 1 | FX25: 1 | FY25: 1 | GA25: 1 | GF25: 1 | GI25: 1 | GJ25: 1 | GL25: 1 | GQ25: 1 | GR25: 1 | GU25: 1 | GW25: 1 | HA25: 1 | HB25: 1 | HF25: 1 | HJ25: 1 | HN25: 160 | HP25: 60 | HR25: 2 | HT25: 1 | HX25: 1 | IB25: 1 | IE25: 1 | IH25: 27 | II25: 550 | IJ25: =II25+IH25 -> 577 | IK25: مقابل دورالهندية | IL25: رشا حامد جهاد | IM25: 7804951177
A26: 21 | B26: 1400760 | C26: النجف | D26: النجف | E26: المركز | F26: العسل | G26: العدالة | J26: 1 | K26: 1 | M26: 1 | Q26: 1 | T26: 1 | Y26: 19 | Z26: 20 | AA26: 29 | AB26: 33 | AC26: =AA26+Y26 -> 48 | AD26: =AB26+Z26 -> 53 | AE26: =AD26+AC26 -> 101 | AF26: 2 | AG26: 2 | AH26: =AG26+AF26 -> 4 | AI26: 7 | AJ26: 4 | AK26: 8 | AL26: 2 | AM26: =AK26+AI26 -> 15 | AN26: =AL26+AJ26 -> 6 | AO26: =AN26+AM26 -> 21 | AP26: 2 | AQ26: 4 | AT26: =AR26+AP26 -> 2 | AU26: =AS26+AQ26 -> 4 | AV26: =AU26+AT26 -> 6 | AX26: 1 | AZ26: 1 | BB26: 1 | BD26: 1 | BF26: 1 | BN26: 1 | BO26: 1 | BP26: 9 | BR26: =BQ26+BP26+BO26+BN26 -> 11 | CD26: 2 | CE26: 1 | CK26: =CI26+CG26+CE26+CC26+CA26+BY26+BW26+BS26 -> 1 | CL26: =CJ26+CH26+CF26+CD26+CB26+BZ26+BX26+BT26 -> 2 | CM26: =CL26+CK26 -> 3 | CN26: 11 | CQ26: =CP26+CO26+CN26 -> 11 | CR26: 11 | DA26: =CY26+CX26+CW26+CV26+CU26+CT26+CS26+CZ26 -> 0 | DB26: =DA26+CR26 -> 11 | DD26: 1 | DF26: 4 | DG26: 5 | DI26: 1 | DL26: =DK26+DJ26+DI26+DH26+DG26+DF26+DE26+DD26+DC26 -> 11 | DN26: 10 | DP26: 1 | DQ26: =DP26+DO26+DN26+DM26 -> 11 | DR26: 11 | DT26: 4 | DX26: 1 | DZ26: 6 | EC26: =DW26+DU26+DS26+DY26 -> 0 | ED26: =DX26+DV26+DT26+DZ26 -> 11 | EE26: =ED26+EC26 -> 11 | EG26: 2 | EK26: 3 | EM26: 6 | EP26: =EN26+EL26+EJ26+EH26+EF26 -> 0 | EQ26: =EO26+EM26+EK26+EI26+EG26 -> 11 | ER26: =EQ26+EP26 -> 11 | ES26: 1 | EU26: 2008 | EV26: 35069/3 | EW26: 4 | EX26: 1 | EZ26: 1 | FC26: 1 | FE26: 4 | FF26: 1 | FI26: 4 | FJ26: 4 | FK26: =FJ26+FI26 -> 8 | FL26: 1 | FS26: 1 | FU26: 1 | FW26: 1 | FY26: 1 | GA26: 1 | GF26: 1 | GI26: 1 | GJ26: 1 | GL26: 1 | GP26: 1 | GR26: 1 | GT26: 1 | GW26: 1 | GZ26: 1 | HB26: 1 | HF26: 1 | HJ26: 1 | HO26: 59 | HP26: 4 | HQ26: 6 | HR26: 1 | HS26: 1 | HT26: 1 | HU26: 1 | HX26: 1 | HZ26: 1 | IE26: 1 | IH26: 444 | II26: 101 | IJ26: =II26+IH26 -> 545 | IK26: حي العدالة | IL26: ابتهال عزيز عبود | IM26: 7831857062
A27: 22 | B27: 1400774 | C27: النجف | D27: النجف | E27: المركز | F27: جنة الزهراء | G27: المكرمة | J27: 1 | K27: 1 | M27: 1 | Q27: 1 | T27: 1 | Y27: 55 | Z27: 60 | AA27: 53 | AB27: 44 | AC27: =AA27+Y27 -> 108 | AD27: =AB27+Z27 -> 104 | AE27: =AD27+AC27 -> 212 | AF27: 2 | AG27: 2 | AH27: =AG27+AF27 -> 4 | AI27: 23 | AJ27: 10 | AK27: 11 | AL27: 6 | AM27: =AK27+AI27 -> 34 | AN27: =AL27+AJ27 -> 16 | AO27: =AN27+AM27 -> 50 | AT27: =AR27+AP27 -> 0 | AU27: =AS27+AQ27 -> 0 | AV27: =AU27+AT27 -> 0 | AX27: 1 | AZ27: 1 | BB27: 1 | BD27: 1 | BF27: 1 | BN27: 1 | BO27: 2 | BP27: 10 | BR27: =BQ27+BP27+BO27+BN27 -> 13 | CB27: 1 | CD27: 2 | CE27: 1 | CK27: =CI27+CG27+CE27+CC27+CA27+BY27+BW27+BS27 -> 1 | CL27: =CJ27+CH27+CF27+CD27+CB27+BZ27+BX27+BT27 -> 3 | CM27: =CL27+CK27 -> 4 | CN27: 13 | CQ27: =CP27+CO27+CN27 -> 13 | CR27: 12 | CT27: 1 | DA27: =CY27+CX27+CW27+CV27+CU27+CT27+CS27+CZ27 -> 1 | DB27: =DA27+CR27 -> 13 | DD27: 2 | DF27: 3 | DG27: 8 | DL27: =DK27+DJ27+DI27+DH27+DG27+DF27+DE27+DD27+DC27 -> 13 | DM27: 2 | DN27: 9 | DO27: 2 | DQ27: =DP27+DO27+DN27+DM27 -> 13 | DR27: 1 | DT27: 4 | DV27: 3 | DX27: 1 | DZ27: 5 | EC27: =DW27+DU27+DS27+DY27 -> 0 | ED27: =DX27+DV27+DT27+DZ27 -> 13 | EE27: =ED27+EC27 -> 13 | EI27: 8 | EK27: 2 | EM27: 3 | EP27: =EN27+EL27+EJ27+EH27+EF27 -> 0 | EQ27: =EO27+EM27+EK27+EI27+EG27 -> 13 | ER27: =EQ27+EP27 -> 13 | ES27: 1 | EU27: 2009 | EV27: 3/ 355 | EW27: 3 | EX27: 1 | EZ27: 1 | FC27: 1 | FE27: 4 | FF27: 1 | FI27: 5 | FJ27: 4 | FK27: =FJ27+FI27 -> 9 | FL27: 1 | FS27: 1 | FU27: 1 | FW27: 1 | FY27: 1 | GA27: 1 | GF27: 1 | GI27: 1 | GJ27: 1 | GL27: 1 | GP27: 1 | GR27: 1 | GT27: 1 | GV27: 1 | GX27: 1 | HB27: 1 | HF27: 1 | HJ27: 1 | HN27: 44 | HO27: 30 | HP27: 5 | HQ27: 4 | HR27: 2 | HT27: 1 | HX27: 1 | HZ27: 1 | IF27: 1 | IH27: 255 | II27: 112 | IJ27: =II27+IH27 -> 367 | IK27: المركز الصحي سيدالشهداء | IL27: ماجدة قاسم شلال | IM27: 7800269746
A28: 23 | B28: 1400779 | C28: النجف | D28: النجف | E28: المركز | F28: زهرة الوادي | G28: النصر | J28: 1 | K28: 1 | M28: 1 | Q28: 1 | T28: 1 | Y28: 47 | Z28: 59 | AA28: 83 | AB28: 77 | AC28: =AA28+Y28 -> 130 | AD28: =AB28+Z28 -> 136 | AE28: =AD28+AC28 -> 266 | AF28: 2 | AG28: 2 | AH28: =AG28+AF28 -> 4 | AK28: 20 | AL28: 25 | AM28: =AK28+AI28 -> 20 | AN28: =AL28+AJ28 -> 25 | AO28: =AN28+AM28 -> 45 | AT28: =AR28+AP28 -> 0 | AU28: =AS28+AQ28 -> 0 | AV28: =AU28+AT28 -> 0 | AX28: 1 | AZ28: 1 | BB28: 1 | BD28: 1 | BF28: 1 | BN28: 1 | BP28: 9 | BR28: =BQ28+BP28+BO28+BN28 -> 10 | BZ28: 1 | CD28: 3 | CE28: 1 | CK28: =CI28+CG28+CE28+CC28+CA28+BY28+BW28+BS28 -> 1 | CL28: =CJ28+CH28+CF28+CD28+CB28+BZ28+BX28+BT28 -> 4 | CM28: =CL28+CK28 -> 5 | CN28: 10 | CQ28: =CP28+CO28+CN28 -> 10 | CR28: 7 | CW28: 1 | CX28: 2 | DA28: =CY28+CX28+CW28+CV28+CU28+CT28+CS28+CZ28 -> 3 | DB28: =DA28+CR28 -> 10 | DD28: 4 | DF28: 2 | DG28: 4 | DL28: =DK28+DJ28+DI28+DH28+DG28+DF28+DE28+DD28+DC28 -> 10 | DM28: 1 | DN28: 8 | DO28: 1 | DQ28: =DP28+DO28+DN28+DM28 -> 10 | DR28: 3 | DV28: 5 | DZ28: 5 | EC28: =DW28+DU28+DS28+DY28 -> 0 | ED28: =DX28+DV28+DT28+DZ28 -> 10 | EE28: =ED28+EC28 -> 10 | EI28: 4 | EK28: 5 | EM28: 1 | EP28: =EN28+EL28+EJ28+EH28+EF28 -> 0 | EQ28: =EO28+EM28+EK28+EI28+EG28 -> 10 | ER28: =EQ28+EP28 -> 10 | ES28: 1 | EU28: 2009 | EV28: 18336 | EW28: 4 | EX28: 1 | EZ28: 1 | FD28: 1 | FF28: 1 | FI28: 4 | FJ28: 5 | FK28: =FJ28+FI28 -> 9 | FL28: 1 | FS28: 1 | FU28: 1 | FW28: 1 | FY28: 1 | GA28: 1 | GF28: 1 | GI28: 1 | GJ28: 1 | GL28: 1 | GP28: 1 | GR28: 1 | GT28: 1 | GV28: 1 | GX28: 1 | HB28: 1 | HF28: 1 | HI28: 1 | HN28: 50 | HP28: 4 | HQ28: 1 | HR28: 1 | HX28: 1 | HZ28: 1 | IE28: 1 | IH28: 221 | II28: 4 | IJ28: =II28+IH28 -> 225 | IK28: جامع الامام موسى الكاظم | IL28: سارة احمد عبد | IM28: 7806692373
A29: 24 | B29: 1400827 | C29: النجف | D29: النجف | E29: المركز | F29: ندى القلوب | G29: المكرمة | J29: 1 | K29: 1 | M29: 1 | Q29: 1 | T29: 1 | Y29: 100 | Z29: 100 | AA29: 90 | AB29: 100 | AC29: =AA29+Y29 -> 190 | AD29: =AB29+Z29 -> 200 | AE29: =AD29+AC29 -> 390 | AF29: 2 | AG29: 2 | AH29: =AG29+AF29 -> 4 | AI29: 5 | AJ29: 5 | AM29: =AK29+AI29 -> 5 | AN29: =AL29+AJ29 -> 5 | AO29: =AN29+AM29 -> 10 | AT29: =AR29+AP29 -> 0 | AU29: =AS29+AQ29 -> 0 | AV29: =AU29+AT29 -> 0 | AX29: 1 | AZ29: 1 | BB29: 1 | BD29: 1 | BF29: 1 | BN29: 1 | BO29: 1 | BP29: 9 | BR29: =BQ29+BP29+BO29+BN29 -> 11 | CB29: 1 | CD29: 2 | CE29: 1 | CK29: =CI29+CG29+CE29+CC29+CA29+BY29+BW29+BS29 -> 1 | CL29: =CJ29+CH29+CF29+CD29+CB29+BZ29+BX29+BT29 -> 3 | CM29: =CL29+CK29 -> 4 | CN29: 11 | CQ29: =CP29+CO29+CN29 -> 11 | CR29: 10 | CW29: 1 | DA29: =CY29+CX29+CW29+CV29+CU29+CT29+CS29+CZ29 -> 1 | DB29: =DA29+CR29 -> 11 | DD29: 2 | DG29: 9 | DL29: =DK29+DJ29+DI29+DH29+DG29+DF29+DE29+DD29+DC29 -> 11 | DN29: 9 | DO29: 1 | DP29: 1 | DQ29: =DP29+DO29+DN29+DM29 -> 11 | DR29: 3 | DT29: 7 | DX29: 2 | DZ29: 2 | EC29: =DW29+DU29+DS29+DY29 -> 0 | ED29: =DX29+DV29+DT29+DZ29 -> 11 | EE29: =ED29+EC29 -> 11 | EI29: 5 | EK29: 4 | EM29: 1 | EO29: 1 | EP29: =EN29+EL29+EJ29+EH29+EF29 -> 0 | EQ29: =EO29+EM29+EK29+EI29+EG29 -> 11 | ER29: =EQ29+EP29 -> 11 | ES29: 1 | EU29: 2009 | EV29: 8355/3 | EW29: 4 | EX29: 1 | EZ29: 1 | FC29: 1 | FE29: 4 | FF29: 1 | FI29: 4 | FJ29: 5 | FK29: =FJ29+FI29 -> 9 | FL29: 1 | FS29: 1 | FV29: 1 | FX29: 1 | FY29: 1 | GA29: 1 | GF29: 1 | GI29: 1 | GJ29: 1 | GL29: 1 | GQ29: 1 | GR29: 1 | GT29: 1 | GW29: 1 | HA29: 1 | HB29: 1 | HF29: 1 | HJ29: 1 | HM29: 55 | HN29: 240 | HP29: 6 | HQ29: 4 | HR29: 1 | HT29: 1 | HX29: 1 | IA29: 1 | IE29: 1 | IH29: 301 | II29: 144 | IJ29: =II29+IH29 -> 445 | IK29: شارع العسكري | IL29: نسرين جابر حسين | IM29: 7813063649
A30: 25 | B30: 1400960 | C30: النجف | D30: النجف | E30: المركز | F30: الابتسامة | G30: الجامعة | J30: 1 | K30: 1 | M30: 1 | Q30: 1 | T30: 1 | Y30: 22 | Z30: 20 | AA30: 61 | AB30: 53 | AC30: =AA30+Y30 -> 83 | AD30: =AB30+Z30 -> 73 | AE30: =AD30+AC30 -> 156 | AF30: 2 | AG30: 2 | AH30: =AG30+AF30 -> 4 | AI30: 7 | AJ30: 7 | AK30: 4 | AL30: 5 | AM30: =AK30+AI30 -> 11 | AN30: =AL30+AJ30 -> 12 | AO30: =AN30+AM30 -> 23 | AT30: =AR30+AP30 -> 0 | AU30: =AS30+AQ30 -> 0 | AV30: =AU30+AT30 -> 0 | AW30: 1 | AZ30: 1 | BB30: 1 | BD30: 1 | BF30: 1 | BN30: 1 | BO30: 1 | BP30: 9 | BR30: =BQ30+BP30+BO30+BN30 -> 11 | CD30: 2 | CE30: 1 | CK30: =CI30+CG30+CE30+CC30+CA30+BY30+BW30+BS30 -> 1 | CL30: =CJ30+CH30+CF30+CD30+CB30+BZ30+BX30+BT30 -> 2 | CM30: =CL30+CK30 -> 3 | CN30: 11 | CQ30: =CP30+CO30+CN30 -> 11 | CR30: 11 | DA30: =CY30+CX30+CW30+CV30+CU30+CT30+CS30+CZ30 -> 0 | DB30: =DA30+CR30 -> 11 | DD30: 11 | DL30: =DK30+DJ30+DI30+DH30+DG30+DF30+DE30+DD30+DC30 -> 11 | DN30: 11 | DQ30: =DP30+DO30+DN30+DM30 -> 11 | DR30: 2 | DZ30: 11 | EC30: =DW30+DU30+DS30+DY30 -> 0 | ED30: =DX30+DV30+DT30+DZ30 -> 11 | EE30: =ED30+EC30 -> 11 | EK30: 5 | EM30: 6 | EP30: =EN30+EL30+EJ30+EH30+EF30 -> 0 | EQ30: =EO30+EM30+EK30+EI30+EG30 -> 11 | ER30: =EQ30+EP30 -> 11 | ES30: 1 | EU30: 2012 | EV30: 85051/ 23 | EW30: 3 | EX30: 1 | EZ30: 1 | FC30: 1 | FE30: 2 | FF30: 1 | FI30: 4 | FJ30: 7 | FK30: =FJ30+FI30 -> 11 | FL30: 1 | FS30: 1 | FV30: 1 | FW30: 1 | FY30: 1 | GA30: 1 | GF30: 1 | GI30: 1 | GJ30: 1 | GL30: 1 | GP30: 1 | GR30: 1 | GT30: 1 | GW30: 1 | HA30: 1 | HB30: 1 | HF30: 1 | HJ30: 1 | HN30: 40 | HO30: 20 | HP30: 8 | HR30: 1 | HS30: 1 | HT30: 1 | HX30: 1 | IA30: 1 | IG30: 1 | IH30: 278 | II30: 181 | IJ30: =II30+IH30 -> 459 | IK30: شارع ابو حكمت -شركة الكفيل | IL30: انوار إبراهيم حميد | IM30: 7801563616
A31: 26 | B31: 1401004 | C31: النجف | D31: النجف | E31: المركز | F31: حمائم السلام | G31: مجمع حي السلام | J31: 1 | K31: 1 | M31: 1 | Q31: 1 | T31: 1 | Y31: 34 | Z31: 40 | AA31: 21 | AB31: 31 | AC31: =AA31+Y31 -> 55 | AD31: =AB31+Z31 -> 71 | AE31: =AD31+AC31 -> 126 | AF31: 2 | AG31: 2 | AH31: =AG31+AF31 -> 4 | AM31: =AK31+AI31 -> 0 | AN31: =AL31+AJ31 -> 0 | AO31: =AN31+AM31 -> 0 | AT31: =AR31+AP31 -> 0 | AU31: =AS31+AQ31 -> 0 | AV31: =AU31+AT31 -> 0 | AX31: 1 | AZ31: 1 | BB31: 1 | BD31: 1 | BF31: 1 | BN31: 1 | BO31: 1 | BP31: 9 | BR31: =BQ31+BP31+BO31+BN31 -> 11 | CD31: 1 | CE31: 1 | CK31: =CI31+CG31+CE31+CC31+CA31+BY31+BW31+BS31 -> 1 | CL31: =CJ31+CH31+CF31+CD31+CB31+BZ31+BX31+BT31 -> 1 | CM31: =CL31+CK31 -> 2 | CN31: 11 | CQ31: =CP31+CO31+CN31 -> 11 | CR31: 9 | CW31: 2 | DA31: =CY31+CX31+CW31+CV31+CU31+CT31+CS31+CZ31 -> 2 | DB31: =DA31+CR31 -> 11 | DC31: 1 | DD31: 1 | DF31: 4 | DG31: 4 | DH31: 1 | DL31: =DK31+DJ31+DI31+DH31+DG31+DF31+DE31+DD31+DC31 -> 11 | DN31: 10 | DO31: 1 | DQ31: =DP31+DO31+DN31+DM31 -> 11 | DR31: 1 | DT31: 3 | DV31: 1 | DX31: 4 | DZ31: 3 | EC31: =DW31+DU31+DS31+DY31 -> 0 | ED31: =DX31+DV31+DT31+DZ31 -> 11 | EE31: =ED31+EC31 -> 11 | EI31: 3 | EK31: 6 | EM31: 2 | EP31: =EN31+EL31+EJ31+EH31+EF31 -> 0 | EQ31: =EO31+EM31+EK31+EI31+EG31 -> 11 | ER31: =EQ31+EP31 -> 11 | ES31: 1 | EU31: 2013 | EX31: 1 | EZ31: 1 | FD31: 1 | FF31: 1 | FI31: 4 | FJ31: 6 | FK31: =FJ31+FI31 -> 10 | FL31: 1 | FS31: 1 | FU31: 1 | FW31: 1 | FY31: 1 | GA31: 1 | GF31: 1 | GH31: 1 | GJ31: 1 | GL31: 1 | GP31: 1 | GR31: 1 | GT31: 1 | GW31: 1 | GX31: 1 | HB31: 1 | HF31: 1 | HJ31: 1 | HN31: 20 | HO31: 62 | HP31: 3 | HQ31: 2 | HR31: 1 | HV31: 1 | HY31: 1 | IJ31: =II31+IH31 -> 0 | IK31: شقق السلام | IL31: وسام موسى حسين | IM31: 7817225550
A32: 27 | B32: 1401121 | C32: النجف | D32: النجف | E32: المركز | F32: العصافير | G32: العسكري | J32: 1 | K32: 1 | M32: 1 | Q32: 1 | T32: 1 | Y32: 20 | Z32: 31 | AA32: 85 | AB32: 84 | AC32: =AA32+Y32 -> 105 | AD32: =AB32+Z32 -> 115 | AE32: =AD32+AC32 -> 220 | AF32: 1 | AG32: 3 | AH32: =AG32+AF32 -> 4 | AI32: 6 | AJ32: 4 | AK32: 7 | AL32: 8 | AM32: =AK32+AI32 -> 13 | AN32: =AL32+AJ32 -> 12 | AO32: =AN32+AM32 -> 25 | AT32: =AR32+AP32 -> 0 | AU32: =AS32+AQ32 -> 0 | AV32: =AU32+AT32 -> 0 | AX32: 1 | AZ32: 1 | BB32: 1 | BD32: 1 | BF32: 1 | BN32: 1 | BO32: 1 | BP32: 8 | BR32: =BQ32+BP32+BO32+BN32 -> 10 | CC32: 1 | CD32: 4 | CK32: =CI32+CG32+CE32+CC32+CA32+BY32+BW32+BS32 -> 1 | CL32: =CJ32+CH32+CF32+CD32+CB32+BZ32+BX32+BT32 -> 4 | CM32: =CL32+CK32 -> 5 | CN32: 10 | CQ32: =CP32+CO32+CN32 -> 10 | CR32: 9 | CW32: 1 | DA32: =CY32+CX32+CW32+CV32+CU32+CT32+CS32+CZ32 -> 1 | DB32: =DA32+CR32 -> 10 | DD32: 1 | DF32: 1 | DG32: 7 | DH32: 1 | DL32: =DK32+DJ32+DI32+DH32+DG32+DF32+DE32+DD32+DC32 -> 10 | DN32: 8 | DO32: 1 | DP32: 1 | DQ32: =DP32+DO32+DN32+DM32 -> 10 | DT32: 4 | DV32: 3 | DZ32: 3 | EC32: =DW32+DU32+DS32+DY32 -> 0 | ED32: =DX32+DV32+DT32+DZ32 -> 10 | EE32: =ED32+EC32 -> 10 | EG32: 1 | EI32: 6 | EK32: 2 | EM32: 1 | EP32: =EN32+EL32+EJ32+EH32+EF32 -> 0 | EQ32: =EO32+EM32+EK32+EI32+EG32 -> 10 | ER32: =EQ32+EP32 -> 10 | ES32: 1 | EU32: 2014 | EV32: 5062 | EW32: 4 | EX32: 1 | EZ32: 1 | FC32: 1 | FE32: 6 | FF32: 1 | FI32: 4 | FJ32: 5 | FK32: =FJ32+FI32 -> 9 | FL32: 1 | FS32: 1 | FU32: 1 | FW32: 1 | FY32: 1 | GA32: 1 | GF32: 1 | GI32: 1 | GJ32: 1 | GL32: 1 | GO32: 1 | GS32: 1 | GT32: 1 | GW32: 1 | HB32: 1 | HF32: 1 | HI32: 1 | HN32: 65 | HO32: 30 | HP32: 4 | HQ32: 2 | HR32: 1 | HT32: 1 | HU32: 1 | HY32: 1 | IJ32: =II32+IH32 -> 0 | IK32: شارع عسكري مدارس | IL32: انوار عبد المحمد كاظم | IM32: 7847950009
A33: 28 | B33: 1401402 | C33: النجف | D33: النجف | E33: المركز | F33: الملاك | G33: السلام | J33: 1 | K33: 1 | M33: 1 | Q33: 1 | T33: 1 | Y33: 28 | Z33: 40 | AA33: 45 | AB33: 41 | AC33: =AA33+Y33 -> 73 | AD33: =AB33+Z33 -> 81 | AE33: =AD33+AC33 -> 154 | AF33: 1 | AG33: 2 | AH33: =AG33+AF33 -> 3 | AM33: =AK33+AI33 -> 0 | AN33: =AL33+AJ33 -> 0 | AO33: =AN33+AM33 -> 0 | AX33: 1 | AZ33: 1 | BB33: 1 | BD33: 1 | BF33: 1 | BN33: 1 | BO33: 1 | BP33: 5 | BR33: =BQ33+BP33+BO33+BN33 -> 7 | CD33: 2 | CK33: =CI33+CG33+CE33+CC33+CA33+BY33+BW33+BS33 -> 0 | CL33: =CJ33+CH33+CF33+CD33+CB33+BZ33+BX33+BT33 -> 2 | CM33: =CL33+CK33 -> 2 | CN33: 7 | CQ33: =CP33+CO33+CN33 -> 7 | CR33: 6 | CX33: 1 | DA33: =CY33+CX33+CW33+CV33+CU33+CT33+CS33+CZ33 -> 1 | DB33: =DA33+CR33 -> 7 | DF33: 2 | DG33: 5 | DL33: =DK33+DJ33+DI33+DH33+DG33+DF33+DE33+DD33+DC33 -> 7 | DM33: 1 | DN33: 6 | DQ33: =DP33+DO33+DN33+DM33 -> 7 | DR33: 4 | DT33: 2 | DV33: 1 | DX33: 2 | DZ33: 2 | EC33: =DW33+DU33+DS33+DY33 -> 0 | ED33: =DX33+DV33+DT33+DZ33 -> 7 | EE33: =ED33+EC33 -> 7 | EI33: 5 | EK33: 1 | EM33: 1 | EP33: =EN33+EL33+EJ33+EH33+EF33 -> 0 | EQ33: =EO33+EM33+EK33+EI33+EG33 -> 7 | ER33: =EQ33+EP33 -> 7 | ES33: 1 | EU33: 2019 | EX33: 1 | EZ33: 1 | FD33: 1 | FF33: 1 | FI33: 4 | FJ33: 4 | FK33: =FJ33+FI33 -> 8 | FL33: 1 | FS33: 1 | FU33: 1 | FW33: 1 | FY33: 1 | GA33: 1 | GF33: 1 | GH33: 1 | GJ33: 1 | GL33: 1 | GO33: 1 | GR33: 1 | GT33: 1 | GW33: 1 | HA33: 1 | HB33: 1 | HF33: 1 | HI33: 1 | HN33: 46 | HO33: 2 | HP33: 4 | HR33: 2 | HT33: 1 | HY33: 1 | IJ33: =II33+IH33 -> 0 | IK33: مقابل مدرسة الموهوبين | IL33: نغم عبد الهادي عبدالامير | IM33: 7715796306
A34: مجموع مركز قضاء النجف | H34: =SUM(H6:H33) -> 0 | I34: =SUM(I6:I33) -> 0 | J34: =SUM(J6:J33) -> 28 | K34: =SUM(K6:K33) -> 28 | L34: =SUM(L6:L33) -> 0 | M34: =SUM(M6:M33) -> 28 | N34: =SUM(N6:N33) -> 0 | O34: =SUM(O6:O33) -> 0 | ... ET34: =SUM(ET6:ET33) -> 0 | EX34: =SUM(EX6:EX33) -> 24 | EY34: =SUM(EY6:EY33) -> 4 | EZ34: =SUM(EZ6:EZ33) -> 26 | FA34: =SUM(FA6:FA33) -> 2 | FB34: =SUM(FB6:FB33) -> 0 | FC34: =SUM(FC6:FC33) -> 17 | FD34: =SUM(FD6:FD33) -> 11 | FE34: =SUM(FE6:FE33) -> 57 | ... HY34: =SUM(HY6:HY33) -> 3 | ID34: =SUM(ID6:ID33) -> 1 | IE34: =SUM(IE6:IE33) -> 13 | IF34: =SUM(IF6:IF33) -> 6 | IG34: =SUM(IG6:IG33) -> 4 | IH34: =SUM(IH6:IH33) -> 3886 | II34: =SUM(II6:II33) -> 6064 | IJ34: =SUM(IJ6:IJ33) -> 9950
A35: 1 | B35: 1400154 | C35: النجف | D35: النجف | E35: الحيدرية | F35: الزنابق | G35: 17ـ ربيع الاول | J35: 1 | K35: 1 | M35: 1 | Q35: 1 | T35: 1 | Y35: 60 | Z35: 40 | AA35: 115 | AB35: 85 | AC35: =AA35+Y35 -> 175 | AD35: =AB35+Z35 -> 125 | AE35: =AD35+AC35 -> 300 | AF35: 1 | AG35: 2 | AH35: =AG35+AF35 -> 3 | AM35: =AK35+AI35 -> 0 | AN35: =AL35+AJ35 -> 0 | AO35: =AN35+AM35 -> 0 | AT35: =AR35+AP35 -> 0 | AU35: =AS35+AQ35 -> 0 | AV35: =AU35+AT35 -> 0 | AX35: 1 | AZ35: 1 | BB35: 1 | BD35: 1 | BF35: 1 | BN35: 1 | BP35: 7 | BR35: =BQ35+BP35+BO35+BN35 -> 8 | CB35: 1 | CC35: 1 | CD35: 2 | CE35: 1 | CK35: =CI35+CG35+CE35+CC35+CA35+BY35+BW35+BS35 -> 2 | CL35: =CJ35+CH35+CF35+CD35+CB35+BZ35+BX35+BT35 -> 3 | CM35: =CL35+CK35 -> 5 | CN35: 8 | CQ35: =CP35+CO35+CN35 -> 8 | CR35: 7 | CX35: 1 | DA35: =CY35+CX35+CW35+CV35+CU35+CT35+CS35+CZ35 -> 1 | DB35: =DA35+CR35 -> 8 | DD35: 2 | DG35: 6 | DL35: =DK35+DJ35+DI35+DH35+DG35+DF35+DE35+DD35+DC35 -> 8 | DM35: 3 | DN35: 4 | DO35: 1 | DQ35: =DP35+DO35+DN35+DM35 -> 8 | DR35: 1 | DT35: 6 | DZ35: 2 | EC35: =DW35+DU35+DS35+DY35 -> 0 | ED35: =DX35+DV35+DT35+DZ35 -> 8 | EE35: =ED35+EC35 -> 8 | EI35: 2 | EM35: 6 | EP35: =EN35+EL35+EJ35+EH35+EF35 -> 0 | EQ35: =EO35+EM35+EK35+EI35+EG35 -> 8 | ER35: =EQ35+EP35 -> 8 | ES35: 1 | EU35: 1979 | EV35: 505/114 | EW35: 6 | EX35: 1 | EZ35: 1 | FC35: 1 | FE35: 6 | FF35: 1 | FI35: 4 | FJ35: 8 | FK35: =FJ35+FI35 -> 12 | FL35: 1 | FS35: 1 | FU35: 1 | FW35: 1 | FY35: 1 | GA35: 1 | GF35: 1 | GI35: 1 | GJ35: 1 | GL35: 1 | GP35: 1 | GR35: 1 | GT35: 1 | GW35: 1 | GZ35: 1 | HB35: 1 | HF35: 1 | HI35: 1 | HN35: 110 | HO35: 50 | HP35: 6 | HU35: 1 | HX35: 1 | HZ35: 1 | IF35: 1 | IH35: 240 | IJ35: =II35+IH35 -> 240 | IK35: مركز شرطة الحيدرية | IL35: سكينة جمعة فرعون | IM35: 7802586105
A36: مجموع مركز ناحية الحيدرية | H36: =H35 -> 0 | I36: =I35 -> 0 | J36: =J35 -> 1 | K36: =K35 -> 1 | L36: =L35 -> 0 | M36: =M35 -> 1 | N36: =N35 -> 0 | O36: =O35 -> 0 | ... ET36: =ET35 -> 0 | EX36: =EX35 -> 1 | EY36: =EY35 -> 0 | EZ36: =EZ35 -> 1 | FA36: =FA35 -> 0 | FB36: =FB35 -> 0 | FC36: =FC35 -> 1 | FD36: =FD35 -> 0 | FE36: =FE35 -> 6 | ... HY36: =HY35 -> 0 | ID36: =ID35 -> 0 | IE36: =IE35 -> 0 | IF36: =IF35 -> 1 | IG36: =IG35 -> 0 | IH36: =IH35 -> 240 | II36: =II35 -> 0 | IJ36: =IJ35 -> 240
A37: 1 | B37: 1401660 | C37: النجف | D37: النجف | E37: قرية النور | F37: العبقري الصغير | G37: حي النور الاول | J37: 1 | K37: 1 | M37: 1 | Q37: 1 | T37: 1 | X37: 1 | Y37: 10 | Z37: 7 | AA37: 4 | AB37: 6 | AC37: =AA37+Y37 -> 14 | AD37: =AB37+Z37 -> 13 | AE37: =AD37+AC37 -> 27 | AF37: 1 | AG37: 1 | AH37: =AG37+AF37 -> 2 | AM37: =AK37+AI37 -> 0 | AN37: =AL37+AJ37 -> 0 | AO37: =AN37+AM37 -> 0 | AQ37: 1 | AT37: =AR37+AP37 -> 0 | AU37: =AS37+AQ37 -> 1 | AV37: =AU37+AT37 -> 1 | AX37: 1 | AY37: 1 | BB37: 1 | BD37: 1 | BF37: 1 | BN37: 1 | BP37: 3 | BR37: =BQ37+BP37+BO37+BN37 -> 4 | CK37: =CI37+CG37+CE37+CC37+CA37+BY37+BW37+BS37 -> 0 | CL37: =CJ37+CH37+CF37+CD37+CB37+BZ37+BX37+BT37 -> 0 | CM37: =CL37+CK37 -> 0 | CN37: 4 | CQ37: =CP37+CO37+CN37 -> 4 | CR37: 4 | DA37: =CY37+CX37+CW37+CV37+CU37+CT37+CS37+CZ37 -> 0 | DB37: =DA37+CR37 -> 4 | DD37: 1 | DG37: 3 | DL37: =DK37+DJ37+DI37+DH37+DG37+DF37+DE37+DD37+DC37 -> 4 | DM37: 2 | DN37: 2 | DQ37: =DP37+DO37+DN37+DM37 -> 4 | DT37: 3 | DV37: 1 | EC37: =DW37+DU37+DS37+DY37 -> 0 | ED37: =DX37+DV37+DT37+DZ37 -> 4 | EE37: =ED37+EC37 -> 4 | EG37: 2 | EI37: 1 | EK37: 1 | EP37: =EN37+EL37+EJ37+EH37+EF37 -> 0 | EQ37: =EO37+EM37+EK37+EI37+EG37 -> 4 | ER37: =EQ37+EP37 -> 4 | ES37: 1 | EV37: 2963 | EW37: 4 | EY37: 1 | EZ37: 1 | FD37: 1 | FF37: 1 | FI37: 4 | FJ37: 10 | FK37: =FJ37+FI37 -> 14 | FL37: 1 | FS37: 1 | FU37: 1 | FW37: 1 | FY37: 1 | GA37: 1 | GF37: 1 | GH37: 1 | GJ37: 1 | GL37: 1 | GO37: 1 | GR37: 1 | GU37: 1 | GW37: 1 | GX37: 1 | HB37: 1 | HF37: 1 | HI37: 1 | HL37: 20 | HT37: 1 | HY37: 1 | IJ37: =II37+IH37 -> 0 | IK37: قرية النور | IL37: زينب فريد نصيف | IM37: 7827007780
A38: مجموع ناحية بانيقيا | H38: =H37 -> 0 | I38: =I37 -> 0 | J38: =J37 -> 1 | K38: =K37 -> 1 | L38: =L37 -> 0 | M38: =M37 -> 1 | N38: =N37 -> 0 | O38: =O37 -> 0 | ... ET38: =ET37 -> 0 | EX38: =EX37 -> 0 | EY38: =EY37 -> 1 | EZ38: =EZ37 -> 1 | FA38: =FA37 -> 0 | FB38: =FB37 -> 0 | FC38: =FC37 -> 0 | FD38: =FD37 -> 1 | FE38: =FE37 -> 0 | ... HY38: =HY37 -> 1 | ID38: =ID37 -> 0 | IE38: =IE37 -> 0 | IF38: =IF37 -> 0 | IG38: =IG37 -> 0 | IH38: =IH37 -> 0 | II38: =II37 -> 0 | IJ38: =IJ37 -> 0
A39: مجموع قضاء النجف | H39: =H38+H36+H34 -> 0 | I39: =I38+I36+I34 -> 0 | J39: =J38+J36+J34 -> 30 | K39: =K38+K36+K34 -> 30 | L39: =L38+L36+L34 -> 0 | M39: =M38+M36+M34 -> 30 | N39: =N38+N36+N34 -> 0 | O39: =O38+O36+O34 -> 0 | ... ET39: =ET38+ET36+ET34 -> 0 | EX39: =EX38+EX36+EX34 -> 25 | EY39: =EY38+EY36+EY34 -> 5 | EZ39: =EZ38+EZ36+EZ34 -> 28 | FA39: =FA38+FA36+FA34 -> 2 | FB39: =FB38+FB36+FB34 -> 0 | FC39: =FC38+FC36+FC34 -> 18 | FD39: =FD38+FD36+FD34 -> 12 | FE39: =FE38+FE36+FE34 -> 63 | ... HY39: =HY38+HY36+HY34 -> 4 | ID39: =ID38+ID36+ID34 -> 1 | IE39: =IE38+IE36+IE34 -> 13 | IF39: =IF38+IF36+IF34 -> 7 | IG39: =IG38+IG36+IG34 -> 4 | IH39: =IH38+IH36+IH34 -> 4126 | II39: =II38+II36+II34 -> 6064 | IJ39: =IJ38+IJ36+IJ34 -> 10190
A40: 1 | B40: 1400155 | C40: النجف | D40: الكوفة | E40: المركز | F40: اطفال الكوفة | G40: السهيلية الجنوبية | J40: 1 | K40: 1 | M40: 1 | Q40: 1 | T40: 1 | Y40: 45 | Z40: 56 | AA40: 53 | AB40: 80 | AC40: 98 | AD40: 136 | AE40: 234 | AF40: 2 | AG40: 3 | AH40: 5 | AM40: =AK40+AI40 -> 0 | AN40: =AL40+AJ40 -> 0 | AO40: =AN40+AM40 -> 0 | AP40: 1 | AR40: 1 | AT40: =AR40+AP40 -> 2 | AU40: =AS40+AQ40 -> 0 | AV40: =AU40+AT40 -> 2 | AX40: 1 | AZ40: 1 | BB40: 1 | BD40: 1 | BF40: 1 | BN40: 1 | BP40: 10 | BR40: =BQ40+BP40+BO40+BN40 -> 11 | CB40: 1 | CD40: 1 | CK40: =CI40+CG40+CE40+CC40+CA40+BY40+BW40+BS40 -> 0 | CL40: =CJ40+CH40+CF40+CD40+CB40+BZ40+BX40+BT40 -> 2 | CM40: =CL40+CK40 -> 2 | CN40: 11 | CQ40: =CP40+CO40+CN40 -> 11 | CR40: 8 | CW40: 2 | CX40: 1 | DA40: =CY40+CX40+CW40+CV40+CU40+CT40+CS40+CZ40 -> 3 | DB40: =DA40+CR40 -> 11 | DD40: 2 | DF40: 3 | DG40: 6 | DL40: 11 | DM40: 1 | DN40: 10 | DQ40: 11 | DR40: 3 | DT40: 4 | DV40: 2 | DX40: 5 | EC40: =DW40+DU40+DS40+DY40 -> 0 | ED40: =DX40+DV40+DT40+DZ40 -> 11 | EE40: =ED40+EC40 -> 11 | EI40: 6 | EK40: 4 | EM40: 1 | EP40: 0 | EQ40: 11 | ER40: 11 | ES40: 1 | EU40: 1958 | EV40: 19\2 | EW40: 7 | EY40: 1 | EZ40: 1 | FD40: 1 | FF40: 1 | FI40: 8 | FJ40: 7 | FK40: 15 | FL40: 1 | FS40: 1 | FU40: 1 | FW40: 1 | FY40: 1 | GA40: 1 | GF40: 1 | GI40: 1 | GJ40: 1 | GL40: 1 | GQ40: 1 | GS40: 1 | GT40: 1 | GW40: 1 | HB40: 1 | HF40: 1 | HI40: 1 | HN40: 160 | HP40: 9 | HR40: 1 | HU40: 1 | HX40: 1 | IB40: 1 | IE40: 1 | IH40: 15 | II40: 100 | IJ40: 115 | IK40: فلكة حبيب الرعاش | IL40: خلود محسن عبد | IM40: 7827384709
A41: 2 | B41: 1400156 | C41: النجف | D41: الكوفة | E41: المركز | F41: الينابيع | G41: كنده | J41: 1 | K41: 1 | M41: 1 | Q41: 1 | T41: 1 | Y41: 36 | Z41: 28 | AA41: 60 | AB41: 66 | AC41: 96 | AD41: 94 | AE41: 190 | AF41: 1 | AG41: 2 | AH41: 0 | AM41: =AK41+AI41 -> 0 | AN41: =AL41+AJ41 -> 0 | AO41: =AN41+AM41 -> 0 | AT41: =AR41+AP41 -> 0 | AU41: =AS41+AQ41 -> 0 | AV41: =AU41+AT41 -> 0 | AX41: 1 | AZ41: 1 | BB41: 1 | BD41: 1 | BF41: 1 | BN41: 1 | BO41: 1 | BP41: 13 | BR41: =BQ41+BP41+BO41+BN41 -> 15 | CB41: 2 | CD41: 2 | CE41: 1 | CK41: =CI41+CG41+CE41+CC41+CA41+BY41+BW41+BS41 -> 1 | CL41: =CJ41+CH41+CF41+CD41+CB41+BZ41+BX41+BT41 -> 4 | CM41: =CL41+CK41 -> 5 | CN41: 15 | CQ41: =CP41+CO41+CN41 -> 15 | CR41: 6 | CT41: 3 | CW41: 3 | CX41: 2 | CZ41: 1 | DA41: =CY41+CX41+CW41+CV41+CU41+CT41+CS41+CZ41 -> 9 | DB41: =DA41+CR41 -> 15 | DD41: 5 | DF41: 1 | DG41: 8 | DI41: 1 | DL41: 15 | DN41: 13 | DP41: 2 | DQ41: 15 | DT41: 7 | DV41: 4 | DZ41: 4 | EC41: =DW41+DU41+DS41+DY41 -> 0 | ED41: =DX41+DV41+DT41+DZ41 -> 15 | EE41: =ED41+EC41 -> 15 | EG41: 1 | EI41: 8 | EK41: 4 | EM41: 1 | EO41: 1 | EP41: 0 | EQ41: 15 | ER41: 15 | ES41: 1 | EU41: 2012 | EV41: 2549/19 | EW41: 18 | EX41: 1 | EZ41: 1 | FC41: 1 | FE41: 3 | FF41: 1 | FI41: 3 | FJ41: 5 | FK41: 8 | FL41: 1 | FS41: 1 | FV41: 1 | FW41: 1 | FY41: 1 | GA41: 1 | GF41: 1 | GI41: 1 | GJ41: 1 | GL41: 1 | GO41: 1 | GR41: 1 | GT41: 1 | GW41: 1 | GX41: 1 | HB41: 1 | HF41: 1 | HJ41: 1 | HN41: 18 | HO41: 29 | HP41: 10 | HQ41: 7 | HR41: 2 | HS41: 1 | HT41: 2 | HU41: 1 | HW41: 1 | HX41: 1 | IB41: 1 | IE41: 1 | IH41: 290 | II41: 200 | IJ41: 490 | IK41: خلف بريد الكوفة | IL41: جنان كريم تكليف | IM41: 7832466406
A42: 3 | B42: 1400157 | C42: النجف | D42: الكوفة | E42: المركز | F42: الورود | G42: ميثم التمار | J42: 1 | K42: 1 | M42: 1 | Q42: 1 | T42: 1 | Y42: 36 | Z42: 35 | AA42: 39 | AB42: 40 | AC42: 75 | AD42: 75 | AE42: 150 | AF42: 1 | AG42: 2 | AH42: 3 | AI42: 8 | AJ42: 7 | AK42: 7 | AL42: 3 | AM42: =AK42+AI42 -> 15 | AN42: =AL42+AJ42 -> 10 | AO42: =AN42+AM42 -> 25 | AT42: =AR42+AP42 -> 0 | AU42: =AS42+AQ42 -> 0 | AV42: =AU42+AT42 -> 0 | AX42: 1 | AZ42: 1 | BB42: 1 | BD42: 1 | BF42: 1 | BN42: 1 | BO42: 1 | BP42: 9 | BR42: =BQ42+BP42+BO42+BN42 -> 11 | CB42: 1 | CD42: 2 | CK42: =CI42+CG42+CE42+CC42+CA42+BY42+BW42+BS42 -> 0 | CL42: =CJ42+CH42+CF42+CD42+CB42+BZ42+BX42+BT42 -> 3 | CM42: =CL42+CK42 -> 3 | CN42: 11 | CQ42: =CP42+CO42+CN42 -> 11 | CR42: 8 | CW42: 3 | DA42: =CY42+CX42+CW42+CV42+CU42+CT42+CS42+CZ42 -> 3 | DB42: =DA42+CR42 -> 11 | DC42: 2 | DD42: 3 | DF42: 1 | DG42: 5 | DL42: 11 | DN42: 11 | DQ42: 11 | DR42: 3 | DT42: 4 | DV42: 1 | DX42: 2 | DZ42: 4 | EC42: =DW42+DU42+DS42+DY42 -> 0 | ED42: =DX42+DV42+DT42+DZ42 -> 11 | EE42: =ED42+EC42 -> 11 | EG42: 2 | EI42: 2 | EK42: 6 | EM42: 1 | EP42: 0 | EQ42: 11 | ER42: 11 | ES42: 1 | EU42: 1980 | EV42: 1453/13 | EW42: 38 | EX42: 1 | EZ42: 1 | FC42: 1 | FE42: 2 | FF42: 1 | FI42: 4 | FJ42: 12 | FK42: 16 | FL42: 1 | FS42: 1 | FV42: 1 | FX42: 1 | FY42: 1 | GA42: 1 | GF42: 1 | GI42: 1 | GJ42: 1 | GL42: 1 | GP42: 1 | GR42: 1 | GT42: 1 | GV42: 1 | GX42: 1 | HB42: 1 | HF42: 1 | HJ42: 1 | HN42: 90 | HO42: 33 | HP42: 6 | HS42: 1 | HT42: 1 | HX42: 1 | IB42: 1 | IG42: 1 | IH42: 525 | IJ42: 525 | IK42: المركز الصحي -حي ميثم التمار | IL42: انتصار محمد صاحب | IM42: 7803787354
A43: 4 | B43: 1400158 | C43: النجف | D43: الكوفة | E43: المركز | F43: الاصيل | G43: شارع المعمل | J43: 1 | K43: 1 | M43: 1 | Q43: 1 | T43: 1 | Y43: 6 | Z43: 18 | AA43: 15 | AB43: 30 | AC43: 21 | AD43: 48 | AE43: 69 | AF43: 1 | AG43: 1 | AH43: 2 | AI43: 1 | AJ43: 1 | AK43: 1 | AL43: 2 | AM43: =AK43+AI43 -> 2 | AN43: =AL43+AJ43 -> 3 | AO43: =AN43+AM43 -> 5 | AT43: =AR43+AP43 -> 0 | AU43: =AS43+AQ43 -> 0 | AV43: =AU43+AT43 -> 0 | AX43: 1 | AZ43: 1 | BB43: 1 | BD43: 1 | BF43: 1 | BN43: 1 | BO43: 1 | BP43: 7 | BQ43: 1 | BR43: =BQ43+BP43+BO43+BN43 -> 10 | CB43: 1 | CD43: 2 | CK43: =CI43+CG43+CE43+CC43+CA43+BY43+BW43+BS43 -> 0 | CL43: =CJ43+CH43+CF43+CD43+CB43+BZ43+BX43+BT43 -> 3 | CM43: =CL43+CK43 -> 3 | CN43: 10 | CQ43: =CP43+CO43+CN43 -> 10 | CR43: 8 | CW43: 1 | CX43: 1 | DA43: =CY43+CX43+CW43+CV43+CU43+CT43+CS43+CZ43 -> 2 | DB43: =DA43+CR43 -> 10 | DD43: 2 | DF43: 2 | DG43: 4 | DK43: 2 | DL43: 10 | DN43: 10 | DQ43: 10 | DT43: 4 | DZ43: 6 | EC43: =DW43+DU43+DS43+DY43 -> 0 | ED43: =DX43+DV43+DT43+DZ43 -> 10 | EE43: =ED43+EC43 -> 10 | EI43: 3 | EK43: 3 | EM43: 4 | EP43: 0 | EQ43: 10 | ER43: 10 | ES43: 1 | EU43: 1980 | EV43: 841/107 | EW43: 1 | EX43: 1 | EZ43: 1 | FC43: 1 | FE43: 2 | FF43: 1 | FI43: 4 | FJ43: 13 | FK43: 17 | FL43: 1 | FS43: 1 | FV43: 1 | FX43: 1 | FY43: 1 | GA43: 1 | GF43: 1 | GI43: 1 | GJ43: 1 | GL43: 1 | GQ43: 1 | GR43: 1 | GT43: 1 | GV43: 1 | GY43: 1 | HB43: 1 | HF43: 1 | HK43: 1 | HN43: 50 | HO43: 250 | HQ43: 6 | HT43: 1 | HX43: 1 | IA43: 1 | IF43: 1 | IH43: 100 | II43: 50 | IJ43: 150 | IK43: مستوصف مسلم بن عقيل | IL43: نجلاء طالب عبد اليمه | IM43: 7827042001
A44: 5 | B44: 1400159 | C44: النجف | D44: الكوفة | E44: المركز | F44: الاريج | G44: ميثم التمار | J44: 1 | K44: 1 | M44: 1 | Q44: 1 | T44: 1 | Y44: 32 | Z44: 38 | AA44: 45 | AB44: 35 | AC44: 77 | AD44: 73 | AE44: 150 | AF44: 2 | AG44: 1 | AH44: 3 | AM44: =AK44+AI44 -> 0 | AN44: =AL44+AJ44 -> 0 | AO44: =AN44+AM44 -> 0 | AT44: =AR44+AP44 -> 0 | AU44: =AS44+AQ44 -> 0 | AV44: =AU44+AT44 -> 0 | AX44: 1 | AZ44: 1 | BB44: 1 | BD44: 1 | BF44: 1 | BN44: 1 | BO44: 1 | BP44: 13 | BR44: =BQ44+BP44+BO44+BN44 -> 15 | CC44: 1 | CD44: 2 | CK44: =CI44+CG44+CE44+CC44+CA44+BY44+BW44+BS44 -> 1 | CL44: =CJ44+CH44+CF44+CD44+CB44+BZ44+BX44+BT44 -> 2 | CM44: =CL44+CK44 -> 3 | CN44: 15 | CQ44: =CP44+CO44+CN44 -> 15 | CR44: 11 | CW44: 4 | DA44: =CY44+CX44+CW44+CV44+CU44+CT44+CS44+CZ44 -> 4 | DB44: =DA44+CR44 -> 15 | DC44: 1 | DD44: 11 | DF44: 1 | DG44: 2 | DL44: 15 | DM44: 1 | DN44: 12 | DO44: 2 | DQ44: 15 | DT44: 4 | DV44: 1 | DZ44: 10 | EC44: =DW44+DU44+DS44+DY44 -> 0 | ED44: =DX44+DV44+DT44+DZ44 -> 15 | EE44: =ED44+EC44 -> 15 | EI44: 5 | EK44: 4 | EM44: 5 | EO44: 1 | EP44: 0 | EQ44: 15 | ER44: 15 | ES44: 1 | EU44: 1981 | EV44: 1415/19 | EW44: 18 | EX44: 1 | EZ44: 1 | FC44: 1 | FE44: 2 | FF44: 1 | FI44: 4 | FJ44: 11 | FK44: 15 | FL44: 1 | FS44: 1 | FU44: 1 | FW44: 1 | FY44: 1 | GA44: 1 | GF44: 1 | GI44: 1 | GJ44: 1 | GL44: 1 | GO44: 1 | GR44: 1 | GT44: 1 | GV44: 1 | GX44: 1 | HB44: 1 | HF44: 1 | HJ44: 1 | HL44: 50 | HO44: 35 | HP44: 8 | HQ44: 4 | HR44: 1 | HT44: 1 | HU44: 1 | HX44: 1 | IC44: 1 | IG44: 1 | IH44: 400 | II44: 68 | IJ44: 468 | IK44: مزكز صحي الكوثر-الكوفة | IL44: هيام محمد عبد الحر | IM44: 7802087247
A45: 6 | B45: 1400160 | C45: النجف | D45: الكوفة | E45: المركز | F45: السندس | G45: دور معمل السمنت | J45: 1 | K45: 1 | M45: 1 | Q45: 1 | T45: 1 | Y45: 34 | Z45: 30 | AA45: 57 | AB45: 75 | AC45: 91 | AD45: 105 | AE45: 196 | AF45: 1 | AG45: 2 | AH45: 3 | AM45: =AK45+AI45 -> 0 | AN45: =AL45+AJ45 -> 0 | AO45: =AN45+AM45 -> 0 | AT45: =AR45+AP45 -> 0 | AU45: =AS45+AQ45 -> 0 | AV45: =AU45+AT45 -> 0 | AX45: 1 | AZ45: 1 | BB45: 1 | BD45: 1 | BF45: 1 | BN45: 1 | BO45: 1 | BP45: 9 | BR45: =BQ45+BP45+BO45+BN45 -> 11 | CD45: 4 | CE45: 1 | CK45: =CI45+CG45+CE45+CC45+CA45+BY45+BW45+BS45 -> 1 | CL45: =CJ45+CH45+CF45+CD45+CB45+BZ45+BX45+BT45 -> 4 | CM45: =CL45+CK45 -> 5 | CN45: 11 | CQ45: =CP45+CO45+CN45 -> 11 | CR45: 9 | CX45: 2 | DA45: =CY45+CX45+CW45+CV45+CU45+CT45+CS45+CZ45 -> 2 | DB45: =DA45+CR45 -> 11 | DC45: 3 | DD45: 2 | DF45: 2 | DG45: 3 | DK45: 1 | DL45: 11 | DN45: 11 | DQ45: 11 | DR45: 4 | DT45: 3 | DX45: 2 | DZ45: 6 | EC45: =DW45+DU45+DS45+DY45 -> 0 | ED45: =DX45+DV45+DT45+DZ45 -> 11 | EE45: =ED45+EC45 -> 11 | EG45: 2 | EK45: 3 | EM45: 6 | EP45: 0 | EQ45: 11 | ER45: 11 | ES45: 1 | EU45: 1981 | EV45: 235\19 | EW45: 18 | EX45: 1 | EZ45: 1 | FD45: 1 | FF45: 1 | FI45: 4 | FJ45: 11 | FK45: 15 | FL45: 1 | FS45: 1 | FU45: 1 | FW45: 1 | FY45: 1 | GA45: 1 | GF45: 1 | GH45: 1 | GJ45: 1 | GL45: 1 | GO45: 1 | GS45: 1 | GT45: 1 | GV45: 1 | GX45: 1 | HB45: 1 | HF45: 1 | HI45: 1 | HN45: 33 | HO45: 6 | HP45: 6 | HQ45: 4 | HS45: 1 | HT45: 1 | HX45: 1 | IB45: 1 | IF45: 1 | IH45: 285 | II45: 280 | IJ45: 565 | IK45: جامع الاحسان | IL45: هناء حسن مري | IM45: 7812496398
A46: 7 | B46: 1400998 | C46: النجف | D46: الكوفة | E46: المركز | F46: السندباد | G46: حي العسكري | J46: 1 | K46: 1 | M46: 1 | Q46: 1 | T46: 1 | Y46: 59 | Z46: 53 | AA46: 48 | AB46: 49 | AC46: 107 | AD46: 102 | AE46: 209 | AF46: 2 | AG46: 2 | AH46: 4 | AI46: 5 | AJ46: 9 | AK46: 6 | AL46: 11 | AM46: =AK46+AI46 -> 11 | AN46: =AL46+AJ46 -> 20 | AO46: =AN46+AM46 -> 31 | AT46: =AR46+AP46 -> 0 | AU46: =AS46+AQ46 -> 0 | AV46: =AU46+AT46 -> 0 | AX46: 1 | AZ46: 1 | BB46: 1 | BD46: 1 | BF46: 1 | BN46: 1 | BO46: 1 | BP46: 5 | BR46: =BQ46+BP46+BO46+BN46 -> 7 | BT46: 1 | BV46: 1 | CD46: 1 | CE46: 1 | CK46: =CI46+CG46+CE46+CC46+CA46+BY46+BW46+BS46+BU46 -> 1 | CL46: =CJ46+CH46+CF46+CD46+CB46+BZ46+BX46+BT46+BV46 -> 3 | CM46: =CL46+CK46 -> 4 | CN46: 7 | CQ46: =CP46+CO46+CN46 -> 7 | CR46: 6 | CV46: 1 | DA46: =CY46+CX46+CW46+CV46+CU46+CT46+CS46+CZ46 -> 1 | DB46: =DA46+CR46 -> 7 | DD46: 1 | DE46: 2 | DF46: 4 | DL46: 7 | DM46: 1 | DN46: 6 | DQ46: 7 | DT46: 3 | DX46: 1 | DZ46: 3 | EC46: =DW46+DU46+DS46+DY46 -> 0 | ED46: =DX46+DV46+DT46+DZ46 -> 7 | EE46: =ED46+EC46 -> 7 | EI46: 1 | EK46: 4 | EM46: 2 | EP46: 0 | EQ46: 7 | ER46: 7 | ES46: 1 | EU46: 2013 | EV46: 19/1659 | EW46: 18 | EX46: 1 | EZ46: 1 | FC46: 1 | FE46: 4 | FF46: 1 | FI46: 4 | FJ46: 5 | FK46: 9 | FL46: 1 | FS46: 1 | FU46: 1 | FW46: 1 | FY46: 1 | GA46: 1 | GF46: 1 | GH46: 1 | GJ46: 1 | GL46: 1 | GO46: 1 | GR46: 1 | GT46: 1 | GW46: 1 | GX46: 1 | HB46: 1 | HF46: 1 | HI46: 1 | HL46: 20 | HM46: 35 | HP46: 2 | HQ46: 8 | HU46: 1 | HY46: 1 | IJ46: 0 | IK46: قرب مسجد السهلة | IL46: اقبال عبدالاميرعبدالحسين | IM46: 7800014888
A47: 8 | B47: 1401072 | C47: النجف | D47: الكوفة | E47: المركز | F47: البنفسج | G47: حي ميسان | J47: 1 | K47: 1 | M47: 1 | Q47: 1 | T47: 1 | Y47: 34 | Z47: 64 | AA47: 111 | AB47: 98 | AC47: 145 | AD47: 162 | AE47: 307 | AF47: 1 | AG47: 3 | AH47: 4 | AI47: 5 | AJ47: 5 | AK47: 5 | AL47: 5 | AM47: =AK47+AI47 -> 10 | AN47: =AL47+AJ47 -> 10 | AO47: =AN47+AM47 -> 20 | AT47: =AR47+AP47 -> 0 | AU47: =AS47+AQ47 -> 0 | AV47: =AU47+AT47 -> 0 | AX47: 1 | AZ47: 1 | BB47: 1 | BD47: 1 | BF47: 1 | BN47: 1 | BO47: 1 | BP47: 11 | BR47: =BQ47+BP47+BO47+BN47 -> 13 | BS47: 1 | BT47: 1 | CB47: 2 | CD47: 2 | CK47: =CI47+CG47+CE47+CC47+CA47+BY47+BW47+BS47 -> 1 | CL47: =CJ47+CH47+CF47+CD47+CB47+BZ47+BX47+BT47 -> 5 | CM47: =CL47+CK47 -> 6 | CN47: 13 | CQ47: =CP47+CO47+CN47 -> 13 | CR47: 12 | CX47: 1 | DA47: =CY47+CX47+CW47+CV47+CU47+CT47+CS47+CZ47 -> 1 | DB47: =DA47+CR47 -> 13 | DD47: 5 | DF47: 2 | DG47: 6 | DL47: 13 | DM47: 1 | DN47: 12 | DQ47: 13 | DT47: 6 | DX47: 2 | DZ47: 5 | EC47: =DW47+DU47+DS47+DY47 -> 0 | ED47: =DX47+DV47+DT47+DZ47 -> 13 | EE47: =ED47+EC47 -> 13 | EI47: 6 | EK47: 2 | EM47: 4 | EO47: 1 | EP47: 0 | EQ47: 13 | ER47: 13 | ES47: 1 | EU47: 2013 | EV47: 22554/3 | EW47: 4 | EX47: 1 | EZ47: 1 | FC47: 1 | FE47: 4 | FF47: 1 | FI47: 4 | FJ47: 4 | FK47: 8 | FL47: 1 | FS47: 1 | FU47: 1 | FW47: 1 | FY47: 1 | GA47: 1 | GF47: 1 | GI47: 1 | GJ47: 1 | GL47: 1 | GP47: 1 | GR47: 1 | GT47: 1 | GW47: 1 | GX47: 1 | HB47: 1 | HF47: 1 | HJ47: 1 | HL47: 20 | HN47: 30 | HO47: 34 | HP47: 13 | HQ47: 6 | HS47: 1 | HU47: 1 | HW47: 1 | HX47: 1 | IA47: 1 | IF47: 1 | II47: 380 | IJ47: 380 | IK47: دائرة بريد ميسان | IM47: 7803245994
A48: مجموع مركز قضاء الكوفة | H48: =SUM(H40:H47) -> 0 | I48: =SUM(I40:I47) -> 0 | J48: =SUM(J40:J47) -> 8 | K48: =SUM(K40:K47) -> 8 | L48: =SUM(L40:L47) -> 0 | M48: =SUM(M40:M47) -> 8 | N48: =SUM(N40:N47) -> 0 | O48: =SUM(O40:O47) -> 0 | ... ET48: =SUM(ET40:ET47) -> 0 | EW48: =SUM(EW40:EW47) -> 122 | EX48: =SUM(EX40:EX47) -> 7 | EY48: =SUM(EY40:EY47) -> 1 | EZ48: =SUM(EZ40:EZ47) -> 8 | FA48: =SUM(FA40:FA47) -> 0 | FB48: =SUM(FB40:FB47) -> 0 | FC48: =SUM(FC40:FC47) -> 6 | FD48: =SUM(FD40:FD47) -> 2 | ... HY48: =SUM(HY40:HY47) -> 1 | ID48: =SUM(ID40:ID47) -> 0 | IE48: =SUM(IE40:IE47) -> 2 | IF48: =SUM(IF40:IF47) -> 3 | IG48: =SUM(IG40:IG47) -> 2 | IH48: =SUM(IH40:IH47) -> 1615 | II48: =SUM(II40:II47) -> 1078 | IJ48: =SUM(IJ40:IJ47) -> 2693
A49: 1 | B49: 1400161 | C49: النجف | D49: الكوفة | E49: العباسية | F49: الياسمين | G49: المركز | J49: 1 | K49: 1 | M49: 1 | Q49: 1 | T49: 1 | Y49: 43 | Z49: 37 | AA49: 48 | AB49: 46 | AC49: 91 | AD49: 83 | AE49: 174 | AF49: 2 | AG49: 2 | AH49: 4 | AI49: 13 | AJ49: 11 | AK49: 12 | AL49: 15 | AM49: 0 | AN49: 0 | AO49: 0 | AX49: 1 | AZ49: 1 | BB49: 1 | BD49: 1 | BF49: 1 | BN49: 1 | BO49: 1 | BP49: 18 | BR49: 20 | CD49: 2 | CK49: 0 | CL49: 2 | CM49: =CL49+CK49 -> 2 | CN49: 20 | CQ49: 20 | CR49: 17 | CW49: 3 | DA49: 3 | DB49: 20 | DC49: 1 | DD49: 7 | DF49: 1 | DG49: 11 | DL49: 20 | DM49: 3 | DN49: 15 | DP49: 2 | DQ49: 20 | DR49: 11 | DT49: 12 | DX49: 1 | DZ49: 7 | EC49: 0 | ED49: 20 | EE49: 20 | EG49: 2 | EI49: 8 | EK49: 6 | EM49: 4 | EP49: 0 | EQ49: 20 | ER49: 20 | ES49: 1 | EU49: 1980 | EV49: 71/36 | EW49: 46 | EX49: 1 | EZ49: 1 | FC49: 1 | FE49: 2 | FF49: 1 | FI49: 4 | FJ49: 6 | FK49: 10 | FL49: 1 | FS49: 1 | FU49: 1 | FW49: 1 | FY49: 1 | GA49: 1 | GF49: 1 | GI49: 1 | GJ49: 1 | GL49: 1 | GQ49: 1 | GR49: 1 | GT49: 1 | GW49: 1 | GX49: 1 | HB49: 1 | HF49: 1 | HJ49: 1 | HN49: 25 | HO49: 25 | HP49: 6 | HQ49: 4 | HS49: 1 | HV49: 2 | HX49: 1 | IA49: 1 | IF49: 1 | IH49: 1 | II49: 405 | IJ49: 406 | IK49: مدرسة العباسية للبنين | IL49: صديقة عبد ياسر كاظم | IM49: 7866886652
A50: مجموع ناحية العباسية | H50: =H49 -> 0 | I50: =I49 -> 0 | J50: =J49 -> 1 | K50: =K49 -> 1 | L50: =L49 -> 0 | M50: =M49 -> 1 | N50: =N49 -> 0 | O50: =O49 -> 0 | ... ET50: =ET49 -> 0 | EX50: =EX49 -> 1 | EY50: =EY49 -> 0 | EZ50: =EZ49 -> 1 | FA50: =FA49 -> 0 | FB50: =FB49 -> 0 | FC50: =FC49 -> 1 | FD50: =FD49 -> 0 | FE50: =FE49 -> 2 | ... HY50: =HY49 -> 0 | ID50: =ID49 -> 0 | IE50: =IE49 -> 0 | IF50: =IF49 -> 1 | IG50: =IG49 -> 0 | IH50: =IH49 -> 1 | II50: =II49 -> 405 | IJ50: =IJ49 -> 406
A51: 1 | B51: 1400162 | C51: النجف | D51: الكوفة | E51: الحرية | F51: الازاهير | G51: المركز | J51: 1 | K51: 1 | M51: 1 | Q51: 1 | T51: 1 | Y51: 38 | Z51: 62 | AA51: 50 | AB51: 65 | AC51: 88 | AD51: 127 | AE51: 215 | AF51: 2 | AG51: 2 | AH51: 4 | AI51: 20 | AJ51: 18 | AK51: 17 | AL51: 19 | AM51: 37 | AN51: 37 | AO51: 74 | AT51: 0 | AU51: 0 | AV51: 0 | AX51: 1 | AZ51: 1 | BB51: 1 | BD51: 1 | BF51: 1 | BN51: 1 | BO51: 1 | BP51: 12 | BR51: 14 | CC51: 1 | CD51: 2 | CE51: 1 | CK51: 2 | CL51: 2 | CM51: =CL51+CK51 -> 4 | CN51: 14 | CQ51: =CP51+CO51+CN51 -> 14 | CR51: 14 | DA51: 0 | DB51: 14 | DD51: 4 | DG51: 10 | DL51: 14 | DN51: 13 | DP51: 1 | DQ51: 14 | DT51: 10 | DX51: 1 | DZ51: 3 | EC51: 0 | ED51: 14 | EE51: 14 | EG51: 1 | EI51: 10 | EK51: 1 | EM51: 2 | EP51: 0 | EQ51: 14 | ER51: 14 | ES51: 1 | EU51: 1978 | EV51: 28/22 | EW51: 25151 | EX51: 1 | EZ51: 1 | FD51: 1 | FF51: 1 | FI51: 4 | FJ51: 5 | FK51: 9 | FL51: 1 | FS51: 1 | FU51: 1 | FW51: 1 | FY51: 1 | GA51: 1 | GF51: 1 | GI51: 1 | GJ51: 1 | GL51: 1 | GO51: 1 | GR51: 1 | GT51: 1 | GV51: 1 | GX51: 1 | HB51: 1 | HF51: 1 | HJ51: 1 | HN51: 250 | HO51: 50 | HP51: 4 | HX51: 1 | HZ51: 1 | IG51: 1 | II51: 200 | IJ51: 200 | IK51: ث0 الرملة | IL51: مكية عبد ياسر كاظم | IM51: 7818268092
A52: مجموع ناحية الحرية | H52: =H51 -> 0 | I52: =I51 -> 0 | J52: =J51 -> 1 | K52: =K51 -> 1 | L52: =L51 -> 0 | M52: =M51 -> 1 | N52: =N51 -> 0 | O52: =O51 -> 0 | ... ET52: =ET51 -> 0 | EX52: =EX51 -> 1 | EY52: =EY51 -> 0 | EZ52: =EZ51 -> 1 | FA52: =FA51 -> 0 | FB52: =FB51 -> 0 | FC52: =FC51 -> 0 | FD52: =FD51 -> 1 | FE52: =FE51 -> 0 | ... HY52: =HY51 -> 0 | ID52: =ID51 -> 0 | IE52: =IE51 -> 0 | IF52: =IF51 -> 0 | IG52: =IG51 -> 1 | IH52: =IH51 -> 0 | II52: =II51 -> 200 | IJ52: =IJ51 -> 200
A53: مجموع قضاء الكوفة | H53: =H52+H50+H48 -> 0 | I53: =I52+I50+I48 -> 0 | J53: =J52+J50+J48 -> 10 | K53: =K52+K50+K48 -> 10 | L53: =L52+L50+L48 -> 0 | M53: =M52+M50+M48 -> 10 | N53: =N52+N50+N48 -> 0 | O53: =O52+O50+O48 -> 0 | ... ET53: =ET52+ET50+ET48 -> 0 | EX53: =EX52+EX50+EX48 -> 9 | EY53: =EY52+EY50+EY48 -> 1 | EZ53: =EZ52+EZ50+EZ48 -> 10 | FA53: =FA52+FA50+FA48 -> 0 | FB53: =FB52+FB50+FB48 -> 0 | FC53: =FC52+FC50+FC48 -> 7 | FD53: =FD52+FD50+FD48 -> 3 | FE53: =FE52+FE50+FE48 -> 19 | ... HY53: =HY52+HY50+HY48 -> 1 | ID53: =ID52+ID50+ID48 -> 0 | IE53: =IE52+IE50+IE48 -> 2 | IF53: =IF52+IF50+IF48 -> 4 | IG53: =IG52+IG50+IG48 -> 3 | IH53: =IH52+IH50+IH48 -> 1616 | II53: =II52+II50+II48 -> 1683 | IJ53: =IJ52+IJ50+IJ48 -> 3299
A54: محافظة النجف الاشرف | B54: قضاء المناذرة | C54: مركز المناذرة | D54: 1 | F54: روضة اطفال السدير | G54: السراي | H54: 0 | I54: 0 | J54: 1 | K54: 1 | L54: 0 | M54: 1 | N54: 0 | O54: 0 | P54: 0 | Q54: 1 | R54: 0 | S54: 0 | T54: 1 | U54: 0 | V54: 0 | W54: 0 | X54: 0 | Y54: 60 | Z54: 67 | AA54: 68 | AB54: 78 | AC54: 128 | AD54: 145 | AE54: 273 | AF54: 2 | AG54: 2 | AH54: 4 | AI54: 0 | AJ54: 0 | AK54: 0 | AL54: 0 | AM54: 0 | AN54: 0 | AO54: 0 | AP54: 0 | AQ54: 0 | AR54: 0 | AS54: 0 | AW54: 0 | AX54: 1 | AY54: 0 | AZ54: 1 | BA54: 0 | BB54: 1 | BC54: 0 | BD54: 1 | BE54: 0 | BF54: 1 | BG54: 0 | BH54: 0 | BI54: 0 | BJ54: 0 | BN54: 1 | BO54: 1 | BP54: 6 | BQ54: 4 | BR54: 12 | BS54: 0 | BT54: 0 | BW54: 0 | BX54: 0 | BY54: 0 | BZ54: 0 | CA54: 0 | CB54: 1 | CC54: 0 | CD54: 2 | CE54: 2 | CF54: 0 | CG54: 0 | CH54: 0 | CI54: 0 | CJ54: 0 | CK54: 2 | CL54: 3 | CM54: 5 | CN54: 12 | CO54: 0 | CP54: 0 | CQ54: 12 | CR54: 10 | CS54: 0 | CT54: 2 | CU54: 0 | CV54: 0 | CW54: 0 | CX54: 0 | CY54: 0 | DA54: =CY54+CX54+CW54+CV54+CU54+CT54+CS54+CZ54 -> 2 | DB54: 12 | DC54: 1 | DD54: 3 | DE54: 0 | DF54: 2 | DG54: 6 | DH54: 0 | DI54: 0 | DJ54: 0 | DK54: 0 | DL54: 12 | DM54: 1 | DN54: 10 | DO54: 0 | DP54: 1 | DQ54: 12 | DR54: 0 | DT54: 6 | DV54: 0 | DX54: 0 | DZ54: 6 | EC54: =DW54+DU54+DS54+DY54 -> 0 | ED54: =DX54+DV54+DT54+DZ54 -> 12 | EE54: =ED54+EC54 -> 12 | EG54: 4 | EI54: 1 | EK54: 7 | EM54: 0 | EO54: 0 | EP54: =EN54+EL54+EJ54+EH54+EF54 -> 0 | EQ54: =EO54+EM54+EK54+EI54+EG54 -> 12 | ER54: =EQ54+EP54 -> 12 | ES54: 1 | ET54: 0 | EU54: 1974 | EV54: 55/116 | EW54: السراي | EX54: 1 | EY54: 0 | EZ54: 1 | FA54: 0 | FB54: 0 | FC54: 1 | FD54: 0 | FE54: 3 | FF54: 1 | FG54: 0 | FH54: 0 | FI54: 6 | FJ54: 5 | FK54: 11 | FL54: 1 | FM54: 0 | FN54: 0 | FO54: 0 | FP54: 0 | FQ54: 0 | FR54: 0 | FS54: 1 | FT54: 0 | FU54: 0 | FV54: 1 | FW54: 1 | FX54: 0 | FY54: 1 | FZ54: 0 | GA54: 1 | GB54: 0 | GC54: 0 | GD54: 0 | GE54: 0 | GF54: 1 | GG54: 0 | GH54: 0 | GI54: 1 | GJ54: 1 | GK54: 0 | GL54: 1 | GM54: 0 | GN54: 0 | GO54: 0 | GP54: 0 | GQ54: 1 | GR54: 1 | GS54: 0 | GT54: 1 | GU54: 0 | GV54: 0 | GW54: 1 | GX54: 0 | GY54: 0 | GZ54: 0 | HA54: 1 | HB54: 1 | HC54: 0 | HD54: 0 | HE54: 0 | HF54: 1 | HG54: 0 | HH54: 0 | HI54: 0 | HJ54: 1 | HK54: 0 | HL54: 0 | HM54: 0 | HN54: 56 | HO54: 40 | HP54: 10 | HQ54: 0 | HR54: 0 | HS54: 0 | HT54: 1 | HU54: 0 | HV54: 0 | HW54: 0 | HX54: 1 | HY54: 0 | HZ54: 0 | IA54: 1 | IB54: 0 | IC54: 0 | ID54: 0 | IE54: 0 | IF54: 0 | IG54: 1 | IH54: 257 | II54: 0 | IJ54: 257 | IL54: سميرة خضير محمد | IM54: 7812393887 | IN54: 31.906111 | IO54: 44.483333
A55: محافظة النجف الاشرف | B55: قضاء المناذرة | C55: مركز المناذرة | D55: 2 | F55: روضة اطفال الشروق | G55: الجمهوري | H55: 0 | I55: 0 | J55: 1 | K55: 1 | L55: 0 | M55: 1 | N55: 0 | O55: 0 | P55: 0 | Q55: 1 | R55: 0 | S55: 0 | T55: 1 | U55: 0 | V55: 0 | W55: 0 | X55: 0 | Y55: 47 | Z55: 47 | AA55: 39 | AB55: 47 | AC55: 86 | AD55: 94 | AE55: 180 | AF55: 2 | AG55: 1 | AH55: 3 | AI55: 37 | AJ55: 35 | AK55: 37 | AL55: 37 | AM55: 0 | AN55: 0 | AO55: 0 | AP55: 0 | AQ55: 0 | AR55: 0 | AS55: 0 | AW55: 0 | AX55: 1 | AY55: 0 | AZ55: 1 | BA55: 0 | BB55: 1 | BC55: 0 | BD55: 1 | BE55: 0 | BF55: 1 | BG55: 0 | BH55: 0 | BI55: 0 | BJ55: 0 | BN55: 1 | BO55: 1 | BP55: 7 | BQ55: 0 | BR55: 9 | BS55: 0 | BT55: 0 | BW55: 0 | BX55: 0 | BY55: 0 | BZ55: 0 | CA55: 0 | CB55: 1 | CC55: 0 | CD55: 2 | CE55: 1 | CF55: 0 | CG55: 0 | CH55: 0 | CI55: 0 | CJ55: 0 | CK55: 1 | CL55: 3 | CM55: 4 | CN55: 9 | CO55: 0 | CP55: 0 | CQ55: 9 | CR55: 7 | CS55: 0 | CT55: 0 | CU55: 1 | CV55: 0 | CW55: 0 | CX55: 1 | CY55: 0 | DA55: =CY55+CX55+CW55+CV55+CU55+CT55+CS55+CZ55 -> 2 | DB55: 9 | DC55: 1 | DD55: 1 | DE55: 0 | DF55: 1 | DG55: 6 | DH55: 0 | DI55: 0 | DJ55: 0 | DK55: 0 | DL55: 9 | DM55: 1 | DN55: 8 | DO55: 0 | DP55: 0 | DQ55: 9 | DR55: 2 | DT55: 0 | DV55: 6 | DX55: 0 | DZ55: 3 | EC55: =DW55+DU55+DS55+DY55 -> 0 | ED55: =DX55+DV55+DT55+DZ55 -> 9 | EE55: =ED55+EC55 -> 9 | EG55: 6 | EI55: 2 | EK55: 1 | EM55: 0 | EO55: 0 | EP55: =EN55+EL55+EJ55+EH55+EF55 -> 0 | EQ55: =EO55+EM55+EK55+EI55+EG55 -> 9 | ER55: =EQ55+EP55 -> 9 | ES55: 1 | ET55: 0 | EU55: 1985 | EV55: 444136 | EW55: 3 الحصوة | EX55: 1 | EY55: 0 | EZ55: 1 | FA55: 0 | FB55: 0 | FC55: 0 | FD55: 1 | FE55: 0 | FF55: 1 | FG55: 0 | FH55: 0 | FI55: 4 | FJ55: 7 | FK55: 11 | FL55: 1 | FM55: 0 | FN55: 0 | FO55: 0 | FP55: 0 | FQ55: 0 | FR55: 0 | FS55: 1 | FT55: 0 | FU55: 1 | FV55: 0 | FW55: 1 | FX55: 0 | FY55: 1 | FZ55: 0 | GA55: 1 | GB55: 0 | GC55: 0 | GD55: 0 | GE55: 0 | GF55: 1 | GG55: 0 | GH55: 0 | GI55: 1 | GJ55: 1 | GK55: 0 | GL55: 1 | GM55: 0 | GN55: 0 | GO55: 1 | GP55: 0 | GQ55: 0 | GR55: 1 | GS55: 0 | GT55: 1 | GU55: 0 | GV55: 1 | GW55: 0 | GX55: 0 | GY55: 0 | GZ55: 0 | HA55: 1 | HB55: 1 | HC55: 0 | HD55: 0 | HE55: 0 | HF55: 1 | HG55: 0 | HH55: 0 | HI55: 1 | HJ55: 0 | HK55: 0 | HL55: 0 | HM55: 0 | HN55: 100 | HO55: 0 | HP55: 3 | HQ55: 0 | HR55: 0 | HS55: 1 | HT55: 0 | HU55: 1 | HV55: 0 | HW55: 0 | HX55: 1 | HY55: 0 | HZ55: 0 | IA55: 0 | IB55: 1 | IC55: 0 | ID55: 0 | IE55: 0 | IF55: 1 | IG55: 0 | IH55: 162 | II55: 0 | IJ55: 162 | IL55: سها رعد مهدي | IM55: 7801764423 | IN55: 31.912602 | IO55: 44.485263
A56: محافظة النجف الاشرف | B56: قضاء المناذرة | C56: مركز المناذرة | D56: 3 | F56: روضة اطفال المناذرة | G56: العسكري | H56: 0 | I56: 0 | J56: 1 | K56: 1 | L56: 0 | M56: 1 | N56: 0 | O56: 0 | P56: 0 | Q56: 1 | R56: 0 | S56: 0 | T56: 1 | U56: 0 | V56: 0 | W56: 0 | X56: 0 | Y56: 40 | Z56: 30 | AA56: 60 | AB56: 100 | AC56: 100 | AD56: 130 | AE56: 230 | AF56: 1 | AG56: 3 | AH56: 4 | AI56: 0 | AJ56: 0 | AK56: 0 | AL56: 0 | AM56: 0 | AN56: 0 | AO56: 0 | AP56: 0 | AQ56: 0 | AR56: 0 | AS56: 0 | AW56: 0 | AX56: 1 | AY56: 0 | AZ56: 1 | BA56: 0 | BB56: 1 | BC56: 0 | BD56: 1 | BE56: 0 | BF56: 1 | BG56: 0 | BH56: 0 | BI56: 0 | BJ56: 0 | BN56: 1 | BO56: 1 | BP56: 9 | BQ56: 0 | BR56: 11 | BS56: 0 | BT56: 0 | BW56: 0 | BX56: 0 | BY56: 0 | BZ56: 0 | CA56: 0 | CB56: 0 | CC56: 0 | CD56: 3 | CE56: 1 | CF56: 0 | CG56: 0 | CH56: 0 | CI56: 0 | CJ56: 0 | CK56: 1 | CL56: 3 | CM56: 4 | CN56: 11 | CO56: 0 | CP56: 0 | CQ56: 11 | CR56: 10 | CS56: 0 | CT56: 0 | CU56: 0 | CV56: 0 | CW56: 0 | CX56: 1 | CY56: 0 | DA56: =CY56+CX56+CW56+CV56+CU56+CT56+CS56+CZ56 -> 1 | DB56: 11 | DC56: 2 | DD56: 2 | DE56: 0 | DF56: 0 | DG56: 7 | DH56: 0 | DI56: 0 | DJ56: 0 | DK56: 0 | DL56: 11 | DM56: 0 | DN56: 9 | DO56: 0 | DP56: 2 | DQ56: 11 | DR56: 1 | DT56: 6 | DV56: 1 | DX56: 0 | DZ56: 4 | EC56: =DW56+DU56+DS56+DY56 -> 0 | ED56: =DX56+DV56+DT56+DZ56 -> 11 | EE56: =ED56+EC56 -> 11 | EG56: 0 | EI56: 7 | EK56: 0 | EM56: 4 | EO56: 0 | EP56: =EN56+EL56+EJ56+EH56+EF56 -> 0 | EQ56: =EO56+EM56+EK56+EI56+EG56 -> 11 | ER56: =EQ56+EP56 -> 11 | ES56: 1 | ET56: 0 | EU56: 2013 | EV56: 46388 | EW56: 3 المناذرة | EX56: 1 | EY56: 0 | EZ56: 1 | FA56: 0 | FB56: 0 | FC56: 1 | FD56: 0 | FE56: 2 | FF56: 1 | FG56: 0 | FH56: 0 | FI56: 4 | FJ56: 4 | FK56: 8 | FL56: 1 | FM56: 0 | FN56: 0 | FO56: 0 | FP56: 0 | FQ56: 0 | FR56: 0 | FS56: 1 | FT56: 0 | FU56: 1 | FV56: 0 | FW56: 1 | FX56: 0 | FY56: 1 | FZ56: 0 | GA56: 1 | GB56: 0 | GC56: 0 | GD56: 0 | GE56: 0 | GF56: 1 | GG56: 0 | GH56: 0 | GI56: 1 | GJ56: 1 | GK56: 0 | GL56: 1 | GM56: 0 | GN56: 0 | GO56: 1 | GP56: 0 | GQ56: 0 | GR56: 1 | GS56: 0 | GT56: 1 | GU56: 0 | GV56: 0 | GW56: 1 | GX56: 1 | GY56: 0 | GZ56: 0 | HA56: 0 | HB56: 1 | HC56: 0 | HD56: 0 | HE56: 0 | HF56: 1 | HG56: 0 | HH56: 0 | HI56: 1 | HJ56: 0 | HK56: 0 | HL56: 0 | HM56: 0 | HN56: 0 | HO56: 140 | HP56: 2 | HQ56: 6 | HR56: 1 | HS56: 0 | HT56: 0 | HU56: 0 | HV56: 0 | HW56: 0 | HX56: 0 | HY56: 1 | HZ56: 0 | IA56: 0 | IB56: 0 | IC56: 0 | ID56: 0 | IE56: 0 | IF56: 0 | IG56: 0 | IH56: 0 | II56: 0 | IJ56: 0 | IL56: ابتسام خضير محمد | IM56: 7800787405 | IN56: 31.906111 | IO56: 44.483333
A57: محافظة النجف الاشرف | B57: قضاء المناذرة | C57: مركز المناذرة | D57: 4 | F57: روضة اطفال رقية بنت الحسين ع | G57: الزهراء | H57: 0 | I57: 0 | J57: 1 | K57: 1 | L57: 0 | M57: 1 | N57: 0 | O57: 0 | P57: 0 | Q57: 1 | R57: 0 | S57: 0 | T57: 1 | U57: 0 | V57: 0 | W57: 0 | X57: 0 | Y57: 38 | Z57: 42 | AA57: 72 | AB57: 62 | AC57: 110 | AD57: 104 | AE57: 214 | AF57: 2 | AG57: 1 | AH57: 3 | AI57: 0 | AJ57: 0 | AK57: 0 | AL57: 0 | AM57: 0 | AN57: 0 | AO57: 0 | AP57: 0 | AQ57: 0 | AR57: 0 | AS57: 0 | AW57: 0 | AX57: 1 | AY57: 0 | AZ57: 1 | BA57: 0 | BB57: 1 | BC57: 0 | BD57: 1 | BE57: 0 | BF57: 1 | BG57: 0 | BH57: 0 | BI57: 0 | BJ57: 0 | BN57: 1 | BO57: 1 | BP57: 3 | BQ57: 0 | BR57: 5 | BS57: 0 | BT57: 0 | BW57: 0 | BX57: 0 | BY57: 0 | BZ57: 0 | CA57: 0 | CB57: 0 | CC57: 0 | CD57: 3 | CE57: 1 | CF57: 0 | CG57: 0 | CH57: 0 | CI57: 0 | CJ57: 0 | CK57: 1 | CL57: 3 | CM57: 4 | CN57: 5 | CO57: 0 | CP57: 0 | CQ57: 5 | CR57: 4 | CS57: 0 | CT57: 0 | CU57: 0 | CV57: 0 | CW57: 1 | CX57: 0 | CY57: 0 | DA57: =CY57+CX57+CW57+CV57+CU57+CT57+CS57+CZ57 -> 1 | DB57: 5 | DC57: 0 | DD57: 4 | DE57: 0 | DF57: 1 | DG57: 0 | DH57: 0 | DI57: 0 | DJ57: 0 | DK57: 0 | DL57: 5 | DM57: 0 | DN57: 4 | DO57: 1 | DP57: 0 | DQ57: 5 | DR57: 0 | DT57: 0 | DV57: 0 | DX57: 0 | DZ57: 5 | EC57: =DW57+DU57+DS57+DY57 -> 0 | ED57: =DX57+DV57+DT57+DZ57 -> 5 | EE57: =ED57+EC57 -> 5 | EG57: 0 | EI57: 2 | EK57: 2 | EM57: 0 | EO57: 1 | EP57: =EN57+EL57+EJ57+EH57+EF57 -> 0 | EQ57: =EO57+EM57+EK57+EI57+EG57 -> 5 | ER57: =EQ57+EP57 -> 5 | ES57: 1 | ET57: 0 | EU57: 2015 | EV57: 248733 | EW57: 3 حصوة | EX57: 1 | EY57: 0 | EZ57: 1 | FA57: 0 | FB57: 0 | FC57: 1 | FD57: 0 | FE57: 2 | FF57: 1 | FG57: 0 | FH57: 0 | FI57: 4 | FJ57: 5 | FK57: 9 | FL57: 1 | FM57: 0 | FN57: 0 | FO57: 0 | FP57: 0 | FQ57: 0 | FR57: 0 | FS57: 1 | FT57: 0 | FU57: 1 | FV57: 0 | FW57: 1 | FX57: 0 | FY57: 1 | FZ57: 0 | GA57: 1 | GB57: 0 | GC57: 0 | GD57: 0 | GE57: 0 | GF57: 1 | GG57: 0 | GH57: 0 | GI57: 1 | GJ57: 1 | GK57: 0 | GL57: 1 | GM57: 0 | GN57: 0 | GO57: 1 | GP57: 0 | GQ57: 0 | GR57: 1 | GS57: 0 | GT57: 1 | GU57: 0 | GV57: 0 | GW57: 1 | GX57: 1 | GY57: 0 | GZ57: 0 | HA57: 0 | HB57: 1 | HC57: 0 | HD57: 0 | HE57: 0 | HF57: 1 | HG57: 0 | HH57: 0 | HI57: 1 | HJ57: 0 | HK57: 0 | HL57: 0 | HM57: 0 | HN57: 208 | HO57: 0 | HP57: 7 | HQ57: 0 | HR57: 1 | HS57: 0 | HT57: 1 | HU57: 0 | HV57: 0 | HW57: 0 | HX57: 0 | HY57: 1 | HZ57: 0 | IA57: 0 | IB57: 0 | IC57: 0 | ID57: 0 | IE57: 0 | IF57: 0 | IG57: 0 | IH57: 0 | II57: 0 | IJ57: 0 | IL57: سليمة جوادي كاظم | IM57: 7802004912 | IN57: 31.923961 | IO57: 44.458342
A58: مجموع مركز قضاء المناذرة | H58: =SUM(H54:H57) -> 0 | I58: =SUM(I54:I57) -> 0 | J58: =SUM(J54:J57) -> 4 | K58: =SUM(K54:K57) -> 4 | L58: =SUM(L54:L57) -> 0 | M58: =SUM(M54:M57) -> 4 | N58: =SUM(N54:N57) -> 0 | O58: =SUM(O54:O57) -> 0 | ... HY58: =SUM(HY54:HY57) -> 2 | ID58: =SUM(ID54:ID57) -> 0 | IE58: =SUM(IE54:IE57) -> 0 | IF58: =SUM(IF54:IF57) -> 1 | IG58: =SUM(IG54:IG57) -> 1 | IH58: =SUM(IH54:IH57) -> 419 | II58: =SUM(II54:II57) -> 0 | IJ58: =SUM(IJ54:IJ57) -> 419
A59: محافظة النجف الاشرف | B59: قضاء المناذرة | C59: ناحية الحيرة | D59: 1 | F59: روضة اطفال الرياحين | G59: السلام | H59: 0 | I59: 0 | J59: 1 | K59: 1 | L59: 0 | M59: 1 | N59: 0 | O59: 0 | P59: 0 | Q59: 1 | R59: 0 | S59: 0 | T59: 1 | U59: 0 | V59: 0 | W59: 0 | X59: 0 | Y59: 0 | Z59: 0 | AA59: 0 | AB59: 0 | AC59: 0 | AD59: 0 | AE59: 0 | AF59: 0 | AG59: 0 | AH59: 0 | AI59: 0 | AJ59: 0 | AK59: 0 | AL59: 0 | AM59: 0 | AN59: 0 | AO59: 0 | AP59: 0 | AQ59: 0 | AR59: 0 | AS59: 0 | AW59: 0 | AX59: 1 | AY59: 0 | AZ59: 1 | BA59: 0 | BB59: 1 | BC59: 0 | BD59: 1 | BE59: 0 | BF59: 1 | BG59: 0 | BH59: 0 | BI59: 0 | BJ59: 0 | BN59: 1 | BO59: 1 | BP59: 8 | BQ59: 0 | BR59: 10 | BS59: 0 | BT59: 0 | BW59: 0 | BX59: 0 | BY59: 0 | BZ59: 0 | CA59: 0 | CB59: 0 | CC59: 0 | CD59: 0 | CE59: 1 | CF59: 0 | CG59: 0 | CH59: 0 | CI59: 0 | CJ59: 0 | CK59: 1 | CL59: 0 | CM59: 1 | CN59: 10 | CO59: 0 | CP59: 0 | CQ59: 10 | CR59: 10 | CS59: 0 | CT59: 0 | CU59: 0 | CV59: 0 | CW59: 0 | CX59: 0 | CY59: 0 | DA59: =CY59+CX59+CW59+CV59+CU59+CT59+CS59+CZ59 -> 0 | DB59: 10 | DC59: 0 | DD59: 6 | DE59: 0 | DF59: 0 | DG59: 4 | DH59: 0 | DI59: 0 | DJ59: 0 | DK59: 0 | DL59: 10 | DM59: 0 | DN59: 10 | DO59: 0 | DP59: 0 | DQ59: 10 | DR59: 1 | DT59: 4 | DV59: 0 | DX59: 0 | DZ59: 6 | EC59: =DW59+DU59+DS59+DY59 -> 0 | ED59: =DX59+DV59+DT59+DZ59 -> 10 | EE59: =ED59+EC59 -> 10 | EG59: 0 | EI59: 3 | EK59: 3 | EM59: 4 | EO59: 0 | EP59: =EN59+EL59+EJ59+EH59+EF59 -> 0 | EQ59: =EO59+EM59+EK59+EI59+EG59 -> 10 | ER59: =EQ59+EP59 -> 10 | ES59: 1 | ET59: 0 | EU59: 1975 | EV59: 97/20 | EW59: 33 الحيرة | EX59: 1 | EY59: 0 | EZ59: 1 | FA59: 0 | FB59: 0 | FC59: 1 | FD59: 0 | FE59: 6 | FF59: 1 | FG59: 0 | FH59: 0 | FI59: 10 | FJ59: 2 | FK59: 12 | FL59: 1 | FM59: 0 | FN59: 0 | FO59: 0 | FP59: 0 | FQ59: 0 | FR59: 0 | FS59: 1 | FT59: 0 | FU59: 0 | FV59: 1 | FW59: 1 | FX59: 0 | FY59: 1 | FZ59: 0 | GA59: 1 | GB59: 0 | GC59: 0 | GD59: 0 | GE59: 0 | GF59: 1 | GG59: 0 | GH59: 0 | GI59: 1 | GJ59: 1 | GK59: 0 | GL59: 1 | GM59: 0 | GN59: 0 | GO59: 0 | GP59: 1 | GQ59: 0 | GR59: 1 | GS59: 0 | GT59: 1 | GU59: 0 | GV59: 1 | GW59: 0 | GX59: 1 | GY59: 0 | GZ59: 0 | HA59: 0 | HB59: 1 | HC59: 0 | HD59: 0 | HE59: 0 | HF59: 1 | HG59: 0 | HH59: 0 | HI59: 1 | HJ59: 0 | HK59: 0 | HL59: 0 | HM59: 0 | HN59: 0 | HO59: 0 | HP59: 0 | HQ59: 5 | HR59: 0 | HS59: 0 | HT59: 1 | HU59: 0 | HV59: 1 | HW59: 0 | HX59: 1 | HY59: 0 | HZ59: 0 | IA59: 0 | IB59: 1 | IC59: 0 | ID59: 0 | IE59: 0 | IF59: 0 | IG59: 1 | IH59: 125 | II59: 400 | IJ59: 525 | IL59: ماثر فيصل غازي | IM59: 7823910517 | IN59: 31.8908 | IO59: 44.486841 | IP59: قيد الترميم دوامها معلق
A60: محافظة النجف الاشرف | B60: قضاء المناذرة | C60: ناحية الحيرة | D60: 2 | F60: روضة اطفال الدسم | G60: الدسم | H60: 0 | I60: 0 | J60: 1 | K60: 0 | L60: 1 | M60: 1 | N60: 0 | O60: 0 | P60: 0 | Q60: 1 | R60: 0 | S60: 0 | T60: 1 | U60: 0 | V60: 0 | W60: 0 | X60: 0 | Y60: 27 | Z60: 32 | AA60: 29 | AB60: 32 | AC60: 56 | AD60: 64 | AE60: 120 | AF60: 1 | AG60: 1 | AH60: 2 | AI60: 5 | AJ60: 5 | AK60: 6 | AL60: 8 | AM60: 0 | AN60: 0 | AO60: 0 | AP60: 0 | AQ60: 0 | AR60: 0 | AS60: 0 | AW60: 0 | AX60: 1 | AY60: 0 | AZ60: 1 | BA60: 0 | BB60: 1 | BC60: 0 | BD60: 1 | BE60: 0 | BF60: 1 | BG60: 0 | BH60: 0 | BI60: 0 | BJ60: 0 | BN60: 1 | BO60: 0 | BP60: 5 | BQ60: 0 | BR60: 6 | BS60: 0 | BT60: 0 | BW60: 0 | BX60: 0 | BY60: 0 | BZ60: 0 | CA60: 0 | CB60: 0 | CC60: 0 | CD60: 2 | CE60: 1 | CF60: 0 | CG60: 0 | CH60: 0 | CI60: 0 | CJ60: 0 | CK60: 1 | CL60: 2 | CM60: 3 | CN60: 6 | CO60: 0 | CP60: 0 | CQ60: 6 | CR60: 6 | CS60: 0 | CT60: 0 | CU60: 0 | CV60: 0 | CW60: 0 | CX60: 0 | CY60: 0 | DA60: =CY60+CX60+CW60+CV60+CU60+CT60+CS60+CZ60 -> 0 | DB60: 6 | DC60: 1 | DD60: 1 | DE60: 0 | DF60: 0 | DG60: 4 | DH60: 0 | DI60: 0 | DJ60: 0 | DK60: 0 | DL60: 6 | DM60: 2 | DN60: 4 | DO60: 0 | DP60: 0 | DQ60: 6 | DR60: 2 | DT60: 4 | DV60: 0 | DX60: 0 | DZ60: 2 | EC60: =DW60+DU60+DS60+DY60 -> 0 | ED60: =DX60+DV60+DT60+DZ60 -> 6 | EE60: =ED60+EC60 -> 6 | EG60: 1 | EI60: 3 | EK60: 2 | EM60: 0 | EO60: 0 | EP60: =EN60+EL60+EJ60+EH60+EF60 -> 0 | EQ60: =EO60+EM60+EK60+EI60+EG60 -> 6 | ER60: =EQ60+EP60 -> 6 | ES60: 1 | ET60: 0 | EU60: 2014 | EV60: 28 | EW60: 155 | EX60: 1 | EY60: 0 | EZ60: 1 | FA60: 0 | FB60: 0 | FC60: 0 | FD60: 1 | FE60: 0 | FF60: 1 | FG60: 0 | FH60: 0 | FI60: 4 | FJ60: 4 | FK60: 8 | FL60: 1 | FM60: 0 | FN60: 0 | FO60: 0 | FP60: 0 | FQ60: 0 | FR60: 0 | FS60: 1 | FT60: 0 | FU60: 1 | FV60: 0 | FW60: 1 | FX60: 0 | FY60: 1 | FZ60: 0 | GA60: 1 | GB60: 0 | GC60: 0 | GD60: 0 | GE60: 0 | GF60: 1 | GG60: 0 | GH60: 0 | GI60: 1 | GJ60: 1 | GK60: 0 | GL60: 1 | GM60: 0 | GN60: 0 | GO60: 1 | GP60: 0 | GQ60: 0 | GR60: 1 | GS60: 0 | GT60: 1 | GU60: 0 | GV60: 0 | GW60: 1 | GX60: 1 | GY60: 0 | GZ60: 0 | HA60: 0 | HB60: 1 | HC60: 0 | HD60: 0 | HE60: 0 | HF60: 1 | HG60: 0 | HH60: 0 | HI60: 1 | HJ60: 0 | HK60: 0 | HL60: 0 | HM60: 0 | HN60: 60 | HO60: 20 | HP60: 3 | HQ60: 1 | HR60: 0 | HS60: 0 | HT60: 1 | HU60: 0 | HV60: 0 | HW60: 0 | HX60: 0 | HY60: 1 | HZ60: 0 | IA60: 0 | IB60: 0 | IC60: 0 | ID60: 0 | IE60: 0 | IF60: 0 | IG60: 0 | IH60: 0 | II60: 0 | IJ60: 0 | IL60: زينب ابراهيم ريسان | IM60: 7805384855 | IN60: 31.828192 | IO60: 44.437894
A61: مجموع ناحية الحيرة | H61: =SUM(H59:H60) -> 0 | I61: =SUM(I59:I60) -> 0 | J61: =SUM(J59:J60) -> 2 | K61: =SUM(K59:K60) -> 1 | L61: =SUM(L59:L60) -> 1 | M61: =SUM(M59:M60) -> 2 | N61: =SUM(N59:N60) -> 0 | O61: =SUM(O59:O60) -> 0 | ... HY61: =SUM(HY59:HY60) -> 1 | ID61: =SUM(ID59:ID60) -> 0 | IE61: =SUM(IE59:IE60) -> 0 | IF61: =SUM(IF59:IF60) -> 0 | IG61: =SUM(IG59:IG60) -> 1 | IH61: =SUM(IH59:IH60) -> 125 | II61: =SUM(II59:II60) -> 400 | IJ61: =SUM(IJ59:IJ60) -> 525
A62: مجموع قضاء المناذرة | H62: =H61+H58 -> 0 | I62: =I61+I58 -> 0 | J62: =J61+J58 -> 6 | K62: =K61+K58 -> 5 | L62: =L61+L58 -> 1 | M62: =M61+M58 -> 6 | N62: =N61+N58 -> 0 | O62: =O61+O58 -> 0 | ... HY62: =HY61+HY58 -> 3 | ID62: =ID61+ID58 -> 0 | IE62: =IE61+IE58 -> 0 | IF62: =IF61+IF58 -> 1 | IG62: =IG61+IG58 -> 2 | IH62: =IH61+IH58 -> 544 | II62: =II61+II58 -> 400 | IJ62: =IJ61+IJ58 -> 944
A63: محافظة النجف الاشرف | B63: قضاء المشخاب | C63: مركز المشخاب | D63: 1 | F63: روضة اطفال المشخاب | G63: العصري | H63: 0 | I63: 0 | J63: 1 | K63: 1 | L63: 0 | M63: 1 | N63: 0 | O63: 0 | P63: 0 | Q63: 1 | R63: 0 | S63: 0 | T63: 1 | U63: 0 | V63: 0 | W63: 0 | X63: 0 | Y63: 104 | Z63: 89 | AA63: 65 | AB63: 38 | AC63: 169 | AD63: 127 | AE63: 296 | AF63: 2 | AG63: 2 | AH63: 4 | AI63: 19 | AJ63: 21 | AK63: 20 | AL63: 23 | AM63: 0 | AN63: 0 | AO63: 0 | AP63: 0 | AQ63: 0 | AR63: 0 | AS63: 0 | AW63: 0 | AX63: 1 | AY63: 0 | AZ63: 1 | BA63: 0 | BB63: 1 | BC63: 0 | BD63: 1 | BE63: 0 | BF63: 1 | BG63: 0 | BH63: 0 | BI63: 0 | BJ63: 0 | BN63: 1 | BO63: 1 | BP63: 9 | BQ63: 0 | BR63: 11 | BS63: 0 | BT63: 0 | BW63: 0 | BX63: 0 | BY63: 0 | BZ63: 0 | CA63: 0 | CB63: 0 | CC63: 0 | CD63: 1 | CE63: 1 | CF63: 0 | CG63: 0 | CH63: 0 | CI63: 0 | CJ63: 0 | CK63: 1 | CL63: 1 | CM63: 2 | CN63: 11 | CO63: 0 | CP63: 0 | CQ63: 11 | CR63: 10 | CS63: 0 | CT63: 0 | CU63: 0 | CV63: 0 | CW63: 0 | CX63: 1 | CY63: 0 | DA63: =CY63+CX63+CW63+CV63+CU63+CT63+CS63+CZ63 -> 1 | DB63: 11 | DC63: 0 | DD63: 1 | DE63: 0 | DF63: 1 | DG63: 9 | DH63: 0 | DI63: 0 | DJ63: 0 | DK63: 0 | DL63: 11 | DM63: 2 | DN63: 9 | DO63: 0 | DP63: 0 | DQ63: 11 | DR63: 0 | DT63: 9 | DV63: 0 | DX63: 0 | DZ63: 2 | EC63: =DW63+DU63+DS63+DY63 -> 0 | ED63: =DX63+DV63+DT63+DZ63 -> 11 | EE63: =ED63+EC63 -> 11 | EG63: 0 | EI63: 9 | EK63: 0 | EM63: 2 | EO63: 0 | EP63: =EN63+EL63+EJ63+EH63+EF63 -> 0 | EQ63: =EO63+EM63+EK63+EI63+EG63 -> 11 | ER63: =EQ63+EP63 -> 11 | ES63: 1 | ET63: 0 | EU63: 1975 | EV63: 4/210 | EW63: 1 المشخاب | EX63: 1 | EY63: 0 | EZ63: 1 | FA63: 0 | FB63: 0 | FC63: 1 | FD63: 0 | FE63: 2 | FF63: 1 | FG63: 0 | FH63: 0 | FI63: 4 | FJ63: 3 | FK63: 7 | FL63: 1 | FM63: 0 | FN63: 0 | FO63: 0 | FP63: 0 | FQ63: 0 | FR63: 0 | FS63: 1 | FT63: 0 | FU63: 1 | FV63: 0 | FW63: 1 | FX63: 0 | FY63: 1 | FZ63: 0 | GA63: 1 | GB63: 0 | GC63: 0 | GD63: 0 | GE63: 0 | GF63: 1 | GG63: 0 | GH63: 0 | GI63: 1 | GJ63: 1 | GK63: 0 | GL63: 1 | GM63: 0 | GN63: 0 | GO63: 0 | GP63: 1 | GQ63: 0 | GR63: 1 | GS63: 0 | GT63: 0 | GU63: 1 | GV63: 0 | GW63: 1 | GX63: 1 | GY63: 0 | GZ63: 0 | HA63: 0 | HB63: 1 | HC63: 0 | HD63: 0 | HE63: 0 | HF63: 1 | HG63: 0 | HH63: 0 | HI63: 0 | HJ63: 1 | HK63: 0 | HL63: 0 | HM63: 0 | HN63: 0 | HO63: 190 | HP63: 2 | HQ63: 4 | HR63: 1 | HS63: 0 | HT63: 1 | HU63: 0 | HV63: 0 | HW63: 0 | HX63: 1 | HY63: 0 | HZ63: 1 | IA63: 0 | IB63: 0 | IC63: 0 | ID63: 0 | IE63: 0 | IF63: 1 | IG63: 0 | IH63: 0 | II63: 290 | IJ63: 290 | IL63: انتصار عبدالعالي علي | IM63: 7812391698 | IN63: 31.803611 | IO63: 44.491472
A64: محافظة النجف الاشرف | B64: قضاء المشخاب | C64: مركز المشخاب | D64: 2 | F64: روضة اطفال النسيم | G64: راك الحصوة | H64: 0 | I64: 0 | J64: 1 | K64: 0 | L64: 1 | M64: 1 | N64: 0 | O64: 0 | P64: 0 | Q64: 1 | R64: 0 | S64: 0 | T64: 1 | U64: 0 | V64: 0 | W64: 0 | X64: 0 | Y64: 47 | Z64: 38 | AA64: 74 | AB64: 77 | AC64: 121 | AD64: 115 | AE64: 236 | AF64: 1 | AG64: 2 | AH64: 3 | AI64: 0 | AJ64: 0 | AK64: 0 | AL64: 0 | AM64: 0 | AN64: 0 | AO64: 0 | AP64: 0 | AQ64: 0 | AR64: 0 | AS64: 0 | AW64: 0 | AX64: 1 | AY64: 0 | AZ64: 1 | BA64: 0 | BB64: 1 | BC64: 0 | BD64: 1 | BE64: 0 | BF64: 1 | BG64: 0 | BH64: 0 | BI64: 0 | BJ64: 0 | BN64: 1 | BO64: 1 | BP64: 5 | BQ64: 0 | BR64: 7 | BS64: 0 | BT64: 0 | BW64: 0 | BX64: 0 | BY64: 0 | BZ64: 0 | CA64: 0 | CB64: 0 | CC64: 0 | CD64: 4 | CE64: 1 | CF64: 0 | CG64: 0 | CH64: 0 | CI64: 0 | CJ64: 0 | CK64: 1 | CL64: 4 | CM64: 5 | CN64: 7 | CO64: 0 | CP64: 0 | CQ64: 7 | CR64: 7 | CS64: 0 | CT64: 0 | CU64: 0 | CV64: 0 | CW64: 0 | CX64: 0 | CY64: 0 | DA64: =CY64+CX64+CW64+CV64+CU64+CT64+CS64+CZ64 -> 0 | DB64: 7 | DC64: 0 | DD64: 1 | DE64: 0 | DF64: 0 | DG64: 6 | DH64: 0 | DI64: 0 | DJ64: 0 | DK64: 0 | DL64: 7 | DM64: 2 | DN64: 5 | DO64: 0 | DP64: 0 | DQ64: 7 | DR64: 2 | DT64: 5 | DV64: 0 | DX64: 0 | DZ64: 2 | EC64: =DW64+DU64+DS64+DY64 -> 0 | ED64: =DX64+DV64+DT64+DZ64 -> 7 | EE64: =ED64+EC64 -> 7 | EG64: 0 | EI64: 5 | EK64: 0 | EM64: 2 | EO64: 0 | EP64: =EN64+EL64+EJ64+EH64+EF64 -> 0 | EQ64: =EO64+EM64+EK64+EI64+EG64 -> 7 | ER64: =EQ64+EP64 -> 7 | ES64: 1 | ET64: 0 | EU64: 1980 | EV64: 280 | EW64: 17 | EX64: 1 | EY64: 0 | EZ64: 1 | FA64: 0 | FB64: 0 | FC64: 0 | FD64: 1 | FE64: 0 | FF64: 1 | FG64: 0 | FH64: 0 | FI64: 4 | FJ64: 6 | FK64: 10 | FL64: 1 | FM64: 0 | FN64: 0 | FO64: 0 | FP64: 0 | FQ64: 0 | FR64: 0 | FS64: 1 | FT64: 0 | FU64: 1 | FV64: 0 | FW64: 0 | FX64: 1 | FY64: 1 | FZ64: 0 | GA64: 1 | GB64: 0 | GC64: 0 | GD64: 0 | GE64: 0 | GF64: 1 | GG64: 0 | GH64: 0 | GI64: 1 | GJ64: 1 | GK64: 0 | GL64: 1 | GM64: 0 | GN64: 0 | GO64: 0 | GP64: 0 | GQ64: 1 | GR64: 1 | GS64: 0 | GT64: 1 | GU64: 0 | GV64: 0 | GW64: 1 | GX64: 0 | GY64: 0 | GZ64: 1 | HA64: 0 | HB64: 1 | HC64: 0 | HD64: 0 | HE64: 0 | HF64: 1 | HG64: 0 | HH64: 0 | HI64: 0 | HJ64: 0 | HK64: 1 | HL64: 0 | HM64: 0 | HN64: 50 | HO64: 30 | HP64: 4 | HQ64: 0 | HR64: 0 | HS64: 0 | HT64: 0 | HU64: 0 | HV64: 0 | HW64: 0 | HX64: 1 | HY64: 0 | HZ64: 1 | IA64: 0 | IB64: 0 | IC64: 0 | ID64: 0 | IE64: 0 | IF64: 0 | IG64: 1 | IH64: 116 | II64: 102 | IJ64: 218 | IL64: خوله عبدالامير عبدالواحد حسون المحنه | IM64: 7812327908 | IN64: 31.806269 | IO64: 44.499781
A65: مجموع مركز قضاء المشخاب | H65: =SUM(H63:H64) -> 0 | I65: =SUM(I63:I64) -> 0 | J65: =SUM(J63:J64) -> 2 | K65: =SUM(K63:K64) -> 1 | L65: =SUM(L63:L64) -> 1 | M65: =SUM(M63:M64) -> 2 | N65: =SUM(N63:N64) -> 0 | O65: =SUM(O63:O64) -> 0 | ... HY65: =SUM(HY63:HY64) -> 0 | ID65: =SUM(ID63:ID64) -> 0 | IE65: =SUM(IE63:IE64) -> 0 | IF65: =SUM(IF63:IF64) -> 1 | IG65: =SUM(IG63:IG64) -> 1 | IH65: =SUM(IH63:IH64) -> 116 | II65: =SUM(II63:II64) -> 392 | IJ65: =SUM(IJ63:IJ64) -> 508
A66: محافظة النجف الاشرف | B66: قضاء المشخاب | C66: ناحية القادسية | D66: 1 | F66: روضة اطفال القادسية | G66: الحسين ع | H66: 0 | I66: 0 | J66: 1 | K66: 1 | L66: 0 | M66: 1 | N66: 0 | O66: 0 | P66: 0 | Q66: 1 | R66: 0 | S66: 0 | T66: 1 | U66: 0 | V66: 0 | W66: 0 | X66: 0 | Y66: 39 | Z66: 47 | AA66: 53 | AB66: 51 | AC66: 92 | AD66: 98 | AE66: 190 | AF66: 1 | AG66: 2 | AH66: 3 | AI66: 10 | AJ66: 5 | AK66: 5 | AL66: 5 | AM66: 0 | AN66: 0 | AO66: 0 | AP66: 0 | AQ66: 0 | AR66: 0 | AS66: 0 | AW66: 0 | AX66: 1 | AY66: 0 | AZ66: 1 | BA66: 0 | BB66: 1 | BC66: 0 | BD66: 1 | BE66: 0 | BF66: 1 | BG66: 0 | BH66: 0 | BI66: 0 | BJ66: 0 | BN66: 1 | BO66: 0 | BP66: 5 | BQ66: 0 | BR66: 6 | BS66: 0 | BT66: 0 | BW66: 0 | BX66: 0 | BY66: 0 | BZ66: 0 | CA66: 0 | CB66: 0 | CC66: 0 | CD66: 4 | CE66: 1 | CF66: 0 | CG66: 0 | CH66: 0 | CI66: 0 | CJ66: 0 | CK66: 1 | CL66: 4 | CM66: 5 | CN66: 6 | CO66: 0 | CP66: 0 | CQ66: 6 | CR66: 6 | CS66: 0 | CT66: 0 | CU66: 0 | CV66: 0 | CW66: 0 | CX66: 0 | CY66: 0 | DA66: =CY66+CX66+CW66+CV66+CU66+CT66+CS66+CZ66 -> 0 | DB66: 6 | DC66: 0 | DD66: 0 | DE66: 0 | DF66: 1 | DG66: 5 | DH66: 0 | DI66: 0 | DJ66: 0 | DK66: 0 | DL66: 6 | DM66: 1 | DN66: 5 | DO66: 0 | DP66: 0 | DQ66: 6 | DR66: 3 | DT66: 6 | DV66: 0 | DX66: 0 | DZ66: 0 | EC66: =DW66+DU66+DS66+DY66 -> 0 | ED66: =DX66+DV66+DT66+DZ66 -> 6 | EE66: =ED66+EC66 -> 6 | EG66: 3 | EI66: 3 | EK66: 0 | EM66: 0 | EO66: 0 | EP66: =EN66+EL66+EJ66+EH66+EF66 -> 0 | EQ66: =EO66+EM66+EK66+EI66+EG66 -> 6 | ER66: =EQ66+EP66 -> 6 | ES66: 1 | ET66: 0 | EU66: 1980 | EV66: 167/5 | EW66: 5 | EX66: 1 | EY66: 0 | EZ66: 1 | FA66: 0 | FB66: 0 | FC66: 0 | FD66: 1 | FE66: 0 | FF66: 1 | FG66: 0 | FH66: 0 | FI66: 4 | FJ66: 4 | FK66: 8 | FL66: 1 | FM66: 0 | FN66: 0 | FO66: 0 | FP66: 0 | FQ66: 0 | FR66: 0 | FS66: 1 | FT66: 0 | FU66: 1 | FV66: 0 | FW66: 1 | FX66: 0 | FY66: 1 | FZ66: 0 | GA66: 1 | GB66: 0 | GC66: 0 | GD66: 0 | GE66: 0 | GF66: 1 | GG66: 0 | GH66: 0 | GI66: 1 | GJ66: 1 | GK66: 0 | GL66: 1 | GM66: 0 | GN66: 0 | GO66: 1 | GP66: 0 | GQ66: 0 | GR66: 1 | GS66: 0 | GT66: 0 | GU66: 1 | GV66: 0 | GW66: 1 | GX66: 0 | GY66: 0 | GZ66: 0 | HA66: 1 | HB66: 1 | HC66: 0 | HD66: 0 | HE66: 0 | HF66: 1 | HG66: 0 | HH66: 0 | HI66: 0 | HJ66: 1 | HK66: 0 | HL66: 0 | HM66: 0 | HN66: 50 | HO66: 57 | HP66: 0 | HQ66: 3 | HR66: 0 | HS66: 1 | HT66: 0 | HU66: 1 | HV66: 0 | HW66: 0 | HX66: 1 | HY66: 0 | HZ66: 1 | IA66: 0 | IB66: 0 | IC66: 0 | ID66: 0 | IE66: 0 | IF66: 0 | IG66: 1 | IH66: 350 | II66: 100 | IJ66: 450 | IL66: صابرين خضير رويض | IM66: 7825484517 | IN66: 31.696549 | IO66: 44.479591
A67: مجموع ناحية القادسية | H67: =SUM(H66:H66) -> 0 | I67: =SUM(I66:I66) -> 0 | J67: =SUM(J66:J66) -> 1 | K67: =SUM(K66:K66) -> 1 | L67: =SUM(L66:L66) -> 0 | M67: =SUM(M66:M66) -> 1 | N67: =SUM(N66:N66) -> 0 | O67: =SUM(O66:O66) -> 0 | ... HY67: =SUM(HY66:HY66) -> 0 | ID67: =SUM(ID66:ID66) -> 0 | IE67: =SUM(IE66:IE66) -> 0 | IF67: =SUM(IF66:IF66) -> 0 | IG67: =SUM(IG66:IG66) -> 1 | IH67: =SUM(IH66:IH66) -> 350 | II67: =SUM(II66:II66) -> 100 | IJ67: =SUM(IJ66:IJ66) -> 450
A68: مجموع قضاء المشخاب | H68: =H67+H65 -> 0 | I68: =I67+I65 -> 0 | J68: =J67+J65 -> 3 | K68: =K67+K65 -> 2 | L68: =L67+L65 -> 1 | M68: =M67+M65 -> 3 | N68: =N67+N65 -> 0 | O68: =O67+O65 -> 0 | ... HY68: =HY67+HY65 -> 0 | ID68: =ID67+ID65 -> 0 | IE68: =IE67+IE65 -> 0 | IF68: =IF67+IF65 -> 1 | IG68: =IG67+IG65 -> 2 | IH68: =IH67+IH65 -> 466 | II68: =II67+II65 -> 492 | IJ68: =IJ67+IJ65 -> 958
A70: مجموع محافظة النجف الاشرف | H70: =H68+H62+H53+H39 -> 0 | I70: =I68+I62+I53+I39 -> 0 | J70: =J68+J62+J53+J39 -> 49 | K70: =K68+K62+K53+K39 -> 47 | L70: =L68+L62+L53+L39 -> 2 | M70: =M68+M62+M53+M39 -> 49 | N70: =N68+N62+N53+N39 -> 0 | O70: =O68+O62+O53+O39 -> 0 | ... ET70: =ET68+ET62+ET53+ET39 -> 0 | EX70: =EX68+EX62+EX53+EX39 -> 43 | EY70: =EY68+EY62+EY53+EY39 -> 6 | EZ70: =EZ68+EZ62+EZ53+EZ39 -> 47 | FA70: =FA68+FA62+FA53+FA39 -> 2 | FB70: =FB68+FB62+FB53+FB39 -> 0 | FC70: =FC68+FC62+FC53+FC39 -> 30 | FD70: =FD68+FD62+FD53+FD39 -> 19 | FE70: =FE68+FE62+FE53+FE39 -> 97 | ... HY70: =HY68+HY62+HY53+HY39 -> 8 | ID70: =ID68+ID62+ID53+ID39 -> 1 | IE70: =IE68+IE62+IE53+IE39 -> 15 | IF70: =IF68+IF62+IF53+IF39 -> 13 | IG70: =IG68+IG62+IG53+IG39 -> 11 | IH70: =IH68+IH62+IH53+IH39 -> 6752 | II70: =II68+II62+II53+II39 -> 8639 | IJ70: =IJ68+IJ62+IJ53+IJ39 -> 15391

Sheet حضر
A1: المديرية العامة للتربية في محافظة النجف الاشرف | H1: جنس الروضة | K1: بيئة الروضة | M1: دوام الروضة | Y1: عدد الاطفال المسجلين في الروضة حسب المرحلة للسنة الدراسية 2025/2026 | AF1: عدد الشعب بالروضة حسب المرحلة و الجنس | AI1: عدد الاطفال التاركين بالروضة حسب المرحلة و الجنس للسنة الدراسية 2025/2024 | AP1: عدد الاطفال المسجلين من غير العراقيين بالروضة حسب المرحلة و الجنس | AW1: هل الروضة مشمولة بـ تعلم الحاسوب | AY1: هل الروضة مشمولة بالارشاد التربوي | BA1: هل الروضة مشمولة بالتغذية | BC1: هل مشمولة بخدمة الانترنت | BE1: هل الروضة مشمولة بـ تعلم اللغات الاجنبية | BG1: نوع اللغة | BK1: اللغات المحلية | BN1: اعضاء الهيئة التعليمية حسب العنوان الوظيفي | BS1: عدد الملاك الاداري والخدمي حسب العنوان الوظيفي | CN1: عدد اعضاء الهئية التعليمية حسب الجنسية | CR1: عدد اعضاء الهيئة التعليمية حسب الحالة الوظيفية | DB1: المجموع الكلي | DM1: عدد اعضاء الهيئة التعليمية حسب الحالة الاجتماعية | DR1: عدد المعلمين المشاركين بدورات تدريبية للعام الماضي | DS1: عدد اعضاء الهيئة التعليمية حسب سنوات الخدمة | EF1: عدد اعضاء الهيئة التعليمية حسب العمر | ES1: الأبنية المدرسية | HL1: التجهيزات والاثاث :- | HR1: الحاسبات :- | HX1: هل توجد مكتبة | HZ1: المسؤول عنها | ID1: نوع المكتبة | IH1: عدد الكتب | IJ1: عدد الكتب الكلي | IK1: اقرب نقطة دالة | IL1: اسم المدير | IM1: رقم الموبايل
Q2: استقلالية الروضة | T2: نوع الازدواج | X2: هل الروضة فتح جديد | CR2: داخل القوة | CS2: خارج القوة
A3: رياض الاطفال 2025/2026 | G3: الموقع | BS3: موظف ادارة | BU3: كاتب | BW3: محاسب | BY3: امينة مكتبة | CA3: مراقبة روضة | CC3: موظف خدمة | CE3: حارس | CG3: سائق | CI3: فلاح | CK3: المجموع | CN3: عراقية | CO3: عربية | CP3: اجنبية | CQ3: المجموع | CS3: بعثة او زمالة | CT3: اجازة دراسية | CU3: اجازة مصاحبة | CV3: اجازة بدون راتب | CW3: اجازة مرضية طويلة | CX3: اجازة امومة | CY3: منسب الى جهات اخرى | CZ3: 4-5سنوات | DA3: المجموع | DC3: دورات تربوية (اعدادية ومهني ودور المعلمات ) | DD3: معاهد اعداد المعلمات والمعاهد المركزية | DE3: معاهد فنون جميلة | DF3: جامعية | DI3: الشهادات العليا | DK3: اخرى | DL3: المجموع | ES3: نوع البناء | EU3: البناية | EX3: هل توجد مساحة للتوسعة | EZ3: عدد الطوابق | FC3: هل المدرسة بحاجة الى صفوف اضافية | FF3: حجم الروضة | FI3: عدد الغرف في البناية | FL3: مادة البناء | FS3: هل تتوفر في البناية مرافق صحية | FY3: هل ترتبط البناية بشبكة الماء الصالح للشرب | GA3: مصدر الماء | GF3: هل البناية مزودة بخدمة المجاري | GH3: نوع المجاري | GJ3: هل هناك سياج حول البناية | GL3: نوع السياج | GO3: حالة السياج | GR3: هل توجد ساحة رياضية | GT3: هل توجد حديقة مدرسية | GV3: هل توجد قاعة انشطة مستقلة | GX3: نوع الساحة الرياضية | HB3: عدد المدارس التي تشغلها | HE3: العائدية | HI3: الحالة العمرانية | HL3: عدد الرحلات المزدوجة (ذات المقعدين) الصالحة | HN3: عدد الرحلات (ذات المقعد الواحد) الصالحة | HP3: عدد لوحات الكتابة ( السبورات) الصالحة | HR3: عدد الحاسبات الالكترونية (كومبيوتر) | HT3: عدد الطابعات | HV3: عدد الماسحات الضوئية (سكنرات)
Y4: روضة | AA4: تمهيدي | AC4: المجموع | AF4: روضة | AG4: تمهيدي | AH4: المجموع | AI4: روضة | AK4: تمهيدي | AM4: المجموع | AP4: روضة | AR4: تمهيدي | AT4: المجموع | BN4: مديرة | BO4: معاونة | BP4: معلمة | BQ4: مرشدة | BR4: المجموع | BS4: ذكور | BT4: اناث | BU4: ذكور | BV4: اناث | BW4: ذكور | BX4: اناث | BY4: ذكور | BZ4: اناث | CA4: ذكور | CB4: اناث | CC4: ذكور | CD4: اناث | CE4: ذكور | CF4: اناث | CG4: ذكور | CH4: اناث | CI4: ذكور | CJ4: اناث | CK4: ذكور | CL4: اناث | CM4: المجموع | CU4: ذكور | CV4: ذكور | CW4: ذكور | CX4: ذكور | DS4: 5سنوات فاقل | DU4: 10-6 | DW4: 15-11 | DY4: 16-20 | EA4: اكثر من21 | EC4: المجموع | EF4: اقل من 30 | EH4: 39-30 | EJ4: 49-40 | EL4: 59-50 | EN4: 60سنة فاكثر | EP4: المجموع
A5: ت | B5: الرقم الاحصائي | C5: المحافظة | D5: القضاء | E5: الناحية | F5: اسم الروضة | H5: بنون | I5: بنات | J5: مختلط | K5: حضر | L5: ريف | M5: صباحا | N5: ظهرا | O5: صباحا وظهرا | P5: مساءا | Q5: اصلية | R5: ضيف | S5: استضافة | T5: غير مزدوجة | U5: مع نفسها | V5: مع اخرى | W5: مع نفسها ومع اخرى | Y5: بنون | Z5: بنات | AA5: بنون | AB5: بنات | AC5: بنون | AD5: بنات | AE5: المجموع | AI5: بنون | AJ5: بنات | AK5: بنون | AL5: بنات | AM5: بنون | AN5: بنات | AO5: المجموع | AP5: بنون | AQ5: بنات | AR5: بنون | AS5: بنات | AT5: بنون | AU5: بنات | AV5: المجموع | AW5: نعم | AX5: كلا | AY5: نعم | AZ5: كلا | BA5: نعم | BB5: كلا | BC5: نعم | BD5: كلا | BE5: نعم | BF5: كلا | BG5: الانكليزي | BH5: فرنسي | BI5: اسباني | BJ5: اخرى | BK5: كردية | BL5: تركمانية | BM5: سيريانية | DF5: تربوية | DG5: رياض | DH5: غير تربوية | DI5: ماجستير | DJ5: دكتوراه | DM5: اعزب | DN5: متزوج | DO5: ارمل | DP5: مطلق | DQ5: المجموع | DR5: عدد المعلمات | DS5: ذكور | DT5: اناث | DU5: ذكور | DV5: اناث | DW5: ذكور | DX5: اناث | DY5: ذكور | DZ5: اناث | EA5: ذكور | EB5: اناث | EC5: ذكور | ED5: اناث | EE5: المجموع | EF5: ذكور | EG5: اناث | EH5: ذكور | EI5: اناث | EJ5: ذكور | EK5: اناث | EL5: ذكور | EM5: اناث | EN5: ذكور | EO5: اناث | EP5: ذكور | EQ5: اناث | ER5: المجموع | ES5: مدرسي | ET5: غير مدرسي | EU5: سنة البناء | EV5: رقم القطعة | EW5: رقم المقاطعة | EX5: نعم | EY5: كلا | EZ5: طابق واحد | FA5: طابقين | FB5: ثلاث طوابق | FC5: نعم | FD5: كلا | FE5: عدد الصفوف الاضافية | FF5: 6صف | FG5: 9صف | FH5: 12صف | FI5: عدد الصفوف | FJ5: عدد الغرف الاخرى | FK5: المجموع | FL5: طابوق او حجر او بلوك | FM5: طين | FN5: صريفة او خيمة | FO5: بناء جاهز | FP5: هياكل حديدية | FQ5: كرفان | FR5: اخرى | FS5: نعم | FT5: كلا | FU5: صالحة | FV5: غير صالحة | FW5: كافية | FX5: غير كافية | FY5: نعم | FZ5: كلا | GA5: بلدية | GB5: بئر عميق | GC5: نهر | GD5: صهاريج | GE5: اخرى | GF5: نعم | GG5: كلا | GH5: شبكة مجاري | GI5: خزانات | GJ5: نعم | GK5: كلا | GL5: بناء | GM5: اسلاك | GN5: اخرى | GO5: جيد | GP5: متصدع | GQ5: غير امن | GR5: نعم | GS5: كلا | GT5: نعم | GU5: كلا | GV5: نعم | GW5: كلا | GX5: رياضية مبلطة | GY5: مزروعة بالثيل | GZ5: بالرمل والماء | HA5: اخرى | HB5: مدرسة واحدة | HC5: مدرستان | HD5: ثلاث مدارس | HE5: حكومية تابعة لوزارة التربية | HF5: حكومية تابعة لجهات اخرى | HG5: مستأجرة | HH5: خاصة | HI5: صالحة | HJ5: بحاجة الى ترميم | HK5: غير صالحة | HL5: الصالحة | HM5: غيرالصالحة | HN5: الصالحة | HO5: غيرالصالحة | HP5: الصالحة | HQ5: غيرالصالحة | HR5: الصالحة | HS5: عاطلة | HT5: الصالحة | HU5: عاطلة | HV5: الصالحة | HW5: عاطلة | HX5: نعم | HY5: كلا | HZ5: المدير | IA5: المعاون | IB5: المعلم | IC5: امينة مكتبة | ID5: قاعة | IE5: غرفة | IF5: خزانة | IG5: رفوف عارضة | IH5: عدد الكتب | II5: عدد المجلات والقصص
A6: 1 | B6: 1400135 | C6: النجف | D6: النجف | E6: المركز | F6: اطفال النجف | G6: السعد | J6: 1 | K6: 1 | M6: 1 | Q6: 1 | T6: 1 | Y6: 15 | Z6: 18 | AA6: 38 | AB6: 37 | AC6: =AA6+Y6 -> 53 | AD6: =AB6+Z6 -> 55 | AE6: =AD6+AC6 -> 108 | AF6: 1 | AG6: 2 | AH6: =AG6+AF6 -> 3 | AM6: =AK6+AI6 -> 0 | AN6: =AL6+AJ6 -> 0 | AO6: =AN6+AM6 -> 0 | AT6: =AR6+AP6 -> 0 | AU6: =AS6+AQ6 -> 0 | AV6: =AU6+AT6 -> 0 | AX6: 1 | AZ6: 1 | BB6: 1 | BD6: 1 | BF6: 1 | BN6: 1 | BO6: 1 | BP6: 9 | BR6: =BQ6+BP6+BO6+BN6 -> 11 | CD6: 1 | CK6: =CI6+CG6+CE6+CC6+CA6+BY6+BW6+BS6 -> 0 | CL6: =CJ6+CH6+CD6+CB6+BZ6+BX6+BV6+BT6 -> 1 | CM6: =CL6+CK6 -> 1 | CN6: 11 | CQ6: =CP6+CO6+CN6 -> 11 | CR6: 8 | CW6: 2 | CX6: 1 | DA6: =CY6+CX6+CW6+CV6+CU6+CT6+CS6+CZ6 -> 3 | DB6: =DA6+CR6 -> 11 | DD6: 3 | DF6: 2 | DG6: 5 | DI6: 1 | DL6: =DK6+DJ6+DI6+DH6+DG6+DF6+DE6+DD6+DC6 -> 11 | DN6: 9 | DO6: 1 | DP6: 1 | DQ6: =DP6+DO6+DN6+DM6 -> 11 | DR6: 1 | DT6: 2 | DV6: 4 | DZ6: 5 | EC6: =DW6+DU6+DS6+DY6 -> 0 | ED6: =DX6+DV6+DT6+DZ6 -> 11 | EE6: =ED6+EC6 -> 11 | EG6: 1 | EI6: 4 | EK6: 2 | EM6: 4 | EP6: =EN6+EL6+EJ6+EH6+EF6 -> 0 | EQ6: =EO6+EM6+EK6+EI6+EG6 -> 11 | ER6: =EQ6+EP6 -> 11 | ES6: 1 | EU6: 1955 | EV6: 3188/149 | EW6: 2 | EX6: 1 | EZ6: 1 | FC6: 1 | FE6: 4 | FG6: 1 | FI6: 6 | FJ6: 4 | FK6: =FJ6+FI6 -> 10 | FL6: 1 | FS6: 1 | FU6: 1 | FW6: 1 | FY6: 1 | GA6: 1 | GF6: 1 | GH6: 1 | GJ6: 1 | GL6: 1 | GO6: 1 | GR6: 1 | GT6: 1 | GW6: 1 | GX6: 1 | HB6: 1 | HF6: 1 | HJ6: 1 | HN6: 100 | HO6: 60 | HP6: 5 | HQ6: 1 | HR6: 2 | HS6: 1 | HT6: 1 | HU6: 1 | HX6: 1 | HZ6: 1 | IF6: 1 | IH6: 62 | II6: 527 | IJ6: =II6+IH6 -> 589 | IK6: دائرة الاشراف | IL6: انوار نوري حسن | IM6: 7809359640
A7: 2 | B7: 1400136 | C7: النجف | D7: النجف | E7: المركز | F7: الحوراء | G7: الجديدة الثانية | J7: 1 | K7: 1 | M7: 1 | Q7: 1 | T7: 1 | Y7: 41 | Z7: 39 | AA7: 60 | AB7: 60 | AC7: =AA7+Y7 -> 101 | AD7: =AB7+Z7 -> 99 | AE7: =AD7+AC7 -> 200 | AF7: 2 | AG7: 2 | AH7: =AG7+AF7 -> 4 | AI7: 11 | AJ7: 6 | AK7: 5 | AL7: 1 | AM7: =AK7+AI7 -> 16 | AN7: =AL7+AJ7 -> 7 | AO7: =AN7+AM7 -> 23 | AQ7: 3 | AR7: 1 | AS7: 4 | AT7: =AR7+AP7 -> 1 | AU7: =AS7+AQ7 -> 7 | AV7: =AU7+AT7 -> 8 | AX7: 1 | AZ7: 1 | BB7: 1 | BD7: 1 | BF7: 1 | BN7: 1 | BP7: 6 | BR7: =BQ7+BP7+BO7+BN7 -> 7 | CD7: 1 | CE7: 1 | CK7: =CI7+CG7+CE7+CC7+CA7+BY7+BW7+BS7 -> 1 | CL7: =CJ7+CH7+CD7+CB7+BZ7+BX7+BV7+BT7 -> 1 | CM7: =CL7+CK7 -> 2 | CN7: 7 | CQ7: =CP7+CO7+CN7 -> 7 | CR7: 7 | DA7: =CY7+CX7+CW7+CV7+CU7+CT7+CS7+CZ7 -> 0 | DB7: =DA7+CR7 -> 7 | DD7: 1 | DG7: 6 | DL7: =DK7+DJ7+DI7+DH7+DG7+DF7+DE7+DD7+DC7 -> 7 | DM7: 1 | DN7: 6 | DQ7: =DP7+DO7+DN7+DM7 -> 7 | DT7: 6 | DZ7: 1 | EC7: =DW7+DU7+DS7+DY7 -> 0 | ED7: =DX7+DV7+DT7+DZ7 -> 7 | EE7: =ED7+EC7 -> 7 | EI7: 4 | EK7: 1 | EM7: 2 | EP7: =EN7+EL7+EJ7+EH7+EF7 -> 0 | EQ7: =EO7+EM7+EK7+EI7+EG7 -> 7 | ER7: =EQ7+EP7 -> 7 | ES7: 1 | EU7: 1982 | EV7: 1772/2 | EW7: 2 | EX7: 1 | FA7: 1 | FC7: 1 | FE7: 4 | FG7: 1 | FI7: 9 | FJ7: 3 | FK7: =FJ7+FI7 -> 12 | FL7: 1 | FS7: 1 | FU7: 1 | FW7: 1 | FY7: 1 | GA7: 1 | GF7: 1 | GI7: 1 | GJ7: 1 | GL7: 1 | GP7: 1 | GR7: 1 | GT7: 1 | GW7: 1 | GY7: 1 | HB7: 1 | HF7: 1 | HJ7: 1 | HN7: 44 | HO7: 15 | HP7: 6 | HR7: 1 | HT7: 1 | HX7: 1 | HZ7: 1 | IF7: 1 | II7: 306 | IJ7: =II7+IH7 -> 306 | IK7: ع0النجف المركزية | IL7: سندس ناجح عبدالزهره | IM7: 7825989301
A8: 3 | B8: 1400137 | C8: النجف | D8: النجف | E8: المركز | F8: الاجيال | G8: الصحة | J8: 1 | K8: 1 | M8: 1 | Q8: 1 | T8: 1 | Y8: 23 | Z8: 23 | AA8: 9 | AB8: 16 | AC8: =AA8+Y8 -> 32 | AD8: =AB8+Z8 -> 39 | AE8: =AD8+AC8 -> 71 | AF8: 2 | AG8: 2 | AH8: =AG8+AF8 -> 4 | AJ8: 2 | AK8: 2 | AL8: 1 | AM8: =AK8+AI8 -> 2 | AN8: =AL8+AJ8 -> 3 | AO8: =AN8+AM8 -> 5 | AP8: 7 | AQ8: 1 | AR8: 2 | AS8: 1 | AT8: =AR8+AP8 -> 9 | AU8: =AS8+AQ8 -> 2 | AV8: =AU8+AT8 -> 11 | AW8: 1 | AZ8: 1 | BB8: 1 | BC8: 1 | BF8: 1 | BN8: 1 | BO8: 1 | BP8: 8 | BR8: =BQ8+BP8+BO8+BN8 -> 10 | CB8: 2 | CE8: 1 | CK8: =CI8+CG8+CE8+CC8+CA8+BY8+BW8+BS8 -> 1 | CL8: =CJ8+CH8+CD8+CB8+BZ8+BX8+BV8+BT8 -> 2 | CM8: =CL8+CK8 -> 3 | CN8: 10 | CQ8: =CP8+CO8+CN8 -> 10 | CR8: 9 | CZ8: 1 | DA8: =CY8+CX8+CW8+CV8+CU8+CT8+CS8+CZ8 -> 1 | DB8: =DA8+CR8 -> 10 | DC8: 1 | DD8: 4 | DF8: 1 | DG8: 4 | DL8: =DK8+DJ8+DI8+DH8+DG8+DF8+DE8+DD8+DC8 -> 10 | DM8: 2 | DN8: 7 | DO8: 1 | DQ8: =DP8+DO8+DN8+DM8 -> 10 | DR8: 10 | DT8: 4 | DX8: 1 | DZ8: 5 | EC8: =DW8+DU8+DS8+DY8 -> 0 | ED8: =DX8+DV8+DT8+DZ8 -> 10 | EE8: =ED8+EC8 -> 10 | EI8: 4 | EK8: 2 | EM8: 4 | EP8: =EN8+EL8+EJ8+EH8+EF8 -> 0 | EQ8: =EO8+EM8+EK8+EI8+EG8 -> 10 | ER8: =EQ8+EP8 -> 10 | ES8: 1 | EU8: 1973 | EV8: 17254/2 | EW8: 2 | EY8: 1 | EZ8: 1 | FD8: 1 | FF8: 1 | FI8: 6 | FJ8: 5 | FK8: =FJ8+FI8 -> 11 | FL8: 1 | FS8: 1 | FU8: 1 | FW8: 1 | FY8: 1 | GA8: 1 | GF8: 1 | GH8: 1 | GJ8: 1 | GL8: 1 | GO8: 1 | GR8: 1 | GT8: 1 | GW8: 1 | GX8: 1 | HB8: 1 | HF8: 1 | HI8: 1 | HN8: 109 | HO8: 30 | HP8: 6 | HQ8: 3 | HR8: 1 | HT8: 1 | HU8: 1 | HX8: 1 | IB8: 1 | IF8: 1 | IH8: 97 | II8: 100 | IJ8: =II8+IH8 -> 197 | IK8: شرطة الكرار | IL8: فوزية شمران غيدان | IM8: 7816033328
A9: 4 | B9: 1400138 | C9: النجف | D9: النجف | E9: المركز | F9: البراعم | G9: الاسكان | J9: 1 | K9: 1 | M9: 1 | Q9: 1 | T9: 1 | Y9: 14 | Z9: 11 | AA9: 20 | AB9: 16 | AC9: =AA9+Y9 -> 34 | AD9: =AB9+Z9 -> 27 | AE9: =AD9+AC9 -> 61 | AF9: 1 | AG9: 1 | AH9: =AG9+AF9 -> 2 | AM9: =AK9+AI9 -> 0 | AN9: =AL9+AJ9 -> 0 | AO9: =AN9+AM9 -> 0 | AT9: =AR9+AP9 -> 0 | AU9: =AS9+AQ9 -> 0 | AV9: =AU9+AT9 -> 0 | AW9: 1 | AZ9: 1 | BB9: 1 | BD9: 1 | BF9: 1 | BN9: 1 | BP9: 9 | BR9: =BQ9+BP9+BO9+BN9 -> 10 | CB9: 2 | CD9: 1 | CE9: 1 | CK9: =CI9+CG9+CE9+CC9+CA9+BY9+BW9+BS9 -> 1 | CL9: =CJ9+CH9+CD9+CB9+BZ9+BX9+BV9+BT9 -> 3 | CM9: =CL9+CK9 -> 4 | CN9: 10 | CQ9: =CP9+CO9+CN9 -> 10 | CR9: 3 | CW9: 6 | CX9: 1 | DA9: =CY9+CX9+CW9+CV9+CU9+CT9+CS9+CZ9 -> 7 | DB9: =DA9+CR9 -> 10 | DD9: 5 | DF9: 2 | DG9: 2 | DH9: 1 | DL9: =DK9+DJ9+DI9+DH9+DG9+DF9+DE9+DD9+DC9 -> 10 | DN9: 9 | DO9: 1 | DQ9: =DP9+DO9+DN9+DM9 -> 10 | DR9: 3 | DT9: 1 | DX9: 2 | DZ9: 7 | EC9: =DW9+DU9+DS9+DY9 -> 0 | ED9: =DX9+DV9+DT9+DZ9 -> 10 | EE9: =ED9+EC9 -> 10 | EI9: 3 | EK9: 5 | EM9: 2 | EP9: =EN9+EL9+EJ9+EH9+EF9 -> 0 | EQ9: =EO9+EM9+EK9+EI9+EG9 -> 10 | ER9: =EQ9+EP9 -> 10 | ES9: 1 | EU9: 1967 | EV9: 11576/2 | EW9: 2 | EX9: 1 | EZ9: 1 | FD9: 1 | FE9: 2 | FF9: 1 | FI9: 6 | FJ9: 3 | FK9: =FJ9+FI9 -> 9 | FL9: 1 | FS9: 1 | FU9: 1 | FW9: 1 | FY9: 1 | GA9: 1 | GF9: 1 | GH9: 1 | GJ9: 1 | GL9: 1 | GO9: 1 | GR9: 1 | GT9: 1 | GW9: 1 | GY9: 1 | HB9: 1 | HF9: 1 | HJ9: 1 | HN9: 25 | HP9: 4 | HR9: 2 | HT9: 1 | HV9: 1 | HX9: 1 | HZ9: 1 | IE9: 1 | IH9: 1179 | IJ9: =II9+IH9 -> 1179 | IK9: شارع الروان | IL9: زهراء يحيى محمد | IM9: 7725713323
A10: 5 | B10: 1400139 | C10: النجف | D10: النجف | E10: المركز | F10: الزيتون | G10: المعلمين | J10: 1 | K10: 1 | M10: 1 | Q10: 1 | T10: 1 | Y10: 27 | Z10: 43 | AA10: 23 | AB10: 27 | AC10: =AA10+Y10 -> 50 | AD10: =AB10+Z10 -> 70 | AE10: =AD10+AC10 -> 120 | AF10: 1 | AG10: 2 | AH10: =AG10+AF10 -> 3 | AM10: =AK10+AI10 -> 0 | AN10: =AL10+AJ10 -> 0 | AO10: =AN10+AM10 -> 0 | AT10: =AR10+AP10 -> 0 | AU10: =AS10+AQ10 -> 0 | AV10: =AU10+AT10 -> 0 | AX10: 1 | AZ10: 1 | BB10: 1 | BD10: 1 | BF10: 1 | BN10: 1 | BO10: 1 | BP10: 5 | BR10: =BQ10+BP10+BO10+BN10 -> 7 | BT10: 1 | CD10: 1 | CE10: 1 | CK10: =CI10+CG10+CE10+CC10+CA10+BY10+BW10+BS10 -> 1 | CL10: =CJ10+CH10+CD10+CB10+BZ10+BX10+BV10+BT10 -> 2 | CM10: =CL10+CK10 -> 3 | CN10: 7 | CQ10: =CP10+CO10+CN10 -> 7 | CR10: 7 | DA10: =CY10+CX10+CW10+CV10+CU10+CT10+CS10+CZ10 -> 0 | DB10: =DA10+CR10 -> 7 | DD10: 4 | DF10: 2 | DH10: 1 | DL10: =DK10+DJ10+DI10+DH10+DG10+DF10+DE10+DD10+DC10 -> 7 | DM10: 1 | DN10: 6 | DQ10: =DP10+DO10+DN10+DM10 -> 7 | DV10: 2 | DX10: 2 | DZ10: 3 | EC10: =DW10+DU10+DS10+DY10 -> 0 | ED10: =DX10+DV10+DT10+DZ10 -> 7 | EE10: =ED10+EC10 -> 7 | EI10: 1 | EK10: 4 | EM10: 2 | EP10: =EN10+EL10+EJ10+EH10+EF10 -> 0 | EQ10: =EO10+EM10+EK10+EI10+EG10 -> 7 | ER10: =EQ10+EP10 -> 7 | ES10: 1 | EU10: 1978 | EV10: 10990/2 | EW10: م2 | EX10: 1 | EZ10: 1 | FC10: 1 | FE10: 2 | FF10: 1 | FI10: 4 | FJ10: 6 | FK10: =FJ10+FI10 -> 10 | FL10: 1 | FS10: 1 | FU10: 1 | FW10: 1 | FY10: 1 | GA10: 1 | GF10: 1 | GI10: 1 | GJ10: 1 | GL10: 1 | GO10: 1 | GR10: 1 | GT10: 1 | GW10: 1 | HA10: 1 | HB10: 1 | HF10: 1 | HI10: 1 | HN10: 24 | HO10: 9 | HP10: 4 | HR10: 1 | HT10: 1 | HX10: 1 | HZ10: 1 | IF10: 1 | II10: 261 | IJ10: =II10+IH10 -> 261 | IK10: م0 ميسلون | IL10: زينب شاكر كاظم | IM10: 7861911415
A11: 6 | B11: 1400140 | C11: النجف | D11: النجف | E11: المركز | F11: النرجس | G11: الانصار | J11: 1 | K11: 1 | M11: 1 | Q11: 1 | T11: 1 | Y11: 53 | Z11: 59 | AA11: 41 | AB11: 35 | AC11: =AA11+Y11 -> 94 | AD11: =AB11+Z11 -> 94 | AE11: =AD11+AC11 -> 188 | AF11: 2 | AG11: 2 | AH11: =AG11+AF11 -> 4 | AI11: 10 | AJ11: 13 | AK11: 10 | AL11: 10 | AM11: =AK11+AI11 -> 20 | AN11: =AL11+AJ11 -> 23 | AO11: =AN11+AM11 -> 43 | AT11: =AR11+AP11 -> 0 | AU11: =AS11+AQ11 -> 0 | AV11: =AU11+AT11 -> 0 | AX11: 1 | AZ11: 1 | BB11: 1 | BD11: 1 | BF11: 1 | BN11: 1 | BO11: 1 | BP11: 6 | BR11: =BQ11+BP11+BO11+BN11 -> 8 | BT11: 2 | CB11: 1 | CD11: 1 | CE11: 1 | CK11: =CI11+CG11+CE11+CC11+CA11+BY11+BW11+BS11 -> 1 | CL11: =CJ11+CH11+CD11+CB11+BZ11+BX11+BV11+BT11 -> 4 | CM11: =CL11+CK11 -> 5 | CN11: 8 | CQ11: =CP11+CO11+CN11 -> 8 | CR11: 6 | CW11: 1 | CX11: 1 | DA11: =CY11+CX11+CW11+CV11+CU11+CT11+CS11+CZ11 -> 2 | DB11: =DA11+CR11 -> 8 | DD11: 1 | DF11: 1 | DG11: 5 | DH11: 1 | DL11: =DK11+DJ11+DI11+DH11+DG11+DF11+DE11+DD11+DC11 -> 8 | DM11: 1 | DN11: 6 | DO11: 1 | DQ11: =DP11+DO11+DN11+DM11 -> 8 | DR11: 8 | DV11: 5 | DZ11: 3 | EC11: =DW11+DU11+DS11+DY11 -> 0 | ED11: =DX11+DV11+DT11+DZ11 -> 8 | EE11: =ED11+EC11 -> 8 | EI11: 3 | EK11: 3 | EM11: 2 | EP11: =EN11+EL11+EJ11+EH11+EF11 -> 0 | EQ11: =EO11+EM11+EK11+EI11+EG11 -> 8 | ER11: =EQ11+EP11 -> 8 | ES11: 1 | EU11: 1980 | EV11: 9227/2 | EW11: 2 | EX11: 1 | EZ11: 1 | FC11: 1 | FE11: 6 | FF11: 1 | FI11: 4 | FJ11: 6 | FK11: =FJ11+FI11 -> 10 | FL11: 1 | FS11: 1 | FV11: 1 | FX11: 1 | FY11: 1 | GA11: 1 | GF11: 1 | GH11: 1 | GJ11: 1 | GL11: 1 | GP11: 1 | GR11: 1 | GT11: 1 | GW11: 1 | HA11: 1 | HB11: 1 | HF11: 1 | HJ11: 1 | HN11: 200 | HO11: 62 | HP11: 2 | HQ11: 3 | HR11: 1 | HS11: 1 | HT11: 1 | HX11: 1 | IA11: 1 | IE11: 1 | II11: 696 | IJ11: =II11+IH11 -> 696 | IK11: شارع البنزين خانة | IL11: هناء جبار شهيد | IM11: 7839217375
A12: 7 | B12: 1400141 | C12: النجف | D12: النجف | E12: المركز | F12: البيادر | G12: الحوراء زينب | J12: 1 | K12: 1 | M12: 1 | Q12: 1 | T12: 1 | Y12: 16 | Z12: 10 | AA12: 30 | AB12: 20 | AC12: =AA12+Y12 -> 46 | AD12: =AB12+Z12 -> 30 | AE12: =AD12+AC12 -> 76 | AF12: 1 | AG12: 1 | AH12: =AG12+AF12 -> 2 | AM12: =AK12+AI12 -> 0 | AN12: =AL12+AJ12 -> 0 | AO12: =AN12+AM12 -> 0 | AT12: =AR12+AP12 -> 0 | AU12: =AS12+AQ12 -> 0 | AV12: =AU12+AT12 -> 0 | AX12: 1 | AZ12: 1 | BB12: 1 | BC12: 1 | BF12: 1 | BN12: 1 | BP12: 5 | BR12: =BQ12+BP12+BO12+BN12 -> 6 | CD12: 1 | CK12: =CI12+CG12+CE12+CC12+CA12+BY12+BW12+BS12 -> 0 | CL12: =CJ12+CH12+CD12+CB12+BZ12+BX12+BV12+BT12 -> 1 | CM12: =CL12+CK12 -> 1 | CN12: 6 | CQ12: =CP12+CO12+CN12 -> 6 | CR12: 5 | CW12: 1 | DA12: =CY12+CX12+CW12+CV12+CU12+CT12+CS12+CZ12 -> 1 | DB12: =DA12+CR12 -> 6 | DD12: 2 | DF12: 2 | DH12: 1 | DI12: 1 | DL12: =DK12+DJ12+DI12+DH12+DG12+DF12+DE12+DD12+DC12 -> 6 | DN12: 6 | DQ12: =DP12+DO12+DN12+DM12 -> 6 | DR12: 1 | DT12: 1 | DZ12: 5 | EC12: =DW12+DU12+DS12+DY12 -> 0 | ED12: =DX12+DV12+DT12+DZ12 -> 6 | EE12: =ED12+EC12 -> 6 | EK12: 3 | EM12: 3 | EP12: =EN12+EL12+EJ12+EH12+EF12 -> 0 | EQ12: =EO12+EM12+EK12+EI12+EG12 -> 6 | ER12: =EQ12+EP12 -> 6 | ES12: 1 | EU12: 1981 | EV12: 10481/2 | EW12: 2 | EY12: 1 | EZ12: 1 | FD12: 1 | FF12: 1 | FI12: 4 | FJ12: 7 | FK12: =FJ12+FI12 -> 11 | FL12: 1 | FS12: 1 | FU12: 1 | FW12: 1 | FY12: 1 | GA12: 1 | GF12: 1 | GI12: 1 | GJ12: 1 | GL12: 1 | GO12: 1 | GR12: 1 | GT12: 1 | GV12: 1 | GX12: 1 | HB12: 1 | HF12: 1 | HJ12: 1 | HN12: 23 | HO12: 10 | HP12: 3 | HQ12: 2 | HR12: 1 | HT12: 1 | HX12: 1 | IB12: 1 | IE12: 1 | IH12: 135 | II12: 120 | IJ12: =II12+IH12 -> 255 | IK12: اعدادية الغري المهنية | IL12: حلا نجاح مرزة | IM12: 7802835692
A13: 8 | B13: 1400142 | C13: النجف | D13: النجف | E13: المركز | F13: الربيع | G13: الزهراء | J13: 1 | K13: 1 | M13: 1 | Q13: 1 | T13: 1 | Y13: 34 | Z13: 36 | AA13: 75 | AB13: 70 | AC13: =AA13+Y13 -> 109 | AD13: =AB13+Z13 -> 106 | AE13: =AD13+AC13 -> 215 | AF13: 2 | AG13: 2 | AH13: =AG13+AF13 -> 4 | AM13: =AK13+AI13 -> 0 | AN13: =AL13+AJ13 -> 0 | AO13: =AN13+AM13 -> 0 | AT13: =AR13+AP13 -> 0 | AU13: =AS13+AQ13 -> 0 | AV13: =AU13+AT13 -> 0 | AX13: 1 | AZ13: 1 | BB13: 1 | BD13: 1 | BF13: 1 | BN13: 1 | BO13: 1 | BP13: 7 | BR13: =BQ13+BP13+BO13+BN13 -> 9 | CD13: 1 | CK13: =CI13+CG13+CE13+CC13+CA13+BY13+BW13+BS13 -> 0 | CL13: =CJ13+CH13+CD13+CB13+BZ13+BX13+BV13+BT13 -> 1 | CM13: =CL13+CK13 -> 1 | CN13: 9 | CQ13: =CP13+CO13+CN13 -> 9 | CR13: 6 | CW13: 1 | CX13: 1 | CZ13: 1 | DA13: =CY13+CX13+CW13+CV13+CU13+CT13+CS13+CZ13 -> 3 | DB13: =DA13+CR13 -> 9 | DD13: 3 | DG13: 6 | DL13: =DK13+DJ13+DI13+DH13+DG13+DF13+DE13+DD13+DC13 -> 9 | DM13: 2 | DN13: 7 | DQ13: =DP13+DO13+DN13+DM13 -> 9 | DT13: 6 | DZ13: 3 | EC13: =DW13+DU13+DS13+DY13 -> 0 | ED13: =DX13+DV13+DT13+DZ13 -> 9 | EE13: =ED13+EC13 -> 9 | EI13: 4 | EK13: 5 | EP13: =EN13+EL13+EJ13+EH13+EF13 -> 0 | EQ13: =EO13+EM13+EK13+EI13+EG13 -> 9 | ER13: =EQ13+EP13 -> 9 | ES13: 1 | EU13: 1981 | EV13: 16614 | EW13: 2 | EX13: 1 | EZ13: 1 | FC13: 1 | FE13: 2 | FF13: 1 | FI13: 4 | FJ13: 8 | FK13: =FJ13+FI13 -> 12 | FL13: 1 | FS13: 1 | FV13: 1 | FW13: 1 | FY13: 1 | GA13: 1 | GF13: 1 | GI13: 1 | GJ13: 1 | GL13: 1 | GO13: 1 | GR13: 1 | GT13: 1 | GV13: 1 | GX13: 1 | HB13: 1 | HF13: 1 | HI13: 1 | HL13: 45 | HM13: 20 | HN13: 50 | HO13: 20 | HP13: 6 | HR13: 2 | HT13: 1 | HX13: 1 | IB13: 1 | IE13: 1 | IH13: 50 | II13: 120 | IJ13: =II13+IH13 -> 170 | IK13: السوق العصري -الزهراء | IL13: شيماء عبد المنعم هادي | IM13: 7802545032
A14: 9 | B14: 1400143 | C14: النجف | D14: النجف | E14: المركز | F14: الهديل | G14: العلماء | J14: 1 | K14: 1 | M14: 1 | Q14: 1 | T14: 1 | Y14: 41 | Z14: 33 | AA14: 50 | AB14: 42 | AC14: =AA14+Y14 -> 91 | AD14: =AB14+Z14 -> 75 | AE14: =AD14+AC14 -> 166 | AF14: 2 | AG14: 2 | AH14: =AG14+AF14 -> 4 | AK14: 12 | AL14: 10 | AM14: =AK14+AI14 -> 12 | AN14: =AL14+AJ14 -> 10 | AO14: =AN14+AM14 -> 22 | AT14: =AR14+AP14 -> 0 | AU14: =AS14+AQ14 -> 0 | AV14: =AU14+AT14 -> 0 | AX14: 1 | AZ14: 1 | BB14: 1 | BD14: 1 | BF14: 1 | BN14: 1 | BO14: 1 | BP14: 6 | BR14: =BQ14+BP14+BO14+BN14 -> 8 | CB14: 1 | CD14: 2 | CE14: 1 | CK14: =CI14+CG14+CE14+CC14+CA14+BY14+BW14+BS14 -> 1 | CL14: =CJ14+CH14+CD14+CB14+BZ14+BX14+BV14+BT14 -> 3 | CM14: =CL14+CK14 -> 4 | CN14: 8 | CQ14: =CP14+CO14+CN14 -> 8 | CR14: 6 | CW14: 1 | CX14: 1 | DA14: =CY14+CX14+CW14+CV14+CU14+CT14+CS14+CZ14 -> 2 | DB14: =DA14+CR14 -> 8 | DD14: 2 | DF14: 2 | DG14: 4 | DL14: =DK14+DJ14+DI14+DH14+DG14+DF14+DE14+DD14+DC14 -> 8 | DM14: 1 | DN14: 6 | DP14: 1 | DQ14: =DP14+DO14+DN14+DM14 -> 8 | DT14: 3 | DV14: 1 | DX14: 1 | DZ14: 3 | EC14: =DW14+DU14+DS14+DY14 -> 0 | ED14: =DX14+DV14+DT14+DZ14 -> 8 | EE14: =ED14+EC14 -> 8 | EI14: 3 | EK14: 1 | EM14: 4 | EP14: =EN14+EL14+EJ14+EH14+EF14 -> 0 | EQ14: =EO14+EM14+EK14+EI14+EG14 -> 8 | ER14: =EQ14+EP14 -> 8 | ES14: 1 | EU14: 1981 | EV14: 2961/2 | EW14: 2 | EX14: 1 | EZ14: 1 | FC14: 1 | FE14: 2 | FF14: 1 | FI14: 4 | FJ14: 6 | FK14: =FJ14+FI14 -> 10 | FL14: 1 | FS14: 1 | FU14: 1 | FW14: 1 | FY14: 1 | GA14: 1 | GF14: 1 | GI14: 1 | GJ14: 1 | GL14: 1 | GQ14: 1 | GR14: 1 | GT14: 1 | GV14: 1 | GX14: 1 | HB14: 1 | HF14: 1 | HJ14: 1 | HL14: 60 | HN14: 60 | HO14: 60 | HP14: 4 | HQ14: 12 | HR14: 1 | HS14: 1 | HT14: 2 | HX14: 1 | IB14: 1 | IG14: 1 | II14: 490 | IJ14: =II14+IH14 -> 490 | IK14: جامع الفرطوسي | IL14: تغريد سعيد كريم | IM14: 7801532325
A15: 10 | B15: 1400144 | C15: النجف | D15: النجف | E15: المركز | F15: الشهيدة احلام رزاق | G15: الغري | J15: 1 | K15: 1 | M15: 1 | Q15: 1 | T15: 1 | Y15: 39 | Z15: 25 | AA15: 48 | AB15: 56 | AC15: =AA15+Y15 -> 87 | AD15: =AB15+Z15 -> 81 | AE15: =AD15+AC15 -> 168 | AF15: 2 | AG15: 2 | AH15: =AG15+AF15 -> 4 | AM15: =AK15+AI15 -> 0 | AN15: =AL15+AJ15 -> 0 | AO15: =AN15+AM15 -> 0 | AT15: =AR15+AP15 -> 0 | AU15: =AS15+AQ15 -> 0 | AV15: =AU15+AT15 -> 0 | AX15: 1 | AZ15: 1 | BB15: 1 | BD15: 1 | BF15: 1 | BN15: 1 | BP15: 12 | BR15: =BQ15+BP15+BO15+BN15 -> 13 | CD15: 3 | CE15: 1 | CK15: =CI15+CG15+CE15+CC15+CA15+BY15+BW15+BS15 -> 1 | CL15: =CJ15+CH15+CD15+CB15+BZ15+BX15+BV15+BT15 -> 3 | CM15: =CL15+CK15 -> 4 | CN15: 13 | CQ15: =CP15+CO15+CN15 -> 13 | CR15: 9 | CW15: 2 | CZ15: 2 | DA15: =CY15+CX15+CW15+CV15+CU15+CT15+CS15+CZ15 -> 4 | DB15: =DA15+CR15 -> 13 | DC15: 1 | DD15: 2 | DF15: 4 | DG15: 6 | DL15: =DK15+DJ15+DI15+DH15+DG15+DF15+DE15+DD15+DC15 -> 13 | DN15: 12 | DP15: 1 | DQ15: =DP15+DO15+DN15+DM15 -> 13 | DR15: 8 | DV15: 8 | DX15: 2 | DZ15: 3 | EC15: =DW15+DU15+DS15+DY15 -> 0 | ED15: =DX15+DV15+DT15+DZ15 -> 13 | EE15: =ED15+EC15 -> 13 | EI15: 9 | EK15: 2 | EM15: 2 | EP15: =EN15+EL15+EJ15+EH15+EF15 -> 0 | EQ15: =EO15+EM15+EK15+EI15+EG15 -> 13 | ER15: =EQ15+EP15 -> 13 | ES15: 1 | EU15: 1979 | EV15: 72917/3 | EW15: 4 | EX15: 1 | EZ15: 1 | FD15: 1 | FF15: 1 | FI15: 4 | FJ15: 4 | FK15: =FJ15+FI15 -> 8 | FL15: 1 | FS15: 1 | FU15: 1 | FW15: 1 | FY15: 1 | GA15: 1 | GF15: 1 | GH15: 1 | GJ15: 1 | GL15: 1 | GO15: 1 | GR15: 1 | GT15: 1 | GV15: 1 | GX15: 1 | HB15: 1 | HF15: 1 | HI15: 1 | HN15: 178 | HO15: 30 | HP15: 4 | HQ15: 4 | HR15: 1 | HS15: 1 | HT15: 1 | HW15: 1 | HX15: 1 | IB15: 1 | ID15: 1 | IH15: 111 | II15: 1061 | IJ15: =II15+IH15 -> 1172 | IK15: المستوصف الصحي -الاطباء | IL15: تماضر سعيد حسين | IM15: 7702708819
A16: 11 | B16: 1400145 | C16: النجف | D16: النجف | E16: المركز | F16: قتيبة | G16: الوفاء | J16: 1 | K16: 1 | M16: 1 | Q16: 1 | T16: 1 | Y16: 10 | Z16: 23 | AA16: 38 | AB16: 33 | AC16: =AA16+Y16 -> 48 | AD16: =AB16+Z16 -> 56 | AE16: =AD16+AC16 -> 104 | AF16: 1 | AG16: 2 | AH16: =AG16+AF16 -> 3 | AI16: 1 | AJ16: 2 | AM16: =AK16+AI16 -> 1 | AN16: =AL16+AJ16 -> 2 | AO16: =AN16+AM16 -> 3 | AT16: =AR16+AP16 -> 0 | AU16: =AS16+AQ16 -> 0 | AV16: =AU16+AT16 -> 0 | AX16: 1 | AZ16: 1 | BB16: 1 | BD16: 1 | BF16: 1 | BN16: 1 | BP16: 8 | BR16: =BQ16+BP16+BO16+BN16 -> 9 | CD16: 2 | CE16: 1 | CK16: =CI16+CG16+CE16+CC16+CA16+BY16+BW16+BS16 -> 1 | CL16: =CJ16+CH16+CD16+CB16+BZ16+BX16+BV16+BT16 -> 2 | CM16: =CL16+CK16 -> 3 | CN16: 9 | CQ16: =CP16+CO16+CN16 -> 9 | CR16: 9 | DA16: =CY16+CX16+CW16+CV16+CU16+CT16+CS16+CZ16 -> 0 | DB16: =DA16+CR16 -> 9 | DC16: 1 | DD16: 2 | DF16: 2 | DG16: 4 | DL16: =DK16+DJ16+DI16+DH16+DG16+DF16+DE16+DD16+DC16 -> 9 | DM16: 1 | DN16: 8 | DQ16: =DP16+DO16+DN16+DM16 -> 9 | DT16: 5 | DV16: 2 | DZ16: 2 | EC16: =DW16+DU16+DS16+DY16 -> 0 | ED16: =DX16+DV16+DT16+DZ16 -> 9 | EE16: =ED16+EC16 -> 9 | EI16: 5 | EK16: 2 | EM16: 2 | EP16: =EN16+EL16+EJ16+EH16+EF16 -> 0 | EQ16: =EO16+EM16+EK16+EI16+EG16 -> 9 | ER16: =EQ16+EP16 -> 9 | ES16: 1 | EU16: 1986 | EV16: 41/41105 | EW16: 4 | EX16: 1 | EZ16: 1 | FC16: 1 | FE16: 3 | FF16: 1 | FI16: 6 | FJ16: 7 | FK16: =FJ16+FI16 -> 13 | FL16: 1 | FS16: 1 | FU16: 1 | FW16: 1 | FY16: 1 | GA16: 1 | GF16: 1 | GH16: 1 | GJ16: 1 | GL16: 1 | GO16: 1 | GS16: 1 | GT16: 1 | GW16: 1 | HB16: 1 | HF16: 1 | HJ16: 1 | HN16: 120 | HP16: 3 | HR16: 1 | HT16: 1 | HX16: 1 | IB16: 1 | IE16: 1 | IH16: 113 | II16: 140 | IJ16: =II16+IH16 -> 253 | IK16: قسم محو الامية | IL16: وفاء علي حسين | IM16: 7822874003
A17: 12 | B17: 1400146 | C17: النجف | D17: النجف | E17: المركز | F17: العبير | G17: الزهراء | J17: 1 | K17: 1 | M17: 1 | Q17: 1 | T17: 1 | Y17: 55 | Z17: 61 | AA17: 65 | AB17: 69 | AC17: =AA17+Y17 -> 120 | AD17: =AB17+Z17 -> 130 | AE17: =AD17+AC17 -> 250 | AF17: 2 | AG17: 3 | AH17: =AG17+AF17 -> 5 | AM17: =AK17+AI17 -> 0 | AN17: =AL17+AJ17 -> 0 | AO17: =AN17+AM17 -> 0 | AT17: =AR17+AP17 -> 0 | AU17: =AS17+AQ17 -> 0 | AV17: =AU17+AT17 -> 0 | AX17: 1 | AZ17: 1 | BB17: 1 | BD17: 1 | BE17: 1 | BG17: 1 | BN17: 1 | BO17: 1 | BP17: 8 | BR17: =BQ17+BP17+BO17+BN17 -> 10 | CB17: 2 | CD17: 2 | CE17: 1 | CK17: =CI17+CG17+CE17+CC17+CA17+BY17+BW17+BS17 -> 1 | CL17: =CJ17+CH17+CD17+CB17+BZ17+BX17+BV17+BT17 -> 4 | CM17: =CL17+CK17 -> 5 | CN17: 10 | CQ17: =CP17+CO17+CN17 -> 10 | CR17: 8 | CZ17: 2 | DA17: =CY17+CX17+CW17+CV17+CU17+CT17+CS17+CZ17 -> 2 | DB17: =DA17+CR17 -> 10 | DD17: 6 | DG17: 4 | DL17: =DK17+DJ17+DI17+DH17+DG17+DF17+DE17+DD17+DC17 -> 10 | DN17: 10 | DQ17: =DP17+DO17+DN17+DM17 -> 10 | DT17: 4 | DX17: 2 | DZ17: 4 | EC17: =DW17+DU17+DS17+DY17 -> 0 | ED17: =DX17+DV17+DT17+DZ17 -> 10 | EE17: =ED17+EC17 -> 10 | EI17: 6 | EM17: 4 | EP17: =EN17+EL17+EJ17+EH17+EF17 -> 0 | EQ17: =EO17+EM17+EK17+EI17+EG17 -> 10 | ER17: =EQ17+EP17 -> 10 | ES17: 1 | EU17: 1982 | EV17: 1651/1 | EW17: 3 | EX17: 1 | EZ17: 1 | FC17: 1 | FE17: 4 | FF17: 1 | FI17: 4 | FJ17: 7 | FK17: =FJ17+FI17 -> 11 | FL17: 1 | FS17: 1 | FU17: 1 | FW17: 1 | FY17: 1 | GA17: 1 | GF17: 1 | GH17: 1 | GJ17: 1 | GL17: 1 | GO17: 1 | GR17: 1 | GT17: 1 | GV17: 1 | HA17: 1 | HB17: 1 | HF17: 1 | HJ17: 1 | HN17: 300 | HP17: 6 | HR17: 1 | HT17: 1 | HW17: 1 | HX17: 1 | HZ17: 1 | IG17: 1 | IH17: 256 | IJ17: =II17+IH17 -> 256 | IK17: شارع المدارس-الزهراء | IL17: زينب محمد باقر مجبل | IM17: 7717355664
A18: 13 | B18: 1400147 | C18: النجف | D18: النجف | E18: المركز | F18: المباهج | G18: الانصار | J18: 1 | K18: 1 | M18: 1 | Q18: 1 | T18: 1 | Y18: 41 | Z18: 47 | AA18: 101 | AB18: 111 | AC18: =AA18+Y18 -> 142 | AD18: =AB18+Z18 -> 158 | AE18: =AD18+AC18 -> 300 | AF18: 2 | AG18: 3 | AH18: =AG18+AF18 -> 5 | AM18: =AK18+AI18 -> 0 | AN18: =AL18+AJ18 -> 0 | AO18: =AN18+AM18 -> 0 | AT18: =AR18+AP18 -> 0 | AU18: =AS18+AQ18 -> 0 | AV18: =AU18+AT18 -> 0 | AX18: 1 | AZ18: 1 | BB18: 1 | BD18: 1 | BF18: 1 | BN18: 1 | BO18: 1 | BP18: 8 | BR18: =BQ18+BP18+BO18+BN18 -> 10 | CD18: 3 | CE18: 1 | CK18: =CI18+CG18+CE18+CC18+CA18+BY18+BW18+BS18 -> 1 | CL18: =CJ18+CH18+CD18+CB18+BZ18+BX18+BV18+BT18 -> 3 | CM18: =CL18+CK18 -> 4 | CN18: 10 | CQ18: =CP18+CO18+CN18 -> 10 | CR18: 9 | CZ18: 1 | DA18: =CY18+CX18+CW18+CV18+CU18+CT18+CS18+CZ18 -> 1 | DB18: =DA18+CR18 -> 10 | DD18: 5 | DF18: 1 | DG18: 4 | DL18: =DK18+DJ18+DI18+DH18+DG18+DF18+DE18+DD18+DC18 -> 10 | DM18: 1 | DN18: 9 | DQ18: =DP18+DO18+DN18+DM18 -> 10 | DR18: 2 | DT18: 4 | DV18: 1 | DX18: 2 | DZ18: 3 | EC18: =DW18+DU18+DS18+DY18 -> 0 | ED18: =DX18+DV18+DT18+DZ18 -> 10 | EE18: =ED18+EC18 -> 10 | EI18: 4 | EK18: 4 | EM18: 2 | EP18: =EN18+EL18+EJ18+EH18+EF18 -> 0 | EQ18: =EO18+EM18+EK18+EI18+EG18 -> 10 | ER18: =EQ18+EP18 -> 10 | ES18: 1 | EU18: 1982 | EX18: 1 | EZ18: 1 | FC18: 1 | FE18: 2 | FF18: 1 | FI18: 5 | FJ18: 5 | FK18: =FJ18+FI18 -> 10 | FL18: 1 | FS18: 1 | FU18: 1 | FW18: 1 | FY18: 1 | GA18: 1 | GF18: 1 | GH18: 1 | GJ18: 1 | GL18: 1 | GO18: 1 | GR18: 1 | GT18: 1 | GV18: 1 | GX18: 1 | HB18: 1 | HF18: 1 | HI18: 1 | HM18: 200 | HN18: 200 | HO18: 50 | HP18: 5 | HQ18: 4 | HR18: 1 | HX18: 1 | IB18: 1 | IE18: 1 | IH18: 107 | IJ18: =II18+IH18 -> 107 | IK18: الانصار-الشارع العام | IL18: نهلة هادي غني | IM18: 7803088476
A19: 14 | B19: 1400148 | C19: النجف | D19: النجف | E19: المركز | F19: اطفال الثورة | G19: الثورة | J19: 1 | K19: 1 | M19: 1 | Q19: 1 | S19: 1 | T19: 1 | AC19: =AA19+Y19 -> 0 | AD19: =AB19+Z19 -> 0 | AE19: =AD19+AC19 -> 0 | AH19: =AG19+AF19 -> 0 | AM19: =AK19+AI19 -> 0 | AN19: =AL19+AJ19 -> 0 | AO19: =AN19+AM19 -> 0 | AT19: =AR19+AP19 -> 0 | AU19: =AS19+AQ19 -> 0 | AV19: =AU19+AT19 -> 0 | AX19: 1 | AZ19: 1 | BB19: 1 | BD19: 1 | BF19: 1 | BN19: 1 | BP19: 1 | BR19: =BQ19+BP19+BO19+BN19 -> 2 | CD19: 1 | CK19: =CI19+CG19+CE19+CC19+CA19+BY19+BW19+BS19 -> 0 | CL19: =CJ19+CH19+CF19+CD19+CB19+BZ19+BX19+BT19 -> 1 | CM19: =CL19+CK19 -> 1 | CN19: 2 | CQ19: =CP19+CO19+CN19 -> 2 | CR19: 2 | DA19: =CY19+CX19+CW19+CV19+CU19+CT19+CS19+CZ19 -> 0 | DB19: =DA19+CR19 -> 2 | DG19: 2 | DL19: =DK19+DJ19+DI19+DH19+DG19+DF19+DE19+DD19+DC19 -> 2 | DM19: 1 | DN19: 1 | DQ19: =DP19+DO19+DN19+DM19 -> 2 | DR19: 1 | DX19: 1 | DZ19: 1 | EC19: =DW19+DU19+DS19+DY19 -> 0 | ED19: =DX19+DV19+DT19+DZ19 -> 2 | EE19: =ED19+EC19 -> 2 | EK19: 2 | EP19: =EN19+EL19+EJ19+EH19+EF19 -> 0 | EQ19: =EO19+EM19+EK19+EI19+EG19 -> 2 | ER19: =EQ19+EP19 -> 2 | ES19: 1 | EU19: 1984 | EX19: 1 | EZ19: 1 | FD19: 1 | FF19: 1 | FI19: 4 | FJ19: 6 | FK19: =FJ19+FI19 -> 10 | FL19: 1 | FS19: 1 | FV19: 1 | FX19: 1 | FY19: 1 | GA19: 1 | GF19: 1 | GH19: 1 | GJ19: 1 | GL19: 1 | GQ19: 1 | GS19: 1 | GU19: 1 | GW19: 1 | HB19: 1 | HF19: 1 | HK19: 1 | IJ19: =II19+IH19 -> 0 | IK19: المصلخ | IL19: نورس حسن سعد | IM19: 7842816800
A20: 15 | B20: 1400149 | C20: النجف | D20: النجف | E20: المركز | F20: الحسين | G20: الحسين | J20: 1 | K20: 1 | M20: 1 | Q20: 1 | T20: 1 | Y20: 45 | Z20: 40 | AA20: 51 | AB20: 44 | AC20: =AA20+Y20 -> 96 | AD20: =AB20+Z20 -> 84 | AE20: =AD20+AC20 -> 180 | AF20: 2 | AG20: 2 | AH20: =AG20+AF20 -> 4 | AI20: 12 | AJ20: 10 | AK20: 10 | AL20: 5 | AM20: =AK20+AI20 -> 22 | AN20: =AL20+AJ20 -> 15 | AO20: =AN20+AM20 -> 37 | AR20: 1 | AT20: =AR20+AP20 -> 1 | AU20: =AS20+AQ20 -> 0 | AV20: =AU20+AT20 -> 1 | AX20: 1 | AZ20: 1 | BB20: 1 | BD20: 1 | BF20: 1 | BN20: 1 | BO20: 1 | BP20: 10 | BR20: =BQ20+BP20+BO20+BN20 -> 12 | BT20: 1 | BV20: 1 | CD20: 3 | CE20: 1 | CK20: =CI20+CG20+CE20+CC20+CA20+BY20+BW20+BS20 -> 1 | CL20: =CJ20+CH20+CD20+CB20+BZ20+BX20+BV20+BT20 -> 5 | CM20: =CL20+CK20 -> 6 | CN20: 12 | CQ20: =CP20+CO20+CN20 -> 12 | CR20: 10 | CZ20: 2 | DA20: =CY20+CX20+CW20+CV20+CU20+CT20+CS20+CZ20 -> 2 | DB20: =DA20+CR20 -> 12 | DD20: 5 | DF20: 3 | DG20: 4 | DL20: =DK20+DJ20+DI20+DH20+DG20+DF20+DE20+DD20+DC20 -> 12 | DM20: 2 | DN20: 9 | DO20: 1 | DQ20: =DP20+DO20+DN20+DM20 -> 12 | DR20: 1 | DT20: 1 | DZ20: 11 | EC20: =DW20+DU20+DS20+DY20 -> 0 | ED20: =DX20+DV20+DT20+DZ20 -> 12 | EE20: =ED20+EC20 -> 12 | EI20: 3 | EK20: 4 | EM20: 4 | EO20: 1 | EP20: =EN20+EL20+EJ20+EH20+EF20 -> 0 | EQ20: =EO20+EM20+EK20+EI20+EG20 -> 12 | ER20: =EQ20+EP20 -> 12 | ES20: 1 | EU20: 1985 | EV20: 17240/2 | EW20: 2 | EX20: 1 | EZ20: 1 | FC20: 1 | FE20: 2 | FF20: 1 | FI20: 4 | FJ20: 5 | FK20: =FJ20+FI20 -> 9 | FL20: 1 | FS20: 1 | FU20: 1 | FW20: 1 | FY20: 1 | GA20: 1 | GF20: 1 | GH20: 1 | GJ20: 1 | GL20: 1 | GQ20: 1 | GS20: 1 | GT20: 1 | GW20: 1 | HB20: 1 | HF20: 1 | HJ20: 1 | HN20: 20 | HO20: 50 | HP20: 4 | HQ20: 5 | HS20: 2 | HU20: 1 | HW20: 1 | HX20: 1 | IB20: 1 | IE20: 1 | IH20: 75 | II20: 97 | IJ20: =II20+IH20 -> 172 | IK20: معهد الامل للصم والبكم | IL20: حميدة عبد زيد عقيل | IM20: 7801505324
A21: 16 | B21: 1400150 | C21: النجف | D21: النجف | E21: المركز | F21: الشموع | G21: العمارات السكنية | J21: 1 | K21: 1 | M21: 1 | Q21: 1 | T21: 1 | Y21: 8 | Z21: 20 | AA21: 33 | AB21: 20 | AC21: =AA21+Y21 -> 41 | AD21: =AB21+Z21 -> 40 | AE21: =AD21+AC21 -> 81 | AF21: 1 | AG21: 1 | AH21: =AG21+AF21 -> 2 | AM21: =AK21+AI21 -> 0 | AN21: =AL21+AJ21 -> 0 | AO21: =AN21+AM21 -> 0 | AT21: =AR21+AP21 -> 0 | AU21: =AS21+AQ21 -> 0 | AV21: =AU21+AT21 -> 0 | AX21: 1 | AZ21: 1 | BB21: 1 | BD21: 1 | BF21: 1 | BN21: 1 | BO21: 1 | BP21: 3 | BR21: =BQ21+BP21+BO21+BN21 -> 5 | CD21: 1 | CE21: 1 | CK21: =CI21+CG21+CE21+CC21+CA21+BY21+BW21+BS21 -> 1 | CL21: =CJ21+CH21+CF21+CD21+CB21+BZ21+BX21+BT21 -> 1 | CM21: =CL21+CK21 -> 2 | CN21: 5 | CQ21: =CP21+CO21+CN21 -> 5 | CR21: 5 | DA21: =CY21+CX21+CW21+CV21+CU21+CT21+CS21+CZ21 -> 0 | DB21: =DA21+CR21 -> 5 | DD21: 3 | DF21: 1 | DG21: 1 | DL21: =DK21+DJ21+DI21+DH21+DG21+DF21+DE21+DD21+DC21 -> 5 | DM21: 1 | DN21: 4 | DQ21: =DP21+DO21+DN21+DM21 -> 5 | DR21: 3 | DT21: 1 | DZ21: 4 | EC21: =DW21+DU21+DS21+DY21 -> 0 | ED21: =DX21+DV21+DT21+DZ21 -> 5 | EE21: =ED21+EC21 -> 5 | EK21: 3 | EM21: 2 | EP21: =EN21+EL21+EJ21+EH21+EF21 -> 0 | EQ21: =EO21+EM21+EK21+EI21+EG21 -> 5 | ER21: =EQ21+EP21 -> 5 | ES21: 1 | EU21: 1985 | EV21: 15840/2 | EW21: 4 | EY21: 1 | EZ21: 1 | FD21: 1 | FF21: 1 | FI21: 6 | FJ21: 7 | FK21: =FJ21+FI21 -> 13 | FL21: 1 | FS21: 1 | FU21: 1 | FW21: 1 | FY21: 1 | GA21: 1 | GF21: 1 | GH21: 1 | GJ21: 1 | GL21: 1 | GO21: 1 | GR21: 1 | GT21: 1 | GV21: 1 | GX21: 1 | HB21: 1 | HF21: 1 | HI21: 1 | HN21: 50 | HO21: 65 | HP21: 3 | HQ21: 7 | HR21: 1 | HV21: 1 | HX21: 1 | IB21: 1 | IG21: 1 | IH21: 55 | II21: 200 | IJ21: =II21+IH21 -> 255 | IK21: الشقق-شارع الكوفة | IL21: فاتن عبد الكاظم جبر | IM21: 7816244538
A22: 17 | B22: 1400151 | C22: النجف | D22: النجف | E22: المركز | F22: الغدير | G22: الغدير | J22: 1 | K22: 1 | M22: 1 | Q22: 1 | T22: 1 | Y22: 25 | Z22: 27 | AA22: 22 | AB22: 27 | AC22: =AA22+Y22 -> 47 | AD22: =AB22+Z22 -> 54 | AE22: =AD22+AC22 -> 101 | AF22: 2 | AG22: 2 | AH22: =AG22+AF22 -> 4 | AI22: 3 | AJ22: 3 | AL22: 1 | AM22: =AK22+AI22 -> 3 | AN22: =AL22+AJ22 -> 4 | AO22: =AN22+AM22 -> 7 | AR22: 1 | AS22: 2 | AT22: =AR22+AP22 -> 1 | AU22: =AS22+AQ22 -> 2 | AV22: =AU22+AT22 -> 3 | AX22: 1 | AZ22: 1 | BB22: 1 | BD22: 1 | BF22: 1 | BN22: 1 | BP22: 8 | BR22: =BQ22+BP22+BO22+BN22 -> 9 | CB22: 1 | CD22: 2 | CK22: =CI22+CG22+CE22+CC22+CA22+BY22+BW22+BS22 -> 0 | CL22: =CJ22+CH22+CF22+CD22+CB22+BZ22+BX22+BT22 -> 3 | CM22: =CL22+CK22 -> 3 | CN22: 9 | CQ22: =CP22+CO22+CN22 -> 9 | CR22: 9 | DA22: =CY22+CX22+CW22+CV22+CU22+CT22+CS22+CZ22 -> 0 | DB22: =DA22+CR22 -> 9 | DC22: 1 | DD22: 1 | DF22: 2 | DG22: 5 | DL22: =DK22+DJ22+DI22+DH22+DG22+DF22+DE22+DD22+DC22 -> 9 | DM22: 2 | DN22: 6 | DP22: 1 | DQ22: =DP22+DO22+DN22+DM22 -> 9 | DR22: 2 | DT22: 4 | DV22: 2 | DX22: 1 | DZ22: 2 | EC22: =DW22+DU22+DS22+DY22 -> 0 | ED22: =DX22+DV22+DT22+DZ22 -> 9 | EE22: =ED22+EC22 -> 9 | EG22: 1 | EI22: 4 | EK22: 1 | EM22: 3 | EP22: =EN22+EL22+EJ22+EH22+EF22 -> 0 | EQ22: =EO22+EM22+EK22+EI22+EG22 -> 9 | ER22: =EQ22+EP22 -> 9 | ES22: 1 | EU22: 1983 | EV22: 17063/2 | EW22: 28 | EY22: 1 | EZ22: 1 | FD22: 1 | FF22: 1 | FI22: 6 | FJ22: 6 | FK22: =FJ22+FI22 -> 12 | FL22: 1 | FS22: 1 | FU22: 1 | FW22: 1 | FY22: 1 | GA22: 1 | GF22: 1 | GH22: 1 | GJ22: 1 | GL22: 1 | GO22: 1 | GR22: 1 | GT22: 1 | GV22: 1 | GX22: 1 | HB22: 1 | HF22: 1 | HJ22: 1 | HN22: 120 | HP22: 4 | HR22: 1 | HS22: 1 | HT22: 2 | HX22: 1 | IB22: 1 | IE22: 1 | II22: 584 | IJ22: =II22+IH22 -> 584 | IK22: السوق العصري -الغدير | IL22: ثناء محمد عوجة | IM22: 7815219265
A23: 18 | B23: 1400152 | C23: النجف | D23: النجف | E23: المركز | F23: الاستبرق | G23: الجديدة الثالثة | J23: 1 | K23: 1 | M23: 1 | Q23: 1 | T23: 1 | Y23: 30 | Z23: 20 | AA23: 56 | AB23: 54 | AC23: =AA23+Y23 -> 86 | AD23: =AB23+Z23 -> 74 | AE23: =AD23+AC23 -> 160 | AF23: 1 | AG23: 2 | AH23: =AG23+AF23 -> 3 | AI23: 7 | AJ23: 4 | AK23: 8 | AL23: 6 | AM23: =AK23+AI23 -> 15 | AN23: =AL23+AJ23 -> 10 | AO23: =AN23+AM23 -> 25 | AT23: =AR23+AP23 -> 0 | AU23: =AS23+AQ23 -> 0 | AV23: =AU23+AT23 -> 0 | AX23: 1 | AZ23: 1 | BB23: 1 | BC23: 1 | BF23: 1 | BN23: 1 | BP23: 10 | BR23: =BQ23+BP23+BO23+BN23 -> 11 | CC23: 1 | CD23: 2 | CE23: 1 | CK23: =CI23+CG23+CE23+CC23+CA23+BY23+BW23+BS23 -> 2 | CL23: =CJ23+CH23+CF23+CD23+CB23+BZ23+BX23+BT23 -> 2 | CM23: =CL23+CK23 -> 4 | CN23: 11 | CQ23: =CP23+CO23+CN23 -> 11 | CR23: 9 | CW23: 1 | CX23: 1 | DA23: =CY23+CX23+CW23+CV23+CU23+CT23+CS23+CZ23 -> 2 | DB23: =DA23+CR23 -> 11 | DD23: 3 | DF23: 1 | DG23: 6 | DH23: 1 | DL23: =DK23+DJ23+DI23+DH23+DG23+DF23+DE23+DD23+DC23 -> 11 | DM23: 1 | DN23: 10 | DQ23: =DP23+DO23+DN23+DM23 -> 11 | DR23: 2 | DT23: 4 | DX23: 1 | DZ23: 6 | EC23: =DW23+DU23+DS23+DY23 -> 0 | ED23: =DX23+DV23+DT23+DZ23 -> 11 | EE23: =ED23+EC23 -> 11 | EG23: 1 | EI23: 4 | EK23: 5 | EM23: 1 | EP23: =EN23+EL23+EJ23+EH23+EF23 -> 0 | EQ23: =EO23+EM23+EK23+EI23+EG23 -> 11 | ER23: =EQ23+EP23 -> 11 | ES23: 1 | EU23: 2000 | EV23: 3329 | EX23: 1 | FA23: 1 | FC23: 1 | FE23: 2 | FF23: 1 | FI23: 3 | FJ23: 7 | FK23: =FJ23+FI23 -> 10 | FL23: 1 | FS23: 1 | FV23: 1 | FX23: 1 | FY23: 1 | GA23: 1 | GF23: 1 | GH23: 1 | GJ23: 1 | GL23: 1 | GP23: 1 | GR23: 1 | GT23: 1 | GW23: 1 | GX23: 1 | HB23: 1 | HF23: 1 | HJ23: 1 | HN23: 30 | HO23: 70 | HP23: 2 | HQ23: 8 | HR23: 1 | HT23: 1 | HX23: 1 | IB23: 1 | IF23: 1 | IH23: 6 | II23: 140 | IJ23: =II23+IH23 -> 146 | IK23: شارع حنون خلف متوسطة الجمهورية | IL23: نورس حسن سعد | IM23: 7842816800
A24: 19 | B24: 1400153 | C24: النجف | D24: النجف | E24: المركز | F24: الافاق الرحبة | G24: النصر | J24: 1 | K24: 1 | M24: 1 | Q24: 1 | T24: 1 | Y24: 45 | Z24: 45 | AA24: 128 | AB24: 102 | AC24: =AA24+Y24 -> 173 | AD24: =AB24+Z24 -> 147 | AE24: =AD24+AC24 -> 320 | AF24: 1 | AG24: 3 | AH24: =AG24+AF24 -> 4 | AK24: 12 | AL24: 17 | AM24: =AK24+AI24 -> 12 | AN24: =AL24+AJ24 -> 17 | AO24: =AN24+AM24 -> 29 | AT24: =AR24+AP24 -> 0 | AU24: =AS24+AQ24 -> 0 | AV24: =AU24+AT24 -> 0 | AX24: 1 | AZ24: 1 | BB24: 1 | BD24: 1 | BE24: 1 | BG24: 1 | BN24: 1 | BP24: 9 | BR24: =BQ24+BP24+BO24+BN24 -> 10 | CB24: 1 | CD24: 3 | CK24: =CI24+CG24+CE24+CC24+CA24+BY24+BW24+BS24 -> 0 | CL24: =CJ24+CH24+CF24+CD24+CB24+BZ24+BX24+BT24 -> 4 | CM24: =CL24+CK24 -> 4 | CN24: 10 | CQ24: =CP24+CO24+CN24 -> 10 | CR24: 9 | CZ24: 1 | DA24: =CY24+CX24+CW24+CV24+CU24+CT24+CS24+CZ24 -> 1 | DB24: =DA24+CR24 -> 10 | DD24: 3 | DG24: 7 | DL24: =DK24+DJ24+DI24+DH24+DG24+DF24+DE24+DD24+DC24 -> 10 | DM24: 1 | DN24: 9 | DQ24: =DP24+DO24+DN24+DM24 -> 10 | DT24: 6 | DV24: 1 | DX24: 1 | DZ24: 2 | EC24: =DW24+DU24+DS24+DY24 -> 0 | ED24: =DX24+DV24+DT24+DZ24 -> 10 | EE24: =ED24+EC24 -> 10 | EG24: 1 | EI24: 5 | EK24: 4 | EP24: =EN24+EL24+EJ24+EH24+EF24 -> 0 | EQ24: =EO24+EM24+EK24+EI24+EG24 -> 10 | ER24: =EQ24+EP24 -> 10 | ES24: 1 | EU24: 2000 | EV24: 19612/3 | EW24: 4 | EX24: 1 | EZ24: 1 | FD24: 1 | FF24: 1 | FI24: 4 | FJ24: 8 | FK24: =FJ24+FI24 -> 12 | FL24: 1 | FS24: 1 | FV24: 1 | FX24: 1 | FY24: 1 | GA24: 1 | GF24: 1 | GH24: 1 | GJ24: 1 | GL24: 1 | GO24: 1 | GR24: 1 | GT24: 1 | GW24: 1 | GX24: 1 | HB24: 1 | HF24: 1 | HJ24: 1 | HN24: 260 | HO24: 5 | HP24: 4 | HQ24: 6 | HR24: 1 | HT24: 1 | HX24: 1 | IB24: 1 | IE24: 1 | IH24: 114 | II24: 130 | IJ24: =II24+IH24 -> 244 | IK24: المركز الصحي -حي النصر | IL24: صفاء محمود محمد | IM24: 7706757118
A25: 20 | B25: 1400794 | C25: النجف | D25: النجف | E25: المركز | F25: طيور الجنة | G25: الوفاء | J25: 1 | K25: 1 | M25: 1 | Q25: 1 | T25: 1 | Y25: 77 | Z25: 85 | AA25: 48 | AB25: 65 | AC25: =AA25+Y25 -> 125 | AD25: =AB25+Z25 -> 150 | AE25: =AD25+AC25 -> 275 | AF25: 2 | AG25: 3 | AH25: =AG25+AF25 -> 5 | AI25: 17 | AJ25: 13 | AK25: 13 | AL25: 14 | AM25: =AK25+AI25 -> 30 | AN25: =AL25+AJ25 -> 27 | AO25: =AN25+AM25 -> 57 | AT25: =AR25+AP25 -> 0 | AU25: =AS25+AQ25 -> 0 | AV25: =AU25+AT25 -> 0 | AX25: 1 | AZ25: 1 | BB25: 1 | BD25: 1 | BF25: 1 | BN25: 1 | BP25: 12 | BR25: =BQ25+BP25+BO25+BN25 -> 13 | CE25: 1 | CK25: =CI25+CG25+CE25+CC25+CA25+BY25+BW25+BS25 -> 1 | CL25: =CJ25+CH25+CF25+CD25+CB25+BZ25+BX25+BT25 -> 0 | CM25: =CL25+CK25 -> 1 | CN25: 13 | CQ25: =CP25+CO25+CN25 -> 13 | CR25: 9 | CT25: 2 | CW25: 2 | DA25: =CY25+CX25+CW25+CV25+CU25+CT25+CS25+CZ25 -> 4 | DB25: =DA25+CR25 -> 13 | DD25: 3 | DF25: 2 | DG25: 7 | DK25: 1 | DL25: =DK25+DJ25+DI25+DH25+DG25+DF25+DE25+DD25+DC25 -> 13 | DM25: 2 | DN25: 10 | DP25: 1 | DQ25: =DP25+DO25+DN25+DM25 -> 13 | DR25: 4 | DT25: 2 | DV25: 1 | DX25: 2 | DZ25: 8 | EC25: =DW25+DU25+DS25+DY25 -> 0 | ED25: =DX25+DV25+DT25+DZ25 -> 13 | EE25: =ED25+EC25 -> 13 | EG25: 1 | EI25: 1 | EK25: 7 | EM25: 2 | EO25: 2 | EP25: =EN25+EL25+EJ25+EH25+EF25 -> 0 | EQ25: =EO25+EM25+EK25+EI25+EG25 -> 13 | ER25: =EQ25+EP25 -> 13 | ES25: 1 | EU25: 2008 | EV25: 41094/3 | EW25: 4 | EX25: 1 | EZ25: 1 | FC25: 1 | FE25: 2 | FF25: 1 | FI25: 5 | FJ25: 5 | FK25: =FJ25+FI25 -> 10 | FL25: 1 | FS25: 1 | FV25: 1 | FX25: 1 | FY25: 1 | GA25: 1 | GF25: 1 | GI25: 1 | GJ25: 1 | GL25: 1 | GQ25: 1 | GR25: 1 | GU25: 1 | GW25: 1 | HA25: 1 | HB25: 1 | HF25: 1 | HJ25: 1 | HN25: 160 | HP25: 60 | HR25: 2 | HT25: 1 | HX25: 1 | IB25: 1 | IE25: 1 | IH25: 27 | II25: 550 | IJ25: =II25+IH25 -> 577 | IK25: مقابل دورالهندية | IL25: رشا حامد جهاد | IM25: 7804951177
A26: 21 | B26: 1400760 | C26: النجف | D26: النجف | E26: المركز | F26: العسل | G26: العدالة | J26: 1 | K26: 1 | M26: 1 | Q26: 1 | T26: 1 | Y26: 19 | Z26: 20 | AA26: 29 | AB26: 33 | AC26: =AA26+Y26 -> 48 | AD26: =AB26+Z26 -> 53 | AE26: =AD26+AC26 -> 101 | AF26: 2 | AG26: 2 | AH26: =AG26+AF26 -> 4 | AI26: 7 | AJ26: 4 | AK26: 8 | AL26: 2 | AM26: =AK26+AI26 -> 15 | AN26: =AL26+AJ26 -> 6 | AO26: =AN26+AM26 -> 21 | AP26: 2 | AQ26: 4 | AT26: =AR26+AP26 -> 2 | AU26: =AS26+AQ26 -> 4 | AV26: =AU26+AT26 -> 6 | AX26: 1 | AZ26: 1 | BB26: 1 | BD26: 1 | BF26: 1 | BN26: 1 | BO26: 1 | BP26: 9 | BR26: =BQ26+BP26+BO26+BN26 -> 11 | CD26: 2 | CE26: 1 | CK26: =CI26+CG26+CE26+CC26+CA26+BY26+BW26+BS26 -> 1 | CL26: =CJ26+CH26+CF26+CD26+CB26+BZ26+BX26+BT26 -> 2 | CM26: =CL26+CK26 -> 3 | CN26: 11 | CQ26: =CP26+CO26+CN26 -> 11 | CR26: 11 | DA26: =CY26+CX26+CW26+CV26+CU26+CT26+CS26+CZ26 -> 0 | DB26: =DA26+CR26 -> 11 | DD26: 1 | DF26: 4 | DG26: 5 | DI26: 1 | DL26: =DK26+DJ26+DI26+DH26+DG26+DF26+DE26+DD26+DC26 -> 11 | DN26: 10 | DP26: 1 | DQ26: =DP26+DO26+DN26+DM26 -> 11 | DR26: 11 | DT26: 4 | DX26: 1 | DZ26: 6 | EC26: =DW26+DU26+DS26+DY26 -> 0 | ED26: =DX26+DV26+DT26+DZ26 -> 11 | EE26: =ED26+EC26 -> 11 | EG26: 2 | EK26: 3 | EM26: 6 | EP26: =EN26+EL26+EJ26+EH26+EF26 -> 0 | EQ26: =EO26+EM26+EK26+EI26+EG26 -> 11 | ER26: =EQ26+EP26 -> 11 | ES26: 1 | EU26: 2008 | EV26: 35069/3 | EW26: 4 | EX26: 1 | EZ26: 1 | FC26: 1 | FE26: 4 | FF26: 1 | FI26: 4 | FJ26: 4 | FK26: =FJ26+FI26 -> 8 | FL26: 1 | FS26: 1 | FU26: 1 | FW26: 1 | FY26: 1 | GA26: 1 | GF26: 1 | GI26: 1 | GJ26: 1 | GL26: 1 | GP26: 1 | GR26: 1 | GT26: 1 | GW26: 1 | GZ26: 1 | HB26: 1 | HF26: 1 | HJ26: 1 | HO26: 59 | HP26: 4 | HQ26: 6 | HR26: 1 | HS26: 1 | HT26: 1 | HU26: 1 | HX26: 1 | HZ26: 1 | IE26: 1 | IH26: 444 | II26: 101 | IJ26: =II26+IH26 -> 545 | IK26: حي العدالة | IL26: ابتهال عزيز عبود | IM26: 7831857062
A27: 22 | B27: 1400774 | C27: النجف | D27: النجف | E27: المركز | F27: جنة الزهراء | G27: المكرمة | J27: 1 | K27: 1 | M27: 1 | Q27: 1 | T27: 1 | Y27: 55 | Z27: 60 | AA27: 53 | AB27: 44 | AC27: =AA27+Y27 -> 108 | AD27: =AB27+Z27 -> 104 | AE27: =AD27+AC27 -> 212 | AF27: 2 | AG27: 2 | AH27: =AG27+AF27 -> 4 | AI27: 23 | AJ27: 10 | AK27: 11 | AL27: 6 | AM27: =AK27+AI27 -> 34 | AN27: =AL27+AJ27 -> 16 | AO27: =AN27+AM27 -> 50 | AT27: =AR27+AP27 -> 0 | AU27: =AS27+AQ27 -> 0 | AV27: =AU27+AT27 -> 0 | AX27: 1 | AZ27: 1 | BB27: 1 | BD27: 1 | BF27: 1 | BN27: 1 | BO27: 2 | BP27: 10 | BR27: =BQ27+BP27+BO27+BN27 -> 13 | CB27: 1 | CD27: 2 | CE27: 1 | CK27: =CI27+CG27+CE27+CC27+CA27+BY27+BW27+BS27 -> 1 | CL27: =CJ27+CH27+CF27+CD27+CB27+BZ27+BX27+BT27 -> 3 | CM27: =CL27+CK27 -> 4 | CN27: 13 | CQ27: =CP27+CO27+CN27 -> 13 | CR27: 12 | CT27: 1 | DA27: =CY27+CX27+CW27+CV27+CU27+CT27+CS27+CZ27 -> 1 | DB27: =DA27+CR27 -> 13 | DD27: 2 | DF27: 3 | DG27: 8 | DL27: =DK27+DJ27+DI27+DH27+DG27+DF27+DE27+DD27+DC27 -> 13 | DM27: 2 | DN27: 9 | DO27: 2 | DQ27: =DP27+DO27+DN27+DM27 -> 13 | DR27: 1 | DT27: 4 | DV27: 3 | DX27: 1 | DZ27: 5 | EC27: =DW27+DU27+DS27+DY27 -> 0 | ED27: =DX27+DV27+DT27+DZ27 -> 13 | EE27: =ED27+EC27 -> 13 | EI27: 8 | EK27: 2 | EM27: 3 | EP27: =EN27+EL27+EJ27+EH27+EF27 -> 0 | EQ27: =EO27+EM27+EK27+EI27+EG27 -> 13 | ER27: =EQ27+EP27 -> 13 | ES27: 1 | EU27: 2009 | EV27: 3/ 355 | EW27: 3 | EX27: 1 | EZ27: 1 | FC27: 1 | FE27: 4 | FF27: 1 | FI27: 5 | FJ27: 4 | FK27: =FJ27+FI27 -> 9 | FL27: 1 | FS27: 1 | FU27: 1 | FW27: 1 | FY27: 1 | GA27: 1 | GF27: 1 | GI27: 1 | GJ27: 1 | GL27: 1 | GP27: 1 | GR27: 1 | GT27: 1 | GV27: 1 | GX27: 1 | HB27: 1 | HF27: 1 | HJ27: 1 | HN27: 44 | HO27: 30 | HP27: 5 | HQ27: 4 | HR27: 2 | HT27: 1 | HX27: 1 | HZ27: 1 | IF27: 1 | IH27: 255 | II27: 112 | IJ27: =II27+IH27 -> 367 | IK27: المركز الصحي سيدالشهداء | IL27: ماجدة قاسم شلال | IM27: 7800269746
A28: 23 | B28: 1400779 | C28: النجف | D28: النجف | E28: المركز | F28: زهرة الوادي | G28: النصر | J28: 1 | K28: 1 | M28: 1 | Q28: 1 | T28: 1 | Y28: 47 | Z28: 59 | AA28: 83 | AB28: 77 | AC28: =AA28+Y28 -> 130 | AD28: =AB28+Z28 -> 136 | AE28: =AD28+AC28 -> 266 | AF28: 2 | AG28: 2 | AH28: =AG28+AF28 -> 4 | AK28: 20 | AL28: 25 | AM28: =AK28+AI28 -> 20 | AN28: =AL28+AJ28 -> 25 | AO28: =AN28+AM28 -> 45 | AT28: =AR28+AP28 -> 0 | AU28: =AS28+AQ28 -> 0 | AV28: =AU28+AT28 -> 0 | AX28: 1 | AZ28: 1 | BB28: 1 | BD28: 1 | BF28: 1 | BN28: 1 | BP28: 9 | BR28: =BQ28+BP28+BO28+BN28 -> 10 | BZ28: 1 | CD28: 3 | CE28: 1 | CK28: =CI28+CG28+CE28+CC28+CA28+BY28+BW28+BS28 -> 1 | CL28: =CJ28+CH28+CF28+CD28+CB28+BZ28+BX28+BT28 -> 4 | CM28: =CL28+CK28 -> 5 | CN28: 10 | CQ28: =CP28+CO28+CN28 -> 10 | CR28: 7 | CW28: 1 | CX28: 2 | DA28: =CY28+CX28+CW28+CV28+CU28+CT28+CS28+CZ28 -> 3 | DB28: =DA28+CR28 -> 10 | DD28: 4 | DF28: 2 | DG28: 4 | DL28: =DK28+DJ28+DI28+DH28+DG28+DF28+DE28+DD28+DC28 -> 10 | DM28: 1 | DN28: 8 | DO28: 1 | DQ28: =DP28+DO28+DN28+DM28 -> 10 | DR28: 3 | DV28: 5 | DZ28: 5 | EC28: =DW28+DU28+DS28+DY28 -> 0 | ED28: =DX28+DV28+DT28+DZ28 -> 10 | EE28: =ED28+EC28 -> 10 | EI28: 4 | EK28: 5 | EM28: 1 | EP28: =EN28+EL28+EJ28+EH28+EF28 -> 0 | EQ28: =EO28+EM28+EK28+EI28+EG28 -> 10 | ER28: =EQ28+EP28 -> 10 | ES28: 1 | EU28: 2009 | EV28: 18336 | EW28: 4 | EX28: 1 | EZ28: 1 | FD28: 1 | FF28: 1 | FI28: 4 | FJ28: 5 | FK28: =FJ28+FI28 -> 9 | FL28: 1 | FS28: 1 | FU28: 1 | FW28: 1 | FY28: 1 | GA28: 1 | GF28: 1 | GI28: 1 | GJ28: 1 | GL28: 1 | GP28: 1 | GR28: 1 | GT28: 1 | GV28: 1 | GX28: 1 | HB28: 1 | HF28: 1 | HI28: 1 | HN28: 50 | HP28: 4 | HQ28: 1 | HR28: 1 | HX28: 1 | HZ28: 1 | IE28: 1 | IH28: 221 | II28: 4 | IJ28: =II28+IH28 -> 225 | IK28: جامع الامام موسى الكاظم | IL28: سارة احمد عبد | IM28: 7806692373
A29: 24 | B29: 1400827 | C29: النجف | D29: النجف | E29: المركز | F29: ندى القلوب | G29: المكرمة | J29: 1 | K29: 1 | M29: 1 | Q29: 1 | T29: 1 | Y29: 100 | Z29: 100 | AA29: 90 | AB29: 100 | AC29: =AA29+Y29 -> 190 | AD29: =AB29+Z29 -> 200 | AE29: =AD29+AC29 -> 390 | AF29: 2 | AG29: 2 | AH29: =AG29+AF29 -> 4 | AI29: 5 | AJ29: 5 | AM29: =AK29+AI29 -> 5 | AN29: =AL29+AJ29 -> 5 | AO29: =AN29+AM29 -> 10 | AT29: =AR29+AP29 -> 0 | AU29: =AS29+AQ29 -> 0 | AV29: =AU29+AT29 -> 0 | AX29: 1 | AZ29: 1 | BB29: 1 | BD29: 1 | BF29: 1 | BN29: 1 | BO29: 1 | BP29: 9 | BR29: =BQ29+BP29+BO29+BN29 -> 11 | CB29: 1 | CD29: 2 | CE29: 1 | CK29: =CI29+CG29+CE29+CC29+CA29+BY29+BW29+BS29 -> 1 | CL29: =CJ29+CH29+CF29+CD29+CB29+BZ29+BX29+BT29 -> 3 | CM29: =CL29+CK29 -> 4 | CN29: 11 | CQ29: =CP29+CO29+CN29 -> 11 | CR29: 10 | CW29: 1 | DA29: =CY29+CX29+CW29+CV29+CU29+CT29+CS29+CZ29 -> 1 | DB29: =DA29+CR29 -> 11 | DD29: 2 | DG29: 9 | DL29: =DK29+DJ29+DI29+DH29+DG29+DF29+DE29+DD29+DC29 -> 11 | DN29: 9 | DO29: 1 | DP29: 1 | DQ29: =DP29+DO29+DN29+DM29 -> 11 | DR29: 3 | DT29: 7 | DX29: 2 | DZ29: 2 | EC29: =DW29+DU29+DS29+DY29 -> 0 | ED29: =DX29+DV29+DT29+DZ29 -> 11 | EE29: =ED29+EC29 -> 11 | EI29: 5 | EK29: 4 | EM29: 1 | EO29: 1 | EP29: =EN29+EL29+EJ29+EH29+EF29 -> 0 | EQ29: =EO29+EM29+EK29+EI29+EG29 -> 11 | ER29: =EQ29+EP29 -> 11 | ES29: 1 | EU29: 2009 | EV29: 8355/3 | EW29: 4 | EX29: 1 | EZ29: 1 | FC29: 1 | FE29: 4 | FF29: 1 | FI29: 4 | FJ29: 5 | FK29: =FJ29+FI29 -> 9 | FL29: 1 | FS29: 1 | FV29: 1 | FX29: 1 | FY29: 1 | GA29: 1 | GF29: 1 | GI29: 1 | GJ29: 1 | GL29: 1 | GQ29: 1 | GR29: 1 | GT29: 1 | GW29: 1 | HA29: 1 | HB29: 1 | HF29: 1 | HJ29: 1 | HM29: 55 | HN29: 240 | HP29: 6 | HQ29: 4 | HR29: 1 | HT29: 1 | HX29: 1 | IA29: 1 | IE29: 1 | IH29: 301 | II29: 144 | IJ29: =II29+IH29 -> 445 | IK29: شارع العسكري | IL29: نسرين جابر حسين | IM29: 7813063649
A30: 25 | B30: 1400960 | C30: النجف | D30: النجف | E30: المركز | F30: الابتسامة | G30: الجامعة | J30: 1 | K30: 1 | M30: 1 | Q30: 1 | T30: 1 | Y30: 22 | Z30: 20 | AA30: 61 | AB30: 53 | AC30: =AA30+Y30 -> 83 | AD30: =AB30+Z30 -> 73 | AE30: =AD30+AC30 -> 156 | AF30: 2 | AG30: 2 | AH30: =AG30+AF30 -> 4 | AI30: 7 | AJ30: 7 | AK30: 4 | AL30: 5 | AM30: =AK30+AI30 -> 11 | AN30: =AL30+AJ30 -> 12 | AO30: =AN30+AM30 -> 23 | AT30: =AR30+AP30 -> 0 | AU30: =AS30+AQ30 -> 0 | AV30: =AU30+AT30 -> 0 | AW30: 1 | AZ30: 1 | BB30: 1 | BD30: 1 | BF30: 1 | BN30: 1 | BO30: 1 | BP30: 9 | BR30: =BQ30+BP30+BO30+BN30 -> 11 | CD30: 2 | CE30: 1 | CK30: =CI30+CG30+CE30+CC30+CA30+BY30+BW30+BS30 -> 1 | CL30: =CJ30+CH30+CF30+CD30+CB30+BZ30+BX30+BT30 -> 2 | CM30: =CL30+CK30 -> 3 | CN30: 11 | CQ30: =CP30+CO30+CN30 -> 11 | CR30: 11 | DA30: =CY30+CX30+CW30+CV30+CU30+CT30+CS30+CZ30 -> 0 | DB30: =DA30+CR30 -> 11 | DD30: 11 | DL30: =DK30+DJ30+DI30+DH30+DG30+DF30+DE30+DD30+DC30 -> 11 | DN30: 11 | DQ30: =DP30+DO30+DN30+DM30 -> 11 | DR30: 2 | DZ30: 11 | EC30: =DW30+DU30+DS30+DY30 -> 0 | ED30: =DX30+DV30+DT30+DZ30 -> 11 | EE30: =ED30+EC30 -> 11 | EK30: 5 | EM30: 6 | EP30: =EN30+EL30+EJ30+EH30+EF30 -> 0 | EQ30: =EO30+EM30+EK30+EI30+EG30 -> 11 | ER30: =EQ30+EP30 -> 11 | ES30: 1 | EU30: 2012 | EV30: 85051/ 23 | EW30: 3 | EX30: 1 | EZ30: 1 | FC30: 1 | FE30: 2 | FF30: 1 | FI30: 4 | FJ30: 7 | FK30: =FJ30+FI30 -> 11 | FL30: 1 | FS30: 1 | FV30: 1 | FW30: 1 | FY30: 1 | GA30: 1 | GF30: 1 | GI30: 1 | GJ30: 1 | GL30: 1 | GP30: 1 | GR30: 1 | GT30: 1 | GW30: 1 | HA30: 1 | HB30: 1 | HF30: 1 | HJ30: 1 | HN30: 40 | HO30: 20 | HP30: 8 | HR30: 1 | HS30: 1 | HT30: 1 | HX30: 1 | IA30: 1 | IG30: 1 | IH30: 278 | II30: 181 | IJ30: =II30+IH30 -> 459 | IK30: شارع ابو حكمت -شركة الكفيل | IL30: انوار إبراهيم حميد | IM30: 7801563616
A31: 26 | B31: 1401004 | C31: النجف | D31: النجف | E31: المركز | F31: حمائم السلام | G31: مجمع حي السلام | J31: 1 | K31: 1 | M31: 1 | Q31: 1 | T31: 1 | Y31: 34 | Z31: 40 | AA31: 21 | AB31: 31 | AC31: =AA31+Y31 -> 55 | AD31: =AB31+Z31 -> 71 | AE31: =AD31+AC31 -> 126 | AF31: 2 | AG31: 2 | AH31: =AG31+AF31 -> 4 | AM31: =AK31+AI31 -> 0 | AN31: =AL31+AJ31 -> 0 | AO31: =AN31+AM31 -> 0 | AT31: =AR31+AP31 -> 0 | AU31: =AS31+AQ31 -> 0 | AV31: =AU31+AT31 -> 0 | AX31: 1 | AZ31: 1 | BB31: 1 | BD31: 1 | BF31: 1 | BN31: 1 | BO31: 1 | BP31: 9 | BR31: =BQ31+BP31+BO31+BN31 -> 11 | CD31: 1 | CE31: 1 | CK31: =CI31+CG31+CE31+CC31+CA31+BY31+BW31+BS31 -> 1 | CL31: =CJ31+CH31+CF31+CD31+CB31+BZ31+BX31+BT31 -> 1 | CM31: =CL31+CK31 -> 2 | CN31: 11 | CQ31: =CP31+CO31+CN31 -> 11 | CR31: 9 | CW31: 2 | DA31: =CY31+CX31+CW31+CV31+CU31+CT31+CS31+CZ31 -> 2 | DB31: =DA31+CR31 -> 11 | DC31: 1 | DD31: 1 | DF31: 4 | DG31: 4 | DH31: 1 | DL31: =DK31+DJ31+DI31+DH31+DG31+DF31+DE31+DD31+DC31 -> 11 | DN31: 10 | DO31: 1 | DQ31: =DP31+DO31+DN31+DM31 -> 11 | DR31: 1 | DT31: 3 | DV31: 1 | DX31: 4 | DZ31: 3 | EC31: =DW31+DU31+DS31+DY31 -> 0 | ED31: =DX31+DV31+DT31+DZ31 -> 11 | EE31: =ED31+EC31 -> 11 | EI31: 3 | EK31: 6 | EM31: 2 | EP31: =EN31+EL31+EJ31+EH31+EF31 -> 0 | EQ31: =EO31+EM31+EK31+EI31+EG31 -> 11 | ER31: =EQ31+EP31 -> 11 | ES31: 1 | EU31: 2013 | EX31: 1 | EZ31: 1 | FD31: 1 | FF31: 1 | FI31: 4 | FJ31: 6 | FK31: =FJ31+FI31 -> 10 | FL31: 1 | FS31: 1 | FU31: 1 | FW31: 1 | FY31: 1 | GA31: 1 | GF31: 1 | GH31: 1 | GJ31: 1 | GL31: 1 | GP31: 1 | GR31: 1 | GT31: 1 | GW31: 1 | GX31: 1 | HB31: 1 | HF31: 1 | HJ31: 1 | HN31: 20 | HO31: 62 | HP31: 3 | HQ31: 2 | HR31: 1 | HV31: 1 | HY31: 1 | IJ31: =II31+IH31 -> 0 | IK31: شقق السلام | IL31: وسام موسى حسين | IM31: 7817225550
A32: 27 | B32: 1401121 | C32: النجف | D32: النجف | E32: المركز | F32: العصافير | G32: العسكري | J32: 1 | K32: 1 | M32: 1 | Q32: 1 | T32: 1 | Y32: 20 | Z32: 31 | AA32: 85 | AB32: 84 | AC32: =AA32+Y32 -> 105 | AD32: =AB32+Z32 -> 115 | AE32: =AD32+AC32 -> 220 | AF32: 1 | AG32: 3 | AH32: =AG32+AF32 -> 4 | AI32: 6 | AJ32: 4 | AK32: 7 | AL32: 8 | AM32: =AK32+AI32 -> 13 | AN32: =AL32+AJ32 -> 12 | AO32: =AN32+AM32 -> 25 | AT32: =AR32+AP32 -> 0 | AU32: =AS32+AQ32 -> 0 | AV32: =AU32+AT32 -> 0 | AX32: 1 | AZ32: 1 | BB32: 1 | BD32: 1 | BF32: 1 | BN32: 1 | BO32: 1 | BP32: 8 | BR32: =BQ32+BP32+BO32+BN32 -> 10 | CC32: 1 | CD32: 4 | CK32: =CI32+CG32+CE32+CC32+CA32+BY32+BW32+BS32 -> 1 | CL32: =CJ32+CH32+CF32+CD32+CB32+BZ32+BX32+BT32 -> 4 | CM32: =CL32+CK32 -> 5 | CN32: 10 | CQ32: =CP32+CO32+CN32 -> 10 | CR32: 9 | CW32: 1 | DA32: =CY32+CX32+CW32+CV32+CU32+CT32+CS32+CZ32 -> 1 | DB32: =DA32+CR32 -> 10 | DD32: 1 | DF32: 1 | DG32: 7 | DH32: 1 | DL32: =DK32+DJ32+DI32+DH32+DG32+DF32+DE32+DD32+DC32 -> 10 | DN32: 8 | DO32: 1 | DP32: 1 | DQ32: =DP32+DO32+DN32+DM32 -> 10 | DT32: 4 | DV32: 3 | DZ32: 3 | EC32: =DW32+DU32+DS32+DY32 -> 0 | ED32: =DX32+DV32+DT32+DZ32 -> 10 | EE32: =ED32+EC32 -> 10 | EG32: 1 | EI32: 6 | EK32: 2 | EM32: 1 | EP32: =EN32+EL32+EJ32+EH32+EF32 -> 0 | EQ32: =EO32+EM32+EK32+EI32+EG32 -> 10 | ER32: =EQ32+EP32 -> 10 | ES32: 1 | EU32: 2014 | EV32: 5062 | EW32: 4 | EX32: 1 | EZ32: 1 | FC32: 1 | FE32: 6 | FF32: 1 | FI32: 4 | FJ32: 5 | FK32: =FJ32+FI32 -> 9 | FL32: 1 | FS32: 1 | FU32: 1 | FW32: 1 | FY32: 1 | GA32: 1 | GF32: 1 | GI32: 1 | GJ32: 1 | GL32: 1 | GO32: 1 | GS32: 1 | GT32: 1 | GW32: 1 | HB32: 1 | HF32: 1 | HI32: 1 | HN32: 65 | HO32: 30 | HP32: 4 | HQ32: 2 | HR32: 1 | HT32: 1 | HU32: 1 | HY32: 1 | IJ32: =II32+IH32 -> 0 | IK32: شارع عسكري مدارس | IL32: انوار عبد المحمد كاظم | IM32: 7847950009
A33: 28 | B33: 1401402 | C33: النجف | D33: النجف | E33: المركز | F33: الملاك | G33: السلام | J33: 1 | K33: 1 | M33: 1 | Q33: 1 | T33: 1 | Y33: 28 | Z33: 40 | AA33: 45 | AB33: 41 | AC33: =AA33+Y33 -> 73 | AD33: =AB33+Z33 -> 81 | AE33: =AD33+AC33 -> 154 | AF33: 1 | AG33: 2 | AH33: =AG33+AF33 -> 3 | AM33: =AK33+AI33 -> 0 | AN33: =AL33+AJ33 -> 0 | AO33: =AN33+AM33 -> 0 | AX33: 1 | AZ33: 1 | BB33: 1 | BD33: 1 | BF33: 1 | BN33: 1 | BO33: 1 | BP33: 5 | BR33: =BQ33+BP33+BO33+BN33 -> 7 | CD33: 2 | CK33: =CI33+CG33+CE33+CC33+CA33+BY33+BW33+BS33 -> 0 | CL33: =CJ33+CH33+CF33+CD33+CB33+BZ33+BX33+BT33 -> 2 | CM33: =CL33+CK33 -> 2 | CN33: 7 | CQ33: =CP33+CO33+CN33 -> 7 | CR33: 6 | CX33: 1 | DA33: =CY33+CX33+CW33+CV33+CU33+CT33+CS33+CZ33 -> 1 | DB33: =DA33+CR33 -> 7 | DF33: 2 | DG33: 5 | DL33: =DK33+DJ33+DI33+DH33+DG33+DF33+DE33+DD33+DC33 -> 7 | DM33: 1 | DN33: 6 | DQ33: =DP33+DO33+DN33+DM33 -> 7 | DR33: 4 | DT33: 2 | DV33: 1 | DX33: 2 | DZ33: 2 | EC33: =DW33+DU33+DS33+DY33 -> 0 | ED33: =DX33+DV33+DT33+DZ33 -> 7 | EE33: =ED33+EC33 -> 7 | EI33: 5 | EK33: 1 | EM33: 1 | EP33: =EN33+EL33+EJ33+EH33+EF33 -> 0 | EQ33: =EO33+EM33+EK33+EI33+EG33 -> 7 | ER33: =EQ33+EP33 -> 7 | ES33: 1 | EU33: 2019 | EX33: 1 | EZ33: 1 | FD33: 1 | FF33: 1 | FI33: 4 | FJ33: 4 | FK33: =FJ33+FI33 -> 8 | FL33: 1 | FS33: 1 | FU33: 1 | FW33: 1 | FY33: 1 | GA33: 1 | GF33: 1 | GH33: 1 | GJ33: 1 | GL33: 1 | GO33: 1 | GR33: 1 | GT33: 1 | GW33: 1 | HA33: 1 | HB33: 1 | HF33: 1 | HI33: 1 | HN33: 46 | HO33: 2 | HP33: 4 | HR33: 2 | HT33: 1 | HY33: 1 | IJ33: =II33+IH33 -> 0 | IK33: مقابل مدرسة الموهوبين | IL33: نغم عبد الهادي عبدالامير | IM33: 7715796306
A35: مجموع مركز قضاء النجف | H35: =SUM(H6:H34) -> 0 | I35: =SUM(I6:I34) -> 0 | J35: =SUM(J6:J34) -> 28 | K35: =SUM(K6:K34) -> 28 | L35: =SUM(L6:L34) -> 0 | M35: =SUM(M6:M34) -> 28 | N35: =SUM(N6:N34) -> 0 | O35: =SUM(O6:O34) -> 0 | ... IJ35: =SUM(IJ6:IJ34) -> 9950
A36: 1 | B36: 1400154 | C36: النجف | D36: النجف | E36: الحيدرية | F36: الزنابق | G36: 17ـ ربيع الاول | J36: 1 | K36: 1 | M36: 1 | Q36: 1 | T36: 1 | Y36: 60 | Z36: 40 | AA36: 115 | AB36: 85 | AC36: =AA36+Y36 -> 175 | AD36: =AB36+Z36 -> 125 | AE36: =AD36+AC36 -> 300 | AF36: 1 | AG36: 2 | AH36: =AG36+AF36 -> 3 | AM36: =AK36+AI36 -> 0 | AN36: =AL36+AJ36 -> 0 | AO36: =AN36+AM36 -> 0 | AT36: =AR36+AP36 -> 0 | AU36: =AS36+AQ36 -> 0 | AV36: =AU36+AT36 -> 0 | AX36: 1 | AZ36: 1 | BB36: 1 | BD36: 1 | BF36: 1 | BN36: 1 | BP36: 7 | BR36: =BQ36+BP36+BO36+BN36 -> 8 | CB36: 1 | CC36: 1 | CD36: 2 | CE36: 1 | CK36: =CI36+CG36+CE36+CC36+CA36+BY36+BW36+BS36 -> 2 | CL36: =CJ36+CH36+CF36+CD36+CB36+BZ36+BX36+BT36 -> 3 | CM36: =CL36+CK36 -> 5 | CN36: 8 | CQ36: =CP36+CO36+CN36 -> 8 | CR36: 7 | CX36: 1 | DA36: =CY36+CX36+CW36+CV36+CU36+CT36+CS36+CZ36 -> 1 | DB36: =DA36+CR36 -> 8 | DD36: 2 | DG36: 6 | DL36: =DK36+DJ36+DI36+DH36+DG36+DF36+DE36+DD36+DC36 -> 8 | DM36: 3 | DN36: 4 | DO36: 1 | DQ36: =DP36+DO36+DN36+DM36 -> 8 | DR36: 1 | DT36: 6 | DZ36: 2 | EC36: =DW36+DU36+DS36+DY36 -> 0 | ED36: =DX36+DV36+DT36+DZ36 -> 8 | EE36: =ED36+EC36 -> 8 | EI36: 2 | EM36: 6 | EP36: =EN36+EL36+EJ36+EH36+EF36 -> 0 | EQ36: =EO36+EM36+EK36+EI36+EG36 -> 8 | ER36: =EQ36+EP36 -> 8 | ES36: 1 | EU36: 1979 | EV36: 505/114 | EW36: 6 | EX36: 1 | EZ36: 1 | FC36: 1 | FE36: 6 | FF36: 1 | FI36: 4 | FJ36: 8 | FK36: =FJ36+FI36 -> 12 | FL36: 1 | FS36: 1 | FU36: 1 | FW36: 1 | FY36: 1 | GA36: 1 | GF36: 1 | GI36: 1 | GJ36: 1 | GL36: 1 | GP36: 1 | GR36: 1 | GT36: 1 | GW36: 1 | GZ36: 1 | HB36: 1 | HF36: 1 | HI36: 1 | HN36: 110 | HO36: 50 | HP36: 6 | HU36: 1 | HX36: 1 | HZ36: 1 | IF36: 1 | IH36: 240 | IJ36: =II36+IH36 -> 240 | IK36: مركز شرطة الحيدرية | IL36: سكينة جمعة فرعون | IM36: 7802586105
A37: مجموع مركز ناحية الحيدرية | H37: =H36 -> 0 | I37: =I36 -> 0 | J37: =J36 -> 1 | K37: =K36 -> 1 | L37: =L36 -> 0 | M37: =M36 -> 1 | N37: =N36 -> 0 | O37: =O36 -> 0 | ... ET37: =ET36 -> 0 | EX37: =EX36 -> 1 | EY37: =EY36 -> 0 | EZ37: =EZ36 -> 1 | FA37: =FA36 -> 0 | FB37: =FB36 -> 0 | FC37: =FC36 -> 1 | FD37: =FD36 -> 0 | FE37: =FE36 -> 6 | ... HY37: =HY36 -> 0 | ID37: =ID36 -> 0 | IE37: =IE36 -> 0 | IF37: =IF36 -> 1 | IG37: =IG36 -> 0 | IH37: =IH36 -> 240 | II37: =II36 -> 0 | IJ37: =IJ36 -> 240
A38: 1 | B38: 1401660 | C38: النجف | D38: النجف | E38: قرية النور | F38: العبقري الصغير | G38: حي النور الاول | J38: 1 | K38: 1 | M38: 1 | Q38: 1 | T38: 1 | X38: 1 | Y38: 10 | Z38: 7 | AA38: 4 | AB38: 6 | AC38: =AA38+Y38 -> 14 | AD38: =AB38+Z38 -> 13 | AE38: =AD38+AC38 -> 27 | AF38: 1 | AG38: 1 | AH38: =AG38+AF38 -> 2 | AM38: =AK38+AI38 -> 0 | AN38: =AL38+AJ38 -> 0 | AO38: =AN38+AM38 -> 0 | AQ38: 1 | AT38: =AR38+AP38 -> 0 | AU38: =AS38+AQ38 -> 1 | AV38: =AU38+AT38 -> 1 | AX38: 1 | AY38: 1 | BB38: 1 | BD38: 1 | BF38: 1 | BN38: 1 | BP38: 3 | BR38: =BQ38+BP38+BO38+BN38 -> 4 | CK38: =CI38+CG38+CE38+CC38+CA38+BY38+BW38+BS38 -> 0 | CL38: =CJ38+CH38+CF38+CD38+CB38+BZ38+BX38+BT38 -> 0 | CM38: =CL38+CK38 -> 0 | CN38: 4 | CQ38: =CP38+CO38+CN38 -> 4 | CR38: 4 | DA38: =CY38+CX38+CW38+CV38+CU38+CT38+CS38+CZ38 -> 0 | DB38: =DA38+CR38 -> 4 | DD38: 1 | DG38: 3 | DL38: =DK38+DJ38+DI38+DH38+DG38+DF38+DE38+DD38+DC38 -> 4 | DM38: 2 | DN38: 2 | DQ38: =DP38+DO38+DN38+DM38 -> 4 | DT38: 3 | DV38: 1 | EC38: =DW38+DU38+DS38+DY38 -> 0 | ED38: =DX38+DV38+DT38+DZ38 -> 4 | EE38: =ED38+EC38 -> 4 | EG38: 2 | EI38: 1 | EK38: 1 | EP38: =EN38+EL38+EJ38+EH38+EF38 -> 0 | EQ38: =EO38+EM38+EK38+EI38+EG38 -> 4 | ER38: =EQ38+EP38 -> 4 | ES38: 1 | EV38: 2963 | EW38: 4 | EY38: 1 | EZ38: 1 | FD38: 1 | FF38: 1 | FI38: 4 | FJ38: 10 | FK38: =FJ38+FI38 -> 14 | FL38: 1 | FS38: 1 | FU38: 1 | FW38: 1 | FY38: 1 | GA38: 1 | GF38: 1 | GH38: 1 | GJ38: 1 | GL38: 1 | GO38: 1 | GR38: 1 | GU38: 1 | GW38: 1 | GX38: 1 | HB38: 1 | HF38: 1 | HI38: 1 | HL38: 20 | HT38: 1 | HY38: 1 | IJ38: =II38+IH38 -> 0 | IK38: قرية النور | IL38: زينب فريد نصيف | IM38: 7827007780
A39: مجموع ناحية بانيقيا | H39: =H38 -> 0 | I39: =I38 -> 0 | J39: =J38 -> 1 | K39: =K38 -> 1 | L39: =L38 -> 0 | M39: =M38 -> 1 | N39: =N38 -> 0 | O39: =O38 -> 0 | ... ET39: =ET38 -> 0 | EX39: =EX38 -> 0 | EY39: =EY38 -> 1 | EZ39: =EZ38 -> 1 | FA39: =FA38 -> 0 | FB39: =FB38 -> 0 | FC39: =FC38 -> 0 | FD39: =FD38 -> 1 | FE39: =FE38 -> 0 | ... HY39: =HY38 -> 1 | ID39: =ID38 -> 0 | IE39: =IE38 -> 0 | IF39: =IF38 -> 0 | IG39: =IG38 -> 0 | IH39: =IH38 -> 0 | II39: =II38 -> 0 | IJ39: =IJ38 -> 0
H40: =H37+H35+H39 -> 0 | I40: =I37+I35+I39 -> 0 | J40: =J37+J35+J39 -> 30 | K40: =K37+K35+K39 -> 30 | L40: =L37+L35+L39 -> 0 | M40: =M37+M35+M39 -> 30 | N40: =N37+N35+N39 -> 0 | O40: =O37+O35+O39 -> 0 | ... IM40: =IM37+IM35+IM39 -> 0
A41: 1 | B41: 1400155 | C41: النجف | D41: الكوفة | E41: المركز | F41: اطفال الكوفة | G41: السهيلية الجنوبية | J41: 1 | K41: 1 | M41: 1 | Q41: 1 | T41: 1 | Y41: 45 | Z41: 56 | AA41: 53 | AB41: 80 | AC41: 98 | AD41: 136 | AE41: 234 | AF41: 2 | AG41: 3 | AH41: 5 | AM41: =AK41+AI41 -> 0 | AN41: =AL41+AJ41 -> 0 | AO41: =AN41+AM41 -> 0 | AP41: 1 | AR41: 1 | AT41: =AR41+AP41 -> 2 | AU41: =AS41+AQ41 -> 0 | AV41: =AU41+AT41 -> 2 | AX41: 1 | AZ41: 1 | BB41: 1 | BD41: 1 | BF41: 1 | BN41: 1 | BP41: 10 | BR41: =BQ41+BP41+BO41+BN41 -> 11 | CB41: 1 | CD41: 1 | CK41: =CI41+CG41+CE41+CC41+CA41+BY41+BW41+BS41 -> 0 | CL41: =CJ41+CH41+CF41+CD41+CB41+BZ41+BX41+BT41 -> 2 | CM41: =CL41+CK41 -> 2 | CN41: 11 | CQ41: =CP41+CO41+CN41 -> 11 | CR41: 8 | CW41: 2 | CX41: 1 | DA41: =CY41+CX41+CW41+CV41+CU41+CT41+CS41+CZ41 -> 3 | DB41: =DA41+CR41 -> 11 | DD41: 2 | DF41: 3 | DG41: 6 | DL41: 11 | DM41: 1 | DN41: 10 | DQ41: 11 | DR41: 3 | DT41: 4 | DV41: 2 | DX41: 5 | EC41: =DW41+DU41+DS41+DY41 -> 0 | ED41: =DX41+DV41+DT41+DZ41 -> 11 | EE41: =ED41+EC41 -> 11 | EI41: 6 | EK41: 4 | EM41: 1 | EP41: 0 | EQ41: 11 | ER41: 11 | ES41: 1 | EU41: 1958 | EV41: 19\2 | EW41: 7 | EY41: 1 | EZ41: 1 | FD41: 1 | FF41: 1 | FI41: 8 | FJ41: 7 | FK41: 15 | FL41: 1 | FS41: 1 | FU41: 1 | FW41: 1 | FY41: 1 | GA41: 1 | GF41: 1 | GI41: 1 | GJ41: 1 | GL41: 1 | GQ41: 1 | GS41: 1 | GT41: 1 | GW41: 1 | HB41: 1 | HF41: 1 | HI41: 1 | HN41: 160 | HP41: 9 | HR41: 1 | HU41: 1 | HX41: 1 | IB41: 1 | IE41: 1 | IH41: 15 | II41: 100 | IJ41: 115 | IK41: فلكة حبيب الرعاش | IL41: خلود محسن عبد | IM41: 7827384709
A42: 2 | B42: 1400156 | C42: النجف | D42: الكوفة | E42: المركز | F42: الينابيع | G42: كنده | J42: 1 | K42: 1 | M42: 1 | Q42: 1 | T42: 1 | Y42: 36 | Z42: 28 | AA42: 60 | AB42: 66 | AC42: 96 | AD42: 94 | AE42: 190 | AF42: 1 | AG42: 2 | AH42: 0 | AM42: =AK42+AI42 -> 0 | AN42: =AL42+AJ42 -> 0 | AO42: =AN42+AM42 -> 0 | AT42: =AR42+AP42 -> 0 | AU42: =AS42+AQ42 -> 0 | AV42: =AU42+AT42 -> 0 | AX42: 1 | AZ42: 1 | BB42: 1 | BD42: 1 | BF42: 1 | BN42: 1 | BO42: 1 | BP42: 13 | BR42: =BQ42+BP42+BO42+BN42 -> 15 | CB42: 2 | CD42: 2 | CE42: 1 | CK42: =CI42+CG42+CE42+CC42+CA42+BY42+BW42+BS42 -> 1 | CL42: =CJ42+CH42+CF42+CD42+CB42+BZ42+BX42+BT42 -> 4 | CM42: =CL42+CK42 -> 5 | CN42: 15 | CQ42: =CP42+CO42+CN42 -> 15 | CR42: 6 | CT42: 3 | CW42: 3 | CX42: 2 | CZ42: 1 | DA42: =CY42+CX42+CW42+CV42+CU42+CT42+CS42+CZ42 -> 9 | DB42: =DA42+CR42 -> 15 | DD42: 5 | DF42: 1 | DG42: 8 | DI42: 1 | DL42: 15 | DN42: 13 | DP42: 2 | DQ42: 15 | DT42: 7 | DV42: 4 | DZ42: 4 | EC42: =DW42+DU42+DS42+DY42 -> 0 | ED42: =DX42+DV42+DT42+DZ42 -> 15 | EE42: =ED42+EC42 -> 15 | EG42: 1 | EI42: 8 | EK42: 4 | EM42: 1 | EO42: 1 | EP42: 0 | EQ42: 15 | ER42: 15 | ES42: 1 | EU42: 2012 | EV42: 2549/19 | EW42: 18 | EX42: 1 | EZ42: 1 | FC42: 1 | FE42: 3 | FF42: 1 | FI42: 3 | FJ42: 5 | FK42: 8 | FL42: 1 | FS42: 1 | FV42: 1 | FW42: 1 | FY42: 1 | GA42: 1 | GF42: 1 | GI42: 1 | GJ42: 1 | GL42: 1 | GO42: 1 | GR42: 1 | GT42: 1 | GW42: 1 | GX42: 1 | HB42: 1 | HF42: 1 | HJ42: 1 | HN42: 18 | HO42: 29 | HP42: 10 | HQ42: 7 | HR42: 2 | HS42: 1 | HT42: 2 | HU42: 1 | HW42: 1 | HX42: 1 | IB42: 1 | IE42: 1 | IH42: 290 | II42: 200 | IJ42: 490 | IK42: خلف بريد الكوفة | IL42: جنان كريم تكليف | IM42: 7832466406
A43: 3 | B43: 1400157 | C43: النجف | D43: الكوفة | E43: المركز | F43: الورود | G43: ميثم التمار | J43: 1 | K43: 1 | M43: 1 | Q43: 1 | T43: 1 | Y43: 36 | Z43: 35 | AA43: 39 | AB43: 40 | AC43: 75 | AD43: 75 | AE43: 150 | AF43: 1 | AG43: 2 | AH43: 3 | AI43: 8 | AJ43: 7 | AK43: 7 | AL43: 3 | AM43: =AK43+AI43 -> 15 | AN43: =AL43+AJ43 -> 10 | AO43: =AN43+AM43 -> 25 | AT43: =AR43+AP43 -> 0 | AU43: =AS43+AQ43 -> 0 | AV43: =AU43+AT43 -> 0 | AX43: 1 | AZ43: 1 | BB43: 1 | BD43: 1 | BF43: 1 | BN43: 1 | BO43: 1 | BP43: 9 | BR43: =BQ43+BP43+BO43+BN43 -> 11 | CB43: 1 | CD43: 2 | CK43: =CI43+CG43+CE43+CC43+CA43+BY43+BW43+BS43 -> 0 | CL43: =CJ43+CH43+CF43+CD43+CB43+BZ43+BX43+BT43 -> 3 | CM43: =CL43+CK43 -> 3 | CN43: 11 | CQ43: =CP43+CO43+CN43 -> 11 | CR43: 8 | CW43: 3 | DA43: =CY43+CX43+CW43+CV43+CU43+CT43+CS43+CZ43 -> 3 | DB43: =DA43+CR43 -> 11 | DC43: 2 | DD43: 3 | DF43: 1 | DG43: 5 | DL43: 11 | DN43: 11 | DQ43: 11 | DR43: 3 | DT43: 4 | DV43: 1 | DX43: 2 | DZ43: 4 | EC43: =DW43+DU43+DS43+DY43 -> 0 | ED43: =DX43+DV43+DT43+DZ43 -> 11 | EE43: =ED43+EC43 -> 11 | EG43: 2 | EI43: 2 | EK43: 6 | EM43: 1 | EP43: 0 | EQ43: 11 | ER43: 11 | ES43: 1 | EU43: 1980 | EV43: 1453/13 | EW43: 38 | EX43: 1 | EZ43: 1 | FC43: 1 | FE43: 2 | FF43: 1 | FI43: 4 | FJ43: 12 | FK43: 16 | FL43: 1 | FS43: 1 | FV43: 1 | FX43: 1 | FY43: 1 | GA43: 1 | GF43: 1 | GI43: 1 | GJ43: 1 | GL43: 1 | GP43: 1 | GR43: 1 | GT43: 1 | GV43: 1 | GX43: 1 | HB43: 1 | HF43: 1 | HJ43: 1 | HN43: 90 | HO43: 33 | HP43: 6 | HS43: 1 | HT43: 1 | HX43: 1 | IB43: 1 | IG43: 1 | IH43: 525 | IJ43: 525 | IK43: المركز الصحي -حي ميثم التمار | IL43: انتصار محمد صاحب | IM43: 7803787354
A44: 4 | B44: 1400158 | C44: النجف | D44: الكوفة | E44: المركز | F44: الاصيل | G44: شارع المعمل | J44: 1 | K44: 1 | M44: 1 | Q44: 1 | T44: 1 | Y44: 6 | Z44: 18 | AA44: 15 | AB44: 30 | AC44: 21 | AD44: 48 | AE44: 69 | AF44: 1 | AG44: 1 | AH44: 2 | AI44: 1 | AJ44: 1 | AK44: 1 | AL44: 2 | AM44: =AK44+AI44 -> 2 | AN44: =AL44+AJ44 -> 3 | AO44: =AN44+AM44 -> 5 | AT44: =AR44+AP44 -> 0 | AU44: =AS44+AQ44 -> 0 | AV44: =AU44+AT44 -> 0 | AX44: 1 | AZ44: 1 | BB44: 1 | BD44: 1 | BF44: 1 | BN44: 1 | BO44: 1 | BP44: 7 | BQ44: 1 | BR44: =BQ44+BP44+BO44+BN44 -> 10 | CB44: 1 | CD44: 2 | CK44: =CI44+CG44+CE44+CC44+CA44+BY44+BW44+BS44 -> 0 | CL44: =CJ44+CH44+CF44+CD44+CB44+BZ44+BX44+BT44 -> 3 | CM44: =CL44+CK44 -> 3 | CN44: 10 | CQ44: =CP44+CO44+CN44 -> 10 | CR44: 8 | CW44: 1 | CX44: 1 | DA44: =CY44+CX44+CW44+CV44+CU44+CT44+CS44+CZ44 -> 2 | DB44: =DA44+CR44 -> 10 | DD44: 2 | DF44: 2 | DG44: 4 | DK44: 2 | DL44: 10 | DN44: 10 | DQ44: 10 | DT44: 4 | DZ44: 6 | EC44: =DW44+DU44+DS44+DY44 -> 0 | ED44: =DX44+DV44+DT44+DZ44 -> 10 | EE44: =ED44+EC44 -> 10 | EI44: 3 | EK44: 3 | EM44: 4 | EP44: 0 | EQ44: 10 | ER44: 10 | ES44: 1 | EU44: 1980 | EV44: 841/107 | EW44: 1 | EX44: 1 | EZ44: 1 | FC44: 1 | FE44: 2 | FF44: 1 | FI44: 4 | FJ44: 13 | FK44: 17 | FL44: 1 | FS44: 1 | FV44: 1 | FX44: 1 | FY44: 1 | GA44: 1 | GF44: 1 | GI44: 1 | GJ44: 1 | GL44: 1 | GQ44: 1 | GR44: 1 | GT44: 1 | GV44: 1 | GY44: 1 | HB44: 1 | HF44: 1 | HK44: 1 | HN44: 50 | HO44: 250 | HQ44: 6 | HT44: 1 | HX44: 1 | IA44: 1 | IF44: 1 | IH44: 100 | II44: 50 | IJ44: 150 | IK44: مستوصف مسلم بن عقيل | IL44: نجلاء طالب عبد اليمه | IM44: 7827042001
A45: 5 | B45: 1400159 | C45: النجف | D45: الكوفة | E45: المركز | F45: الاريج | G45: ميثم التمار | J45: 1 | K45: 1 | M45: 1 | Q45: 1 | T45: 1 | Y45: 32 | Z45: 38 | AA45: 45 | AB45: 35 | AC45: 77 | AD45: 73 | AE45: 150 | AF45: 2 | AG45: 1 | AH45: 3 | AM45: =AK45+AI45 -> 0 | AN45: =AL45+AJ45 -> 0 | AO45: =AN45+AM45 -> 0 | AT45: =AR45+AP45 -> 0 | AU45: =AS45+AQ45 -> 0 | AV45: =AU45+AT45 -> 0 | AX45: 1 | AZ45: 1 | BB45: 1 | BD45: 1 | BF45: 1 | BN45: 1 | BO45: 1 | BP45: 13 | BR45: =BQ45+BP45+BO45+BN45 -> 15 | CC45: 1 | CD45: 2 | CK45: =CI45+CG45+CE45+CC45+CA45+BY45+BW45+BS45 -> 1 | CL45: =CJ45+CH45+CF45+CD45+CB45+BZ45+BX45+BT45 -> 2 | CM45: =CL45+CK45 -> 3 | CN45: 15 | CQ45: =CP45+CO45+CN45 -> 15 | CR45: 11 | CW45: 4 | DA45: =CY45+CX45+CW45+CV45+CU45+CT45+CS45+CZ45 -> 4 | DB45: =DA45+CR45 -> 15 | DC45: 1 | DD45: 11 | DF45: 1 | DG45: 2 | DL45: 15 | DM45: 1 | DN45: 12 | DO45: 2 | DQ45: 15 | DT45: 4 | DV45: 1 | DZ45: 10 | EC45: =DW45+DU45+DS45+DY45 -> 0 | ED45: =DX45+DV45+DT45+DZ45 -> 15 | EE45: =ED45+EC45 -> 15 | EI45: 5 | EK45: 4 | EM45: 5 | EO45: 1 | EP45: 0 | EQ45: 15 | ER45: 15 | ES45: 1 | EU45: 1981 | EV45: 1415/19 | EW45: 18 | EX45: 1 | EZ45: 1 | FC45: 1 | FE45: 2 | FF45: 1 | FI45: 4 | FJ45: 11 | FK45: 15 | FL45: 1 | FS45: 1 | FU45: 1 | FW45: 1 | FY45: 1 | GA45: 1 | GF45: 1 | GI45: 1 | GJ45: 1 | GL45: 1 | GO45: 1 | GR45: 1 | GT45: 1 | GV45: 1 | GX45: 1 | HB45: 1 | HF45: 1 | HJ45: 1 | HL45: 50 | HO45: 35 | HP45: 8 | HQ45: 4 | HR45: 1 | HT45: 1 | HU45: 1 | HX45: 1 | IC45: 1 | IG45: 1 | IH45: 400 | II45: 68 | IJ45: 468 | IK45: مزكز صحي الكوثر-الكوفة | IL45: هيام محمد عبد الحر | IM45: 7802087247
A46: 6 | B46: 1400160 | C46: النجف | D46: الكوفة | E46: المركز | F46: السندس | G46: دور معمل السمنت | J46: 1 | K46: 1 | M46: 1 | Q46: 1 | T46: 1 | Y46: 34 | Z46: 30 | AA46: 57 | AB46: 75 | AC46: 91 | AD46: 105 | AE46: 196 | AF46: 1 | AG46: 2 | AH46: 3 | AM46: =AK46+AI46 -> 0 | AN46: =AL46+AJ46 -> 0 | AO46: =AN46+AM46 -> 0 | AT46: =AR46+AP46 -> 0 | AU46: =AS46+AQ46 -> 0 | AV46: =AU46+AT46 -> 0 | AX46: 1 | AZ46: 1 | BB46: 1 | BD46: 1 | BF46: 1 | BN46: 1 | BO46: 1 | BP46: 9 | BR46: =BQ46+BP46+BO46+BN46 -> 11 | CD46: 4 | CE46: 1 | CK46: =CI46+CG46+CE46+CC46+CA46+BY46+BW46+BS46 -> 1 | CL46: =CJ46+CH46+CF46+CD46+CB46+BZ46+BX46+BT46 -> 4 | CM46: =CL46+CK46 -> 5 | CN46: 11 | CQ46: =CP46+CO46+CN46 -> 11 | CR46: 9 | CX46: 2 | DA46: =CY46+CX46+CW46+CV46+CU46+CT46+CS46+CZ46 -> 2 | DB46: =DA46+CR46 -> 11 | DC46: 3 | DD46: 2 | DF46: 2 | DG46: 3 | DK46: 1 | DL46: 11 | DN46: 11 | DQ46: 11 | DR46: 4 | DT46: 3 | DX46: 2 | DZ46: 6 | EC46: =DW46+DU46+DS46+DY46 -> 0 | ED46: =DX46+DV46+DT46+DZ46 -> 11 | EE46: =ED46+EC46 -> 11 | EG46: 2 | EK46: 3 | EM46: 6 | EP46: 0 | EQ46: 11 | ER46: 11 | ES46: 1 | EU46: 1981 | EV46: 235\19 | EW46: 18 | EX46: 1 | EZ46: 1 | FD46: 1 | FF46: 1 | FI46: 4 | FJ46: 11 | FK46: 15 | FL46: 1 | FS46: 1 | FU46: 1 | FW46: 1 | FY46: 1 | GA46: 1 | GF46: 1 | GH46: 1 | GJ46: 1 | GL46: 1 | GO46: 1 | GS46: 1 | GT46: 1 | GV46: 1 | GX46: 1 | HB46: 1 | HF46: 1 | HI46: 1 | HN46: 33 | HO46: 6 | HP46: 6 | HQ46: 4 | HS46: 1 | HT46: 1 | HX46: 1 | IB46: 1 | IF46: 1 | IH46: 285 | II46: 280 | IJ46: 565 | IK46: جامع الاحسان | IL46: هناء حسن مري | IM46: 7812496398
A47: 7 | B47: 1400998 | C47: النجف | D47: الكوفة | E47: المركز | F47: السندباد | G47: حي العسكري | J47: 1 | K47: 1 | M47: 1 | Q47: 1 | T47: 1 | Y47: 59 | Z47: 53 | AA47: 48 | AB47: 49 | AC47: 107 | AD47: 102 | AE47: 209 | AF47: 2 | AG47: 2 | AH47: 4 | AI47: 5 | AJ47: 9 | AK47: 6 | AL47: 11 | AM47: =AK47+AI47 -> 11 | AN47: =AL47+AJ47 -> 20 | AO47: =AN47+AM47 -> 31 | AT47: =AR47+AP47 -> 0 | AU47: =AS47+AQ47 -> 0 | AV47: =AU47+AT47 -> 0 | AX47: 1 | AZ47: 1 | BB47: 1 | BD47: 1 | BF47: 1 | BN47: 1 | BO47: 1 | BP47: 5 | BR47: =BQ47+BP47+BO47+BN47 -> 7 | BT47: 1 | BV47: 1 | CD47: 1 | CE47: 1 | CK47: =CI47+CG47+CE47+CC47+CA47+BY47+BW47+BS47+BU47 -> 1 | CL47: =CJ47+CH47+CF47+CD47+CB47+BZ47+BX47+BT47+BV47 -> 3 | CM47: =CL47+CK47 -> 4 | CN47: 7 | CQ47: =CP47+CO47+CN47 -> 7 | CR47: 6 | CV47: 1 | DA47: =CY47+CX47+CW47+CV47+CU47+CT47+CS47+CZ47 -> 1 | DB47: =DA47+CR47 -> 7 | DD47: 1 | DE47: 2 | DF47: 4 | DL47: 7 | DM47: 1 | DN47: 6 | DQ47: 7 | DT47: 3 | DX47: 1 | DZ47: 3 | EC47: =DW47+DU47+DS47+DY47 -> 0 | ED47: =DX47+DV47+DT47+DZ47 -> 7 | EE47: =ED47+EC47 -> 7 | EI47: 1 | EK47: 4 | EM47: 2 | EP47: 0 | EQ47: 7 | ER47: 7 | ES47: 1 | EU47: 2013 | EV47: 19/1659 | EW47: 18 | EX47: 1 | EZ47: 1 | FC47: 1 | FE47: 4 | FF47: 1 | FI47: 4 | FJ47: 5 | FK47: 9 | FL47: 1 | FS47: 1 | FU47: 1 | FW47: 1 | FY47: 1 | GA47: 1 | GF47: 1 | GH47: 1 | GJ47: 1 | GL47: 1 | GO47: 1 | GR47: 1 | GT47: 1 | GW47: 1 | GX47: 1 | HB47: 1 | HF47: 1 | HI47: 1 | HL47: 20 | HM47: 35 | HP47: 2 | HQ47: 8 | HU47: 1 | HY47: 1 | IJ47: 0 | IK47: قرب مسجد السهلة | IL47: اقبال عبدالاميرعبدالحسين | IM47: 7800014888
A48: 8 | B48: 1401072 | C48: النجف | D48: الكوفة | E48: المركز | F48: البنفسج | G48: حي ميسان | J48: 1 | K48: 1 | M48: 1 | Q48: 1 | T48: 1 | Y48: 34 | Z48: 64 | AA48: 111 | AB48: 98 | AC48: 145 | AD48: 162 | AE48: 307 | AF48: 1 | AG48: 3 | AH48: 4 | AI48: 5 | AJ48: 5 | AK48: 5 | AL48: 5 | AM48: =AK48+AI48 -> 10 | AN48: =AL48+AJ48 -> 10 | AO48: =AN48+AM48 -> 20 | AT48: =AR48+AP48 -> 0 | AU48: =AS48+AQ48 -> 0 | AV48: =AU48+AT48 -> 0 | AX48: 1 | AZ48: 1 | BB48: 1 | BD48: 1 | BF48: 1 | BN48: 1 | BO48: 1 | BP48: 11 | BR48: =BQ48+BP48+BO48+BN48 -> 13 | BS48: 1 | BT48: 1 | CB48: 2 | CD48: 2 | CK48: =CI48+CG48+CE48+CC48+CA48+BY48+BW48+BS48 -> 1 | CL48: =CJ48+CH48+CF48+CD48+CB48+BZ48+BX48+BT48 -> 5 | CM48: =CL48+CK48 -> 6 | CN48: 13 | CQ48: =CP48+CO48+CN48 -> 13 | CR48: 12 | CX48: 1 | DA48: =CY48+CX48+CW48+CV48+CU48+CT48+CS48+CZ48 -> 1 | DB48: =DA48+CR48 -> 13 | DD48: 5 | DF48: 2 | DG48: 6 | DL48: 13 | DM48: 1 | DN48: 12 | DQ48: 13 | DT48: 6 | DX48: 2 | DZ48: 5 | EC48: =DW48+DU48+DS48+DY48 -> 0 | ED48: =DX48+DV48+DT48+DZ48 -> 13 | EE48: =ED48+EC48 -> 13 | EI48: 6 | EK48: 2 | EM48: 4 | EO48: 1 | EP48: 0 | EQ48: 13 | ER48: 13 | ES48: 1 | EU48: 2013 | EV48: 22554/3 | EW48: 4 | EX48: 1 | EZ48: 1 | FC48: 1 | FE48: 4 | FF48: 1 | FI48: 4 | FJ48: 4 | FK48: 8 | FL48: 1 | FS48: 1 | FU48: 1 | FW48: 1 | FY48: 1 | GA48: 1 | GF48: 1 | GI48: 1 | GJ48: 1 | GL48: 1 | GP48: 1 | GR48: 1 | GT48: 1 | GW48: 1 | GX48: 1 | HB48: 1 | HF48: 1 | HJ48: 1 | HL48: 20 | HN48: 30 | HO48: 34 | HP48: 13 | HQ48: 6 | HS48: 1 | HU48: 1 | HW48: 1 | HX48: 1 | IA48: 1 | IF48: 1 | II48: 380 | IJ48: 380 | IK48: دائرة بريد ميسان | IM48: 7803245994
H49: =SUM(H41:H48) -> 0 | I49: =SUM(I41:I48) -> 0 | J49: =SUM(J41:J48) -> 8 | K49: =SUM(K41:K48) -> 8 | L49: =SUM(L41:L48) -> 0 | M49: =SUM(M41:M48) -> 8 | N49: =SUM(N41:N48) -> 0 | O49: =SUM(O41:O48) -> 0 | ... EQ49: =SUM(EQ41:EQ48) -> 93 | EU49: =SUM(EU41:EU48) -> 15918 | EV49: =SUM(EV41:EV48) -> 0 | EW49: =SUM(EW41:EW48) -> 122 | EX49: =SUM(EX41:EX48) -> 7 | EY49: =SUM(EY41:EY48) -> 1 | EZ49: =SUM(EZ41:EZ48) -> 8 | FA49: =SUM(FA41:FA48) -> 0 | FB49: =SUM(FB41:FB48) -> 0 | ... IG49: =SUM(IG41:IG48) -> 2
A50: 1 | B50: 1400161 | C50: النجف | D50: الكوفة | E50: العباسية | F50: الياسمين | G50: المركز | J50: 1 | K50: 1 | M50: 1 | Q50: 1 | T50: 1 | Y50: 43 | Z50: 37 | AA50: 48 | AB50: 46 | AC50: 91 | AD50: 83 | AE50: 174 | AF50: 2 | AG50: 2 | AH50: 4 | AI50: 13 | AJ50: 11 | AK50: 12 | AL50: 15 | AM50: 0 | AN50: 0 | AO50: 0 | AX50: 1 | AZ50: 1 | BB50: 1 | BD50: 1 | BF50: 1 | BN50: 1 | BO50: 1 | BP50: 18 | BR50: 20 | CD50: 2 | CK50: 0 | CL50: 2 | CM50: =CL50+CK50 -> 2 | CN50: 20 | CQ50: 20 | CR50: 17 | CW50: 3 | DA50: 3 | DB50: 20 | DC50: 1 | DD50: 7 | DF50: 1 | DG50: 11 | DL50: 20 | DM50: 3 | DN50: 15 | DP50: 2 | DQ50: 20 | DR50: 11 | DT50: 12 | DX50: 1 | DZ50: 7 | EC50: 0 | ED50: 20 | EE50: 20 | EG50: 2 | EI50: 8 | EK50: 6 | EM50: 4 | EP50: 0 | EQ50: 20 | ER50: 20 | ES50: 1 | EU50: 1980 | EV50: 71/36 | EW50: 46 | EX50: 1 | EZ50: 1 | FC50: 1 | FE50: 2 | FF50: 1 | FI50: 4 | FJ50: 6 | FK50: 10 | FL50: 1 | FS50: 1 | FU50: 1 | FW50: 1 | FY50: 1 | GA50: 1 | GF50: 1 | GI50: 1 | GJ50: 1 | GL50: 1 | GQ50: 1 | GR50: 1 | GT50: 1 | GW50: 1 | GX50: 1 | HB50: 1 | HF50: 1 | HJ50: 1 | HN50: 25 | HO50: 25 | HP50: 6 | HQ50: 4 | HS50: 1 | HV50: 2 | HX50: 1 | IA50: 1 | IF50: 1 | IH50: 1 | II50: 405 | IJ50: 406 | IK50: مدرسة العباسية للبنين | IL50: صديقة عبد ياسر كاظم | IM50: 7866886652
H51: =SUM(H50) -> 0 | I51: =SUM(I50) -> 0 | J51: =SUM(J50) -> 1 | K51: =SUM(K50) -> 1 | L51: =SUM(L50) -> 0 | M51: =SUM(M50) -> 1 | N51: =SUM(N50) -> 0 | O51: =SUM(O50) -> 0 | ... EQ51: =SUM(EQ50) -> 20 | EU51: =SUM(EU50) -> 1980 | EV51: =SUM(EV50) -> 0 | EW51: =SUM(EW50) -> 46 | EX51: =SUM(EX50) -> 1 | EY51: =SUM(EY50) -> 0 | EZ51: =SUM(EZ50) -> 1 | FA51: =SUM(FA50) -> 0 | FB51: =SUM(FB50) -> 0 | ... IG51: =SUM(IG50) -> 0
A52: 1 | B52: 1400162 | C52: النجف | D52: الكوفة | E52: الحرية | F52: الازاهير | G52: المركز | J52: 1 | K52: 1 | M52: 1 | Q52: 1 | T52: 1 | Y52: 38 | Z52: 62 | AA52: 50 | AB52: 65 | AC52: 88 | AD52: 127 | AE52: 215 | AF52: 2 | AG52: 2 | AH52: 4 | AI52: 20 | AJ52: 18 | AK52: 17 | AL52: 19 | AM52: 37 | AN52: 37 | AO52: 74 | AT52: 0 | AU52: 0 | AV52: 0 | AX52: 1 | AZ52: 1 | BB52: 1 | BD52: 1 | BF52: 1 | BN52: 1 | BO52: 1 | BP52: 12 | BR52: 14 | CC52: 1 | CD52: 2 | CE52: 1 | CK52: 2 | CL52: 2 | CM52: =CL52+CK52 -> 4 | CN52: 14 | CQ52: 0 | CR52: 14 | DA52: 0 | DB52: 14 | DD52: 4 | DG52: 10 | DL52: 14 | DN52: 13 | DP52: 1 | DQ52: 14 | DT52: 10 | DX52: 1 | DZ52: 3 | EC52: 0 | ED52: 14 | EE52: 14 | EG52: 1 | EI52: 10 | EK52: 1 | EM52: 2 | EP52: 0 | EQ52: 14 | ER52: 14 | ES52: 1 | EU52: 1978 | EV52: 28/22 | EW52: 25151 | EX52: 1 | EZ52: 1 | FD52: 1 | FF52: 1 | FI52: 4 | FJ52: 5 | FK52: 9 | FL52: 1 | FS52: 1 | FU52: 1 | FW52: 1 | FY52: 1 | GA52: 1 | GF52: 1 | GI52: 1 | GJ52: 1 | GL52: 1 | GO52: 1 | GR52: 1 | GT52: 1 | GV52: 1 | GX52: 1 | HB52: 1 | HF52: 1 | HJ52: 1 | HN52: 250 | HO52: 50 | HP52: 4 | HX52: 1 | HZ52: 1 | IG52: 1 | II52: 200 | IJ52: 200 | IK52: ث0 الرملة | IL52: مكية عبد ياسر كاظم | IM52: 7818268092
H53: =SUM(H52) -> 0 | I53: =SUM(I52) -> 0 | J53: =SUM(J52) -> 1 | K53: =SUM(K52) -> 1 | L53: =SUM(L52) -> 0 | M53: =SUM(M52) -> 1 | N53: =SUM(N52) -> 0 | O53: =SUM(O52) -> 0 | ... R53: =SUM(R52) -> 0 | T53: =SUM(T52) -> 1 | U53: =SUM(U52) -> 0 | V53: =SUM(V52) -> 0 | W53: =SUM(W52) -> 0 | X53: =SUM(X52) -> 0 | Y53: =SUM(Y52) -> 38 | Z53: =SUM(Z52) -> 62 | AA53: =SUM(AA52) -> 50 | ... EQ53: =SUM(EQ52) -> 14 | EU53: =SUM(EU52) -> 1978 | EV53: =SUM(EV52) -> 0 | EW53: =SUM(EW52) -> 25151 | EX53: =SUM(EX52) -> 1 | EY53: =SUM(EY52) -> 0 | EZ53: =SUM(EZ52) -> 1 | FA53: =SUM(FA52) -> 0 | FB53: =SUM(FB52) -> 0 | ... IG53: =SUM(IG52) -> 1
H54: =H53+H51+H49 -> 0 | I54: =I53+I51+I49 -> 0 | J54: =J53+J51+J49 -> 10 | K54: =K53+K51+K49 -> 10 | L54: =L53+L51+L49 -> 0 | M54: =M53+M51+M49 -> 10 | N54: =N53+N51+N49 -> 0 | O54: =O53+O51+O49 -> 0 | ... EQ54: =EQ53+EQ51+EQ49 -> 127 | EU54: =EU53+EU51+EU49 -> 19876 | EV54: =EV53+EV51+EV49 -> 0 | EW54: =EW53+EW51+EW49 -> 25319 | EX54: =EX53+EX51+EX49 -> 9 | EY54: =EY53+EY51+EY49 -> 1 | EZ54: =EZ53+EZ51+EZ49 -> 10 | FA54: =FA53+FA51+FA49 -> 0 | FB54: =FB53+FB51+FB49 -> 0 | ... IG54: =IG53+IG51+IG49 -> 3
A55: محافظة النجف الاشرف | B55: قضاء المناذرة | C55: مركز المناذرة | D55: 1 | F55: روضة اطفال السدير | G55: السراي | H55: 0 | I55: 0 | J55: 1 | K55: 1 | L55: 0 | M55: 1 | N55: 0 | O55: 0 | P55: 0 | Q55: 1 | R55: 0 | S55: 0 | T55: 1 | U55: 0 | V55: 0 | W55: 0 | X55: 0 | Y55: 60 | Z55: 67 | AA55: 68 | AB55: 78 | AC55: 128 | AD55: 145 | AE55: 273 | AF55: 2 | AG55: 2 | AH55: 4 | AI55: 0 | AJ55: 0 | AK55: 0 | AL55: 0 | AM55: 0 | AN55: 0 | AO55: 0 | AP55: 0 | AQ55: 0 | AR55: 0 | AS55: 0 | AW55: 0 | AX55: 1 | AY55: 0 | AZ55: 1 | BA55: 0 | BB55: 1 | BC55: 0 | BD55: 1 | BE55: 0 | BF55: 1 | BG55: 0 | BH55: 0 | BI55: 0 | BJ55: 0 | BN55: 1 | BO55: 1 | BP55: 6 | BQ55: 4 | BR55: 12 | BS55: 0 | BT55: 0 | BW55: 0 | BX55: 0 | BY55: 0 | BZ55: 0 | CA55: 0 | CB55: 1 | CC55: 0 | CD55: 2 | CE55: 2 | CF55: 0 | CG55: 0 | CH55: 0 | CI55: 0 | CJ55: 0 | CK55: 2 | CL55: 3 | CM55: 5 | CN55: 12 | CO55: 0 | CP55: 0 | CQ55: 12 | CR55: 10 | CS55: 0 | CT55: 2 | CU55: 0 | CV55: 0 | CW55: 0 | CX55: 0 | CY55: 0 | DA55: =CY55+CX55+CW55+CV55+CU55+CT55+CS55+CZ55 -> 2 | DB55: 12 | DC55: 1 | DD55: 3 | DE55: 0 | DF55: 2 | DG55: 6 | DH55: 0 | DI55: 0 | DJ55: 0 | DK55: 0 | DL55: 12 | DM55: 1 | DN55: 10 | DO55: 0 | DP55: 1 | DQ55: 12 | DR55: 0 | DT55: 6 | DV55: 0 | DX55: 0 | DZ55: 6 | EC55: =DW55+DU55+DS55+DY55 -> 0 | ED55: =DX55+DV55+DT55+DZ55 -> 12 | EE55: =ED55+EC55 -> 12 | EG55: 4 | EI55: 1 | EK55: 7 | EM55: 0 | EO55: 0 | EP55: =EN55+EL55+EJ55+EH55+EF55 -> 0 | EQ55: =EO55+EM55+EK55+EI55+EG55 -> 12 | ER55: =EQ55+EP55 -> 12 | ES55: 1 | ET55: 0 | EU55: 1974 | EV55: 55/116 | EW55: السراي | EX55: 1 | EY55: 0 | EZ55: 1 | FA55: 0 | FB55: 0 | FC55: 1 | FD55: 0 | FE55: 3 | FF55: 1 | FG55: 0 | FH55: 0 | FI55: 6 | FJ55: 5 | FK55: 11 | FL55: 1 | FM55: 0 | FN55: 0 | FO55: 0 | FP55: 0 | FQ55: 0 | FR55: 0 | FS55: 1 | FT55: 0 | FU55: 0 | FV55: 1 | FW55: 1 | FX55: 0 | FY55: 1 | FZ55: 0 | GA55: 1 | GB55: 0 | GC55: 0 | GD55: 0 | GE55: 0 | GF55: 1 | GG55: 0 | GH55: 0 | GI55: 1 | GJ55: 1 | GK55: 0 | GL55: 1 | GM55: 0 | GN55: 0 | GO55: 0 | GP55: 0 | GQ55: 1 | GR55: 1 | GS55: 0 | GT55: 1 | GU55: 0 | GV55: 0 | GW55: 1 | GX55: 0 | GY55: 0 | GZ55: 0 | HA55: 1 | HB55: 1 | HC55: 0 | HD55: 0 | HE55: 0 | HF55: 1 | HG55: 0 | HH55: 0 | HI55: 0 | HJ55: 1 | HK55: 0 | HL55: 0 | HM55: 0 | HN55: 56 | HO55: 40 | HP55: 10 | HQ55: 0 | HR55: 0 | HS55: 0 | HT55: 1 | HU55: 0 | HV55: 0 | HW55: 0 | HX55: 1 | HY55: 0 | HZ55: 0 | IA55: 1 | IB55: 0 | IC55: 0 | ID55: 0 | IE55: 0 | IF55: 0 | IG55: 1 | IH55: 257 | II55: 0 | IJ55: 257 | IL55: سميرة خضير محمد | IM55: 7812393887 | IN55: 31.906111 | IO55: 44.483333
A56: محافظة النجف الاشرف | B56: قضاء المناذرة | C56: مركز المناذرة | D56: 2 | F56: روضة اطفال الشروق | G56: الجمهوري | H56: 0 | I56: 0 | J56: 1 | K56: 1 | L56: 0 | M56: 1 | N56: 0 | O56: 0 | P56: 0 | Q56: 1 | R56: 0 | S56: 0 | T56: 1 | U56: 0 | V56: 0 | W56: 0 | X56: 0 | Y56: 47 | Z56: 47 | AA56: 39 | AB56: 47 | AC56: 86 | AD56: 94 | AE56: 180 | AF56: 2 | AG56: 1 | AH56: 3 | AI56: 37 | AJ56: 35 | AK56: 37 | AL56: 37 | AM56: 0 | AN56: 0 | AO56: 0 | AP56: 0 | AQ56: 0 | AR56: 0 | AS56: 0 | AW56: 0 | AX56: 1 | AY56: 0 | AZ56: 1 | BA56: 0 | BB56: 1 | BC56: 0 | BD56: 1 | BE56: 0 | BF56: 1 | BG56: 0 | BH56: 0 | BI56: 0 | BJ56: 0 | BN56: 1 | BO56: 1 | BP56: 7 | BQ56: 0 | BR56: 9 | BS56: 0 | BT56: 0 | BW56: 0 | BX56: 0 | BY56: 0 | BZ56: 0 | CA56: 0 | CB56: 1 | CC56: 0 | CD56: 2 | CE56: 1 | CF56: 0 | CG56: 0 | CH56: 0 | CI56: 0 | CJ56: 0 | CK56: 1 | CL56: 3 | CM56: 4 | CN56: 9 | CO56: 0 | CP56: 0 | CQ56: 9 | CR56: 7 | CS56: 0 | CT56: 0 | CU56: 1 | CV56: 0 | CW56: 0 | CX56: 1 | CY56: 0 | DA56: =CY56+CX56+CW56+CV56+CU56+CT56+CS56+CZ56 -> 2 | DB56: 9 | DC56: 1 | DD56: 1 | DE56: 0 | DF56: 1 | DG56: 6 | DH56: 0 | DI56: 0 | DJ56: 0 | DK56: 0 | DL56: 9 | DM56: 1 | DN56: 8 | DO56: 0 | DP56: 0 | DQ56: 9 | DR56: 2 | DT56: 0 | DV56: 6 | DX56: 0 | DZ56: 3 | EC56: =DW56+DU56+DS56+DY56 -> 0 | ED56: =DX56+DV56+DT56+DZ56 -> 9 | EE56: =ED56+EC56 -> 9 | EG56: 6 | EI56: 2 | EK56: 1 | EM56: 0 | EO56: 0 | EP56: =EN56+EL56+EJ56+EH56+EF56 -> 0 | EQ56: =EO56+EM56+EK56+EI56+EG56 -> 9 | ER56: =EQ56+EP56 -> 9 | ES56: 1 | ET56: 0 | EU56: 1985 | EV56: 444136 | EW56: 3 الحصوة | EX56: 1 | EY56: 0 | EZ56: 1 | FA56: 0 | FB56: 0 | FC56: 0 | FD56: 1 | FE56: 0 | FF56: 1 | FG56: 0 | FH56: 0 | FI56: 4 | FJ56: 7 | FK56: 11 | FL56: 1 | FM56: 0 | FN56: 0 | FO56: 0 | FP56: 0 | FQ56: 0 | FR56: 0 | FS56: 1 | FT56: 0 | FU56: 1 | FV56: 0 | FW56: 1 | FX56: 0 | FY56: 1 | FZ56: 0 | GA56: 1 | GB56: 0 | GC56: 0 | GD56: 0 | GE56: 0 | GF56: 1 | GG56: 0 | GH56: 0 | GI56: 1 | GJ56: 1 | GK56: 0 | GL56: 1 | GM56: 0 | GN56: 0 | GO56: 1 | GP56: 0 | GQ56: 0 | GR56: 1 | GS56: 0 | GT56: 1 | GU56: 0 | GV56: 1 | GW56: 0 | GX56: 0 | GY56: 0 | GZ56: 0 | HA56: 1 | HB56: 1 | HC56: 0 | HD56: 0 | HE56: 0 | HF56: 1 | HG56: 0 | HH56: 0 | HI56: 1 | HJ56: 0 | HK56: 0 | HL56: 0 | HM56: 0 | HN56: 100 | HO56: 0 | HP56: 3 | HQ56: 0 | HR56: 0 | HS56: 1 | HT56: 0 | HU56: 1 | HV56: 0 | HW56: 0 | HX56: 1 | HY56: 0 | HZ56: 0 | IA56: 0 | IB56: 1 | IC56: 0 | ID56: 0 | IE56: 0 | IF56: 1 | IG56: 0 | IH56: 162 | II56: 0 | IJ56: 162 | IL56: سها رعد مهدي | IM56: 7801764423 | IN56: 31.912602 | IO56: 44.485263
A57: محافظة النجف الاشرف | B57: قضاء المناذرة | C57: مركز المناذرة | D57: 3 | F57: روضة اطفال المناذرة | G57: العسكري | H57: 0 | I57: 0 | J57: 1 | K57: 1 | L57: 0 | M57: 1 | N57: 0 | O57: 0 | P57: 0 | Q57: 1 | R57: 0 | S57: 0 | T57: 1 | U57: 0 | V57: 0 | W57: 0 | X57: 0 | Y57: 40 | Z57: 30 | AA57: 60 | AB57: 100 | AC57: 100 | AD57: 130 | AE57: 230 | AF57: 1 | AG57: 3 | AH57: 4 | AI57: 0 | AJ57: 0 | AK57: 0 | AL57: 0 | AM57: 0 | AN57: 0 | AO57: 0 | AP57: 0 | AQ57: 0 | AR57: 0 | AS57: 0 | AW57: 0 | AX57: 1 | AY57: 0 | AZ57: 1 | BA57: 0 | BB57: 1 | BC57: 0 | BD57: 1 | BE57: 0 | BF57: 1 | BG57: 0 | BH57: 0 | BI57: 0 | BJ57: 0 | BN57: 1 | BO57: 1 | BP57: 9 | BQ57: 0 | BR57: 11 | BS57: 0 | BT57: 0 | BW57: 0 | BX57: 0 | BY57: 0 | BZ57: 0 | CA57: 0 | CB57: 0 | CC57: 0 | CD57: 3 | CE57: 1 | CF57: 0 | CG57: 0 | CH57: 0 | CI57: 0 | CJ57: 0 | CK57: 1 | CL57: 3 | CM57: 4 | CN57: 11 | CO57: 0 | CP57: 0 | CQ57: 11 | CR57: 10 | CS57: 0 | CT57: 0 | CU57: 0 | CV57: 0 | CW57: 0 | CX57: 1 | CY57: 0 | DA57: =CY57+CX57+CW57+CV57+CU57+CT57+CS57+CZ57 -> 1 | DB57: 11 | DC57: 2 | DD57: 2 | DE57: 0 | DF57: 0 | DG57: 7 | DH57: 0 | DI57: 0 | DJ57: 0 | DK57: 0 | DL57: 11 | DM57: 0 | DN57: 9 | DO57: 0 | DP57: 2 | DQ57: 11 | DR57: 1 | DT57: 6 | DV57: 1 | DX57: 0 | DZ57: 4 | EC57: =DW57+DU57+DS57+DY57 -> 0 | ED57: =DX57+DV57+DT57+DZ57 -> 11 | EE57: =ED57+EC57 -> 11 | EG57: 0 | EI57: 7 | EK57: 0 | EM57: 4 | EO57: 0 | EP57: =EN57+EL57+EJ57+EH57+EF57 -> 0 | EQ57: =EO57+EM57+EK57+EI57+EG57 -> 11 | ER57: =EQ57+EP57 -> 11 | ES57: 1 | ET57: 0 | EU57: 2013 | EV57: 46388 | EW57: 3 المناذرة | EX57: 1 | EY57: 0 | EZ57: 1 | FA57: 0 | FB57: 0 | FC57: 1 | FD57: 0 | FE57: 2 | FF57: 1 | FG57: 0 | FH57: 0 | FI57: 4 | FJ57: 4 | FK57: 8 | FL57: 1 | FM57: 0 | FN57: 0 | FO57: 0 | FP57: 0 | FQ57: 0 | FR57: 0 | FS57: 1 | FT57: 0 | FU57: 1 | FV57: 0 | FW57: 1 | FX57: 0 | FY57: 1 | FZ57: 0 | GA57: 1 | GB57: 0 | GC57: 0 | GD57: 0 | GE57: 0 | GF57: 1 | GG57: 0 | GH57: 0 | GI57: 1 | GJ57: 1 | GK57: 0 | GL57: 1 | GM57: 0 | GN57: 0 | GO57: 1 | GP57: 0 | GQ57: 0 | GR57: 1 | GS57: 0 | GT57: 1 | GU57: 0 | GV57: 0 | GW57: 1 | GX57: 1 | GY57: 0 | GZ57: 0 | HA57: 0 | HB57: 1 | HC57: 0 | HD57: 0 | HE57: 0 | HF57: 1 | HG57: 0 | HH57: 0 | HI57: 1 | HJ57: 0 | HK57: 0 | HL57: 0 | HM57: 0 | HN57: 0 | HO57: 140 | HP57: 2 | HQ57: 6 | HR57: 1 | HS57: 0 | HT57: 0 | HU57: 0 | HV57: 0 | HW57: 0 | HX57: 0 | HY57: 1 | HZ57: 0 | IA57: 0 | IB57: 0 | IC57: 0 | ID57: 0 | IE57: 0 | IF57: 0 | IG57: 0 | IH57: 0 | II57: 0 | IJ57: 0 | IL57: ابتسام خضير محمد | IM57: 7800787405 | IN57: 31.906111 | IO57: 44.483333
A58: محافظة النجف الاشرف | B58: قضاء المناذرة | C58: مركز المناذرة | D58: 4 | F58: روضة اطفال رقية بنت الحسين ع | G58: الزهراء | H58: 0 | I58: 0 | J58: 1 | K58: 1 | L58: 0 | M58: 1 | N58: 0 | O58: 0 | P58: 0 | Q58: 1 | R58: 0 | S58: 0 | T58: 1 | U58: 0 | V58: 0 | W58: 0 | X58: 0 | Y58: 38 | Z58: 42 | AA58: 72 | AB58: 62 | AC58: 110 | AD58: 104 | AE58: 214 | AF58: 2 | AG58: 1 | AH58: 3 | AI58: 0 | AJ58: 0 | AK58: 0 | AL58: 0 | AM58: 0 | AN58: 0 | AO58: 0 | AP58: 0 | AQ58: 0 | AR58: 0 | AS58: 0 | AW58: 0 | AX58: 1 | AY58: 0 | AZ58: 1 | BA58: 0 | BB58: 1 | BC58: 0 | BD58: 1 | BE58: 0 | BF58: 1 | BG58: 0 | BH58: 0 | BI58: 0 | BJ58: 0 | BN58: 1 | BO58: 1 | BP58: 3 | BQ58: 0 | BR58: 5 | BS58: 0 | BT58: 0 | BW58: 0 | BX58: 0 | BY58: 0 | BZ58: 0 | CA58: 0 | CB58: 0 | CC58: 0 | CD58: 3 | CE58: 1 | CF58: 0 | CG58: 0 | CH58: 0 | CI58: 0 | CJ58: 0 | CK58: 1 | CL58: 3 | CM58: 4 | CN58: 5 | CO58: 0 | CP58: 0 | CQ58: 5 | CR58: 4 | CS58: 0 | CT58: 0 | CU58: 0 | CV58: 0 | CW58: 1 | CX58: 0 | CY58: 0 | DA58: =CY58+CX58+CW58+CV58+CU58+CT58+CS58+CZ58 -> 1 | DB58: 5 | DC58: 0 | DD58: 4 | DE58: 0 | DF58: 1 | DG58: 0 | DH58: 0 | DI58: 0 | DJ58: 0 | DK58: 0 | DL58: 5 | DM58: 0 | DN58: 4 | DO58: 1 | DP58: 0 | DQ58: 5 | DR58: 0 | DT58: 0 | DV58: 0 | DX58: 0 | DZ58: 5 | EC58: =DW58+DU58+DS58+DY58 -> 0 | ED58: =DX58+DV58+DT58+DZ58 -> 5 | EE58: =ED58+EC58 -> 5 | EG58: 0 | EI58: 2 | EK58: 2 | EM58: 0 | EO58: 1 | EP58: =EN58+EL58+EJ58+EH58+EF58 -> 0 | EQ58: =EO58+EM58+EK58+EI58+EG58 -> 5 | ER58: =EQ58+EP58 -> 5 | ES58: 1 | ET58: 0 | EU58: 2015 | EV58: 248733 | EW58: 3 حصوة | EX58: 1 | EY58: 0 | EZ58: 1 | FA58: 0 | FB58: 0 | FC58: 1 | FD58: 0 | FE58: 2 | FF58: 1 | FG58: 0 | FH58: 0 | FI58: 4 | FJ58: 5 | FK58: 9 | FL58: 1 | FM58: 0 | FN58: 0 | FO58: 0 | FP58: 0 | FQ58: 0 | FR58: 0 | FS58: 1 | FT58: 0 | FU58: 1 | FV58: 0 | FW58: 1 | FX58: 0 | FY58: 1 | FZ58: 0 | GA58: 1 | GB58: 0 | GC58: 0 | GD58: 0 | GE58: 0 | GF58: 1 | GG58: 0 | GH58: 0 | GI58: 1 | GJ58: 1 | GK58: 0 | GL58: 1 | GM58: 0 | GN58: 0 | GO58: 1 | GP58: 0 | GQ58: 0 | GR58: 1 | GS58: 0 | GT58: 1 | GU58: 0 | GV58: 0 | GW58: 1 | GX58: 1 | GY58: 0 | GZ58: 0 | HA58: 0 | HB58: 1 | HC58: 0 | HD58: 0 | HE58: 0 | HF58: 1 | HG58: 0 | HH58: 0 | HI58: 1 | HJ58: 0 | HK58: 0 | HL58: 0 | HM58: 0 | HN58: 208 | HO58: 0 | HP58: 7 | HQ58: 0 | HR58: 1 | HS58: 0 | HT58: 1 | HU58: 0 | HV58: 0 | HW58: 0 | HX58: 0 | HY58: 1 | HZ58: 0 | IA58: 0 | IB58: 0 | IC58: 0 | ID58: 0 | IE58: 0 | IF58: 0 | IG58: 0 | IH58: 0 | II58: 0 | IJ58: 0 | IL58: سليمة جوادي كاظم | IM58: 7802004912 | IN58: 31.923961 | IO58: 44.458342
H59: =SUM(H55:H58) -> 0 | I59: =SUM(I55:I58) -> 0 | J59: =SUM(J55:J58) -> 4 | K59: =SUM(K55:K58) -> 4 | L59: =SUM(L55:L58) -> 0 | M59: =SUM(M55:M58) -> 4 | N59: =SUM(N55:N58) -> 0 | O59: =SUM(O55:O58) -> 0 | ... R59: =SUM(R55:R58) -> 0 | T59: =SUM(T55:T58) -> 4 | U59: =SUM(U55:U58) -> 0 | V59: =SUM(V55:V58) -> 0 | W59: =SUM(W55:W58) -> 0 | X59: =SUM(X55:X58) -> 0 | Y59: =SUM(Y55:Y58) -> 185 | Z59: =SUM(Z55:Z58) -> 186 | AA59: =SUM(AA55:AA58) -> 239 | ... EQ59: =SUM(EQ55:EQ58) -> 37 | EU59: =SUM(EU55:EU58) -> 7987 | EV59: =SUM(EV55:EV58) -> 739257 | EW59: =SUM(EW55:EW58) -> 0 | EX59: =SUM(EX55:EX58) -> 4 | EY59: =SUM(EY55:EY58) -> 0 | EZ59: =SUM(EZ55:EZ58) -> 4 | FA59: =SUM(FA55:FA58) -> 0 | FB59: =SUM(FB55:FB58) -> 0 | ... IG59: =SUM(IG55:IG58) -> 1
A60: محافظة النجف الاشرف | B60: قضاء المناذرة | C60: ناحية الحيرة | D60: 1 | F60: روضة اطفال الرياحين | G60: السلام | H60: 0 | I60: 0 | J60: 1 | K60: 1 | L60: 0 | M60: 1 | N60: 0 | O60: 0 | P60: 0 | Q60: 1 | R60: 0 | S60: 0 | T60: 1 | U60: 0 | V60: 0 | W60: 0 | X60: 0 | Y60: 0 | Z60: 0 | AA60: 0 | AB60: 0 | AC60: 0 | AD60: 0 | AE60: 0 | AF60: 0 | AG60: 0 | AH60: 0 | AI60: 0 | AJ60: 0 | AK60: 0 | AL60: 0 | AM60: 0 | AN60: 0 | AO60: 0 | AP60: 0 | AQ60: 0 | AR60: 0 | AS60: 0 | AW60: 0 | AX60: 1 | AY60: 0 | AZ60: 1 | BA60: 0 | BB60: 1 | BC60: 0 | BD60: 1 | BE60: 0 | BF60: 1 | BG60: 0 | BH60: 0 | BI60: 0 | BJ60: 0 | BN60: 1 | BO60: 1 | BP60: 8 | BQ60: 0 | BR60: 10 | BS60: 0 | BT60: 0 | BW60: 0 | BX60: 0 | BY60: 0 | BZ60: 0 | CA60: 0 | CB60: 0 | CC60: 0 | CD60: 0 | CE60: 1 | CF60: 0 | CG60: 0 | CH60: 0 | CI60: 0 | CJ60: 0 | CK60: 1 | CL60: 0 | CM60: 1 | CN60: 10 | CO60: 0 | CP60: 0 | CQ60: 10 | CR60: 10 | CS60: 0 | CT60: 0 | CU60: 0 | CV60: 0 | CW60: 0 | CX60: 0 | CY60: 0 | DA60: =CY60+CX60+CW60+CV60+CU60+CT60+CS60+CZ60 -> 0 | DB60: 10 | DC60: 0 | DD60: 6 | DE60: 0 | DF60: 0 | DG60: 4 | DH60: 0 | DI60: 0 | DJ60: 0 | DK60: 0 | DL60: 10 | DM60: 0 | DN60: 10 | DO60: 0 | DP60: 0 | DQ60: 10 | DR60: 1 | DT60: 4 | DV60: 0 | DX60: 0 | DZ60: 6 | EC60: =DW60+DU60+DS60+DY60 -> 0 | ED60: =DX60+DV60+DT60+DZ60 -> 10 | EE60: =ED60+EC60 -> 10 | EG60: 0 | EI60: 3 | EK60: 3 | EM60: 4 | EO60: 0 | EP60: =EN60+EL60+EJ60+EH60+EF60 -> 0 | EQ60: =EO60+EM60+EK60+EI60+EG60 -> 10 | ER60: =EQ60+EP60 -> 10 | ES60: 1 | ET60: 0 | EU60: 1975 | EV60: 97/20 | EW60: 33 الحيرة | EX60: 1 | EY60: 0 | EZ60: 1 | FA60: 0 | FB60: 0 | FC60: 1 | FD60: 0 | FE60: 6 | FF60: 1 | FG60: 0 | FH60: 0 | FI60: 10 | FJ60: 2 | FK60: 12 | FL60: 1 | FM60: 0 | FN60: 0 | FO60: 0 | FP60: 0 | FQ60: 0 | FR60: 0 | FS60: 1 | FT60: 0 | FU60: 0 | FV60: 1 | FW60: 1 | FX60: 0 | FY60: 1 | FZ60: 0 | GA60: 1 | GB60: 0 | GC60: 0 | GD60: 0 | GE60: 0 | GF60: 1 | GG60: 0 | GH60: 0 | GI60: 1 | GJ60: 1 | GK60: 0 | GL60: 1 | GM60: 0 | GN60: 0 | GO60: 0 | GP60: 1 | GQ60: 0 | GR60: 1 | GS60: 0 | GT60: 1 | GU60: 0 | GV60: 1 | GW60: 0 | GX60: 1 | GY60: 0 | GZ60: 0 | HA60: 0 | HB60: 1 | HC60: 0 | HD60: 0 | HE60: 0 | HF60: 1 | HG60: 0 | HH60: 0 | HI60: 1 | HJ60: 0 | HK60: 0 | HL60: 0 | HM60: 0 | HN60: 0 | HO60: 0 | HP60: 0 | HQ60: 5 | HR60: 0 | HS60: 0 | HT60: 1 | HU60: 0 | HV60: 1 | HW60: 0 | HX60: 1 | HY60: 0 | HZ60: 0 | IA60: 0 | IB60: 1 | IC60: 0 | ID60: 0 | IE60: 0 | IF60: 0 | IG60: 1 | IH60: 125 | II60: 400 | IJ60: 525 | IL60: ماثر فيصل غازي | IM60: 7823910517 | IN60: 31.8908 | IO60: 44.486841 | IP60: قيد الترميم دوامها معلق
H61: =SUM(H60:H60) -> 0 | I61: =SUM(I60:I60) -> 0 | J61: =SUM(J60:J60) -> 1 | K61: =SUM(K60:K60) -> 1 | L61: =SUM(L60:L60) -> 0 | M61: =SUM(M60:M60) -> 1 | N61: =SUM(N60:N60) -> 0 | O61: =SUM(O60:O60) -> 0 | ... R61: =SUM(R60:R60) -> 0 | T61: =SUM(T60:T60) -> 1 | U61: =SUM(U60:U60) -> 0 | V61: =SUM(V60:V60) -> 0 | W61: =SUM(W60:W60) -> 0 | X61: =SUM(X60:X60) -> 0 | Y61: =SUM(Y60:Y60) -> 0 | Z61: =SUM(Z60:Z60) -> 0 | AA61: =SUM(AA60:AA60) -> 0 | ... EQ61: =SUM(EQ60:EQ60) -> 10 | EU61: =SUM(EU60:EU60) -> 1975 | EV61: =SUM(EV60:EV60) -> 0 | EW61: =SUM(EW60:EW60) -> 0 | EX61: =SUM(EX60:EX60) -> 1 | EY61: =SUM(EY60:EY60) -> 0 | EZ61: =SUM(EZ60:EZ60) -> 1 | FA61: =SUM(FA60:FA60) -> 0 | FB61: =SUM(FB60:FB60) -> 0 | ... IG61: =SUM(IG60:IG60) -> 1
H62: =H61+H59 -> 0 | I62: =I61+I59 -> 0 | J62: =J61+J59 -> 5 | K62: =K61+K59 -> 5 | L62: =L61+L59 -> 0 | M62: =M61+M59 -> 5 | N62: =N61+N59 -> 0 | O62: =O61+O59 -> 0 | ... R62: =R61+R59 -> 0 | T62: =T61+T59 -> 5 | U62: =U61+U59 -> 0 | V62: =V61+V59 -> 0 | W62: =W61+W59 -> 0 | X62: =X61+X59 -> 0 | Y62: =Y61+Y59 -> 185 | Z62: =Z61+Z59 -> 186 | AA62: =AA61+AA59 -> 239 | ... EQ62: =EQ61+EQ59 -> 47 | EU62: =EU61+EU59 -> 9962 | EV62: =EV61+EV59 -> 739257 | EW62: =EW61+EW59 -> 0 | EX62: =EX61+EX59 -> 5 | EY62: =EY61+EY59 -> 0 | EZ62: =EZ61+EZ59 -> 5 | FA62: =FA61+FA59 -> 0 | FB62: =FB61+FB59 -> 0 | ... IG62: =IG61+IG59 -> 2
