Workbook

Sheet المهني
A1: المديرية العامة للتربية في محافظة النجف الاشرف | K1: دوام المدرسة | O1: استقلالية المدرسة | Q1: نوع الازدواج | U1: هل المدرسة فتح جديد | V1: عدد الطلبة المستجدين في الصف الاول حسب العمر | AI1: عدد الطلبة المسجلين في الصف الاول حسب العمر والجنس | AV1: عدد الطلبة المسجلين في الصف الثاني حسب العمر والجنس | BI1: عدد الطلبة المسجلين في الصف الثالث حسب العمر والجنس | BV1: عدد الطلبة المسجلين حسب الصف والجنس (المجموع الكلي) | CM1: عدد الشعب حسب الصف والجنس | CZ1: عدد الطلبة التاركين حسب الصف والجنس للعام الدراسي 2025 / 2026 | DI1: عدد الطلبة المشاركين في الامتحانات النهائية و حسب الصف والجنس للعام الدراسي 2015 / 2021 | DR1: عدد الطلبة الناجحين حسب الصف والجنس للعام الدراسي 2024 / 2025 | EA1: عدد الطلبة الراسبين بسبب الفشل في الامتحان و حسب الصف والجنس للعام الدراسي 2024 / 2025 | EJ1: عدد الطلبة الراسبين بسبب تجاوز ايام الغياب و حسب الصف والجنس للعام الدراسي 2024 / 2025 | ES1: عدد الطلبة الراسبين لاسباب اخرى و حسب الصف والجنس للعام الدراسي 2024 / 2025 | FB1: اعضاء الهيئة التعليمية و التدريسية حسب العنوان الوظيفي | FO1: الموظفون الاداريون والخدميون حسب العنوان الوظيفي | GJ1: عدد اعضاء الهيئة التعليمية والتدريسية حسب الاختصاص | KY1: عدد اعضاء الهئية التعليمية والتدريسية حسب الحالة الوظيفية | LT1: عدد الهيئة التدريسية حسب سنوات الخدمة | ME1: عدد الهيئة التدريسية حسب سنوات العمر | MR1: عدد اعضاء الهئية التعليمية والتدريسية حسب الحالة الاجتماعية | NC1: عدد المدرسين المشاركين في الدورات التدريبية للعام الماضي | NE1: اعضاء الهيئة التعليمية والتدريسية حسب الشهادة | NZ1: عددالطلبة المسجلين من غير العراقيين
OI2: هل المدرسة مشمولة بـ :- | OU2: الأبنية المدرسية | RU2: الحاسبات :- | SA2: المكتبات المدرسية :-
A3: التعليـــم المهـــني الاهـــــلي 2026/2025 | F3: جنس المدرسة | I3: بيئة المدرسة | KY3: داخل قوة العمل | LA3: خارج قوة العمل | LQ3: المجموع الكلي | NE3: اعدادية | NG3: دبلوم تعليمي | NI3: دبلوم عام | NK3: بكلوريوس عام | NM3: بكلوريوس تعليمي | NO3: دبلوم عالي | NQ3: ماجستير | NS3: دكتوراه | NU3: اخرى تذكر | NW3: المجموع | OI3: الارشاد التربوي | OK3: تدريس الحاسوب | OM3: خدمة الانترنت | OO3: اللغات | OQ3: اذا كان الجواب نعم اذكر اللغة | OU3: عدد الابنية المدرسية حسب :- | PV3: هل تتوفر في البناية مرافق صحية | QB3: هل ترتبط البناية بشبكة الماء الصالح للشرب | QD3: مصدر الماء | QI3: هل البناية مزودة بخدمة المجاري | QK3: نوع المجاري | QM3: هل هناك سياج حول البناية | QO3: نوع السياج | QR3: حالة السياج | QU3: هل توجد ساحة رياضية | QW3: نوع الساحة الرياضية | RB3: هل توجد حديقة مدرسية | RD3: هل توجد قاعة انشطة مستقلة | RO3: عدد الرحلات مقعدين | RQ3: عدد الرحلات مقعد واحد | RS3: عدد السبورات | RU3: عدد الحاسبات الالكترونية (كومبيوتر) | RW3: عدد الطابعات | RY3: عدد الماسحات الضوئية (سكنرات) | SA3: هل توجد مكتبة | SC3: من المسؤول عن المكتبة | SI3: نوعية المكتبة | SL3: عدد الكتب والمجلات والقصص | SO3: عدد الورش المستقلة الموجودة | SP3: عدد الورش الصالحة
V4: 15 سنة | X4: 16 سنة | Z4: 17 سنة | AB4: 18 سنة | AD4: 19 سنة | AF4: المجموع | AI4: 15 سنة | AK4: 16 سنة | AM4: 17 سنة | AO4: 18 سنة | AQ4: 19 سنة | AS4: المجموع | AV4: 16 سنة | AX4: 17 سنة | AZ4: 18 سنة | BB4: 19 سنة | BD4: 20 سنة | BF4: المجموع | BI4: 17سنة | BK4: 18سنة | BM4: 19سنة | BO4: 20سنة | BQ4: 21سنة | BS4: المجموع | BV4: 15سنة | BX4: 16سنة | BZ4: 17سنة | CB4: 18سنة | CD4: 19سنة | CF4: 20سنة | CH4: 21سنة | CJ4: المجموع | CM4: الصف الاول | CP4: الصف الثاني | CS4: الصف الثالث | CV4: المجموع | CZ4: الصف الاول | DB4: الصف الثاني | DD4: الصف الثالث | DF4: المجموع | DI4: الصف الاول | DK4: الصف الثاني | DM4: الصف الثالث | DO4: المجموع | DR4: الصف الاول | DT4: الصف الثاني | DV4: الصف الثالث | DX4: المجموع | EA4: الصف الاول | EC4: الصف الثاني | EE4: الصف الثالث | EG4: المجموع | EJ4: الصف الاول | EL4: الصف الثاني | EN4: الصف الثالث | EP4: المجموع | ES4: الصف الاول | EU4: الصف الثاني | EW4: الصف الثالث | EY4: المجموع | FB4: مدير | FD4: معاون | FF4: مدرس | FH4: معلم مهني | FJ4: مرشد تربوي | FL4: المجموع | FO4: موظف ادارة | FQ4: كاتب | FS4: محاسب | FU4: امين مكتبة | FW4: موظف خدمة | FY4: حارس | GA4: سائق | GC4: حرفي | GE4: فلاح | GG4: المجموع | GJ4: التربية الاسلامية | GL4: اللغة العربية | GN4: اللغة الانكليزية | GP4: اللغة الكردية | GR4: الرياضيات | GT4: الفيزياء | GV4: الكيمياء | GX4: علوم الحياة | GZ4: التاريخ | HB4: الجغرافية | HD4: الاجتماع | HF4: التربية الرياضية | HH4: التربية الفنية | HJ4: زراعة عامة | HL4: انتاج نباتي | HN4: الغابات | HP4: انتاج حيواني | HR4: البستنة | HT4: محاصيل حقلية | HV4: صناعات غذائية والبان | HX4: التربة | HZ4: اقتصاد وارشاد زراعي | IB4: مقاومة الافات | ID4: البيطرة العامة | IF4: الكهرباء | IH4: ميكانيك | IJ4: السيارات | IL4: المعامل | IN4: راديو وتلفزيون | IP4: السباكة | IR4: النجارة | IT4: النسيج | IV4: الطباعة | IX4: تاسيس صحيات | IZ4: صناعة زجاج | JB4: البناء | JD4: النماذج | JF4: بترو كمياويات | JH4: مكننة زراعية | JJ4: المعادن | JL4: العلوم التجارية | JN4: محاسبة | JP4: ادارة | JR4: الاحصاء | JT4: الاقتصاد | JV4: السكرتارية | JX4: ادارة المزارع | JZ4: تعاونيات زراعية | KB4: هندسة كيمياوية | KD4: رسم هندسي | KF4: علم نفس | KH4: القانون | KJ4: اقتصاد منزلي | KL4: محاسبة كلفة | KN4: حاسوب | KP4: اللغة التركمانية | KR4: اللغة السريانية | KT4: اخرى | KV4: المجموع | LA4: بعثة او زمالة | LC4: اجازة دراسية | LE4: اجازة مصاحبة | LG4: اجازة بدون راتب | LI4: اجازة مرضية طويلة | LK4: اجازة امومة | LM4: منسب الى جهات اخرى | LO4: 4-5سنوات | LT4: 5سنوات فاقل | LV4: 6ــ10 | LX4: 11ــ15 | LZ4: 16فاكثر | MB4: المجموع | ME4: اقل من 30 | MG4: 30ــ39 | MI4: 40ــ49 | MK4: 50ــ59 | MM4: 60ــ فاكثر | MO4: المجموع الكلي | MR4: اعزب | MT4: متزوج | MV4: ارمل | MX4: مطلق | MZ4: المجموع | NC4: عدد المدرسين | NZ4: الاول المهني | OB4: الثاني مهني | OD4: الثالث المهني | OF4: المجموع | OU4: نوع البناء | OW4: البناية | OZ4: هل توجد مساحة للتوسعة | PB4: عدد الطوابق | PE4: حجم المدرسة | PJ4: هل المدرسة تحتاج الى صفوف اضافية | PM4: عدد الغرف في البناية | PP4: مادة البناء | RF4: عدد المدارس التي تشغلها | RI4: العائدية | RL4: الحالة العمرانية
A5: القضاء | B5: الناحية | C5: ت | D5: الرقم الاحصائي | E5: اسم المدرسة | F5: بنون | G5: بنات | H5: مختلط | I5: حضر | J5: ريف | K5: صباحا | L5: ظهرا | M5: صباحا وظهرا | N5: مساءا | O5: اصلية | P5: ضيف | Q5: غير مزدوجة | R5: مع نفسها | S5: مع اخرى | T5: مع نفسها ومع اخرى | V5: بنون | W5: بنات | X5: بنون | Y5: بنات | Z5: بنون | AA5: بنات | AB5: بنون | AC5: بنات | AD5: بنون | AE5: بنات | AF5: بنون | AG5: بنات | AH5: المجموع | AI5: بنون | AJ5: بنات | AK5: بنون | AL5: بنات | AM5: بنون | AN5: بنات | AO5: بنون | AP5: بنات | AQ5: بنون | AR5: بنات | AS5: بنون | AT5: بنات | AU5: المجموع | AV5: بنون | AW5: بنات | AX5: بنون | AY5: بنات | AZ5: بنون | BA5: بنات | BB5: بنون | BC5: بنات | BD5: بنون | BE5: بنات | BF5: بنون | BG5: بنات | BH5: المجموع | BI5: بنون | BJ5: بنات | BK5: بنون | BL5: بنات | BM5: بنون | BN5: بنات | BO5: بنون | BP5: بنات | BQ5: بنون | BR5: بنات | BS5: بنون | BT5: بنات | BU5: المجموع | BV5: بنون | BW5: بنات | BX5: بنون | BY5: بنات | BZ5: بنون | CA5: بنات | CB5: بنون | CC5: بنات | CD5: بنون | CE5: بنات | CF5: بنون | CG5: بنات | CH5: بنون | CI5: بنات | CJ5: بنون | CK5: بنات | CL5: المجموع | CM5: بنون | CN5: بنات | CO5: مختلطة | CP5: بنون | CQ5: بنات | CR5: مختلطة | CS5: بنون | CT5: بنات | CU5: مختلطة | CV5: بنون | CW5: بنات | CX5: مختلطة | CY5: المجموع | CZ5: بنون | DA5: بنات | DB5: بنون | DC5: بنات | DD5: بنون | DE5: بنات | DF5: بنون | DG5: بنات | DH5: المجموع | DI5: بنون | DJ5: بنات | DK5: بنون | DL5: بنات | DM5: بنون | DN5: بنات | DO5: بنون | DP5: بنات | DQ5: المجموع | DR5: بنون | DS5: بنات | DT5: بنون | DU5: بنات | DV5: بنون | DW5: بنات | DX5: بنون | DY5: بنات | DZ5: المجموع | EA5: بنون | EB5: بنات | EC5: بنون | ED5: بنات | EE5: بنون | EF5: بنات | EG5: بنون | EH5: بنات | EI5: المجموع | EJ5: بنون | EK5: بنات | EL5: بنون | EM5: بنات | EN5: بنون | EO5: بنات | EP5: بنون | EQ5: بنات | ER5: المجموع | ES5: بنون | ET5: بنات | EU5: بنون | EV5: بنات | EW5: بنون | EX5: بنات | EY5: بنون | EZ5: بنات | FA5: المجموع | FB5: ذكور | FC5: اناث | FD5: ذكور | FE5: اناث | FF5: ذكور | FG5: اناث | FH5: ذكور | FI5: اناث | FJ5: ذكور | FK5: اناث | FL5: ذكور | FM5: اناث | FN5: المجموع | FO5: ذكور | FP5: اناث | FQ5: ذكور | FR5: اناث | FS5: ذكور | FT5: اناث | FU5: ذكور | FV5: اناث | FW5: ذكور | FX5: اناث | FY5: ذكور | FZ5: اناث | GA5: ذكور | GB5: اناث | GC5: ذكور | GD5: اناث | GE5: ذكور | GF5: اناث | GG5: ذكور | GH5: اناث | GI5: المجموع | GJ5: ذكور | GK5: اناث | GL5: ذكور | GM5: اناث | GN5: ذكور | GO5: اناث | GP5: ذكور | GQ5: اناث | GR5: ذكور | GS5: اناث | GT5: ذكور | GU5: اناث | GV5: ذكور | GW5: اناث | GX5: ذكور | GY5: اناث | GZ5: ذكور | HA5: اناث | HB5: ذكور | HC5: اناث | HD5: ذكور | HE5: اناث | HF5: ذكور | HG5: اناث | HH5: ذكور | HI5: اناث | HJ5: ذكور | HK5: اناث | HL5: ذكور | HM5: اناث | HN5: ذكور | HO5: اناث | HP5: ذكور | HQ5: اناث | HR5: ذكور | HS5: اناث | HT5: ذكور | HU5: اناث | HV5: ذكور | HW5: اناث | HX5: ذكور | HY5: اناث | HZ5: ذكور | IA5: اناث | IB5: ذكور | IC5: اناث | ID5: ذكور | IE5: اناث | IF5: ذكور | IG5: اناث | IH5: ذكور | II5: اناث | IJ5: ذكور | IK5: اناث | IL5: ذكور | IM5: اناث | IN5: ذكور | IO5: اناث | IP5: ذكور | IQ5: اناث | IR5: ذكور | IS5: اناث | IT5: ذكور | IU5: اناث | IV5: ذكور | IW5: اناث | IX5: ذكور | IY5: اناث | IZ5: ذكور | JA5: اناث | JB5: ذكور | JC5: اناث | JD5: ذكور | JE5: اناث | JF5: ذكور | JG5: اناث | JH5: ذكور | JI5: اناث | JJ5: ذكور | JK5: اناث | JL5: ذكور | JM5: اناث | JN5: ذكور | JO5: اناث | JP5: ذكور | JQ5: اناث | JR5: ذكور | JS5: اناث | JT5: ذكور | JU5: اناث | JV5: ذكور | JW5: اناث | JX5: ذكور | JY5: اناث | JZ5: ذكور | KA5: اناث | KB5: ذكور | KC5: اناث | KD5: ذكور | KE5: اناث | KF5: ذكور | KG5: اناث | KH5: ذكور | KI5: اناث | KJ5: ذكور | KK5: اناث | KL5: ذكور | KM5: اناث | KN5: ذكور | KO5: اناث | KP5: ذكور | KQ5: اناث | KR5: ذكور | KS5: اناث | KT5: ذكور | KU5: اناث | KV5: ذكور | KW5: اناث | KX5: المجموع | KY5: ذكور | KZ5: اناث | LA5: ذكور | LB5: اناث | LC5: ذكور | LD5: اناث | LE5: ذكور | LF5: اناث | LG5: ذكور | LH5: اناث | LI5: ذكور | LJ5: اناث | LK5: ذكور | LL5: اناث | LM5: ذكور | LN5: اناث | LO5: ذكور | LP5: اناث | LQ5: ذكور | LR5: اناث | LS5: المجموع | LT5: ذكور | LU5: اناث | LV5: ذكور | LW5: اناث | LX5: ذكور | LY5: اناث | LZ5: ذكور | MA5: اناث | MB5: ذكور | MC5: اناث | MD5: المجموع | ME5: ذكور | MF5: اناث | MG5: ذكور | MH5: اناث | MI5: ذكور | MJ5: اناث | MK5: ذكور | ML5: اناث | MM5: ذكور | MN5: اناث | MO5: ذكور | MP5: اناث | MQ5: المجموع | MR5: ذكور | MS5: اناث | MT5: ذكور | MU5: اناث | MV5: ذكور | MW5: اناث | MX5: ذكور | MY5: اناث | MZ5: ذكور | NA5: اناث | NB5: المجموع | NC5: ذكور | ND5: اناث | NE5: ذكور | NF5: اناث | NG5: ذكور | NH5: اناث | NI5: ذكور | NJ5: اناث | NK5: ذكور | NL5: اناث | NM5: ذكور | NN5: اناث | NO5: ذكور | NP5: اناث | NQ5: ذكور | NR5: اناث | NS5: ذكور | NT5: اناث | NU5: ذكور | NV5: اناث | NW5: ذكور | NX5: اناث | NY5: المجموع | NZ5: بنون | OA5: بنات | OB5: بنون | OC5: بنات | OD5: بنون | OE5: بنات | OF5: بنون | OG5: بنات | OH5: المجموع | OI5: نعم | OJ5: كلا | OK5: نعم | OL5: كلا | OM5: نعم | ON5: كلا | OO5: نعم | OP5: كلا | OQ5: فرنسي | OR5: روسي | OS5: اسباني | OT5: كردي | OU5: مدرسي | OV5: غير مدرسي | OW5: سنة البناء | OX5: رقم القطعة | OY5: رقم المقاطعة | OZ5: نعم | PA5: كلا | PB5: طابق واحد | PC5: طابقين | PD5: ثلاث طوابق | PE5: 6صف | PF5: 9صف | PG5: 12صف | PH5: 18صف | PI5: 24صف | PJ5: نعم | PK5: كلا | PL5: عدد الصفوف الاضافية | PM5: عدد الصفوف في البناية | PN5: عدد الغرف الاخرى | PO5: المجموع الكلي للغرف في البناية | PP5: طابوق او حجر او بلوك | PQ5: طين او صريفة | PR5: هياكل حديدية | PS5: بناء جاهز | PT5: كرفان | PU5: اخرى | PV5: نعم | PW5: كلا | PX5: صالحة | PY5: غيرصالحة | PZ5: كافية | QA5: غيركافية | QB5: نعم | QC5: كلا | QD5: بلدية | QE5: بئر عميق | QF5: نهر | QG5: صهاريج | QH5: اخرى | QI5: نعم | QJ5: كلا | QK5: شبكة المجاري | QL5: خزانات | QM5: نعم | QN5: كلا | QO5: بناء | QP5: اسلاك | QQ5: اخرى | QR5: جيد | QS5: متصدع | QT5: غير امن | QU5: نعم | QV5: كلا | QW5: كرة قدم | QX5: كرة سلة | QY5: كرة طائرة | QZ5: ساحة رياضية | RA5: اخرى | RB5: نعم | RC5: كلا | RD5: نعم | RE5: كلا | RF5: مدرسة واحدة | RG5: مدرستان | RH5: ثلاث مدارس | RI5: حكومية تابعة لوزارة التربية | RJ5: حكومية تابعة لجهات اخرى | RK5: مستأجرة | RL5: صالحة | RM5: بحاجة الى ترميم | RN5: غير صالحة | RO5: الصالح | RP5: العاطل | RQ5: الصالح | RR5: العاطل | RS5: الصالح | RT5: العاطل | RU5: الصالح | RV5: العاطل | RW5: الصالح | RX5: العاطل | RY5: الصالح | RZ5: العاطل | SA5: نعم | SB5: كلا | SC5: مدير | SD5: معاون | SE5: مدرس او معلم | SF5: امين مكتبة | SG5: كاتب | SH5: قاعة | SI5: غرفة | SJ5: خزانة | SK5: رفوف عارضة | SL5: عدد الكتب | SM5: عدد المجلات والقصص | SN5: العدد الكلي للكتب | SQ5: اقرب نقطة | SR5: اسم المدير | SS5: رقم الموبايل
A6: النجف | B6: المركز | C6: 1 | D6: 1401721 | E6: ع . ايليا المهنية الاهلية | H6: 1 | I6: 1 | K6: 1 | O6: 1 | Q6: 1 | U6: 1 | V6: 67 | W6: 13 | X6: 59 | Y6: 20 | Z6: 45 | AA6: 20 | AB6: 29 | AC6: 7 | AF6: =AD6+AB6+Z6+X6+V6 -> 200 | AG6: =AE6+AC6+AA6+Y6+W6 -> 60 | AH6: =SUM(AF6:AG6) -> 260 | AI6: 67 | AJ6: 13 | AK6: 59 | AL6: 20 | AM6: 45 | AN6: 20 | AO6: 29 | AP6: 7 | AS6: =AQ6+AO6+AM6+AK6+AI6 -> 200 | AT6: =AR6+AP6+AN6+AL6+AJ6 -> 60 | AU6: =SUM(AS6:AT6) -> 260 | BF6: =BD6+BB6+AZ6+AX6+AV6 -> 0 | BG6: =BE6+BC6+BA6+AY6+AW6 -> 0 | BH6: =SUM(BF6:BG6) -> 0 | BS6: =BQ6+BO6+BM6+BK6+BI6 -> 0 | BT6: =BR6+BP6+BN6+BL6+BJ6 -> 0 | BU6: =SUM(BS6:BT6) -> 0 | BV6: =AI6 -> 67 | BW6: =AJ6 -> 13 | BX6: =AV6+AK6 -> 59 | BY6: =AL6+AW6 -> 20 | BZ6: =BI6+AX6+AM6 -> 45 | CA6: =AN6+AY6+BJ6 -> 20 | CB6: =BK6+AZ6+AO6 -> 29 | CC6: =AP6+BA6+BL6 -> 7 | CD6: =BM6+BB6+AQ6 -> 0 | CE6: =BN6+BC6+AR6 -> 0 | CF6: =BO6+BD6 -> 0 | CG6: =BP6+BE6 -> 0 | CH6: =BQ6 -> 0 | CI6: =BR6 -> 0 | CJ6: =BV6+BX6+BZ6+CB6+CD6+CF6+CH6 -> 200 | CK6: =BW6+BY6+CA6+CC6+CE6+CG6+CI6 -> 60 | CL6: =SUM(CJ6:CK6) -> 260 | CM6: 7 | CN6: 3 | CV6: =CS6+CP6+CM6 -> 7 | CW6: =CT6+CQ6+CN6 -> 3 | CX6: =CU6+CR6+CO6 -> 0 | CY6: =SUM(CV6:CX6) -> 10 | DF6: =DD6+DB6+CZ6 -> 0 | DG6: =DE6+DC6+DA6 -> 0 | DH6: =SUM(DF6:DG6) -> 0 | DO6: =DM6+DK6+DI6 -> 0 | DP6: =DN6+DL6+DJ6 -> 0 | DQ6: =SUM(DO6:DP6) -> 0 | DX6: =DV6+DT6+DR6 -> 0 | DY6: =DW6+DU6+DS6 -> 0 | DZ6: =SUM(DX6:DY6) -> 0 | EG6: =EE6+EC6+EA6 -> 0 | EH6: =EF6+ED6+EB6 -> 0 | EI6: =SUM(EG6:EH6) -> 0 | EP6: =EN6+EL6+EJ6 -> 0 | EQ6: =EO6+EM6+EK6 -> 0 | ER6: =SUM(EP6:EQ6) -> 0 | EY6: =EW6+EU6+ES6 -> 0 | EZ6: =EX6+EV6+ET6 -> 0 | FA6: =SUM(EY6:EZ6) -> 0 | FC6: 1 | FD6: 3 | FF6: 10 | FG6: 18 | FL6: =FJ6+FH6+FF6+FD6+FB6 -> 13 | FM6: =FK6+FI6+FG6+FE6+FC6 -> 19 | FN6: =SUM(FL6:FM6) -> 32 | GG6: =GE6+GA6+FY6+FW6+FU6+FS6+FO6+FQ6+GC6 -> 0 | GH6: =GF6+GB6+FZ6+FX6+FV6+FT6+FP6+FR6+GD6 -> 0 | GI6: =GH6+GG6 -> 0 | GJ6: 1 | GK6: 5 | GN6: 4 | GO6: 1 | GR6: 2 | GS6: 1 | GW6: 2 | HF6: 1 | IJ6: 1 | KO6: 5 | KT6: 4 | KU6: 5 | KV6: =KT6+KN6+KJ6+KH6+KF6+KD6+KB6+JZ6+JX6+JV6+JT6+JR6+JP6+JN6+JL6+JJ6+JH6+JF6+JD6+JB6+IZ6+IX6+IV6+IT6+IR6+IP6+IN6+IL6+IJ6+IH6+IF6+ID6+IB6+HZ6+HX6+HV6+HT6+HR6+HP6+HN6+HL6+HJ6+HH6+HF6+HD6+HB6+GZ6+GX6+GV6+GT6+GR6+GP6+GN6+GL6+GJ6 -> 13 | KW6: =KU6+KO6+KK6+KI6+KG6+KE6+KC6+KA6+JY6+JW6+JU6+JS6+JQ6+JO6+JM6+JK6+JI6+JG6+JE6+JC6+JA6+IY6+IW6+IU6+IS6+IQ6+IO6+IM6+IK6+II6+IG6+IE6+IC6+IA6+HY6+HW6+HU6+HS6+HQ6+HO6+HM6+HK6+HI6+HG6+HE6+HC6+HA6+GY6+GW6+GU6+GS6+GQ6+GO6+GM6+GK6 -> 19 | KX6: =KW6+KV6 -> 32 | KY6: 13 | KZ6: 19 | LQ6: =LA6+LC6+KY6+LE6+LG6+LI6+LK6+LM6+LO6 -> 13 | LR6: =LB6+LD6+KZ6+LF6+LH6+LJ6+LL6+LN6+LP6 -> 19 | LS6: =LR6+LQ6 -> 32 | LT6: 9 | LU6: 12 | LW6: 4 | LX6: 4 | LY6: 2 | MA6: 1 | MB6: =LX6+LV6+LT6+LZ6 -> 13 | MC6: =LY6+LW6+LU6+MA6 -> 19 | MD6: =MC6+MB6 -> 32 | ME6: 10 | MF6: 9 | MG6: 2 | MH6: 8 | MJ6: 2 | MM6: 1 | MO6: =MM6+MK6+MI6+MG6+ME6 -> 13 | MP6: =MN6+ML6+MJ6+MH6+MF6 -> 19 | MQ6: =MP6+MO6 -> 32 | MR6: 8 | MS6: 14 | MT6: 5 | MU6: 2 | MW6: 1 | MY6: 2 | MZ6: =MR6+MT6+MV6+MX6 -> 13 | NA6: =MS6+MU6+MW6+MY6 -> 19 | NB6: =NA6+MZ6 -> 32 | NI6: 1 | NK6: 7 | NL6: 6 | NM6: 4 | NN6: 13 | NO6: 1 | NW6: =NU6+NS6+NQ6+NO6+NM6+NK6+NG6+NI6+NE6 -> 13 | NX6: =NV6+NT6+NR6+NP6+NN6+NL6+NH6+NJ6+NF6 -> 19 | NY6: =NX6+NW6 -> 32 | OF6: =OD6+OB6+NZ6 -> 0 | OG6: =OE6+OC6+OA6 -> 0 | OH6: =OG6+OF6 -> 0 | OJ6: 1 | OK6: 1 | OM6: 1 | OP6: 1 | OU6: 1 | OW6: 2025 | OZ6: 1 | PC6: 1 | PI6: 1 | PK6: 1 | PM6: 40 | PN6: 4 | PO6: =PN6+PM6 -> 44 | PP6: 1 | PV6: 1 | PX6: 1 | PZ6: 1 | QB6: 1 | QD6: 1 | QI6: 1 | QK6: 1 | QM6: 1 | QO6: 1 | QR6: 1 | QU6: 1 | QZ6: 1 | RB6: 1 | RD6: 1 | RF6: 1 | RK6: 1 | RL6: 1 | RO6: 500 | RQ6: 500 | RS6: 30 | RU6: 50 | RW6: 3 | RY6: 3 | SB6: 1 | SN6: =SM6+SL6 -> 0 | SO6: 2 | SP6: 2 | SQ6: الحي الصناعي البناية الجديدة | SR6: ايثار جليل عامر | SS6: 7811328001
A8: خلاصة مركز النجف الصناعي | F8: =F7+F6 -> 0 | G8: =G7+G6 -> 0 | H8: =H7+H6 -> 1 | I8: =I7+I6 -> 1 | J8: =J7+J6 -> 0 | K8: =K7+K6 -> 1 | L8: =L7+L6 -> 0 | M8: =M7+M6 -> 0 | ... SP8: =SP7+SP6 -> 2
A9: خلاصة قضاء النجف الصناعي | F9: =F8 -> 0 | G9: =G8 -> 0 | H9: =H8 -> 1 | I9: =I8 -> 1 | J9: =J8 -> 0 | K9: =K8 -> 1 | L9: =L8 -> 0 | M9: =M8 -> 0 | ... EX9: =EX8 -> 0 | EY9: =EW9+EU9+ES9 -> 0 | EZ9: =EX9+EV9+ET9 -> 0 | FA9: =SUM(EY9:EZ9) -> 0 | FB9: =FB8 -> 0 | FC9: =FC8 -> 1 | FD9: =FD8 -> 3 | FE9: =FE8 -> 0 | FF9: =FF8 -> 10 | FG9: =FG8 -> 18 | FH9: =FH8 -> 0 | FI9: =FI8 -> 0 | ... GB9: =GB8 -> 0 | GE9: =GE8 -> 0 | GF9: =GF8 -> 0 | GG9: =GG8 -> 0 | GH9: =GH8 -> 0 | GI9: =GI8 -> 0 | GJ9: =GJ8 -> 1 | GK9: =GK8 -> 5 | GL9: =GL8 -> 0 | ... LP9: =LP8 -> 0 | LQ9: =LA9+LC9+KY9+LE9+LG9+LI9+LK9+LM9+LO9 -> 13 | LR9: =LB9+LD9+KZ9+LF9+LH9+LJ9+LL9+LN9+LP9 -> 19 | LS9: =LS8 -> 32 | LT9: =LT8 -> 9 | LU9: =LU8 -> 12 | LV9: =LV8 -> 0 | LW9: =LW8 -> 4 | LX9: =LX8 -> 4 | LY9: =LY8 -> 2 | LZ9: =LZ8 -> 0 | ... OV9: =OV8 -> 0 | OZ9: =OZ8 -> 1 | PA9: =PA8 -> 0 | PB9: =PB8 -> 0 | PC9: =PC8 -> 1 | PD9: =PD8 -> 0 | PE9: =PE8 -> 0 | PF9: =PF8 -> 0 | PG9: =PG8 -> 0 | ... RN9: =RN8 -> 0 | RU9: =RU8 -> 50 | RV9: =RV8 -> 0 | RW9: =RW8 -> 3 | RX9: =RX8 -> 0 | RY9: =RY8 -> 3 | RZ9: =RZ8 -> 0 | SA9: =SA8 -> 0 | SB9: =SB8 -> 1 | ... SP9: =SP8 -> 2
A11: خلاصة مركز الكوفة الصناعي | F11: =F10 -> 0 | G11: =G10 -> 0 | H11: =H10 -> 0 | I11: =I10 -> 0 | J11: =J10 -> 0 | K11: =K10 -> 0 | L11: =L10 -> 0 | M11: =M10 -> 0 | ... EX11: =EX10 -> 0 | EY11: =EW11+EU11+ES11 -> 0 | EZ11: =EX11+EV11+ET11 -> 0 | FA11: =SUM(EY11:EZ11) -> 0 | FB11: =FB10 -> 0 | FC11: =FC10 -> 0 | FD11: =FD10 -> 0 | FE11: =FE10 -> 0 | FF11: =FF10 -> 0 | FG11: =FG10 -> 0 | FH11: =FH10 -> 0 | FI11: =FI10 -> 0 | ... GB11: =GB10 -> 0 | GE11: =GE10 -> 0 | GF11: =GF10 -> 0 | GG11: =GG10 -> 0 | GH11: =GH10 -> 0 | GI11: =GI10 -> 0 | GJ11: =GJ10 -> 0 | GK11: =GK10 -> 0 | GL11: =GL10 -> 0 | ... LP11: =LP10 -> 0 | LQ11: =LA11+LC11+KY11+LE11+LG11+LI11+LK11+LM11+LO11 -> 0 | LR11: =LB11+LD11+KZ11+LF11+LH11+LJ11+LL11+LN11+LP11 -> 0 | LS11: =LS10 -> 0 | LT11: =LT10 -> 0 | LU11: =LU10 -> 0 | LV11: =LV10 -> 0 | LW11: =LW10 -> 0 | LX11: =LX10 -> 0 | LY11: =LY10 -> 0 | LZ11: =LZ10 -> 0 | ... OV11: =OV10 -> 0 | OZ11: =OZ10 -> 0 | PA11: =PA10 -> 0 | PB11: =PB10 -> 0 | PC11: =PC10 -> 0 | PD11: =PD10 -> 0 | PE11: =PE10 -> 0 | PF11: =PF10 -> 0 | PG11: =PG10 -> 0 | ... RN11: =RN10 -> 0 | RU11: =RU10 -> 0 | RV11: =RV10 -> 0 | RW11: =RW10 -> 0 | RX11: =RX10 -> 0 | RY11: =RY10 -> 0 | RZ11: =RZ10 -> 0 | SA11: =SA10 -> 0 | SB11: =SB10 -> 0 | ... SP11: =SP10 -> 0
A12: خلاصة قضاء الكوفة الصناعي | F12: =F11 -> 0 | G12: =G11 -> 0 | H12: =H11 -> 0 | I12: =I11 -> 0 | J12: =J11 -> 0 | K12: =K11 -> 0 | L12: =L11 -> 0 | M12: =M11 -> 0 | ... EX12: =EX11 -> 0 | EY12: =EW12+EU12+ES12 -> 0 | EZ12: =EX12+EV12+ET12 -> 0 | FA12: =SUM(EY12:EZ12) -> 0 | FB12: =FB11 -> 0 | FC12: =FC11 -> 0 | FD12: =FD11 -> 0 | FE12: =FE11 -> 0 | FF12: =FF11 -> 0 | FG12: =FG11 -> 0 | FH12: =FH11 -> 0 | FI12: =FI11 -> 0 | ... GB12: =GB11 -> 0 | GE12: =GE11 -> 0 | GF12: =GF11 -> 0 | GG12: =GG11 -> 0 | GH12: =GH11 -> 0 | GI12: =GI11 -> 0 | GJ12: =GJ11 -> 0 | GK12: =GK11 -> 0 | GL12: =GL11 -> 0 | ... LP12: =LP11 -> 0 | LQ12: =LA12+LC12+KY12+LE12+LG12+LI12+LK12+LM12+LO12 -> 0 | LR12: =LB12+LD12+KZ12+LF12+LH12+LJ12+LL12+LN12+LP12 -> 0 | LS12: =LS11 -> 0 | LT12: =LT11 -> 0 | LU12: =LU11 -> 0 | LV12: =LV11 -> 0 | LW12: =LW11 -> 0 | LX12: =LX11 -> 0 | LY12: =LY11 -> 0 | LZ12: =LZ11 -> 0 | ... OV12: =OV11 -> 0 | OZ12: =OZ11 -> 0 | PA12: =PA11 -> 0 | PB12: =PB11 -> 0 | PC12: =PC11 -> 0 | PD12: =PD11 -> 0 | PE12: =PE11 -> 0 | PF12: =PF11 -> 0 | PG12: =PG11 -> 0 | ... RN12: =RN11 -> 0 | RU12: =RU11 -> 0 | RV12: =RV11 -> 0 | RW12: =RW11 -> 0 | RX12: =RX11 -> 0 | RY12: =RY11 -> 0 | RZ12: =RZ11 -> 0 | SA12: =SA11 -> 0 | SB12: =SB11 -> 0 | ... SP12: =SP11 -> 0
A15: خلاصة مركز المناذرة الصناعي | F15: =F13 -> 0 | G15: =G13+G14 -> 0 | H15: =H13+H14 -> 0 | I15: =I13+I14 -> 0 | J15: =J13+J14 -> 0 | K15: =K13+K14 -> 0 | L15: =L13+L14 -> 0 | M15: =M13+M14 -> 0 | N15: =N13+N14 -> 0 | ... OV15: =OV13+OV14 -> 0 | OY15: =OY13+OY14 -> 0 | OZ15: =OZ13+OZ14 -> 0 | PA15: =PA13+PA14 -> 0 | PB15: =PB13+PB14 -> 0 | PC15: =PC13+PC14 -> 0 | PD15: =PD13+PD14 -> 0 | PE15: =PE13+PE14 -> 0 | PF15: =PF13+PF14 -> 0 | ... SP15: =SP13+SP14 -> 0
A16: خلاصة قضاء المناذرة الصناعي | F16: =F15 -> 0 | G16: =G15 -> 0 | H16: =H15 -> 0 | I16: =I15 -> 0 | J16: =J15 -> 0 | K16: =K15 -> 0 | L16: =L15 -> 0 | M16: =M15 -> 0 | ... GB16: =GB15 -> 0 | GE16: =GE15 -> 0 | GF16: =GF15 -> 0 | GG16: =GG15 -> 0 | GH16: =GH15 -> 0 | GI16: =GI15 -> 0 | GJ16: =GJ15 -> 0 | GK16: =GK15 -> 0 | GL16: =GL15 -> 0 | ... LP16: =LP15 -> 0 | LQ16: =LA16+LC16+KY16+LE16+LG16+LI16+LK16+LM16+LO16 -> 0 | LR16: =LB16+LD16+KZ16+LF16+LH16+LJ16+LL16+LN16+LP16 -> 0 | LS16: =LS15 -> 0 | LT16: =LT15 -> 0 | LU16: =LU15 -> 0 | LV16: =LV15 -> 0 | LW16: =LW15 -> 0 | LX16: =LX15 -> 0 | LY16: =LY15 -> 0 | LZ16: =LZ15 -> 0 | ... OV16: =OV15 -> 0 | OZ16: =OZ15 -> 0 | PA16: =PA15 -> 0 | PB16: =PB15 -> 0 | PC16: =PC15 -> 0 | PD16: =PD15 -> 0 | PE16: =PE15 -> 0 | PF16: =PF15 -> 0 | PG16: =PG15 -> 0 | ... RN16: =RN15 -> 0 | RU16: =RU15 -> 0 | RV16: =RV15 -> 0 | RW16: =RW15 -> 0 | RX16: =RX15 -> 0 | RY16: =RY15 -> 0 | RZ16: =RZ15 -> 0 | SA16: =SA15 -> 0 | SB16: =SB15 -> 0 | ... SP16: =SP15 -> 0
A17: خلاصة محافظة النجف الاشرف الصناعي | F17: =F16+F12+F9 -> 0 | G17: =G16+G12+G9 -> 0 | H17: =H16+H12+H9 -> 1 | I17: =I16+I12+I9 -> 1 | J17: =J16+J12+J9 -> 0 | K17: =K16+K12+K9 -> 1 | L17: =L16+L12+L9 -> 0 | M17: =M16+M12+M9 -> 0 | ... GB17: =GB16+GB12+GB9 -> 0 | GE17: =GE16+GE12+GE9 -> 0 | GF17: =GF16+GF12+GF9 -> 0 | GG17: =GG16+GG12+GG9 -> 0 | GH17: =GH16+GH12+GH9 -> 0 | GI17: =GI16+GI12+GI9 -> 0 | GJ17: =GJ16+GJ12+GJ9 -> 1 | GK17: =GK16+GK12+GK9 -> 5 | GL17: =GL16+GL12+GL9 -> 0 | ... LP17: =LP16+LP12+LP9 -> 0 | LQ17: =LA17+LC17+KY17+LE17+LG17+LI17+LK17+LM17+LO17 -> 13 | LR17: =LB17+LD17+KZ17+LF17+LH17+LJ17+LL17+LN17+LP17 -> 19 | LS17: =LS16+LS12+LS9 -> 32 | LT17: =LT16+LT12+LT9 -> 9 | LU17: =LU16+LU12+LU9 -> 12 | LV17: =LV16+LV12+LV9 -> 0 | LW17: =LW16+LW12+LW9 -> 4 | LX17: =LX16+LX12+LX9 -> 4 | LY17: =LY16+LY12+LY9 -> 2 | LZ17: =LZ16+LZ12+LZ9 -> 0 | ... OV17: =OV16+OV12+OV9 -> 0 | OZ17: =OZ16+OZ12+OZ9 -> 1 | PA17: =PA16+PA12+PA9 -> 0 | PB17: =PB16+PB12+PB9 -> 0 | PC17: =PC16+PC12+PC9 -> 1 | PD17: =PD16+PD12+PD9 -> 0 | PE17: =PE16+PE12+PE9 -> 0 | PF17: =PF16+PF12+PF9 -> 0 | PG17: =PG16+PG12+PG9 -> 0 | ... RN17: =RN16+RN12+RN9 -> 0 | RU17: =RU16+RU12+RU9 -> 50 | RV17: =RV16+RV12+RV9 -> 0 | RW17: =RW16+RW12+RW9 -> 3 | RX17: =RX16+RX12+RX9 -> 0 | RY17: =RY16+RY12+RY9 -> 3 | RZ17: =RZ16+RZ12+RZ9 -> 0 | SA17: =SA16+SA12+SA9 -> 0 | SB17: =SB16+SB12+SB9 -> 1 | ... SP17: =SP16+SP12+SP9 -> 2
A22: خلاصة مركز النجف التجاري | F22: =SUM(F18:F20) -> 0 | G22: =SUM(G18:G20) -> 0 | H22: =SUM(H18:H20) -> 0 | I22: =SUM(I18:I20) -> 0 | J22: =SUM(J18:J20) -> 0 | K22: =SUM(K18:K20) -> 0 | L22: =SUM(L18:L20) -> 0 | M22: =SUM(M18:M20) -> 0 | ... GB22: =SUM(GB18:GB20) -> 0 | GE22: =SUM(GE18:GE20) -> 0 | GF22: =SUM(GF18:GF20) -> 0 | GG22: =SUM(GG18:GG20) -> 0 | GH22: =SUM(GH18:GH20) -> 0 | GI22: =SUM(GI18:GI20) -> 0 | GJ22: =SUM(GJ18:GJ20) -> 0 | GK22: =SUM(GK18:GK20) -> 0 | GL22: =SUM(GL18:GL20) -> 0 | ... OV22: =SUM(OV18:OV20) -> 0 | OZ22: =SUM(OZ18:OZ20) -> 0 | PA22: =SUM(PA18:PA20) -> 0 | PB22: =SUM(PB18:PB20) -> 0 | PC22: =SUM(PC18:PC20) -> 0 | PD22: =SUM(PD18:PD20) -> 0 | PE22: =SUM(PE18:PE20) -> 0 | PF22: =SUM(PF18:PF20) -> 0 | PG22: =SUM(PG18:PG20) -> 0 | ... RN22: =SUM(RN18:RN20) -> 0 | RU22: =SUM(RU18:RU20) -> 0 | RV22: =SUM(RV18:RV20) -> 0 | RW22: =SUM(RW18:RW20) -> 0 | RX22: =SUM(RX18:RX20) -> 0 | RY22: =SUM(RY18:RY20) -> 0 | RZ22: =SUM(RZ18:RZ20) -> 0 | SA22: =SUM(SA18:SA20) -> 0 | SB22: =SUM(SB18:SB20) -> 0 | ... SP22: =SUM(SP18:SP20) -> 0
A23: خلاصة قضاء النجف التجاري | F23: =F22 -> 0 | G23: =G22 -> 0 | H23: =H22 -> 0 | I23: =I22 -> 0 | J23: =J22 -> 0 | K23: =K22 -> 0 | L23: =L22 -> 0 | M23: =M22 -> 0 | ... GB23: =GB22 -> 0 | GE23: =GE22 -> 0 | GF23: =GF22 -> 0 | GG23: =GG22 -> 0 | GH23: =GH22 -> 0 | GI23: =GI22 -> 0 | GJ23: =GJ22 -> 0 | GK23: =GK22 -> 0 | GL23: =GL22 -> 0 | ... OV23: =OV22 -> 0 | OZ23: =OZ22 -> 0 | PA23: =PA22 -> 0 | PB23: =PB22 -> 0 | PC23: =PC22 -> 0 | PD23: =PD22 -> 0 | PE23: =PE22 -> 0 | PF23: =PF22 -> 0 | PG23: =PG22 -> 0 | ... RN23: =RN22 -> 0 | RU23: =RU22 -> 0 | RV23: =RV22 -> 0 | RW23: =RW22 -> 0 | RX23: =RX22 -> 0 | RY23: =RY22 -> 0 | RZ23: =RZ22 -> 0 | SA23: =SA22 -> 0 | SB23: =SB22 -> 0 | ... SP23: =SP22 -> 0
A27: خلاصة مركز الكوفة الزراعي | F27: =F24+F26+F25 -> 0 | G27: =G24+G26+G25 -> 0 | H27: =H24+H26+H25 -> 0 | I27: =I24+I26+I25 -> 0 | J27: =J24+J26+J25 -> 0 | K27: =K24+K26+K25 -> 0 | L27: =L24+L26+L25 -> 0 | M27: =M24+M26+M25 -> 0 | ... SP27: =SP24+SP26+SP25 -> 0
A28: خلاصة قضاء الكوفة الزراعي | F28: =F27 -> 0 | G28: =G27 -> 0 | H28: =H27 -> 0 | I28: =I27 -> 0 | J28: =J27 -> 0 | K28: =K27 -> 0 | L28: =L27 -> 0 | M28: =M27 -> 0 | ... SP28: =SP27 -> 0
A31: خلاصة مركز النجف الفنون التطبيقية | F31: =F29+F30 -> 0 | G31: =G29+G30 -> 0 | H31: =H29+H30 -> 0 | I31: =I29+I30 -> 0 | J31: =J29+J30 -> 0 | K31: =K29+K30 -> 0 | L31: =L29+L30 -> 0 | M31: =M29+M30 -> 0 | ... GB31: =GB29+GB30 -> 0 | GE31: =GE29+GE30 -> 0 | GF31: =GF29+GF30 -> 0 | GG31: =GG29+GG30 -> 0 | GH31: =GH29+GH30 -> 0 | GI31: =GI29+GI30 -> 0 | GJ31: =GJ29+GJ30 -> 0 | GK31: =GK29+GK30 -> 0 | GL31: =GL29+GL30 -> 0 | ... PU31: =PU29+PU30 -> 0 | PV31: =PV29 -> 0 | PW31: =PW29 -> 0 | PX31: =PX29 -> 0 | PY31: =PY29 -> 0 | PZ31: =PZ29 -> 0 | QA31: =QA29 -> 0 | QB31: =QB29+QB30 -> 0 | QC31: =QC29+QC30 -> 0 | QD31: =QD29+QD30 -> 0 | QE31: =QE29+QE30 -> 0 | QF31: =QF29+QF30 -> 0 | QG31: =QG29+QG30 -> 0 | QH31: =QH29+QH30 -> 0 | QI31: =QI29+QI30 -> 0 | ... QT31: =QT29+QT30 -> 0 | RB31: =RB29+RB30 -> 0 | RC31: =RC29 -> 0 | RD31: =RD29 -> 0 | RE31: =RE29 -> 0 | RF31: =RF29 -> 0 | RG31: =RG29 -> 0 | RH31: =RH29 -> 0 | RI31: =RI29 -> 0 | RJ31: =RJ29 -> 0 | ... RN31: =RN29 -> 0 | RU31: =RU29 -> 0 | RW31: =RW29 -> 0 | RY31: =RY29 -> 0 | SA31: =SA29 -> 0 | SB31: =SB29 -> 0 | SC31: =SC29 -> 0 | SD31: =SD29 -> 0 | SE31: =SE29 -> 0 | SF31: =SF29 -> 0 | SG31: =SG29 -> 0 | SI31: =SI29 -> 0 | SJ31: =SJ29 -> 0 | SK31: =SK29 -> 0 | SL31: =SL29 -> 0 | SM31: =SM29 -> 0 | SN31: =SN29 -> 0 | SO31: =SO29 -> 0 | SP31: =SP29 -> 0
A32: خلاصة محافظة النجف الفنون التطبيقية | F32: =F31 -> 0 | G32: =G31 -> 0 | H32: =H31 -> 0 | I32: =I31 -> 0 | J32: =J31 -> 0 | K32: =K31 -> 0 | L32: =L31 -> 0 | M32: =M31 -> 0 | ... GB32: =GB31 -> 0 | GE32: =GE31 -> 0 | GF32: =GF31 -> 0 | GG32: =GG31 -> 0 | GH32: =GH31 -> 0 | GI32: =GI31 -> 0 | GJ32: =GJ31 -> 0 | GK32: =GK31 -> 0 | GL32: =GL31 -> 0 | ... OV32: =OV31 -> 0 | OZ32: =OZ31 -> 0 | PA32: =PA31 -> 0 | PB32: =PB31 -> 0 | PC32: =PC31 -> 0 | PD32: =PD31 -> 0 | PE32: =PE31 -> 0 | PF32: =PF31 -> 0 | PG32: =PG31 -> 0 | ... QN32: =QN31 -> 0 | RB32: =RB31 -> 0 | RC32: =RC31 -> 0 | RD32: =RD31 -> 0 | RE32: =RE31 -> 0 | RF32: =RF31 -> 0 | RG32: =RG31 -> 0 | RH32: =RH31 -> 0 | RI32: =RI31 -> 0 | ... RN32: =RN31 -> 0 | RU32: =RU31 -> 0 | RW32: =RW31 -> 0 | RY32: =RY31 -> 0 | SA32: =SA31 -> 0 | SB32: =SB31 -> 0 | SC32: =SC31 -> 0 | SD32: =SD31 -> 0 | SE32: =SE31 -> 0 | SF32: =SF31 -> 0 | SG32: =SG31 -> 0 | SI32: =SI31 -> 0 | SJ32: =SJ31 -> 0 | SK32: =SK31 -> 0 | SL32: =SL31 -> 0 | SM32: =SM31 -> 0 | SN32: =SN31 -> 0 | SO32: =SO31 -> 0 | SP32: =SP31 -> 0
E33: ع . ايليا المهنية الاهلية | V33: 100 | W33: 10 | X33: 100 | Y33: 15 | Z33: 100 | AA33: 7 | AB33: 100 | AC33: 8 | AD33: 38 | AF33: =AD33+AB33+Z33+X33+V33 -> 438 | AG33: =AE33+AC33+AA33+Y33+W33 -> 40 | AH33: =AG33+AF33 -> 478 | AI33: 100 | AJ33: 10 | AK33: 100 | AL33: 15 | AM33: 100 | AN33: 7 | AO33: 100 | AP33: 8 | AQ33: 38 | AS33: =AQ33+AO33+AM33+AK33+AI33 -> 438 | AT33: =AR33+AP33+AN33+AL33+AJ33 -> 40 | AU33: =AT33+AS33 -> 478 | AV33: 9 | AX33: 3 | BF33: =BD33+BB33+AZ33+AX33+AV33 -> 12 | BG33: =BE33+BC33+BA33+AY33+AW33 -> 0 | BH33: =BG33+BF33 -> 12 | BI33: 10 | BK33: 10 | BS33: =BQ33+BO33+BM33+BK33+BI33 -> 20 | BT33: =BR33+BP33+BN33+BL33+BJ33 -> 0 | BU33: =BT33+BS33 -> 20 | BV33: =AI33 -> 100 | BW33: =AJ33 -> 10 | BX33: =AV33+AK33 -> 109 | BY33: =AL33+AW33 -> 15 | BZ33: =BI33+AX33+AM33 -> 113 | CA33: =AN33+AY33+BJ33 -> 7 | CB33: =BK33+AZ33+AO33 -> 110 | CC33: =AP33+BA33+BL33 -> 8 | CD33: =BM33+BB33+AQ33 -> 38 | CE33: =BN33+BC33+AR33 -> 0 | CF33: =BO33+BD33 -> 0 | CG33: =BP33+BE33 -> 0 | CH33: =BQ33 -> 0 | CI33: =BR33 -> 0 | CJ33: =CH33+CF33+CD33+CB33+BZ33+BX33+BV33 -> 470 | CK33: =CI33+CG33+CE33+CC33+CA33+BY33+BW33 -> 40 | CL33: =CK33+CJ33 -> 510 | CM33: 16 | CN33: 2 | CP33: 2 | CS33: 2 | CV33: =CS33+CP33+CM33 -> 20 | CW33: =CT33+CQ33+CN33 -> 2 | CX33: =CU33+CR33+CO33 -> 0 | CY33: =CX33+CW33+CV33 -> 22 | DF33: =DD33+DB33+CZ33 -> 0 | DG33: =DE33+DC33+DA33 -> 0 | DH33: =DG33+DF33 -> 0 | DO33: =DM33+DK33+DI33 -> 0 | DP33: =DN33+DL33+DJ33 -> 0 | DQ33: =DP33+DO33 -> 0 | DX33: =DV33+DT33+DR33 -> 0 | DY33: =DW33+DU33+DS33 -> 0 | DZ33: =DY33+DX33 -> 0 | EG33: =EE33+EC33+EA33 -> 0 | EH33: =EF33+ED33+EB33 -> 0 | EI33: =EH33+EG33 -> 0 | EP33: =EN33+EL33+EJ33 -> 0 | EQ33: =EO33+EM33+EK33 -> 0 | ER33: =EQ33+EP33 -> 0 | EY33: =EW33+EU33+ES33 -> 0 | EZ33: =EX33+EV33+ET33 -> 0 | FA33: =EZ33+EY33 -> 0 | FL33: =FJ33+FH33+FF33+FD33+FB33 -> 0 | FM33: =FK33+FI33+FG33+FE33+FC33 -> 0 | FN33: =FM33+FL33 -> 0 | GG33: =GE33+GA33+FY33+FW33+FU33+FS33+FO33 -> 0 | GH33: =GF33+GB33+FZ33+FX33+FV33+FT33+FP33 -> 0 | GI33: =GH33+GG33 -> 0 | KV33: =KT33+KN33+KJ33+KH33+KF33+KD33+KB33+JZ33+JX33+JV33+JT33+JR33+JP33+JN33+JL33+JJ33+JH33+JF33+JD33+JB33+IZ33+IX33+IV33+IT33+IR33+IP33+IN33+IL33+IJ33+IH33+IF33+ID33+IB33+HZ33+HX33+HV33+HT33+HR33+HP33+HN33+HL33+HJ33+HH33+HF33+HD33+HB33+GZ33+GX33+GV33+GT33+GR33+GP33+GN33+GL33+GJ33 -> 0 | KW33: =KU33+KO33+KK33+KI33+KG33+KE33+KC33+KA33+JY33+JW33+JU33+JS33+JQ33+JO33+JM33+JK33+JI33+JG33+JE33+JC33+JA33+IY33+IW33+IU33+IS33+IQ33+IO33+IM33+IK33+II33+IG33+IE33+IC33+IA33+HY33+HW33+HU33+HS33+HQ33+HO33+HM33+HK33+HI33+HG33+HE33+HC33+HA33+GY33+GW33+GU33+GS33+GQ33+GO33+GM33+GK33 -> 0 | KX33: =KW33+KV33 -> 0 | LQ33: =LA33+LC33+KY33+LE33+LG33+LI33+LK33+LM33+LO33 -> 0 | LR33: =LB33+LD33+KZ33+LF33+LH33+LJ33+LL33+LN33+LP33 -> 0 | LS33: =LR33+LQ33 -> 0 | MB33: =LX33+LV33+LT33+LZ33 -> 0 | MC33: =LY33+LW33+LU33+MA33 -> 0 | MD33: =MC33+MB33 -> 0 | MO33: =MM33+MK33+MI33+MG33+ME33 -> 0 | MP33: =MN33+ML33+MJ33+MH33+MF33 -> 0 | MQ33: =MP33+MO33 -> 0 | MZ33: =MX33+MV33+MT33+MR33 -> 0 | NA33: =MY33+MW33+MU33+MS33 -> 0 | NB33: =NA33+MZ33 -> 0 | NW33: =NU33+NS33+NQ33+NO33+NM33+NK33+NG33+NI33+NE33 -> 0 | NX33: =NV33+NT33+NR33+NP33+NN33+NL33+NH33+NJ33+NF33 -> 0 | NY33: =NX33+NW33 -> 0 | PO33: =SUM(PM33:PN33) -> 0
A35: خلاصة الفرع الحاسوب وتقنية المعلومات محافظة النجف | F35: =SUM(F33:F34) -> 0 | G35: =SUM(G33:G34) -> 0 | H35: =SUM(H33:H34) -> 0 | I35: =SUM(I33:I34) -> 0 | J35: =SUM(J33:J34) -> 0 | K35: =SUM(K33:K34) -> 0 | L35: =SUM(L33:L34) -> 0 | M35: =SUM(M33:M34) -> 0 | ... GB35: =SUM(GB33:GB34) -> 0 | GE35: =SUM(GE33:GE34) -> 0 | GF35: =SUM(GF33:GF34) -> 0 | GG35: =SUM(GG33:GG34) -> 0 | GH35: =SUM(GH33:GH34) -> 0 | GI35: =SUM(GI33:GI34) -> 0 | GJ35: =SUM(GJ33:GJ34) -> 0 | GK35: =SUM(GK33:GK34) -> 0 | GL35: =SUM(GL33:GL34) -> 0 | ... OV35: =SUM(OV33:OV34) -> 0 | OZ35: =SUM(OZ33:OZ34) -> 0 | PA35: =SUM(PA33:PA34) -> 0 | PB35: =SUM(PB33:PB34) -> 0 | PC35: =SUM(PC33:PC34) -> 0 | PD35: =SUM(PD33:PD34) -> 0 | PE35: =SUM(PE33:PE34) -> 0 | PF35: =SUM(PF33:PF34) -> 0 | PG35: =SUM(PG33:PG34) -> 0 | ... RN35: =SUM(RN33:RN34) -> 0 | RU35: =SUM(RU33:RU34) -> 0 | RV35: =SUM(RV33:RV34) -> 0 | RW35: =SUM(RW33:RW34) -> 0 | RX35: =SUM(RX33:RX34) -> 0 | RY35: =SUM(RY33:RY34) -> 0 | RZ35: =SUM(RZ33:RZ34) -> 0 | SA35: =SUM(SA33:SA34) -> 0 | SB35: =SUM(SB33:SB34) -> 0 | ... SP35: =SUM(SP33:SP34) -> 0
A36: خلاصة الحاسوب وتقنية المعلومات لقضاء النجف | F36: =SUM(F33:F34) -> 0 | G36: =SUM(G33:G34) -> 0 | H36: =SUM(H33:H34) -> 0 | I36: =SUM(I33:I34) -> 0 | J36: =SUM(J33:J34) -> 0 | K36: =SUM(K33:K34) -> 0 | L36: =SUM(L33:L34) -> 0 | M36: =SUM(M33:M34) -> 0 | ... GB36: =SUM(GB33:GB34) -> 0 | GE36: =SUM(GE33:GE34) -> 0 | GF36: =SUM(GF33:GF34) -> 0 | GG36: =SUM(GG33:GG34) -> 0 | GH36: =SUM(GH33:GH34) -> 0 | GI36: =SUM(GI33:GI34) -> 0 | GJ36: =SUM(GJ33:GJ34) -> 0 | GK36: =SUM(GK33:GK34) -> 0 | GL36: =SUM(GL33:GL34) -> 0 | ... OV36: =SUM(OV33:OV34) -> 0 | OZ36: =SUM(OZ33:OZ34) -> 0 | PA36: =SUM(PA33:PA34) -> 0 | PB36: =SUM(PB33:PB34) -> 0 | PC36: =SUM(PC33:PC34) -> 0 | PD36: =SUM(PD33:PD34) -> 0 | PE36: =SUM(PE33:PE34) -> 0 | PF36: =SUM(PF33:PF34) -> 0 | PG36: =SUM(PG33:PG34) -> 0 | ... RN36: =SUM(RN33:RN34) -> 0 | RU36: =SUM(RU33:RU34) -> 0 | RV36: =SUM(RV33:RV34) -> 0 | RW36: =SUM(RW33:RW34) -> 0 | RX36: =SUM(RX33:RX34) -> 0 | RY36: =SUM(RY33:RY34) -> 0 | RZ36: =SUM(RZ33:RZ34) -> 0 | SA36: =SUM(SA33:SA34) -> 0 | SB36: =SUM(SB33:SB34) -> 0 | ... SP36: =SUM(SP33:SP34) -> 0
A38: خلاصة فرع السياحة والفندقة | F38: =SUM(F37) -> 0 | G38: =SUM(G37) -> 0 | H38: =SUM(H37) -> 0 | I38: =SUM(I37) -> 0 | J38: =SUM(J37) -> 0 | K38: =SUM(K37) -> 0 | L38: =SUM(L37) -> 0 | M38: =SUM(M37) -> 0 | ... GB38: =SUM(GB37) -> 0 | GE38: =SUM(GE37) -> 0 | GF38: =SUM(GF37) -> 0 | GG38: =SUM(GG37) -> 0 | GH38: =SUM(GH37) -> 0 | GI38: =SUM(GI37) -> 0 | GJ38: =SUM(GJ37) -> 0 | GK38: =SUM(GK37) -> 0 | GL38: =SUM(GL37) -> 0 | ... LN38: =SUM(LN37) -> 0 | LQ38: =SUM(LQ37) -> 0 | LR38: =SUM(LR37) -> 0 | LS38: =SUM(LS37) -> 0 | LT38: =SUM(LT37) -> 0 | LU38: =SUM(LU37) -> 0 | LV38: =SUM(LV37) -> 0 | LW38: =SUM(LW37) -> 0 | LX38: =SUM(LX37) -> 0 | ... OV38: =SUM(OV37) -> 0 | OZ38: =SUM(OZ37) -> 0 | PA38: =SUM(PA37) -> 0 | PB38: =SUM(PB37) -> 0 | PC38: =SUM(PC37) -> 0 | PD38: =SUM(PD37) -> 0 | PE38: =SUM(PE37) -> 0 | PF38: =SUM(PF37) -> 0 | PG38: =SUM(PG37) -> 0 | ... RN38: =SUM(RN37) -> 0 | RU38: =SUM(RU37) -> 0 | RV38: =SUM(RV37) -> 0 | RW38: =SUM(RW37) -> 0 | RX38: =SUM(RX37) -> 0 | RY38: =SUM(RY37) -> 0 | RZ38: =SUM(RZ37) -> 0 | SA38: =SUM(SA37) -> 0 | SB38: =SUM(SB37) -> 0 | ... SP38: =SUM(SP37) -> 0
A40: حلاصة العلوم الرياضية | F40: =SUM(F39) -> 0 | G40: =SUM(G39) -> 0 | H40: =SUM(H39) -> 0 | I40: =SUM(I39) -> 0 | J40: =SUM(J39) -> 0 | K40: =SUM(K39) -> 0 | L40: =SUM(L39) -> 0 | M40: =SUM(M39) -> 0 | ... SP40: =SUM(SP39) -> 0
A41: خلاصة التعليـــم المهـــني الاهـــــلي لمحافظة النجف الاشرف | F41: =F32+F28+F23+F17+F35+F38+F40 -> 0 | G41: =G32+G28+G23+G17+G35+G38+G40 -> 0 | H41: =H32+H28+H23+H17+H35+H38+H40 -> 1 | I41: =I32+I28+I23+I17+I35+I38+I40 -> 1 | J41: =J32+J28+J23+J17+J35+J38+J40 -> 0 | K41: =K32+K28+K23+K17+K35+K38+K40 -> 1 | L41: =L32+L28+L23+L17+L35+L38+L40 -> 0 | M41: =M32+M28+M23+M17+M35+M38+M40 -> 0 | ... SP41: =SP32+SP28+SP23+SP17+SP35+SP38+SP40 -> 2
A43: قضاء النجف | F43: =SUM(F33:F34)+F31+F23+F9+F38+F26+F40 -> 0 | G43: =SUM(G33:G34)+G31+G23+G9+G38+G26+G40 -> 0 | H43: =SUM(H33:H34)+H31+H23+H9+H38+H26+H40 -> 1 | I43: =SUM(I33:I34)+I31+I23+I9+I38+I26+I40 -> 1 | J43: =SUM(J33:J34)+J31+J23+J9+J38+J26+J40 -> 0 | K43: =SUM(K33:K34)+K31+K23+K9+K38+K26+K40 -> 1 | L43: =SUM(L33:L34)+L31+L23+L9+L38+L26+L40 -> 0 | M43: =SUM(M33:M34)+M31+M23+M9+M38+M26+M40 -> 0 | ... OV43: =SUM(OV33:OV34)+OV31+OV23+OV9+OV38+OV26+OV40 -> 0 | OY43: =SUM(OY33:OY34)+OY31+OY23+OY9+OY38+OY26+OY40 -> 0 | OZ43: =SUM(OZ33:OZ34)+OZ31+OZ23+OZ9+OZ38+OZ26+OZ40 -> 1 | PA43: =SUM(PA33:PA34)+PA31+PA23+PA9+PA38+PA26+PA40 -> 0 | PB43: =SUM(PB33:PB34)+PB31+PB23+PB9+PB38+PB26+PB40 -> 0 | PC43: =SUM(PC33:PC34)+PC31+PC23+PC9+PC38+PC26+PC40 -> 1 | PD43: =SUM(PD33:PD34)+PD31+PD23+PD9+PD38+PD26+PD40 -> 0 | PE43: =SUM(PE33:PE34)+PE31+PE23+PE9+PE38+PE26+PE40 -> 0 | PF43: =SUM(PF33:PF34)+PF31+PF23+PF9+PF38+PF26+PF40 -> 0 | ... SP43: =SUM(SP33:SP34)+SP31+SP23+SP9+SP38+SP26+SP40 -> 2
A44: قضاء الكوفة | F44: =F24+F12 -> 0 | G44: =G24+G12 -> 0 | H44: =H24+H12 -> 0 | I44: =I24+I12 -> 0 | J44: =J24+J12 -> 0 | K44: =K24+K12 -> 0 | L44: =L24+L12 -> 0 | M44: =M24+M12 -> 0 | ... SP44: =SP24+SP12 -> 0
A45: قضاء المناذرة | F45: =F15+F25 -> 0 | G45: =G15+G25 -> 0 | H45: =H15+H25 -> 0 | I45: =I15+I25 -> 0 | J45: =J15+J25 -> 0 | K45: =K15+K25 -> 0 | L45: =L15+L25 -> 0 | M45: =M15+M25 -> 0 | ... SP45: =SP15+SP25 -> 0

Sheet ج 1,2
A1: المديرية العامة للتربية في محافظة النجف الاشرف | S1: التعليم المهني
A2: قسم التخطيط التربوي | I2: خلاصة محافظة النجف الاشرف
A3: جدول رقم ( 1 )
A4: التعليـــم المهـــني الاهـــــلي للعام الدراسي 2025 / 2026
A5: عدد المدارس والطلبة الموجودين والمستجدين وأعضاء الهيئة التدريسية واستقلالية المدرسة ونوع الازدواج ( الصباحي والمسائي )
A7: الفرع | B7: عدد المدارس | F7: عدد الطلبة المقبولين الجدد | I7: عدد الطلبة الموجودين | L7: عدد أعضاء الهيئة التدريسية | O7: استقلالية المدرسة | Q7: عدد المدارس حسب البيئة | S7: عدد مدارس الفتح الجديد
B8: بنون | C8: بنات | D8: مختلطة | E8: المجموع | F8: بنون | G8: بنات | H8: المجموع | I8: بنون | J8: بنات | K8: المجموع | L8: بنون | M8: بنات | N8: المجموع | O8: أصلية | P8: ضيف | Q8: حضر | R8: ريف
A9: الصناعي | B9: =المهني!F17 -> 0 | C9: =المهني!G17 -> 0 | D9: =المهني!H17 -> 1 | E9: =D9+C9+B9 -> 1 | F9: =المهني!AF17 -> 200 | G9: =المهني!AG17 -> 60 | H9: =G9+F9 -> 260 | I9: =المهني!CJ17 -> 200 | J9: =المهني!CK17 -> 60 | K9: =J9+I9 -> 260 | L9: =المهني!FL17 -> 13 | M9: =المهني!FM17 -> 19 | N9: =M9+L9 -> 32 | O9: =المهني!O17 -> 1 | P9: =المهني!P17 -> 0 | Q9: =المهني!I17 -> 1 | R9: =المهني!J17 -> 0 | S9: =المهني!U17 -> 1
A10: الزراعي | B10: 0 | C10: 0 | D10: 0 | E10: =D10+C10+B10 -> 0 | F10: =المهني!AF28 -> 0 | G10: =المهني!AG28 -> 0 | H10: =G10+F10 -> 0 | I10: =المهني!CJ28 -> 0 | J10: =المهني!CK28 -> 0 | K10: =J10+I10 -> 0 | L10: =المهني!FL28 -> 0 | M10: =المهني!FM28 -> 0 | N10: =M10+L10 -> 0 | O10: 0 | P10: 0 | Q10: 0 | R10: 0 | S10: 0
A11: التجاري | B11: =المهني!F23 -> 0 | C11: =المهني!G23 -> 0 | D11: =المهني!H23 -> 0 | E11: =D11+C11+B11 -> 0 | F11: =المهني!AF23 -> 0 | G11: =المهني!AG23 -> 0 | H11: =G11+F11 -> 0 | I11: =المهني!CJ23 -> 0 | J11: =المهني!CK23 -> 0 | K11: =J11+I11 -> 0 | L11: =المهني!FL23 -> 0 | M11: =المهني!FM23 -> 0 | N11: =M11+L11 -> 0 | O11: =المهني!O23 -> 0 | P11: =المهني!P23 -> 0 | Q11: =المهني!I23 -> 0 | R11: 0 | S11: =المهني!U23 -> 0
A12: فنون تطبيقية | B12: 0 | C12: 0 | D12: 0 | E12: =D12+C12+B12 -> 0 | F12: =المهني!AF32 -> 0 | G12: =المهني!AG32 -> 0 | H12: =G12+F12 -> 0 | I12: 0 | J12: =المهني!CK32 -> 0 | K12: =J12+I12 -> 0 | L12: 0 | M12: =المهني!FM32 -> 0 | N12: =M12+L12 -> 0 | O12: 0 | P12: 0 | Q12: 0 | R12: 0 | S12: 0
A13: سياحة | B13: =المهني!F38 -> 0 | C13: =المهني!G38 -> 0 | D13: =المهني!H38 -> 0 | E13: =D13+C13+B13 -> 0 | F13: =المهني!AF37 -> 0 | G13: =المهني!AG37 -> 0 | H13: =G13+F13 -> 0 | I13: =المهني!CJ37 -> 0 | J13: =المهني!CK37 -> 0 | K13: =J13+I13 -> 0 | L13: =المهني!FL38 -> 0 | M13: =المهني!FM38 -> 0 | N13: =M13+L13 -> 0 | O13: =المهني!O38 -> 0 | P13: =المهني!P38 -> 0 | Q13: =المهني!I38 -> 0 | R13: =المهني!J38 -> 0 | S13: =المهني!U40 -> 0
A14: العلوم الرياضية | B14: =المهني!F40 -> 0 | C14: =المهني!G40 -> 0 | D14: =المهني!H40 -> 0 | E14: =D14+C14+B14 -> 0 | F14: =المهني!AF40 -> 0 | G14: =المهني!AG40 -> 0 | H14: =G14+F14 -> 0 | I14: =المهني!CJ40 -> 0 | J14: =المهني!CK40 -> 0 | K14: =J14+I14 -> 0 | L14: =المهني!FL40 -> 0 | M14: =المهني!FM40 -> 0 | N14: =M14+L14 -> 0 | O14: =المهني!O40 -> 0 | P14: =المهني!P40 -> 0 | Q14: =المهني!I40 -> 0 | R14: =المهني!J40 -> 0 | S14: =المهني!U40 -> 0
A15: الحاسوب وتقنية المعلومات | B15: =المهني!F36 -> 0 | C15: =المهني!G36 -> 0 | D15: =المهني!H36 -> 0 | E15: =D15+C15+B15 -> 0 | F15: =المهني!AF35 -> 438 | G15: =المهني!AG35 -> 40 | H15: =G15+F15 -> 478 | I15: =المهني!CJ35 -> 470 | J15: =المهني!CK35 -> 40 | K15: =J15+I15 -> 510 | L15: =المهني!FL35 -> 0 | M15: =المهني!FM35 -> 0 | N15: =M15+L15 -> 0 | O15: =المهني!O35 -> 0 | P15: 0 | Q15: =المهني!I35 -> 0 | R15: 0 | S15: =المهني!U35 -> 0
A16: المجموع | B16: =B12+B11+B10+B9+B15+B13+B14 -> 0 | C16: =C12+C11+C10+C9+C15+C13+C14 -> 0 | D16: =D12+D11+D10+D9+D15+D13+D14 -> 1 | E16: =E12+E11+E10+E9+E15+E13+E14 -> 1 | F16: =F12+F11+F10+F9+F15+F13+F14 -> 638 | G16: =G12+G11+G10+G9+G15+G13+G14 -> 100 | H16: =H12+H11+H10+H9+H15+H13+H14 -> 738 | I16: =I12+I11+I10+I9+I15+I13+I14 -> 670 | ... R16: =R12+R11+R10+R9+R15+R13+R14 -> 0 | S16: =SUM(S9:T15) -> 1
D18: جدول رقم ( 2 )
D19: التعليـــم المهـــني الاهـــــلي للعام الدراسي 2025 / 2026
D20: عدد الطلبة المقبولين الجدد حسب العمر والجنس ( الصباحي والمسائي)
C22: الفرع | E22: عمر 15 سنة | G22: عمر 16 سنة | I22: عمر 17 سنة | K22: عمر 18 سنة | M22: عمر 19 سنة | O22: المجمـــــــــــــوع
E23: بنون | F23: بنات | G23: بنون | H23: بنات | I23: بنون | J23: بنات | K23: بنون | L23: بنات | M23: بنون | N23: بنات | O23: بنون | P23: بنات | Q23: المجموع
C24: الصناعي | E24: =المهني!V17 -> 67 | F24: =المهني!W17 -> 13 | G24: =المهني!X17 -> 59 | H24: =المهني!Y17 -> 20 | I24: =المهني!Z17 -> 45 | J24: =المهني!AA17 -> 20 | K24: =المهني!AB17 -> 29 | L24: =المهني!AC17 -> 7 | ... N24: =المهني!AE17 -> 0 | O24: =M24+K24+I24+G24+E24 -> 200 | P24: =N24+L24+J24+H24+F24 -> 60 | Q24: =P24+O24 -> 260
C25: الزراعي | E25: =المهني!V28 -> 0 | F25: =المهني!W28 -> 0 | G25: =المهني!X28 -> 0 | H25: =المهني!Y28 -> 0 | I25: =المهني!Z28 -> 0 | J25: =المهني!AA28 -> 0 | K25: =المهني!AB28 -> 0 | L25: =المهني!AC28 -> 0 | ... N25: =المهني!AE28 -> 0 | O25: =M25+K25+I25+G25+E25 -> 0 | P25: =N25+L25+J25+H25+F25 -> 0 | Q25: =P25+O25 -> 0
C26: التجاري | E26: =المهني!V23 -> 0 | F26: =المهني!W23 -> 0 | G26: =المهني!X23 -> 0 | H26: =المهني!Y23 -> 0 | I26: =المهني!Z23 -> 0 | J26: =المهني!AA23 -> 0 | K26: =المهني!AB23 -> 0 | L26: =المهني!AC23 -> 0 | ... N26: =المهني!AE23 -> 0 | O26: =M26+K26+I26+G26+E26 -> 0 | P26: =N26+L26+J26+H26+F26 -> 0 | Q26: =P26+O26 -> 0
C27: فنون تطبيقية | E27: =المهني!V32 -> 0 | F27: =المهني!W32 -> 0 | G27: 0 | H27: =المهني!Y32 -> 0 | I27: 0 | J27: =المهني!AA32 -> 0 | K27: 0 | L27: =المهني!AC32 -> 0 | M27: 0 | N27: =المهني!AE32 -> 0 | O27: =M27+K27+I27+G27+E27 -> 0 | P27: =N27+L27+J27+H27+F27 -> 0 | Q27: =P27+O27 -> 0
C28: سياحة | E28: =المهني!V38 -> 0 | F28: =المهني!W38 -> 0 | G28: =المهني!X38 -> 0 | H28: =المهني!Y38 -> 0 | I28: =المهني!Z38 -> 0 | J28: =المهني!AA38 -> 0 | K28: =المهني!AB38 -> 0 | L28: =المهني!AC38 -> 0 | ... N28: =المهني!AE38 -> 0 | O28: =M28+K28+I28+G28+E28 -> 0 | P28: =N28+L28+J28+H28+F28 -> 0 | Q28: =P28+O28 -> 0
C29: العلوم الرياضية | E29: =المهني!V40 -> 0 | F29: =المهني!W40 -> 0 | G29: =المهني!X40 -> 0 | H29: =المهني!Y40 -> 0 | I29: =المهني!Z40 -> 0 | J29: =المهني!AA40 -> 0 | K29: =المهني!AB40 -> 0 | L29: =المهني!AC40 -> 0 | ... N29: =المهني!AE40 -> 0 | O29: =M29+K29+I29+G29+E29 -> 0 | P29: =N29+L29+J29+H29+F29 -> 0 | Q29: =P29+O29 -> 0
C30: الحاسوب وتقنية المعلومات | E30: =المهني!V35 -> 100 | F30: =المهني!W35 -> 10 | G30: =المهني!X35 -> 100 | H30: =المهني!Y35 -> 15 | I30: =المهني!Z35 -> 100 | J30: =المهني!AA35 -> 7 | K30: =المهني!AB35 -> 100 | L30: =المهني!AC35 -> 8 | ... N30: =المهني!AE35 -> 0 | O30: =M30+K30+I30+G30+E30 -> 438 | P30: =N30+L30+J30+H30+F30 -> 40 | Q30: =P30+O30 -> 478
C31: المجموع | E31: =E27+E26+E25+E24+E30+E28+E29 -> 167 | F31: =F27+F26+F25+F24+F30+F28+F29 -> 23 | G31: =G27+G26+G25+G24+G30+G28+G29 -> 159 | H31: =H27+H26+H25+H24+H30+H28+H29 -> 35 | I31: =I27+I26+I25+I24+I30+I28+I29 -> 145 | J31: =J27+J26+J25+J24+J30+J28+J29 -> 27 | K31: =K27+K26+K25+K24+K30+K28+K29 -> 129 | L31: =L27+L26+L25+L24+L30+L28+L29 -> 15 | ... Q31: =Q27+Q26+Q25+Q24+Q30+Q28+Q29 -> 738
A33: المديرية العامة للتربية في محافظة النجف الاشرف | S33: التعليم المهني
A34: قسم التخطيط التربوي | I34: خلاصة قضاء النجف ومركزها
A35: جدول رقم ( 1 )
A36: التعليـــم المهـــني الاهـــــلي للعام الدراسي 2025 / 2026
A37: عدد المدارس والطلبة الموجودين والمستجدين وأعضاء الهيئة التدريسية واستقلالية المدرسة ونوع الازدواج ( الصباحي والمسائي )
A39: الفرع | B39: عدد المدارس | F39: عدد الطلبة المقبولين الجدد | I39: عدد الطلبة الموجودين | L39: عدد أعضاء الهيئة التدريسية | O39: استقلالية المدرسة | Q39: عدد المدارس حسب البيئة | S39: عدد مدارس الفتح الجديد
B40: بنون | C40: بنات | D40: مختلطة | E40: المجموع | F40: بنون | G40: بنات | H40: المجموع | I40: بنون | J40: بنات | K40: المجموع | L40: بنون | M40: بنات | N40: المجموع | O40: أصلية | P40: ضيف | Q40: حضر | R40: ريف
A41: الصناعي | B41: =المهني!F9 -> 0 | C41: =المهني!G9 -> 0 | D41: =المهني!H9 -> 1 | E41: =D41+C41+B41 -> 1 | F41: =المهني!AF9 -> 200 | G41: =المهني!AG9 -> 60 | H41: =G41+F41 -> 260 | I41: =المهني!CJ9 -> 200 | J41: =المهني!CK9 -> 60 | K41: =J41+I41 -> 260 | L41: =المهني!FL9 -> 13 | M41: =المهني!FM9 -> 19 | N41: =M41+L41 -> 32 | O41: =المهني!O9 -> 1 | P41: =المهني!P9 -> 0 | Q41: =المهني!I9 -> 1 | R41: =المهني!J9 -> 0 | S41: =المهني!U9 -> 1
A42: الزراعي | B42: 0 | C42: 0 | D42: 0 | E42: =D42+C42+B42 -> 0 | F42: 0 | G42: 0 | H42: =G42+F42 -> 0 | I42: 0 | J42: 0 | K42: =J42+I42 -> 0 | L42: 0 | M42: 0 | N42: =M42+L42 -> 0 | O42: 0 | P42: 0 | Q42: 0 | R42: 0 | S42: 0
A43: التجاري | B43: =المهني!F23 -> 0 | C43: =المهني!G23 -> 0 | D43: =المهني!H23 -> 0 | E43: =D43+C43+B43 -> 0 | F43: =المهني!AF23 -> 0 | G43: =المهني!AG23 -> 0 | H43: =G43+F43 -> 0 | I43: =المهني!CJ23 -> 0 | J43: =المهني!CK23 -> 0 | K43: =J43+I43 -> 0 | L43: =المهني!FL23 -> 0 | M43: =المهني!FM23 -> 0 | N43: =M43+L43 -> 0 | O43: 0 | P43: 0 | Q43: 0 | R43: 0 | S43: 0
A44: فنون تطبيقية | B44: 0 | C44: 0 | D44: 0 | E44: =D44+C44+B44 -> 0 | F44: =المهني!AF32 -> 0 | G44: =المهني!AG32 -> 0 | H44: =G44+F44 -> 0 | I44: 0 | J44: =المهني!CK31 -> 0 | K44: =J44+I44 -> 0 | L44: 0 | M44: =المهني!FM31 -> 0 | N44: =M44+L44 -> 0 | O44: 0 | P44: 0 | Q44: 0 | R44: 0 | S44: 0
A45: سياحة | F45: =المهني!AF38 -> 0 | G45: =المهني!AG38 -> 0 | H45: =G45+F45 -> 0 | I45: =المهني!CJ38 -> 0 | J45: =المهني!CK38 -> 0 | K45: =J45+I45 -> 0 | L45: =المهني!FL38 -> 0 | M45: =المهني!FM38 -> 0 | N45: =M45+L45 -> 0
A46: الحاسوب وتقنية المعلومات | B46: 0 | C46: 0 | D46: 0 | E46: 0 | F46: =المهني!AF36 -> 438 | G46: =المهني!AG36 -> 40 | H46: =G46+F46 -> 478 | I46: =المهني!CJ36 -> 470 | J46: =المهني!CK36 -> 40 | K46: =J46+I46 -> 510 | L46: =المهني!FL35 -> 0 | M46: =المهني!FM35 -> 0 | N46: =M46+L46 -> 0 | O46: 0 | P46: 0 | Q46: 0 | R46: 0 | S46: 0
A47: المجموع | B47: =B44+B43+B42+B41+B46+B45 -> 0 | C47: =C44+C43+C42+C41+C46+C45 -> 0 | D47: =D44+D43+D42+D41+D46+D45 -> 1 | E47: =E44+E43+E42+E41+E46+E45 -> 1 | F47: =F44+F43+F42+F41+F46+F45 -> 638 | G47: =G44+G43+G42+G41+G46+G45 -> 100 | H47: =H44+H43+H42+H41+H46+H45 -> 738 | I47: =I44+I43+I42+I41+I46+I45 -> 670 | ... R47: =R44+R43+R42+R41+R46+R45 -> 0 | S47: =SUM(S41:S44) -> 1
D49: جدول رقم ( 2 )
D50: التعليـــم المهـــني الاهـــــلي للعام الدراسي 2025 / 2026
D51: عدد الطلبة المقبولين الجدد حسب العمر والجنس ( الصباحي والمسائي)
D53: الفرع | E53: عمر 15 سنة | G53: عمر 16 سنة | I53: عمر 17 سنة | K53: عمر 18 سنة | M53: عمر 19 سنة | O53: المجمـــــــــــــوع
E54: بنون | F54: بنات | G54: بنون | H54: بنات | I54: بنون | J54: بنات | K54: بنون | L54: بنات | M54: بنون | N54: بنات | O54: بنون | P54: بنات | Q54: المجموع
D55: الصناعي | E55: =المهني!V9 -> 67 | F55: =المهني!W9 -> 13 | G55: =المهني!X9 -> 59 | H55: =المهني!Y9 -> 20 | I55: =المهني!Z9 -> 45 | J55: =المهني!AA9 -> 20 | K55: =المهني!AB9 -> 29 | L55: =المهني!AC9 -> 7 | ... N55: =المهني!AE9 -> 0 | O55: =M55+K55+I55+G55+E55 -> 200 | P55: =N55+L55+J55+H55+F55 -> 60 | Q55: =P55+O55 -> 260
D56: الزراعي | E56: 0 | F56: 0 | G56: 0 | H56: 0 | I56: 0 | J56: 0 | K56: 0 | L56: 0 | M56: 0 | N56: 0 | O56: =M56+K56+I56+G56+E56 -> 0 | P56: =N56+L56+J56+H56+F56 -> 0 | Q56: =P56+O56 -> 0
D57: التجاري | E57: =المهني!V23 -> 0 | F57: =المهني!W23 -> 0 | G57: =المهني!X23 -> 0 | H57: =المهني!Y23 -> 0 | I57: =المهني!Z23 -> 0 | J57: =المهني!AA23 -> 0 | K57: =المهني!AB23 -> 0 | L57: =المهني!AC23 -> 0 | ... N57: =المهني!AE23 -> 0 | O57: =M57+K57+I57+G57+E57 -> 0 | P57: =N57+L57+J57+H57+F57 -> 0 | Q57: =P57+O57 -> 0
D58: فنون تطبيقية | E58: 0 | F58: =المهني!AJ32 -> 0 | G58: 0 | H58: =المهني!AL31 -> 0 | I58: 0 | J58: =المهني!AN31 -> 0 | K58: 0 | L58: =المهني!AP31 -> 0 | M58: 0 | N58: =المهني!AE32 -> 0 | O58: =M58+K58+I58+G58+E58 -> 0 | P58: =N58+L58+J58+H58+F58 -> 0 | Q58: =P58+O58 -> 0
D59: سياحة
D60: الحاسوب وتقنية المعلومات | E60: =المهني!V36 -> 100 | F60: =المهني!W36 -> 10 | G60: =المهني!X36 -> 100 | H60: =المهني!Y36 -> 15 | I60: =المهني!Z36 -> 100 | J60: =المهني!AA36 -> 7 | K60: =المهني!AB36 -> 100 | L60: =المهني!AC36 -> 8 | ... N60: =المهني!AE36 -> 0 | O60: =M60+K60+I60+G60+E60 -> 438 | P60: =N60+L60+J60+H60+F60 -> 40 | Q60: =P60+O60 -> 478
D61: المجموع | E61: =E58+E57+E56+E55+E60 -> 167 | F61: =F58+F57+F56+F55+F60 -> 23 | G61: =G58+G57+G56+G55+G60 -> 159 | H61: =H58+H57+H56+H55+H60 -> 35 | I61: =I58+I57+I56+I55+I60 -> 145 | J61: =J58+J57+J56+J55+J60 -> 27 | K61: =K58+K57+K56+K55+K60 -> 129 | L61: =L58+L57+L56+L55+L60 -> 15 | ... Q61: =Q58+Q57+Q56+Q55+Q60 -> 738
A64: المديرية العامة للتربية في محافظة النجف الاشرف | S64: التعليم المهني
A65: قسم التخطيط التربوي | H65: خلاصة قضاء الكوفة
A66: جدول رقم ( 1 )
A67: التعليـــم المهـــني الاهـــــلي للعام الدراسي 2025 / 2026
A68: عدد المدارس والطلبة الموجودين والمستجدين وأعضاء الهيئة التدريسية واستقلالية المدرسة ونوع الازدواج ( الصباحي والمسائي )
A70: الفرع | B70: عدد المدارس | F70: عدد الطلبة المقبولين الجدد | I70: عدد الطلبة الوجودين | L70: عدد أعضاء الهيئة التدريسية | O70: استقلالية المدرسة | Q70: عدد المدارس حسب البيئة | S70: عدد مدارس الفتح الجديد
B71: بنون | C71: بنات | D71: مختلطة | E71: المجموع | F71: بنون | G71: بنات | H71: المجموع | I71: بنون | J71: بنات | K71: المجموع | L71: بنون | M71: بنات | N71: المجموع | O71: أصلية | P71: ضيف | Q71: حضر | R71: ريف
A72: الصناعي | B72: =المهني!F12 -> 0 | C72: =المهني!G12 -> 0 | D72: =المهني!H12 -> 0 | E72: =D72+C72+B72 -> 0 | F72: =المهني!AF12 -> 0 | G72: =المهني!AG12 -> 0 | H72: =G72+F72 -> 0 | I72: =المهني!CJ12 -> 0 | J72: =المهني!CK12 -> 0 | K72: =J72+I72 -> 0 | L72: =المهني!FL12 -> 0 | M72: =المهني!FM12 -> 0 | N72: =M72+L72 -> 0 | O72: =المهني!O12 -> 0 | P72: =المهني!P12 -> 0 | Q72: =المهني!I12 -> 0 | R72: =المهني!J12 -> 0 | S72: =المهني!U12 -> 0
A73: الزراعي | B73: =المهني!F28 -> 0 | C73: =المهني!G28 -> 0 | D73: =المهني!H28 -> 0 | E73: =D73+C73+B73 -> 0 | F73: =المهني!AF28 -> 0 | G73: =المهني!AG28 -> 0 | H73: =G73+F73 -> 0 | I73: =المهني!CJ28 -> 0 | J73: =المهني!CK28 -> 0 | K73: =J73+I73 -> 0 | L73: =المهني!FL28 -> 0 | M73: =المهني!FM28 -> 0 | N73: =M73+L73 -> 0 | O73: =المهني!O28 -> 0 | P73: =المهني!P28 -> 0 | Q73: 0 | R73: 0 | S73: 0
A74: التجاري | B74: 0 | C74: 0 | D74: 0 | E74: =D74+C74+B74 -> 0 | F74: 0 | G74: 0 | H74: =G74+F74 -> 0 | I74: 0 | J74: 0 | K74: =J74+I74 -> 0 | L74: 0 | M74: 0 | N74: =M74+L74 -> 0 | O74: 0 | P74: 0 | Q74: 0 | R74: 0 | S74: 0
A75: الفنون التطبيقية | B75: 0 | C75: 0 | D75: 0 | E75: =D75+C75+B75 -> 0 | F75: 0 | G75: 0 | H75: =G75+F75 -> 0 | I75: 0 | J75: 0 | K75: =J75+I75 -> 0 | L75: 0 | M75: 0 | N75: =M75+L75 -> 0 | O75: 0 | P75: 0 | Q75: 0 | R75: 0 | S75: 0
A76: سياحة
A77: الحاسوب وتقنية المعلومات | B77: 0 | C77: 0 | D77: 0 | E77: =D77+C77+B77 -> 0 | F77: =المهني!#REF! -> #REF! | G77: =المهني!#REF! -> #REF! | H77: =G77+F77 -> #REF! | I77: =المهني!#REF! -> #REF! | J77: =المهني!#REF! -> #REF! | K77: =J77+I77 -> #REF! | L77: =المهني!#REF! -> #REF! | M77: =المهني!#REF! -> #REF! | N77: =M77+L77 -> #REF! | O77: 0 | P77: 0 | Q77: 0 | R77: 0 | S77: 0
A78: المجموع | B78: =B75+B74+B73+B72+B77+B76 -> 0 | C78: =C75+C74+C73+C72+C77+C76 -> 0 | D78: =D75+D74+D73+D72+D77+D76 -> 0 | E78: =E75+E74+E73+E72+E77+E76 -> 0 | F78: =F75+F74+F73+F72+F77+F76 -> #REF! | G78: =G75+G74+G73+G72+G77+G76 -> #REF! | H78: =H75+H74+H73+H72+H77+H76 -> #REF! | I78: =I75+I74+I73+I72+I77+I76 -> #REF! | ... R78: =R75+R74+R73+R72+R77+R76 -> 0 | S78: =SUM(S72:S75) -> 0
D80: جدول رقم ( 2 )
D81: التعليـــم المهـــني الاهـــــلي للعام الدراسي2025 / 2026
D82: عدد الطلبة المقبولين الجدد حسب العمر والجنس ( الصباحي والمسائي)
D84: الفرع | E84: عمر 15 سنة | G84: عمر 16 سنة | I84: عمر 17 سنة | K84: عمر 18 سنة | M84: عمر 19 سنة | O84: المجمـــــــــــــوع
E85: بنون | F85: بنات | G85: بنون | H85: بنات | I85: بنون | J85: بنات | K85: بنون | L85: بنات | M85: بنون | N85: بنات | O85: بنون | P85: بنات | Q85: المجموع
D86: الصناعي | E86: =المهني!V12 -> 0 | F86: =المهني!W12 -> 0 | G86: =المهني!X12 -> 0 | H86: =المهني!Y12 -> 0 | I86: =المهني!Z12 -> 0 | J86: =المهني!AA12 -> 0 | K86: =المهني!AB12 -> 0 | L86: =المهني!AC12 -> 0 | ... N86: =المهني!AE12 -> 0 | O86: =M86+K86+I86+G86+E86 -> 0 | P86: =N86+L86+J86+H86+F86 -> 0 | Q86: =P86+O86 -> 0
D87: الزراعي | E87: =المهني!V28 -> 0 | F87: =المهني!W28 -> 0 | G87: =المهني!X28 -> 0 | H87: =المهني!Y28 -> 0 | I87: =المهني!Z28 -> 0 | J87: =المهني!AA28 -> 0 | K87: =المهني!AB28 -> 0 | L87: =المهني!AC28 -> 0 | ... N87: =المهني!AE28 -> 0 | O87: =M87+K87+I87+G87+E87 -> 0 | P87: =N87+L87+J87+H87+F87 -> 0 | Q87: =P87+O87 -> 0
D88: التجاري | E88: 0 | F88: 0 | G88: 0 | H88: 0 | I88: 0 | J88: 0 | K88: 0 | L88: 0 | M88: 0 | N88: 0 | O88: =M88+K88+I88+G88+E88 -> 0 | P88: =N88+L88+J88+H88+F88 -> 0 | Q88: =P88+O88 -> 0
D89: الفنون التطبيقية | E89: 0 | F89: 0 | G89: 0 | H89: 0 | I89: 0 | J89: 0 | K89: 0 | L89: 0 | M89: 0 | N89: 0 | O89: =M89+K89+I89+G89+E89 -> 0 | P89: =N89+L89+J89+H89+F89 -> 0 | Q89: =P89+O89 -> 0
D90: سياحة
D91: الحاسوب وتقنية المعلومات | E91: =المهني!#REF! -> #REF! | F91: =المهني!#REF! -> #REF! | G91: =المهني!#REF! -> #REF! | H91: =المهني!#REF! -> #REF! | I91: =المهني!#REF! -> #REF! | J91: =المهني!#REF! -> #REF! | K91: =المهني!#REF! -> #REF! | L91: =المهني!#REF! -> #REF! | ... N91: =المهني!#REF! -> #REF! | O91: =M91+K91+I91+G91+E91 -> #REF! | P91: =N91+L91+J91+H91+F91 -> #REF! | Q91: =P91+O91 -> #REF!
D92: المجموع | E92: =E89+E88+E87+E86 -> 0 | F92: =F89+F88+F87+F86 -> 0 | G92: =G89+G88+G87+G86 -> 0 | H92: =H89+H88+H87+H86 -> 0 | I92: =I89+I88+I87+I86 -> 0 | J92: =J89+J88+J87+J86 -> 0 | K92: =K89+K88+K87+K86 -> 0 | L92: =L89+L88+L87+L86 -> 0 | ... Q92: =Q89+Q88+Q87+Q86 -> 0
A94: المديرية العامة للتربية في محافظة النجف الاشرف | S94: التعليم المهني
A95: قسم التخطيط التربوي | I95: خلاصة قضاء المناذرة
A96: جدول رقم ( 1 )
A97: التعليـــم المهـــني الاهـــــلي للعام الدراسي 2025 / 2026
A98: عدد المدارس والطلبة الموجودين والمستجدين وأعضاء الهيئة التدريسية واستقلالية المدرسة ونوع الازدواج ( الصباحي والمسائي )
A100: الفرع | B100: عدد المدارس | F100: عدد الطلبة المقبولين الجدد | I100: عدد الطلبة الموجودين | L100: عدد أعضاء الهيئة التدريسية | O100: استقلالية المدرسة | Q100: عدد المدارس حسب البيئة | S100: عدد مدارس الفتح الجديد
B101: بنون | C101: بنات | D101: مختلطة | E101: المجموع | F101: بنون | G101: بنات | H101: المجموع | I101: بنون | J101: بنات | K101: المجموع | L101: بنون | M101: بنات | N101: المجموع | O101: أصلية | P101: ضيف | Q101: حضر | R101: ريف
A102: الصناعي | B102: =المهني!F16 -> 0 | C102: =المهني!G16 -> 0 | D102: =المهني!H16 -> 0 | E102: =D102+C102+B102 -> 0 | F102: =المهني!AF16 -> 0 | G102: =المهني!AG16 -> 0 | H102: =G102+F102 -> 0 | I102: =المهني!CJ16 -> 0 | J102: =المهني!CK16 -> 0 | K102: =J102+I102 -> 0 | L102: =المهني!FL16 -> 0 | M102: =المهني!FM16 -> 0 | N102: =M102+L102 -> 0 | O102: =المهني!O16 -> 0 | P102: =المهني!P16 -> 0 | Q102: =المهني!I16 -> 0 | R102: =المهني!J16 -> 0 | S102: =المهني!U16 -> 0
A103: الزراعي | B103: 0 | C103: 0 | D103: 0 | E103: =D103+C103+B103 -> 0 | F103: 0 | G103: 0 | H103: =G103+F103 -> 0 | I103: 0 | J103: 0 | K103: =J103+I103 -> 0 | L103: 0 | M103: 0 | N103: =M103+L103 -> 0 | O103: 0 | P103: 0 | Q103: 0 | R103: 0 | S103: 0
A104: التجاري | B104: 0 | C104: 0 | D104: 0 | E104: =D104+C104+B104 -> 0 | F104: 0 | G104: 0 | H104: =G104+F104 -> 0 | I104: 0 | J104: 0 | K104: =J104+I104 -> 0 | L104: 0 | M104: 0 | N104: =M104+L104 -> 0 | O104: 0 | P104: 0 | Q104: 0 | R104: 0 | S104: 0
A105: الفنون التطبيقية | B105: 0 | C105: 0 | D105: 0 | E105: =D105+C105+B105 -> 0 | F105: 0 | G105: 0 | H105: =G105+F105 -> 0 | I105: 0 | J105: 0 | K105: =J105+I105 -> 0 | L105: 0 | M105: 0 | N105: =M105+L105 -> 0 | O105: 0 | P105: 0 | Q105: 0 | R105: 0 | S105: 0
A106: سياحة
A107: الحاسوب وتقنية المعلومات | B107: 0 | C107: 0 | D107: 0 | E107: =D107+C107+B107 -> 0 | F107: =المهني!#REF! -> #REF! | G107: =المهني!#REF! -> #REF! | H107: =G107+F107 -> #REF! | I107: =المهني!#REF! -> #REF! | J107: =المهني!#REF! -> #REF! | K107: =المهني!#REF! -> #REF! | L107: 0 | M107: 0 | N107: =M107+L107 -> 0 | O107: 0 | P107: 0 | Q107: 0 | R107: 0 | S107: 0
A108: المجموع | B108: =B105+B104+B103+B102+B107 -> 0 | C108: =C105+C104+C103+C102+C107 -> 0 | D108: =D105+D104+D103+D102+D107 -> 0 | E108: =E105+E104+E103+E102+E107 -> 0 | F108: =F105+F104+F103+F102+F107 -> #REF! | G108: =G105+G104+G103+G102+G107 -> #REF! | H108: =H105+H104+H103+H102+H107 -> #REF! | I108: =I105+I104+I103+I102+I107 -> #REF! | ... R108: =R105+R104+R103+R102+R107 -> 0 | S108: 0
D110: جدول رقم ( 2 )
D111: التعليـــم المهـــني الاهـــــلي للعام الدراسي2025 / 2026
D112: عدد الطلبة المقبولين الجدد حسب العمر والجنس ( الصباحي والمسائي)
D114: الفرع | E114: عمر 15 سنة | G114: عمر 16 سنة | I114: عمر 17 سنة | K114: عمر 18 سنة | M114: عمر 19 سنة | O114: المجمـــــــــــــوع
E115: بنون | F115: بنات | G115: بنون | H115: بنات | I115: بنون | J115: بنات | K115: بنون | L115: بنات | M115: بنون | N115: بنات | O115: بنون | P115: بنات | Q115: المجموع
D116: الصناعي | E116: =المهني!V16 -> 0 | F116: =المهني!W16 -> 0 | G116: =المهني!X16 -> 0 | H116: =المهني!Y16 -> 0 | I116: =المهني!Z16 -> 0 | J116: =المهني!AA16 -> 0 | K116: =المهني!AB16 -> 0 | L116: =المهني!AC16 -> 0 | ... N116: =المهني!AE16 -> 0 | O116: =M116+K116+I116+G116+E116 -> 0 | P116: =N116+L116+J116+H116+F116 -> 0 | Q116: =P116+O116 -> 0
...

Sheet ج3
A1: المديرية العامة للتربية في محافظة النجف الاشرف | S1: التعليم المهني
B2: قسم التخطيط التربوي | J2: خلاصة محافظة النجف الاشرف
A3: جدول رقم ( 3 )
A4: التعليـــم المهـــني الاهـــــلي للعام الدراسي 2025 / 2026
A5: عدد المدارس والمدرسين والطلبة والشعب (( المدارس المسائية فقط ))
A7: الفرع | B7: عدد المدارس | F7: عدد المدرسين | I7: عدد الطلبة الموجودين | R7: الشعب
I8: الصف الاول | K8: الصف الثاني | M8: الصف الثالث | O8: المجموع الكلي
B9: بنون | C9: بنات | D9: مختلطة | E9: المجموع | F9: ذكور | G9: اناث | H9: المجموع | I9: بنون | J9: بنات | K9: بنون | L9: بنات | M9: بنون | N9: بنات | O9: بنون | P9: بنات | Q9: المجموع | R9: بنون | S9: بنات | T9: مختلط | U9: المجموع
A10: الصناعي | B10: 0 | C10: =المهني!#REF! -> #REF! | D10: =المهني!#REF! -> #REF! | E10: =D10+C10+B10 -> #REF! | F10: =المهني!#REF! -> #REF! | G10: =المهني!#REF! -> #REF! | H10: =G10+F10 -> #REF! | I10: =المهني!#REF! -> #REF! | J10: =المهني!#REF! -> #REF! | K10: =المهني!#REF! -> #REF! | L10: =المهني!#REF! -> #REF! | M10: =المهني!#REF! -> #REF! | N10: =المهني!#REF! -> #REF! | O10: =M10+K10+I10 -> #REF! | P10: =N10+L10+J10 -> #REF! | Q10: =P10+O10 -> #REF! | R10: =المهني!#REF! -> #REF! | S10: =المهني!#REF! -> #REF! | T10: =المهني!#REF! -> #REF! | U10: =T10+S10+R10 -> #REF!
A11: الزراعي | B11: 0 | C11: 0 | D11: 0 | E11: =D11+C11+B11 -> 0 | F11: 0 | G11: 0 | H11: =G11+F11 -> 0 | I11: 0 | J11: 0 | K11: 0 | L11: 0 | M11: 0 | N11: 0 | O11: =M11+K11+I11 -> 0 | P11: =N11+L11+J11 -> 0 | Q11: =P11+O11 -> 0 | R11: 0 | S11: 0 | T11: 0 | U11: =T11+S11+R11 -> 0
A12: التجاري | B12: 0 | C12: 0 | D12: 0 | E12: =D12+C12+B12 -> 0 | F12: 0 | G12: 0 | H12: =G12+F12 -> 0 | I12: =المهني!AS20 -> 0 | J12: 0 | K12: =المهني!BF20 -> 0 | L12: 0 | M12: =المهني!BS20 -> 0 | N12: 0 | O12: =M12+K12+I12 -> 0 | P12: =N12+L12+J12 -> 0 | Q12: =P12+O12 -> 0 | R12: =المهني!CV20 -> 0 | S12: 0 | T12: 0 | U12: =T12+S12+R12 -> 0
A13: فنون تطبيقية | B13: 0 | C13: 0 | D13: 0 | E13: =D13+C13+B13 -> 0 | F13: 0 | G13: 0 | H13: =G13+F13 -> 0 | J13: 0 | L13: 0 | N13: 0 | P13: =N13+L13+J13 -> 0 | Q13: =P13+O13 -> 0 | S13: 0 | U13: =T13+S13+R13 -> 0
A14: سياحة | B14: 0 | C14: 0 | D14: 0 | E14: =D14+C14+B14 -> 0 | F14: 0 | G14: 0 | H14: 0 | J14: 0 | K14: 0 | L14: 0 | M14: 0 | N14: 0 | O14: 0 | P14: =N14+L14+J14 -> 0 | Q14: =P14+O14 -> 0 | R14: 0 | S14: 0 | T14: 0 | U14: =T14+S14+R14 -> 0
A15: العلوم الرياضية | B15: 0 | C15: 5 | D15: 0 | E15: =D15+C15+B15 -> 5 | F15: 0 | G15: 0 | H15: 0 | J15: 0 | K15: 0 | L15: 0 | M15: 0 | N15: 0 | O15: 0 | P15: =N15+L15+J15 -> 0 | Q15: =P15+O15 -> 0 | R15: 0 | S15: 0 | T15: 0 | U15: =T15+S15+R15 -> 0
A16: الحاسوب وتقنية المعلومات | B16: 0 | C16: 0 | D16: 0 | E16: =D16+C16+B16 -> 0 | F16: 0 | G16: 0 | H16: =G16+F16 -> 0 | I16: 0 | J16: 0 | K16: 0 | L16: 0 | M16: 0 | N16: 0 | O16: 0 | P16: 0 | Q16: =P16+O16 -> 0 | R16: 0 | S16: 0 | T16: 0 | U16: 0
A17: المجموع | B17: =B13+B12+B11+B10 -> 0 | C17: =C13+C12+C11+C10 -> #REF! | D17: =D13+D12+D11+D10 -> #REF! | E17: =E13+E12+E11+E10 -> #REF! | F17: =F13+F12+F11+F10 -> #REF! | G17: =G13+G12+G11+G10 -> #REF! | H17: =H13+H12+H11+H10 -> #REF! | I17: =I13+I12+I11+I10 -> #REF! | ... U17: =U13+U12+U11+U10 -> #REF!
A19: المديرية العامة للتربية في محافظة النجف الاشرف | S19: التعليم المهني
B20: قسم التخطيط التربوي | J20: خلاصة قضاء النجف
A21: جدول رقم ( 3 )
A22: التعليـــم المهـــني الاهـــــلي للعام الدراسي 2025 / 2026
A23: عدد المدارس والمدرسين والطلبة والشعب (( المدارس المسائية فقط ))
A25: الفرع | B25: عدد المدارس | F25: عدد المدرسين | I25: عدد الطلبة المسجلين | R25: الشعب
I26: الصف الاول | K26: الصف الثاني | M26: الصف الثالث | O26: المجموع الكلي
B27: بنون | C27: بنات | D27: مختلطة | E27: المجموع | F27: بنون | G27: بنات | H27: المجموع | I27: بنون | J27: بنات | K27: بنون | L27: بنات | M27: بنون | N27: بنات | O27: بنون | P27: بنات | Q27: المجموع | R27: بنون | S27: بنات | T27: مختلط | U27: المجموع
A28: الصناعي | B28: =المهني!#REF! -> #REF! | C28: =المهني!#REF! -> #REF! | D28: =المهني!#REF! -> #REF! | E28: =D28+C28+B28 -> #REF! | F28: =المهني!#REF! -> #REF! | G28: =المهني!#REF! -> #REF! | H28: =G28+F28 -> #REF! | I28: =المهني!#REF! -> #REF! | J28: =المهني!#REF! -> #REF! | K28: =المهني!#REF! -> #REF! | L28: =المهني!#REF! -> #REF! | M28: =المهني!#REF! -> #REF! | N28: =المهني!#REF! -> #REF! | O28: =M28+K28+I28 -> #REF! | P28: =N28+L28+J28 -> #REF! | Q28: =P28+O28 -> #REF! | R28: =المهني!#REF! -> #REF! | S28: =المهني!#REF! -> #REF! | T28: =المهني!#REF! -> #REF! | U28: =T28+S28+R28 -> #REF!
A29: الزراعي | B29: 0 | C29: 0 | D29: 0 | E29: =D29+C29+B29 -> 0 | F29: 0 | G29: 0 | H29: =G29+F29 -> 0 | I29: 0 | J29: 0 | K29: 0 | L29: 0 | M29: 0 | N29: 0 | O29: =M29+K29+I29 -> 0 | P29: =N29+L29+J29 -> 0 | Q29: =P29+O29 -> 0 | R29: 0 | S29: 0 | T29: 0 | U29: =T29+S29+R29 -> 0
A30: التجاري | B30: 0 | C30: 0 | D30: 0 | E30: =D30+C30+B30 -> 0 | F30: 0 | G30: 0 | H30: =G30+F30 -> 0 | I30: =المهني!AS20 -> 0 | J30: =المهني!AT20 -> 0 | K30: =المهني!BF20 -> 0 | L30: =المهني!BG20 -> 0 | M30: =المهني!BS20 -> 0 | N30: =المهني!BT20 -> 0 | O30: =M30+K30+I30 -> 0 | P30: =N30+L30+J30 -> 0 | Q30: =P30+O30 -> 0 | R30: =المهني!CV20 -> 0 | S30: 0 | T30: 0 | U30: =T30+S30+R30 -> 0
A31: فنون تطبيقية | B31: 0 | C31: 0 | D31: 0 | E31: =D31+C31+B31 -> 0 | F31: 0 | G31: 0 | H31: =G31+F31 -> 0 | J31: 0 | L31: 0 | N31: 0 | P31: =N31+L31+J31 -> 0 | Q31: =P31+O31 -> 0 | S31: 0 | U31: =T31+S31+R31 -> 0
A32: سياحة
A33: الحاسوب وتقنية المعلومات | E33: =D33+C33+B33 -> 0 | H33: 0 | O33: 0 | P33: 0 | Q33: 0 | U33: 0
A34: المجموع | B34: =B31+B30+B29+B28 -> #REF! | C34: =C31+C30+C29+C28 -> #REF! | D34: =D31+D30+D29+D28 -> #REF! | E34: =E31+E30+E29+E28 -> #REF! | F34: =F31+F30+F29+F28 -> #REF! | G34: =G31+G30+G29+G28 -> #REF! | H34: =H31+H30+H29+H28 -> #REF! | I34: =I31+I30+I29+I28 -> #REF! | ... U34: =U31+U30+U29+U28 -> #REF!
A37: المديرية العامة للتربية في محافظة النجف الاشرف | S37: التعليم المهني
B38: قسم التخطيط التربوي | I38: خلاصة قضاء الكوفة
A39: جدول رقم ( 3 )
A40: التعليـــم المهـــني الاهـــــلي للعام الدراسي 2025 / 2026
A41: عدد المدارس والمدرسين والطلبة والشعب (( المدارس المسائية فقط ))
A43: الفرع | B43: عدد المدارس | F43: عدد المدرسين | I43: عدد الطلبة المسجلين | R43: الشعب
I44: الصف الاول | K44: الصف الثاني | M44: الصف الثالث | O44: المجموع الكلي
B45: بنون | C45: بنات | D45: مختلطة | E45: المجموع | F45: بنون | G45: بنات | H45: المجموع | I45: بنون | J45: بنات | K45: بنون | L45: بنات | M45: بنون | N45: بنات | O45: بنون | P45: بنات | Q45: المجموع | R45: بنون | S45: بنات | T45: مختلط | U45: المجموع
A46: الصناعي | B46: 0 | C46: 0 | D46: 0 | E46: =D46+C46+B46 -> 0 | F46: 0 | G46: 0 | H46: =G46+F46 -> 0 | I46: 0 | J46: 0 | K46: 0 | L46: 0 | M46: 0 | N46: 0 | O46: =M46+K46+I46 -> 0 | P46: =N46+L46+J46 -> 0 | Q46: =P46+O46 -> 0 | R46: 0 | S46: 0 | T46: 0 | U46: =T46+S46+R46 -> 0
A47: الزراعي | B47: 0 | C47: 0 | D47: 0 | E47: =D47+C47+B47 -> 0 | F47: 0 | G47: 0 | H47: =G47+F47 -> 0 | I47: 0 | J47: 0 | K47: 0 | L47: 0 | M47: 0 | N47: 0 | O47: =M47+K47+I47 -> 0 | P47: =N47+L47+J47 -> 0 | Q47: =P47+O47 -> 0 | R47: 0 | S47: 0 | T47: 0 | U47: =T47+S47+R47 -> 0
A48: التجاري | B48: 0 | C48: 0 | D48: 0 | E48: =D48+C48+B48 -> 0 | F48: 0 | G48: 0 | H48: =G48+F48 -> 0 | I48: 0 | J48: 0 | K48: 0 | L48: 0 | M48: 0 | N48: 0 | O48: =M48+K48+I48 -> 0 | P48: =N48+L48+J48 -> 0 | Q48: =P48+O48 -> 0 | R48: 0 | S48: 0 | T48: 0 | U48: =T48+S48+R48 -> 0
A49: الفنون التطبيقية | B49: 0 | C49: 0 | D49: 0 | E49: =D49+C49+B49 -> 0 | F49: 0 | G49: 0 | H49: =G49+F49 -> 0 | I49: 0 | J49: 0 | K49: 0 | L49: 0 | M49: 0 | N49: 0 | O49: =M49+K49+I49 -> 0 | P49: =N49+L49+J49 -> 0 | Q49: =P49+O49 -> 0 | R49: 0 | S49: 0 | T49: 0 | U49: =T49+S49+R49 -> 0
A50: سياحة
A51: الحاسوب وتقنية المعلومات | B51: 0 | C51: 0 | D51: 0 | E51: =D51+C51+B51 -> 0 | F51: 0 | G51: 0 | H51: =G51+F51 -> 0 | I51: 0 | J51: 0 | K51: 0 | L51: 0 | M51: 0 | N51: 0 | O51: =M51+K51+I51 -> 0 | P51: =N51+L51+J51 -> 0 | Q51: =P51+O51 -> 0 | R51: 0 | S51: 0 | T51: 0 | U51: =T51+S51+R51 -> 0
A52: المجموع | B52: =B49+B48+B47+B46 -> 0 | C52: =C49+C48+C47+C46 -> 0 | D52: =D49+D48+D47+D46 -> 0 | E52: =E49+E48+E47+E46 -> 0 | F52: =F49+F48+F47+F46 -> 0 | G52: =G49+G48+G47+G46 -> 0 | H52: =H49+H48+H47+H46 -> 0 | I52: =I49+I48+I47+I46 -> 0 | ... U52: =U49+U48+U47+U46 -> 0
A54: المديرية العامة للتربية في محافظة النجف الاشرف | S54: التعليم المهني
B55: قسم التخطيط التربوي | J55: خلاصة قضاء المناذرة
A56: جدول رقم ( 3 )
A57: التعليـــم المهـــني الاهـــــلي للعام الدراسي 2025 / 2026
A58: عدد المدارس والمدرسين والطلبة والشعب (( المدارس المسائية فقط ))
A60: الفرع | B60: عدد المدارس | F60: عدد المدرسين | I60: عدد الطلبة المسجلين | R60: الشعب
I61: الصف الاول | K61: الصف الثاني | M61: الصف الثالث | O61: المجموع الكلي
B62: بنون | C62: بنات | D62: مختلطة | E62: المجموع | F62: بنون | G62: بنات | H62: المجموع | I62: بنون | J62: بنات | K62: بنون | L62: بنات | M62: بنون | N62: بنات | O62: بنون | P62: بنات | Q62: المجموع | R62: بنون | S62: بنات | T62: مختلط | U62: المجموع
A63: الصناعي | B63: 0 | C63: 0 | D63: 0 | E63: =D63+C63+B63 -> 0 | F63: 0 | G63: 0 | H63: =G63+F63 -> 0 | I63: 0 | J63: 0 | K63: 0 | L63: 0 | M63: 0 | N63: 0 | O63: =M63+K63+I63 -> 0 | P63: =N63+L63+J63 -> 0 | Q63: =P63+O63 -> 0 | R63: 0 | S63: 0 | T63: 0 | U63: =T63+S63+R63 -> 0
A64: الزراعي | B64: 0 | C64: 0 | D64: 0 | E64: =D64+C64+B64 -> 0 | F64: 0 | G64: 0 | H64: =G64+F64 -> 0 | I64: 0 | J64: 0 | K64: 0 | L64: 0 | M64: 0 | N64: 0 | O64: =M64+K64+I64 -> 0 | P64: =N64+L64+J64 -> 0 | Q64: =P64+O64 -> 0 | R64: 0 | S64: 0 | T64: 0 | U64: =T64+S64+R64 -> 0
A65: التجاري | B65: 0 | C65: 0 | D65: 0 | E65: =D65+C65+B65 -> 0 | F65: 0 | G65: 0 | H65: =G65+F65 -> 0 | I65: 0 | J65: 0 | K65: 0 | L65: 0 | M65: 0 | N65: 0 | O65: =M65+K65+I65 -> 0 | P65: =N65+L65+J65 -> 0 | Q65: =P65+O65 -> 0 | R65: 0 | S65: 0 | T65: 0 | U65: =T65+S65+R65 -> 0
A66: الفنون التطبيقية | B66: 0 | C66: 0 | D66: 0 | E66: =D66+C66+B66 -> 0 | F66: 0 | G66: 0 | H66: =G66+F66 -> 0 | I66: 0 | J66: 0 | K66: 0 | L66: 0 | M66: 0 | N66: 0 | O66: =M66+K66+I66 -> 0 | P66: =N66+L66+J66 -> 0 | Q66: =P66+O66 -> 0 | R66: 0 | S66: 0 | T66: 0 | U66: =T66+S66+R66 -> 0
A67: سياحة
A68: الحاسوب وتقنية المعلومات | B68: 0 | C68: 0 | D68: 0 | E68: =D68+C68+B68 -> 0 | F68: 0 | G68: 0 | H68: =G68+F68 -> 0 | I68: 0 | J68: 0 | K68: 0 | L68: 0 | M68: 0 | N68: 0 | O68: 0 | P68: =N68+L68+J68 -> 0 | Q68: =P68+O68 -> 0 | R68: 0 | S68: 0 | T68: 0 | U68: =T68+S68+R68 -> 0
A69: المجموع | B69: =B66+B65+B64+B63 -> 0 | C69: =C66+C65+C64+C63 -> 0 | D69: =D66+D65+D64+D63 -> 0 | E69: =E66+E65+E64+E63 -> 0 | F69: =F66+F65+F64+F63 -> 0 | G69: =G66+G65+G64+G63 -> 0 | H69: =H66+H65+H64+H63 -> 0 | I69: =I66+I65+I64+I63 -> 0 | ... U69: =U66+U65+U64+U63 -> 0

Sheet ج4
A1: المديرية العامة للتربية في محافظة النجف الاشرف | S1: التعليم المهني
A2: قسم التخطيط التربوي | I2: خلاصة محافظة النجف الاشرف
A3: جدول رقم ( 4 )
A4: التعليـــم المهـــني الاهـــــلي للعام الدراسي 2025 / 2026
A5: عدد الطلبة المسجلين حسب العمر والجنس والصف والفرع ( الصباحي والمسائي )
A7: الفرع | B7: الصف | D7: عمر 15 سنة | F7: عمر 16 سنة | H7: عمر 17 سنة | J7: عمر 18 سنة | L7: عمر 19 سنة | N7: عمر 20 سنة | P7: عمر 21 سنة | R7: المجموع
D8: بنون | E8: بنات | F8: بنون | G8: بنات | H8: بنون | I8: بنات | J8: بنون | K8: بنات | L8: بنون | M8: بنات | N8: بنون | O8: بنات | P8: بنون | Q8: بنات | R8: بنون | S8: بنات | T8: المجموع
A9: الصناعي | B9: الاول | D9: =المهني!AI17 -> 67 | E9: =المهني!AJ17 -> 13 | F9: =المهني!AK17 -> 59 | G9: =المهني!AL17 -> 20 | H9: =المهني!AM17 -> 45 | I9: =المهني!AN17 -> 20 | J9: =المهني!AO17 -> 29 | K9: =المهني!AP17 -> 7 | ... M9: =المهني!AR17 -> 0 | N9: 0 | O9: 0 | P9: 0 | Q9: 0 | R9: =P9+N9+L9+J9+H9+F9+D9 -> 200 | S9: =Q9+O9+M9+K9+I9+G9+E9 -> 60 | T9: =S9+R9 -> 260
B10: الثاني | F10: =المهني!AV17 -> 0 | G10: =المهني!AW17 -> 0 | H10: =المهني!AX17 -> 0 | I10: =المهني!AY17 -> 0 | J10: =المهني!AZ17 -> 0 | K10: =المهني!BA17 -> 0 | L10: =المهني!BB17 -> 0 | M10: =المهني!BC17 -> 0 | ... O10: =المهني!BE17 -> 0 | P10: 0 | Q10: 0 | R10: =P10+N10+L10+J10+H10+F10+D10 -> 0 | S10: =Q10+O10+M10+K10+I10+G10+E10 -> 0 | T10: =S10+R10 -> 0
B11: الثالث | H11: =المهني!BI17 -> 0 | I11: =المهني!BJ17 -> 0 | J11: =المهني!BK17 -> 0 | K11: =المهني!BL17 -> 0 | L11: =المهني!BM17 -> 0 | M11: =المهني!BN17 -> 0 | N11: =المهني!BO17 -> 0 | O11: =المهني!BP17 -> 0 | ... Q11: =المهني!BR17 -> 0 | R11: =P11+N11+L11+J11+H11+F11+D11 -> 0 | S11: =Q11+O11+M11+K11+I11+G11+E11 -> 0 | T11: =S11+R11 -> 0
B12: المجموع | D12: =D11+D10+D9 -> 67 | E12: =E11+E10+E9 -> 13 | F12: =F11+F10+F9 -> 59 | G12: =G11+G10+G9 -> 20 | H12: =H11+H10+H9 -> 45 | I12: =I11+I10+I9 -> 20 | J12: =J11+J10+J9 -> 29 | K12: =K11+K10+K9 -> 7 | ... T12: =T11+T10+T9 -> 260
A13: الزراعي | B13: الاول | D13: =المهني!AI28 -> 0 | E13: =المهني!AJ28 -> 0 | F13: =المهني!AK28 -> 0 | G13: =المهني!AL28 -> 0 | H13: =المهني!AM28 -> 0 | I13: =المهني!AN28 -> 0 | J13: =المهني!AO28 -> 0 | K13: =المهني!AP28 -> 0 | ... M13: =المهني!AR28 -> 0 | N13: 0 | O13: 0 | P13: 0 | Q13: 0 | R13: =P13+N13+L13+J13+H13+F13+D13 -> 0 | S13: =Q13+O13+M13+K13+I13+G13+E13 -> 0 | T13: =S13+R13 -> 0
B14: الثاني | F14: =المهني!AV28 -> 0 | G14: =المهني!AW28 -> 0 | H14: =المهني!AX28 -> 0 | I14: =المهني!AY28 -> 0 | J14: =المهني!AZ28 -> 0 | K14: =المهني!BA28 -> 0 | L14: =المهني!BB28 -> 0 | M14: =المهني!BC28 -> 0 | ... O14: =المهني!BE28 -> 0 | P14: 0 | Q14: 0 | R14: =P14+N14+L14+J14+H14+F14+D14 -> 0 | S14: =Q14+O14+M14+K14+I14+G14+E14 -> 0 | T14: =S14+R14 -> 0
B15: الثالث | H15: =المهني!BI28 -> 0 | I15: =المهني!BJ28 -> 0 | J15: =المهني!BK28 -> 0 | K15: =المهني!BL28 -> 0 | L15: =المهني!BM28 -> 0 | M15: =المهني!BN28 -> 0 | N15: =المهني!BO28 -> 0 | O15: =المهني!BP28 -> 0 | ... Q15: =المهني!BR28 -> 0 | R15: =P15+N15+L15+J15+H15+F15+D15 -> 0 | S15: =Q15+O15+M15+K15+I15+G15+E15 -> 0 | T15: =S15+R15 -> 0
B16: المجموع | D16: =D15+D14+D13 -> 0 | E16: =E15+E14+E13 -> 0 | F16: =F15+F14+F13 -> 0 | G16: =G15+G14+G13 -> 0 | H16: =H15+H14+H13 -> 0 | I16: =I15+I14+I13 -> 0 | J16: =J15+J14+J13 -> 0 | K16: =K15+K14+K13 -> 0 | ... Q16: =Q15+Q14+Q13 -> 0 | R16: =P16+N16+L16+J16+H16+F16+D16 -> 0 | S16: =Q16+O16+M16+K16+I16+G16+E16 -> 0 | T16: =S16+R16 -> 0
A17: التجاري | B17: الاول | D17: =المهني!AI23 -> 0 | E17: =المهني!AJ23 -> 0 | F17: =المهني!AK23 -> 0 | G17: =المهني!AL23 -> 0 | H17: =المهني!AM23 -> 0 | I17: =المهني!AN23 -> 0 | J17: =المهني!AO23 -> 0 | K17: =المهني!AP23 -> 0 | ... M17: =المهني!AR23 -> 0 | N17: 0 | O17: 0 | P17: 0 | Q17: 0 | R17: =P17+N17+L17+J17+H17+F17+D17 -> 0 | S17: =Q17+O17+M17+K17+I17+G17+E17 -> 0 | T17: =S17+R17 -> 0
B18: الثاني | F18: =المهني!AV23 -> 0 | G18: =المهني!AW23 -> 0 | H18: =المهني!AX23 -> 0 | I18: =المهني!AY23 -> 0 | J18: =المهني!AZ23 -> 0 | K18: =المهني!BA23 -> 0 | L18: =المهني!BB23 -> 0 | M18: =المهني!BC23 -> 0 | ... O18: =المهني!BE23 -> 0 | P18: 0 | Q18: 0 | R18: =P18+N18+L18+J18+H18+F18+D18 -> 0 | S18: =Q18+O18+M18+K18+I18+G18+E18 -> 0 | T18: =S18+R18 -> 0
B19: الثالث | H19: =المهني!BI23 -> 0 | I19: =المهني!BJ23 -> 0 | J19: =المهني!BK23 -> 0 | K19: =المهني!BL23 -> 0 | L19: =المهني!BM23 -> 0 | M19: =المهني!BN23 -> 0 | N19: =المهني!BO23 -> 0 | O19: =المهني!BP23 -> 0 | ... Q19: =المهني!BR23 -> 0 | R19: =P19+N19+L19+J19+H19+F19+D19 -> 0 | S19: =Q19+O19+M19+K19+I19+G19+E19 -> 0 | T19: =S19+R19 -> 0
B20: المجموع | D20: =D19+D18+D17 -> 0 | E20: =E19+E18+E17 -> 0 | F20: =F19+F18+F17 -> 0 | G20: =G19+G18+G17 -> 0 | H20: =H19+H18+H17 -> 0 | I20: =I19+I18+I17 -> 0 | J20: =J19+J18+J17 -> 0 | K20: =K19+K18+K17 -> 0 | ... Q20: =Q19+Q18+Q17 -> 0 | R20: =P20+N20+L20+J20+H20+F20+D20 -> 0 | S20: =Q20+O20+M20+K20+I20+G20+E20 -> 0 | T20: =S20+R20 -> 0
A21: الفنون التطبيقية | B21: الاول | E21: =المهني!AJ32 -> 0 | G21: =المهني!AL32 -> 0 | I21: =المهني!AN32 -> 0 | K21: =المهني!AP32 -> 0 | M21: =المهني!AR32 -> 0 | O21: 0 | Q21: 0 | S21: =Q21+O21+M21+K21+I21+G21+E21 -> 0 | T21: =S21+R21 -> 0
B22: الثاني | G22: =المهني!AW32 -> 0 | I22: =المهني!AY32 -> 0 | K22: =المهني!BA32 -> 0 | M22: =المهني!BC32 -> 0 | O22: =المهني!BE32 -> 0 | Q22: 0 | S22: =Q22+O22+M22+K22+I22+G22+E22 -> 0 | T22: =S22+R22 -> 0
B23: الثالث | I23: =المهني!BJ32 -> 0 | K23: =المهني!BL32 -> 0 | M23: =المهني!BN32 -> 0 | O23: =المهني!BP32 -> 0 | Q23: =المهني!BR32 -> 0 | S23: =Q23+O23+M23+K23+I23+G23+E23 -> 0 | T23: =S23+R23 -> 0
B24: المجموع | E24: =E23+E22+E21 -> 0 | G24: =G23+G22+G21 -> 0 | I24: =I23+I22+I21 -> 0 | K24: =K23+K22+K21 -> 0 | M24: =M23+M22+M21 -> 0 | O24: =O23+O22+O21 -> 0 | Q24: =Q23+Q22+Q21 -> 0 | S24: =Q24+O24+M24+K24+I24+G24+E24 -> 0 | T24: =S24+R24 -> 0
A25: سياحة | B25: الاول | D25: =المهني!AI38 -> 0 | E25: =المهني!AJ38 -> 0 | F25: =المهني!AK38 -> 0 | G25: =المهني!AL38 -> 0 | H25: =المهني!AM38 -> 0 | I25: =المهني!AN38 -> 0 | J25: =المهني!AO38 -> 0 | K25: =المهني!AP38 -> 0 | ... M25: =المهني!AR38 -> 0 | R25: =P25+N25+L25+J25+H25+F25+D25 -> 0 | S25: =Q25+O25+M25+K25+I25+G25+E25 -> 0 | T25: =S25+R25 -> 0
B26: الثاني | F26: =المهني!AV38 -> 0 | G26: =المهني!AW38 -> 0 | H26: =المهني!AX38 -> 0 | I26: =المهني!AY38 -> 0 | J26: =المهني!AZ38 -> 0 | K26: =المهني!BA38 -> 0 | L26: =المهني!BB38 -> 0 | M26: =المهني!BC38 -> 0 | ... O26: =المهني!BE38 -> 0 | R26: =P26+N26+L26+J26+H26+F26+D26 -> 0 | S26: =Q26+O26+M26+K26+I26+G26+E26 -> 0 | T26: =S26+R26 -> 0
B27: الثالث | H27: =المهني!BI38 -> 0 | I27: =المهني!BJ38 -> 0 | J27: =المهني!BK38 -> 0 | K27: =المهني!BL38 -> 0 | L27: =المهني!BM38 -> 0 | M27: =المهني!BN38 -> 0 | N27: =المهني!BO38 -> 0 | O27: =المهني!BP38 -> 0 | ... Q27: =المهني!BR38 -> 0 | R27: =P27+N27+L27+J27+H27+F27+D27 -> 0 | S27: =Q27+O27+M27+K27+I27+G27+E27 -> 0 | T27: =S27+R27 -> 0
B28: المجموع | D28: =D27+D26+D25 -> 0 | E28: =E27+E26+E25 -> 0 | F28: =F27+F26+F25 -> 0 | G28: =G27+G26+G25 -> 0 | H28: =H27+H26+H25 -> 0 | I28: =I27+I26+I25 -> 0 | J28: =J27+J26+J25 -> 0 | K28: =K27+K26+K25 -> 0 | ... Q28: =Q27+Q26+Q25 -> 0 | R28: =P28+N28+L28+J28+H28+F28+D28 -> 0 | S28: =Q28+O28+M28+K28+I28+G28+E28 -> 0 | T28: =S28+R28 -> 0
A29: العلوم الرياضية | B29: الاول | D29: =المهني!AI40 -> 0 | E29: =المهني!AJ40 -> 0 | F29: =المهني!AK40 -> 0 | G29: =المهني!AL40 -> 0 | H29: =المهني!AM40 -> 0 | I29: =المهني!AN40 -> 0 | J29: =المهني!AO40 -> 0 | K29: =المهني!AP40 -> 0 | ... M29: =المهني!AR40 -> 0 | R29: =P29+N29+L29+J29+H29+F29+D29 -> 0 | S29: =Q29+O29+M29+K29+I29+G29+E29 -> 0 | T29: =S29+R29 -> 0
B30: الثاني | F30: =المهني!AV40 -> 0 | G30: =المهني!AW40 -> 0 | H30: =المهني!AX40 -> 0 | I30: =المهني!AY40 -> 0 | J30: =المهني!AZ40 -> 0 | K30: =المهني!BA40 -> 0 | L30: =المهني!BB40 -> 0 | M30: =المهني!BC40 -> 0 | ... O30: =المهني!BE40 -> 0 | R30: =P30+N30+L30+J30+H30+F30+D30 -> 0 | S30: =Q30+O30+M30+K30+I30+G30+E30 -> 0 | T30: =S30+R30 -> 0
B31: الثالث | H31: =المهني!BI40 -> 0 | I31: =المهني!BJ40 -> 0 | J31: =المهني!BK42 -> 0 | K31: =المهني!BL42 -> 0 | L31: =المهني!BM42 -> 0 | M31: =المهني!BN42 -> 0 | N31: =المهني!BO42 -> 0 | O31: =المهني!BP42 -> 0 | P31: =المهني!BQ42 -> 0 | Q31: =المهني!BR42 -> 0 | R31: =P31+N31+L31+J31+H31+F31+D31 -> 0 | S31: =Q31+O31+M31+K31+I31+G31+E31 -> 0 | T31: =S31+R31 -> 0
B32: المجموع | D32: =D31+D30+D29 -> 0 | E32: =E31+E30+E29 -> 0 | F32: =F31+F30+F29 -> 0 | G32: =G31+G30+G29 -> 0 | H32: =H31+H30+H29 -> 0 | I32: =I31+I30+I29 -> 0 | J32: =J31+J30+J29 -> 0 | K32: =K31+K30+K29 -> 0 | ... Q32: =Q31+Q30+Q29 -> 0 | R32: =P32+N32+L32+J32+H32+F32+D32 -> 0 | S32: =Q32+O32+M32+K32+I32+G32+E32 -> 0 | T32: =S32+R32 -> 0
A33: الحاسوب وتقنية المعلومات | B33: الاول | D33: =المهني!AI35 -> 100 | E33: =المهني!AJ35 -> 10 | F33: =المهني!AK35 -> 100 | G33: =المهني!AL35 -> 15 | H33: =المهني!AM35 -> 100 | I33: =المهني!AN35 -> 7 | J33: =المهني!AO35 -> 100 | K33: =المهني!AP35 -> 8 | ... M33: =المهني!AR35 -> 0 | R33: =P33+N33+L33+J33+H33+F33+D33 -> 438 | S33: =Q33+O33+M33+K33+I33+G33+E33 -> 40 | T33: =S33+R33 -> 478
B34: الثاني | F34: =المهني!AV35 -> 9 | G34: =المهني!AW35 -> 0 | H34: =المهني!AX35 -> 3 | I34: =المهني!AY35 -> 0 | J34: =المهني!AZ35 -> 0 | K34: =المهني!BA35 -> 0 | L34: =المهني!BB35 -> 0 | M34: =المهني!BC35 -> 0 | ... O34: =المهني!BE35 -> 0 | R34: =P34+N34+L34+J34+H34+F34+D34 -> 12 | S34: =Q34+O34+M34+K34+I34+G34+E34 -> 0 | T34: =S34+R34 -> 12
B35: الثالث | H35: =المهني!BI35 -> 10 | I35: =المهني!BJ35 -> 0 | J35: =المهني!BK35 -> 10 | K35: =المهني!BL35 -> 0 | L35: =المهني!BM35 -> 0 | M35: =المهني!BN35 -> 0 | N35: =المهني!BO35 -> 0 | O35: =المهني!BP35 -> 0 | ... Q35: =المهني!BR35 -> 0 | R35: =P35+N35+L35+J35+H35+F35+D35 -> 20 | S35: =Q35+O35+M35+K35+I35+G35+E35 -> 0 | T35: =S35+R35 -> 20
B36: المجموع | D36: =D35+D34+D33 -> 100 | E36: =E35+E34+E33 -> 10 | F36: =F35+F34+F33 -> 109 | G36: =G35+G34+G33 -> 15 | H36: =H35+H34+H33 -> 113 | I36: =I35+I34+I33 -> 7 | J36: =J35+J34+J33 -> 110 | K36: =K35+K34+K33 -> 8 | ... Q36: =Q35+Q34+Q33 -> 0 | R36: =P36+N36+L36+J36+H36+F36+D36 -> 470 | S36: =Q36+O36+M36+K36+I36+G36+E36 -> 40 | T36: =S36+R36 -> 510
A37: المجموع الكلي | B37: الاول | D37: =D21+D17+D13+D9+D33+D25+D29 -> 167 | E37: =E21+E17+E13+E9+E33+E25+E29 -> 23 | F37: =F21+F17+F13+F9+F33+F25+F29 -> 159 | G37: =G21+G17+G13+G9+G33+G25+G29 -> 35 | H37: =H21+H17+H13+H9+H33+H25+H29 -> 145 | I37: =I21+I17+I13+I9+I33+I25+I29 -> 27 | J37: =J21+J17+J13+J9+J33+J25+J29 -> 129 | K37: =K21+K17+K13+K9+K33+K25+K29 -> 15 | ... M37: =M21+M17+M13+M9+M33+M25+M29 -> 0 | N37: =N21+N17+N13+N9 -> 0 | O37: =O21+O17+O13+O9 -> 0 | P37: =P21+P17+P13+P9 -> 0 | Q37: =Q21+Q17+Q13+Q9 -> 0 | R37: =P37+N37+L37+J37+H37+F37+D37 -> 638 | S37: =Q37+O37+M37+K37+I37+G37+E37 -> 100 | T37: =S37+R37 -> 738
B38: الثاني | F38: =F22+F18+F14+F10+F34+F26+F30 -> 9 | G38: =G22+G18+G14+G10+G34+G26+G30 -> 0 | H38: =H22+H18+H14+H10+H34+H26+H30 -> 3 | I38: =I22+I18+I14+I10+I34+I26+I30 -> 0 | J38: =J22+J18+J14+J10+J34+J26+J30 -> 0 | K38: =K22+K18+K14+K10+K34+K26+K30 -> 0 | L38: =L22+L18+L14+L10+L34+L26+L30 -> 0 | M38: =M22+M18+M14+M10+M34+M26+M30 -> 0 | ... O38: =O22+O18+O14+O10+O34+O26+O30 -> 0 | P38: =P22+P18+P14+P10 -> 0 | Q38: =Q22+Q18+Q14+Q10 -> 0 | R38: =P38+N38+L38+J38+H38+F38+D38 -> 12 | S38: =Q38+O38+M38+K38+I38+G38+E38 -> 0 | T38: =S38+R38 -> 12
B39: الثالث | H39: =H23+H19+H15+H11+H35+H27 -> 10 | I39: =I23+I19+I15+I11+I35+I27 -> 0 | J39: =J23+J19+J15+J11+J35+J27 -> 10 | K39: =K23+K19+K15+K11+K35+K27 -> 0 | L39: =L23+L19+L15+L11+L35+L27 -> 0 | M39: =M23+M19+M15+M11+M35+M27 -> 0 | N39: =N23+N19+N15+N11+N35+N27 -> 0 | O39: =O23+O19+O15+O11+O35+O27 -> 0 | ... Q39: =Q23+Q19+Q15+Q11+Q35+Q27 -> 0 | R39: =P39+N39+L39+J39+H39+F39+D39 -> 20 | S39: =Q39+O39+M39+K39+I39+G39+E39 -> 0 | T39: =S39+R39 -> 20
B40: المجموع | D40: =D39+D38+D37 -> 167 | E40: =E39+E38+E37 -> 23 | F40: =F39+F38+F37 -> 168 | G40: =G39+G38+G37 -> 35 | H40: =H39+H38+H37 -> 158 | I40: =I39+I38+I37 -> 27 | J40: =J39+J38+J37 -> 139 | K40: =K39+K38+K37 -> 15 | ... Q40: =Q39+Q38+Q37 -> 0 | R40: =P40+N40+L40+J40+H40+F40+D40 -> 670 | S40: =Q40+O40+M40+K40+I40+G40+E40 -> 100 | T40: =S40+R40 -> 770
A42: المديرية العامة للتربية في محافظة النجف الاشرف | S42: التعليم المهني
A43: قسم التخطيط التربوي | H43: خلاصة قضاء النجف
A44: جدول رقم ( 4 )
A45: التعليـــم المهـــني الاهـــــلي للعام الدراسي 2025 / 2026
A46: عدد الطلبة المسجلين حسب العمر والجنس والصف والفرع ( الصباحي والمسائي )
A48: الفرع | B48: الصف | D48: عمر 15 سنة | F48: عمر 16 سنة | H48: عمر 17 سنة | J48: عمر 18 سنة | L48: عمر 19 سنة | N48: عمر 20 سنة | P48: عمر 21 سنة | R48: المجموع
D49: بنون | E49: بنات | F49: بنون | G49: بنات | H49: بنون | I49: بنات | J49: بنون | K49: بنات | L49: بنون | M49: بنات | N49: بنون | O49: بنات | P49: بنون | Q49: بنات | R49: بنون | S49: بنات | T49: المجموع
A50: الصناعي | B50: الاول | D50: =المهني!AI9 -> 67 | E50: =المهني!AJ9 -> 13 | F50: =المهني!AK9 -> 59 | G50: =المهني!AL9 -> 20 | H50: =المهني!AM9 -> 45 | I50: =المهني!AN9 -> 20 | J50: =المهني!AO9 -> 29 | K50: =المهني!AP9 -> 7 | ... M50: =المهني!AR9 -> 0 | R50: =P50+N50+L50+J50+H50+F50+D50 -> 200 | S50: =Q50+O50+M50+K50+I50+G50+E50 -> 60 | T50: =S50+R50 -> 260
B51: الثاني | F51: =المهني!AV9 -> 0 | G51: =المهني!AW9 -> 0 | H51: =المهني!AX9 -> 0 | I51: =المهني!AY9 -> 0 | J51: =المهني!AZ9 -> 0 | K51: =المهني!BA9 -> 0 | L51: =المهني!BB9 -> 0 | M51: =المهني!BC9 -> 0 | ... O51: =المهني!BE9 -> 0 | R51: =P51+N51+L51+J51+H51+F51+D51 -> 0 | S51: =Q51+O51+M51+K51+I51+G51+E51 -> 0 | T51: =S51+R51 -> 0
B52: الثالث | H52: =المهني!BI9 -> 0 | I52: =المهني!BJ9 -> 0 | J52: =المهني!BK9 -> 0 | K52: =المهني!BL9 -> 0 | L52: =المهني!BM9 -> 0 | M52: =المهني!BN9 -> 0 | N52: =المهني!BO9 -> 0 | O52: =المهني!BP9 -> 0 | ... Q52: =المهني!BR9 -> 0 | R52: =P52+N52+L52+J52+H52+F52+D52 -> 0 | S52: =Q52+O52+M52+K52+I52+G52+E52 -> 0 | T52: =S52+R52 -> 0
B53: المجموع | D53: =D52+D51+D50 -> 67 | E53: =E52+E51+E50 -> 13 | F53: =F52+F51+F50 -> 59 | G53: =G52+G51+G50 -> 20 | H53: =H52+H51+H50 -> 45 | I53: =I52+I51+I50 -> 20 | J53: =J52+J51+J50 -> 29 | K53: =K52+K51+K50 -> 7 | ... T53: =T52+T51+T50 -> 260
A54: الزراعي | B54: الاول | D54: 0 | E54: 0 | F54: 0 | G54: 0 | H54: 0 | I54: 0 | J54: 0 | K54: 0 | L54: 0 | M54: 0 | R54: =P54+N54+L54+J54+H54+F54+D54 -> 0 | S54: =Q54+O54+M54+K54+I54+G54+E54 -> 0 | T54: =S54+R54 -> 0
B55: الثاني | F55: 0 | G55: 0 | H55: 0 | I55: 0 | J55: 0 | K55: 0 | L55: 0 | M55: 0 | N55: 0 | O55: 0 | R55: =P55+N55+L55+J55+H55+F55+D55 -> 0 | S55: =Q55+O55+M55+K55+I55+G55+E55 -> 0 | T55: =S55+R55 -> 0
B56: الثالث | H56: 0 | I56: 0 | J56: 0 | K56: 0 | L56: 0 | M56: 0 | N56: 0 | O56: 0 | P56: 0 | Q56: 0 | R56: =P56+N56+L56+J56+H56+F56+D56 -> 0 | S56: =Q56+O56+M56+K56+I56+G56+E56 -> 0 | T56: =S56+R56 -> 0
B57: المجموع | D57: =D56+D55+D54 -> 0 | E57: =E56+E55+E54 -> 0 | F57: =F56+F55+F54 -> 0 | G57: =G56+G55+G54 -> 0 | H57: =H56+H55+H54 -> 0 | I57: =I56+I55+I54 -> 0 | J57: =J56+J55+J54 -> 0 | K57: =K56+K55+K54 -> 0 | ... Q57: =Q56+Q55+Q54 -> 0 | R57: =P57+N57+L57+J57+H57+F57+D57 -> 0 | S57: =Q57+O57+M57+K57+I57+G57+E57 -> 0 | T57: =S57+R57 -> 0
A58: التجاري | B58: الاول | D58: =المهني!AI23 -> 0 | E58: =المهني!AJ23 -> 0 | F58: =المهني!AK23 -> 0 | G58: =المهني!AL23 -> 0 | H58: =المهني!AM23 -> 0 | I58: =المهني!AN23 -> 0 | J58: =المهني!AO23 -> 0 | K58: =المهني!AP23 -> 0 | ... M58: =المهني!AR23 -> 0 | R58: =P58+N58+L58+J58+H58+F58+D58 -> 0 | S58: =Q58+O58+M58+K58+I58+G58+E58 -> 0 | T58: =S58+R58 -> 0
B59: الثاني | F59: =المهني!AV23 -> 0 | G59: =المهني!AW23 -> 0 | H59: =المهني!AX23 -> 0 | I59: =المهني!AY23 -> 0 | J59: =المهني!AZ23 -> 0 | K59: =المهني!BA23 -> 0 | L59: =المهني!BB23 -> 0 | M59: =المهني!BC23 -> 0 | ... O59: =المهني!BE23 -> 0 | R59: =P59+N59+L59+J59+H59+F59+D59 -> 0 | S59: =Q59+O59+M59+K59+I59+G59+E59 -> 0 | T59: =S59+R59 -> 0
B60: الثالث | H60: =المهني!BI23 -> 0 | I60: =المهني!BJ23 -> 0 | J60: =المهني!BK23 -> 0 | K60: =المهني!BL23 -> 0 | L60: =المهني!BM23 -> 0 | M60: =المهني!BN23 -> 0 | N60: =المهني!BO23 -> 0 | O60: =المهني!BP23 -> 0 | ... Q60: =المهني!BR23 -> 0 | R60: =P60+N60+L60+J60+H60+F60+D60 -> 0 | S60: =Q60+O60+M60+K60+I60+G60+E60 -> 0 | T60: =S60+R60 -> 0
B61: المجموع | D61: =D60+D59+D58 -> 0 | E61: =E60+E59+E58 -> 0 | F61: =F60+F59+F58 -> 0 | G61: =G60+G59+G58 -> 0 | H61: =H60+H59+H58 -> 0 | I61: =I60+I59+I58 -> 0 | J61: =J60+J59+J58 -> 0 | K61: =K60+K59+K58 -> 0 | ... Q61: =Q60+Q59+Q58 -> 0 | R61: =P61+N61+L61+J61+H61+F61+D61 -> 0 | S61: =Q61+O61+M61+K61+I61+G61+E61 -> 0 | T61: =S61+R61 -> 0
A62: فنون تطبيقية | B62: الاول | E62: =المهني!AJ31 -> 0 | F62: =المهني!AK31 -> 0 | G62: =المهني!AL31 -> 0 | H62: =المهني!AM31 -> 0 | I62: =المهني!AN31 -> 0 | J62: =المهني!AO31 -> 0 | K62: =المهني!AP31 -> 0 | L62: =المهني!AQ31 -> 0 | M62: =المهني!AR31 -> 0 | S62: =Q62+O62+M62+K62+I62+G62+E62 -> 0 | T62: =S62+R62 -> 0
B63: الثاني | G63: =المهني!AW31 -> 0 | I63: =المهني!AY31 -> 0 | K63: =المهني!BA31 -> 0 | M63: =المهني!BC31 -> 0 | O63: =المهني!BE31 -> 0 | S63: =Q63+O63+M63+K63+I63+G63+E63 -> 0 | T63: =S63+R63 -> 0
B64: الثالث | I64: =المهني!BJ32 -> 0 | K64: =المهني!BL32 -> 0 | M64: =المهني!BN32 -> 0 | O64: =المهني!BP32 -> 0 | Q64: =المهني!BR32 -> 0 | S64: =Q64+O64+M64+K64+I64+G64+E64 -> 0 | T64: =S64+R64 -> 0
B65: المجموع | E65: =E64+E63+E62 -> 0 | G65: =G64+G63+G62 -> 0 | I65: =I64+I63+I62 -> 0 | K65: =K64+K63+K62 -> 0 | M65: =M64+M63+M62 -> 0 | O65: =O64+O63+O62 -> 0 | Q65: =Q64+Q63+Q62 -> 0 | S65: =Q65+O65+M65+K65+I65+G65+E65 -> 0 | T65: =S65+R65 -> 0
A66: سياحة | B66: الاول | D66: =المهني!AI38 -> 0 | E66: =المهني!AJ38 -> 0 | F66: =المهني!AK38 -> 0 | G66: =المهني!AL38 -> 0 | H66: =المهني!AM38 -> 0 | I66: =المهني!AN38 -> 0 | J66: =المهني!AO38 -> 0 | K66: =المهني!AP38 -> 0 | ... M66: =المهني!AR38 -> 0 | R66: =P66+N66+L66+J66+H66+F66+D66 -> 0 | S66: =Q66+O66+M66+K66+I66+G66+E66 -> 0 | T66: =S66+R66 -> 0
B67: الثاني | F67: =المهني!AV38 -> 0 | G67: =المهني!AW38 -> 0 | H67: =المهني!AX38 -> 0 | I67: =المهني!AY38 -> 0 | J67: =المهني!AZ38 -> 0 | K67: =المهني!BA38 -> 0 | L67: =المهني!BB38 -> 0 | M67: =المهني!BC38 -> 0 | ... O67: =المهني!BE38 -> 0 | R67: =P67+N67+L67+J67+H67+F67+D67 -> 0 | S67: =Q67+O67+M67+K67+I67+G67+E67 -> 0 | T67: =S67+R67 -> 0
B68: الثالث | H68: =المهني!BI38 -> 0 | I68: =المهني!BJ38 -> 0 | J68: =المهني!BK38 -> 0 | K68: =المهني!BL38 -> 0 | L68: =المهني!BM38 -> 0 | M68: =المهني!BN38 -> 0 | N68: =المهني!BO38 -> 0 | O68: =المهني!BP38 -> 0 | ... Q68: =المهني!BR38 -> 0 | R68: =P68+N68+L68+J68+H68+F68+D68 -> 0 | S68: =Q68+O68+M68+K68+I68+G68+E68 -> 0 | T68: =S68+R68 -> 0
B69: المجموع | D69: =D68+D67+D66 -> 0 | E69: =E68+E67+E66 -> 0 | F69: =F68+F67+F66 -> 0 | G69: =G68+G67+G66 -> 0 | H69: =H68+H67+H66 -> 0 | I69: =I68+I67+I66 -> 0 | J69: =J68+J67+J66 -> 0 | K69: =K68+K67+K66 -> 0 | ... Q69: =Q68+Q67+Q66 -> 0 | R69: =P69+N69+L69+J69+H69+F69+D69 -> 0 | S69: =Q69+O69+M69+K69+I69+G69+E69 -> 0 | T69: =S69+R69 -> 0
A70: الحاسوب تقنية المعلومات | B70: الاول | D70: =المهني!AI36 -> 100 | E70: =المهني!AJ36 -> 10 | F70: =المهني!AK36 -> 100 | G70: =المهني!AL36 -> 15 | H70: =المهني!AM36 -> 100 | I70: =المهني!AN36 -> 7 | J70: =المهني!AO36 -> 100 | K70: =المهني!AP36 -> 8 | ... M70: =المهني!AR36 -> 0 | R70: =P70+N70+L70+J70+H70+F70+D70 -> 438 | S70: =Q70+O70+M70+K70+I70+G70+E70 -> 40 | T70: =S70+R70 -> 478
B71: الثاني | F71: =المهني!AV36 -> 9 | G71: =المهني!AW36 -> 0 | H71: =المهني!AX36 -> 3 | I71: =المهني!AY36 -> 0 | J71: =المهني!AZ36 -> 0 | K71: =المهني!BA36 -> 0 | L71: =المهني!BB36 -> 0 | M71: =المهني!BC36 -> 0 | ... O71: =المهني!BE36 -> 0 | R71: =P71+N71+L71+J71+H71+F71+D71 -> 12 | S71: =Q71+O71+M71+K71+I71+G71+E71 -> 0 | T71: =S71+R71 -> 12
B72: الثالث | H72: =المهني!BI36 -> 10 | I72: =المهني!BJ36 -> 0 | J72: =المهني!BK36 -> 10 | K72: =المهني!BL36 -> 0 | L72: =المهني!BM36 -> 0 | M72: =المهني!BN36 -> 0 | N72: =المهني!BO36 -> 0 | O72: =المهني!BP36 -> 0 | ... Q72: =المهني!BR36 -> 0 | R72: =P72+N72+L72+J72+H72+F72+D72 -> 20 | S72: =Q72+O72+M72+K72+I72+G72+E72 -> 0 | T72: =S72+R72 -> 20
B73: المجموع | D73: =SUM(D70:D72) -> 100 | E73: =SUM(E70:E72) -> 10 | F73: =SUM(F70:F72) -> 109 | G73: =SUM(G70:G72) -> 15 | H73: =SUM(H70:H72) -> 113 | I73: =SUM(I70:I72) -> 7 | J73: =SUM(J70:J72) -> 110 | K73: =SUM(K70:K72) -> 8 | ... Q73: =SUM(Q70:Q72) -> 0 | R73: =P73+N73+L73+J73+H73+F73+D73 -> 470 | S73: =Q73+O73+M73+K73+I73+G73+E73 -> 40 | T73: =S73+R73 -> 510
A74: المجموع الكلي | B74: الاول | D74: =D62+D58+D54+D50+D70+D66 -> 167 | E74: =E62+E58+E54+E50+E70+E66 -> 23 | F74: =F62+F58+F54+F50+F70+F66 -> 159 | G74: =G62+G58+G54+G50+G70+G66 -> 35 | H74: =H62+H58+H54+H50+H70+H66 -> 145 | I74: =I62+I58+I54+I50+I70+I66 -> 27 | J74: =J62+J58+J54+J50+J70+J66 -> 129 | K74: =K62+K58+K54+K50+K70+K66 -> 15 | ... Q74: =Q62+Q58+Q54+Q50+Q70+Q66 -> 0 | R74: =P74+N74+L74+J74+H74+F74+D74 -> 638 | S74: =Q74+O74+M74+K74+I74+G74+E74 -> 100 | T74: =S74+R74 -> 738
B75: الثاني | D75: =D63+D59+D55+D51+D71+D67 -> 0 | E75: =E63+E59+E55+E51+E71+E67 -> 0 | F75: =F63+F59+F55+F51+F71+F67 -> 9 | G75: =G63+G59+G55+G51+G71+G67 -> 0 | H75: =H63+H59+H55+H51+H71+H67 -> 3 | I75: =I63+I59+I55+I51+I71+I67 -> 0 | J75: =J63+J59+J55+J51+J71+J67 -> 0 | K75: =K63+K59+K55+K51+K71+K67 -> 0 | ... Q75: =Q63+Q59+Q55+Q51+Q71+Q67 -> 0 | R75: =P75+N75+L75+J75+H75+F75+D75 -> 12 | S75: =Q75+O75+M75+K75+I75+G75+E75 -> 0 | T75: =S75+R75 -> 12
B76: الثالث | D76: =D64+D60+D56+D52+D72+D68 -> 0 | E76: =E64+E60+E56+E52+E72+E68 -> 0 | F76: =F64+F60+F56+F52+F72+F68 -> 0 | G76: =G64+G60+G56+G52+G72+G68 -> 0 | H76: =H64+H60+H56+H52+H72+H68 -> 10 | I76: =I64+I60+I56+I52+I72+I68 -> 0 | J76: =J64+J60+J56+J52+J72+J68 -> 10 | K76: =K64+K60+K56+K52+K72+K68 -> 0 | ... Q76: =Q64+Q60+Q56+Q52+Q72+Q68 -> 0 | R76: =P76+N76+L76+J76+H76+F76+D76 -> 20 | S76: =Q76+O76+M76+K76+I76+G76+E76 -> 0 | T76: =S76+R76 -> 20
B77: المجموع | D77: =D76+D75+D74 -> 167 | E77: =E76+E75+E74 -> 23 | F77: =F76+F75+F74 -> 168 | G77: =G76+G75+G74 -> 35 | H77: =H76+H75+H74 -> 158 | I77: =I76+I75+I74 -> 27 | J77: =J76+J75+J74 -> 139 | K77: =K76+K75+K74 -> 15 | ... Q77: =Q76+Q75+Q74 -> 0 | R77: =P77+N77+L77+J77+H77+F77+D77 -> 670 | S77: =Q77+O77+M77+K77+I77+G77+E77 -> 100 | T77: =S77+R77 -> 770
A79: المديرية العامة للتربية في محافظة النجف الاشرف | S79: التعليم المهني
A80: قسم التخطيط التربوي | H80: خلاصة قضاء الكوفة
A81: جدول رقم ( 4 )
A82: التعليـــم المهـــني الاهـــــلي للعام الدراسي 2025 / 2026
A83: عدد الطلبة المسجلين حسب العمر والجنس والصف والفرع ( الصباحي والمسائي )
A85: الفرع | B85: الصف | D85: عمر 15 سنة | F85: عمر 16 سنة | H85: عمر 17 سنة | J85: عمر 18 سنة | L85: عمر 19 سنة | N85: عمر 20 سنة | P85: عمر 21 سنة | R85: المجموع
D86: بنون | E86: بنات | F86: بنون | G86: بنات | H86: بنون | I86: بنات | J86: بنون | K86: بنات | L86: بنون | M86: بنات | N86: بنون | O86: بنات | P86: بنون | Q86: بنات | R86: بنون | S86: بنات | T86: المجموع
A87: الصناعي | B87: الاول | D87: =المهني!AI12 -> 0 | E87: =المهني!AJ12 -> 0 | F87: =المهني!AK12 -> 0 | G87: =المهني!AL12 -> 0 | H87: =المهني!AM12 -> 0 | I87: =المهني!AN12 -> 0 | J87: =المهني!AO12 -> 0 | K87: =المهني!AP12 -> 0 | ... M87: =المهني!AR12 -> 0 | N87: 0 | O87: 0 | P87: 0 | Q87: 0 | R87: =P87+N87+L87+J87+H87+F87+D87 -> 0 | S87: =Q87+O87+M87+K87+I87+G87+E87 -> 0 | T87: =S87+R87 -> 0
B88: الثاني | F88: =المهني!AV12 -> 0 | G88: =المهني!AW12 -> 0 | H88: =المهني!AX12 -> 0 | I88: =المهني!AY12 -> 0 | J88: =المهني!AZ12 -> 0 | K88: =المهني!BA12 -> 0 | L88: =المهني!BB12 -> 0 | M88: =المهني!BC12 -> 0 | ... O88: =المهني!BE12 -> 0 | P88: 0 | Q88: 0 | R88: =P88+N88+L88+J88+H88+F88+D88 -> 0 | S88: =Q88+O88+M88+K88+I88+G88+E88 -> 0 | T88: =S88+R88 -> 0
B89: الثالث | H89: =المهني!BI12 -> 0 | I89: =المهني!BJ12 -> 0 | J89: =المهني!BK12 -> 0 | K89: =المهني!BL12 -> 0 | L89: =المهني!BM12 -> 0 | M89: =المهني!BN12 -> 0 | N89: =المهني!BO12 -> 0 | O89: =المهني!BP12 -> 0 | ... Q89: =المهني!BR12 -> 0 | R89: =P89+N89+L89+J89+H89+F89+D89 -> 0 | S89: =Q89+O89+M89+K89+I89+G89+E89 -> 0 | T89: =S89+R89 -> 0
B90: المجموع | D90: =D89+D88+D87 -> 0 | E90: =E89+E88+E87 -> 0 | F90: =F89+F88+F87 -> 0 | G90: =G89+G88+G87 -> 0 | H90: =H89+H88+H87 -> 0 | I90: =I89+I88+I87 -> 0 | J90: =J89+J88+J87 -> 0 | K90: =K89+K88+K87 -> 0 | ... T90: =T89+T88+T87 -> 0
A91: الزراعي | B91: الاول | D91: =المهني!AI28 -> 0 | E91: =المهني!AJ28 -> 0 | F91: =المهني!AK28 -> 0 | G91: =المهني!AL28 -> 0 | H91: =المهني!AM28 -> 0 | I91: =المهني!AN28 -> 0 | J91: =المهني!AO28 -> 0 | K91: =المهني!AP28 -> 0 | ... M91: =المهني!AR28 -> 0 | N91: 0 | O91: 0 | P91: 0 | Q91: 0 | R91: =P91+N91+L91+J91+H91+F91+D91 -> 0 | S91: =Q91+O91+M91+K91+I91+G91+E91 -> 0 | T91: =S91+R91 -> 0
B92: الثاني | F92: =المهني!AV28 -> 0 | G92: =المهني!AW28 -> 0 | H92: =المهني!AX28 -> 0 | I92: =المهني!AY28 -> 0 | J92: =المهني!AZ28 -> 0 | K92: =المهني!BA28 -> 0 | L92: =المهني!BB28 -> 0 | M92: =المهني!BC28 -> 0 | ... O92: =المهني!BE28 -> 0 | P92: 0 | Q92: 0 | R92: =P92+N92+L92+J92+H92+F92+D92 -> 0 | S92: =Q92+O92+M92+K92+I92+G92+E92 -> 0 | T92: =S92+R92 -> 0
B93: الثالث | H93: =المهني!BI28 -> 0 | I93: =المهني!BJ28 -> 0 | J93: =المهني!BK28 -> 0 | K93: =المهني!BL28 -> 0 | L93: =المهني!BM28 -> 0 | M93: =المهني!BN28 -> 0 | N93: =المهني!BO28 -> 0 | O93: =المهني!BP28 -> 0 | ... Q93: =المهني!BR28 -> 0 | R93: =P93+N93+L93+J93+H93+F93+D93 -> 0 | S93: =Q93+O93+M93+K93+I93+G93+E93 -> 0 | T93: =S93+R93 -> 0
B94: المجموع | D94: =D93+D92+D91 -> 0 | E94: =E93+E92+E91 -> 0 | F94: =F93+F92+F91 -> 0 | G94: =G93+G92+G91 -> 0 | H94: =H93+H92+H91 -> 0 | I94: =I93+I92+I91 -> 0 | J94: =J93+J92+J91 -> 0 | K94: =K93+K92+K91 -> 0 | ... Q94: =Q93+Q92+Q91 -> 0 | R94: =P94+N94+L94+J94+H94+F94+D94 -> 0 | S94: =Q94+O94+M94+K94+I94+G94+E94 -> 0 | T94: =S94+R94 -> 0
A95: التجاري | B95: الاول | D95: 0 | E95: 0 | F95: 0 | G95: 0 | H95: 0 | I95: 0 | J95: 0 | K95: 0 | L95: 0 | M95: 0 | N95: 0 | O95: 0 | P95: 0 | Q95: 0 | R95: =P95+N95+L95+J95+H95+F95+D95 -> 0 | S95: =Q95+O95+M95+K95+I95+G95+E95 -> 0 | T95: =S95+R95 -> 0
B96: الثاني | F96: 0 | G96: 0 | H96: 0 | I96: 0 | J96: 0 | K96: 0 | L96: 0 | M96: 0 | N96: 0 | O96: 0 | P96: 0 | Q96: 0 | R96: =P96+N96+L96+J96+H96+F96+D96 -> 0 | S96: =Q96+O96+M96+K96+I96+G96+E96 -> 0 | T96: =S96+R96 -> 0
B97: الثالث | H97: 0 | I97: 0 | J97: 0 | K97: 0 | L97: 0 | M97: 0 | N97: 0 | O97: 0 | P97: 0 | Q97: 0 | R97: =P97+N97+L97+J97+H97+F97+D97 -> 0 | S97: =Q97+O97+M97+K97+I97+G97+E97 -> 0 | T97: =S97+R97 -> 0
B98: المجموع | D98: =D97+D96+D95 -> 0 | E98: =E97+E96+E95 -> 0 | F98: =F97+F96+F95 -> 0 | G98: =G97+G96+G95 -> 0 | H98: =H97+H96+H95 -> 0 | I98: =I97+I96+I95 -> 0 | J98: =J97+J96+J95 -> 0 | K98: =K97+K96+K95 -> 0 | ... Q98: =Q97+Q96+Q95 -> 0 | R98: =P98+N98+L98+J98+H98+F98+D98 -> 0 | S98: =Q98+O98+M98+K98+I98+G98+E98 -> 0 | T98: =S98+R98 -> 0
A99: الفنون التطبيقية | B99: الاول | E99: 0 | G99: 0 | I99: 0 | K99: 0 | M99: 0 | O99: 0 | Q99: 0 | S99: =Q99+O99+M99+K99+I99+G99+E99 -> 0 | T99: =S99+R99 -> 0
B100: الثاني | G100: 0 | I100: 0 | K100: 0 | M100: 0 | O100: 0 | Q100: 0 | S100: =Q100+O100+M100+K100+I100+G100+E100 -> 0 | T100: =S100+R100 -> 0
B101: الثالث | I101: 0 | K101: 0 | M101: 0 | O101: 0 | Q101: 0 | S101: =Q101+O101+M101+K101+I101+G101+E101 -> 0 | T101: =S101+R101 -> 0
B102: المجموع | E102: =E101+E100+E99 -> 0 | G102: =G101+G100+G99 -> 0 | I102: =I101+I100+I99 -> 0 | K102: =K101+K100+K99 -> 0 | M102: =M101+M100+M99 -> 0 | O102: =O101+O100+O99 -> 0 | Q102: =Q101+Q100+Q99 -> 0 | S102: =Q102+O102+M102+K102+I102+G102+E102 -> 0 | T102: =S102+R102 -> 0
A103: سياحة | B103: الاول | R103: =P103+N103+L103+J103+H103+F103+D103 -> 0 | S103: =Q103+O103+M103+K103+I103+G103+E103 -> 0 | T103: =S103+R103 -> 0
B104: الثاني | R104: =P104+N104+L104+J104+H104+F104+D104 -> 0 | S104: =Q104+O104+M104+K104+I104+G104+E104 -> 0 | T104: =S104+R104 -> 0
B105: الثالث | R105: =P105+N105+L105+J105+H105+F105+D105 -> 0 | S105: =Q105+O105+M105+K105+I105+G105+E105 -> 0 | T105: =S105+R105 -> 0
...

Sheet ج5
C1: المديرية العامة للتربية في محافظة النجف الاشرف | O1: التعليم المهني
C2: قسم التخطيط التربوي
K3: خلاصة محافظة النجف الاشرف
G4: جدول رقم ( 5 )
G5: التعليـــم المهـــني الاهـــــلي للعام الدراسي 2025 / 2026
G6: عدد الشعب حسب الجنس والصف والتصنيف ( الصباحي والمسائي )
E8: الفرع | G8: الصف | J8: عدد الشعب حسب الصف والجنس
J10: بنون | K10: بنات | L10: مختلطة | M10: المجموع
E11: الصناعي | G11: الاول | J11: =المهني!CM17 -> 7 | K11: =المهني!CN17 -> 3 | L11: =المهني!CO17 -> 0 | M11: =L11+K11+J11 -> 10
G12: الثاني | J12: =المهني!CP17 -> 0 | K12: =المهني!CQ17 -> 0 | L12: =المهني!CR17 -> 0 | M12: =L12+K12+J12 -> 0
G13: الثالث | J13: =المهني!CS17 -> 0 | K13: =المهني!CT17 -> 0 | L13: =المهني!CU17 -> 0 | M13: =L13+K13+J13 -> 0
G14: المجموع | J14: =J13+J12+J11 -> 7 | K14: =K13+K12+K11 -> 3 | L14: =L13+L12+L11 -> 0 | M14: =M13+M12+M11 -> 10
E15: الزراعي | G15: الاول | J15: =المهني!CM28 -> 0 | K15: =المهني!CN28 -> 0 | L15: =المهني!CO28 -> 0 | M15: =L15+K15+J15 -> 0
G16: الثاني | J16: =المهني!CP28 -> 0 | K16: =المهني!CQ28 -> 0 | L16: =المهني!CR28 -> 0 | M16: =L16+K16+J16 -> 0
G17: الثالث | J17: =المهني!CS28 -> 0 | K17: =المهني!CT28 -> 0 | L17: =المهني!CU28 -> 0 | M17: =L17+K17+J17 -> 0
G18: المجموع | J18: =J17+J16+J15 -> 0 | K18: =K17+K16+K15 -> 0 | L18: =L17+L16+L15 -> 0 | M18: =M17+M16+M15 -> 0
E19: التجاري | G19: الاول | J19: =المهني!CM23 -> 0 | K19: =المهني!CN23 -> 0 | L19: =المهني!CO23 -> 0 | M19: =L19+K19+J19 -> 0
G20: الثاني | J20: =المهني!CP23 -> 0 | K20: =المهني!CQ23 -> 0 | L20: =المهني!CR23 -> 0 | M20: =L20+K20+J20 -> 0
G21: الثالث | J21: =المهني!CS23 -> 0 | K21: =المهني!CT23 -> 0 | L21: =المهني!CU23 -> 0 | M21: =L21+K21+J21 -> 0
G22: المجموع | J22: =J21+J20+J19 -> 0 | K22: =K21+K20+K19 -> 0 | L22: =L21+L20+L19 -> 0 | M22: =M21+M20+M19 -> 0
E23: الفنون التطبيقية | G23: الاول | K23: =المهني!CN32 -> 0 | M23: =L23+K23+J23 -> 0
G24: الثاني | K24: =المهني!CQ32 -> 0 | M24: =L24+K24+J24 -> 0
G25: الثالث | K25: =المهني!CT32 -> 0 | M25: =L25+K25+J25 -> 0
G26: المجموع | K26: =K25+K24+K23 -> 0 | M26: =M25+M24+M23 -> 0
E27: سياحة | G27: الاول | J27: =المهني!CM38 -> 0 | K27: =المهني!CN38 -> 0 | L27: =المهني!CO38 -> 0 | M27: =L27+K27+J27 -> 0
G28: الثاني | J28: =المهني!CP38 -> 0 | K28: =المهني!CQ38 -> 0 | L28: =المهني!CR38 -> 0 | M28: =L28+K28+J28 -> 0
G29: الثالث | J29: =المهني!CS38 -> 0 | K29: =المهني!CT38 -> 0 | L29: =المهني!CU38 -> 0 | M29: =L29+K29+J29 -> 0
G30: المجموع | J30: =J29+J28+J27 -> 0 | K30: =K29+K28+K27 -> 0 | L30: =L29+L28+L27 -> 0 | M30: =L30+K30+J30 -> 0
E31: العلوم الرياضية | G31: الاول | J31: =المهني!CM40 -> 0 | K31: =المهني!CN40 -> 0 | L31: =المهني!CO40 -> 0 | M31: =L31+K31+J31 -> 0
G32: الثاني | J32: =المهني!CP40 -> 0 | K32: =المهني!CQ40 -> 0 | L32: =المهني!CR40 -> 0 | M32: =L32+K32+J32 -> 0
G33: الثالث | J33: =المهني!CS40 -> 0 | K33: =المهني!CT40 -> 0 | L33: =المهني!CU40 -> 0 | M33: =L33+K33+J33 -> 0
G34: المجموع | J34: =J33+J32+J31 -> 0 | K34: =K33+K32+K31 -> 0 | L34: =L33+L32+L31 -> 0 | M34: =L34+K34+J34 -> 0
E35: الحاسوب وتقنية المعلومات | G35: الاول | J35: =المهني!CM35 -> 16 | K35: =المهني!CN35 -> 2 | L35: =المهني!CO35 -> 0 | M35: =L35+K35+J35 -> 18
G36: الثاني | J36: =المهني!CP35 -> 2 | K36: =المهني!CQ35 -> 0 | L36: =المهني!CR35 -> 0 | M36: =L36+K36+J36 -> 2
G37: الثالث | J37: =المهني!CS35 -> 2 | K37: =المهني!CT35 -> 0 | L37: =المهني!CU35 -> 0 | M37: =L37+K37+J37 -> 2
G38: المجموع | J38: =J37+J36+J35 -> 20 | K38: =K37+K36+K35 -> 2 | L38: =L37+L36+L35 -> 0 | M38: =M37+M36+M35 -> 22
E39: المجموع الكلي | G39: الاول | J39: =J23+J19+J15+J11+J35+J27+J31 -> 23 | K39: =K23+K19+K15+K11+K35+K27+K31 -> 5 | L39: =L23+L19+L15+L11+L35+L27+L31 -> 0 | M39: =M23+M19+M15+M11+M35+M27+M31 -> 28
G40: الثاني | J40: =J24+J20+J16+J12+J36+J28+J32 -> 2 | K40: =K24+K20+K16+K12+K36+K28+K32 -> 0 | L40: =L24+L20+L16+L12+L36+L28+L32 -> 0 | M40: =M24+M20+M16+M12+M36+M28+M32 -> 2
G41: الثالث | J41: =J25+J21+J17+J13+J37+J29+J33 -> 2 | K41: =K25+K21+K17+K13+K37+K29+K33 -> 0 | L41: =L25+L21+L17+L13+L37+L29+L33 -> 0 | M41: =M25+M21+M17+M13+M37+M29+M33 -> 2
G42: المجموع | J42: =J26+J22+J18+J14+J38+J30+J34 -> 27 | K42: =K26+K22+K18+K14+K38+K30+K34 -> 5 | L42: =L26+L22+L18+L14+L38+L30+L34 -> 0 | M42: =M26+M22+M18+M14+M38+M30+M34 -> 32
C44: المديرية العامة للتربية في محافظة النجف الاشرف | O44: التعليم المهني
C45: قسم التخطيط التربوي
K46: خلاصة قضاء النجف
G47: جدول رقم ( 5 )
G48: التعليـــم المهـــني الاهـــــلي للعام الدراسي 2025 / 2026
G49: عدد الشعب حسب الجنس والصف والتصنيف ( الصباحي والمسائي )
E51: الفرع | G51: الصف | J51: عدد الشعب حسب الصف والجنس
J53: بنون | K53: بنات | L53: مختلطة | M53: المجموع
E54: الصناعي | G54: الاول | J54: =المهني!CM9 -> 7 | K54: =المهني!CN9 -> 3 | L54: =المهني!CO9 -> 0 | M54: =L54+K54+J54 -> 10
G55: الثاني | J55: =المهني!CP9 -> 0 | K55: =المهني!CQ9 -> 0 | L55: =المهني!CR9 -> 0 | M55: =L55+K55+J55 -> 0
G56: الثالث | J56: =المهني!CS9 -> 0 | K56: =المهني!CT9 -> 0 | L56: =المهني!CU9 -> 0 | M56: =L56+K56+J56 -> 0
G57: المجموع | J57: =J56+J55+J54 -> 7 | K57: =K56+K55+K54 -> 3 | L57: =L56+L55+L54 -> 0 | M57: =M56+M55+M54 -> 10
E58: الزراعي | G58: الاول | J58: 0 | K58: 0 | L58: 0 | M58: =L58+K58+J58 -> 0
G59: الثاني | J59: 0 | K59: 0 | L59: 0 | M59: =L59+K59+J59 -> 0
G60: الثالث | J60: 0 | K60: 0 | L60: 0 | M60: =L60+K60+J60 -> 0
G61: المجموع | J61: =J60+J59+J58 -> 0 | K61: =K60+K59+K58 -> 0 | L61: =L60+L59+L58 -> 0 | M61: =M60+M59+M58 -> 0
E62: التجاري | G62: الاول | J62: =المهني!CM23 -> 0 | K62: =المهني!CN23 -> 0 | L62: =المهني!CO23 -> 0 | M62: =L62+K62+J62 -> 0
G63: الثاني | J63: =المهني!CP23 -> 0 | K63: =المهني!CQ23 -> 0 | L63: =المهني!CR23 -> 0 | M63: =L63+K63+J63 -> 0
G64: الثالث | J64: =المهني!CS23 -> 0 | K64: =المهني!CT23 -> 0 | L64: =المهني!CU23 -> 0 | M64: =L64+K64+J64 -> 0
G65: المجموع | J65: =J64+J63+J62 -> 0 | K65: =K64+K63+K62 -> 0 | L65: =L64+L63+L62 -> 0 | M65: =M64+M63+M62 -> 0
E66: فنون تطبيقية | G66: الاول | J66: 0 | K66: =المهني!CN32 -> 0 | L66: 0 | M66: =L66+K66+J66 -> 0
G67: الثاني | J67: 0 | K67: =المهني!CQ31 -> 0 | L67: 0 | M67: =L67+K67+J67 -> 0
G68: الثالث | J68: 0 | K68: =المهني!CT32 -> 0 | L68: 0 | M68: =L68+K68+J68 -> 0
G69: المجموع | J69: =J68+J67+J66 -> 0 | K69: =K68+K67+K66 -> 0 | L69: =L68+L67+L66 -> 0 | M69: =M68+M67+M66 -> 0
E70: سياحة | G70: الاول | J70: =المهني!CM38 -> 0 | K70: =المهني!CN38 -> 0 | L70: =المهني!CO38 -> 0 | M70: =L70+K70+J70 -> 0
G71: الثاني | J71: =المهني!CP38 -> 0 | K71: =المهني!CQ38 -> 0 | L71: =المهني!CR38 -> 0 | M71: =L71+K71+J71 -> 0
G72: الثالث | J72: =المهني!CS38 -> 0 | K72: =المهني!CT38 -> 0 | L72: =المهني!CU38 -> 0 | M72: =L72+K72+J72 -> 0
G73: المجموع | J73: =J72+J71+J70 -> 0 | K73: =K72+K71+K70 -> 0 | L73: =L72+L71+L70 -> 0 | M73: =M72+M71+M70 -> 0
E74: الحاسوب وتقنية المعلومات | G74: الاول | J74: =المهني!CM36 -> 16 | K74: =المهني!CN36 -> 2 | L74: =المهني!CO36 -> 0 | M74: =L74+K74+J74 -> 18
G75: الثاني | J75: =المهني!CP36 -> 2 | K75: =المهني!CQ36 -> 0 | L75: =المهني!CR36 -> 0 | M75: =L75+K75+J75 -> 2
G76: الثالث | J76: =المهني!CS36 -> 2 | K76: =المهني!CT36 -> 0 | L76: =المهني!CU36 -> 0 | M76: =L76+K76+J76 -> 2
G77: المجموع | J77: =J76+J75+J74 -> 20 | K77: =K76+K75+K74 -> 2 | L77: =L76+L75+L74 -> 0 | M77: =M76+M75+M74 -> 22
E78: المجموع الكلي | G78: الاول | J78: =J66+J62+J58+J54+J74+J70 -> 23 | K78: =K66+K62+K58+K54+K74+K70 -> 5 | L78: =L66+L62+L58+L54+L74+L70 -> 0 | M78: =M66+M62+M58+M54+M74+M70 -> 28
G79: الثاني | J79: =J67+J63+J59+J55+J75+J71 -> 2 | K79: =K67+K63+K59+K55+K75+K71 -> 0 | L79: =L67+L63+L59+L55+L75+L71 -> 0 | M79: =M67+M63+M59+M55+M75+M71 -> 2
G80: الثالث | J80: =J68+J64+J60+J56+J76+J72 -> 2 | K80: =K68+K64+K60+K56+K76+K72 -> 0 | L80: =L68+L64+L60+L56+L76+L72 -> 0 | M80: =M68+M64+M60+M56+M76+M72 -> 2
G81: المجموع | J81: =J69+J65+J61+J57+J77+J73 -> 27 | K81: =K69+K65+K61+K57+K77+K73 -> 5 | L81: =L69+L65+L61+L57+L77+L73 -> 0 | M81: =M69+M65+M61+M57+M77+M73 -> 32
C83: المديرية العامة للتربية في محافظة النجف الاشرف | O83: التعليم المهني
C84: قسم التخطيط التربوي
K85: خلاصة قضاء الكوفة
G86: جدول رقم ( 5 )
G87: التعليـــم المهـــني الاهـــــلي للعام الدراسي 2025 / 2026
G88: عدد الشعب حسب الجنس والصف والتصنيف ( الصباحي والمسائي )
E90: الفرع | G90: الصف | J90: عدد الشعب حسب الصف والجنس
J92: بنون | K92: بنات | L92: مختلطة | M92: المجموع
E93: الصناعي | G93: الاول | J93: =المهني!CM12 -> 0 | K93: =المهني!CN12 -> 0 | L93: =المهني!CO12 -> 0 | M93: =L93+K93+J93 -> 0
G94: الثاني | J94: =المهني!CP12 -> 0 | K94: =المهني!CQ12 -> 0 | L94: =المهني!CR12 -> 0 | M94: =L94+K94+J94 -> 0
G95: الثالث | J95: =المهني!CS12 -> 0 | K95: =المهني!CT12 -> 0 | L95: =المهني!CU12 -> 0 | M95: =L95+K95+J95 -> 0
G96: المجموع | J96: =J95+J94+J93 -> 0 | K96: =K95+K94+K93 -> 0 | L96: =L95+L94+L93 -> 0 | M96: =M95+M94+M93 -> 0
E97: الزراعي | G97: الاول | J97: =المهني!CM28 -> 0 | K97: =المهني!CN28 -> 0 | L97: =المهني!CO28 -> 0 | M97: =L97+K97+J97 -> 0
G98: الثاني | J98: =المهني!CP28 -> 0 | K98: =المهني!CQ28 -> 0 | L98: =المهني!CR28 -> 0 | M98: =L98+K98+J98 -> 0
G99: الثالث | J99: =المهني!CS28 -> 0 | K99: =المهني!CT28 -> 0 | L99: =المهني!CU28 -> 0 | M99: =L99+K99+J99 -> 0
G100: المجموع | J100: =J99+J98+J97 -> 0 | K100: =K99+K98+K97 -> 0 | L100: =L99+L98+L97 -> 0 | M100: =M99+M98+M97 -> 0
E101: التجاري | G101: الاول | J101: 0 | K101: 0 | L101: 0 | M101: =L101+K101+J101 -> 0
G102: الثاني | J102: 0 | K102: 0 | L102: 0 | M102: =L102+K102+J102 -> 0
G103: الثالث | J103: 0 | K103: 0 | L103: 0 | M103: =L103+K103+J103 -> 0
G104: المجموع | J104: =J103+J102+J101 -> 0 | K104: =K103+K102+K101 -> 0 | L104: =L103+L102+L101 -> 0 | M104: =M103+M102+M101 -> 0
E105: الفنون التطبيقية | G105: الاول | K105: 0 | M105: =L105+K105+J105 -> 0
G106: الثاني | K106: 0 | M106: =L106+K106+J106 -> 0
G107: الثالث | K107: 0 | M107: =L107+K107+J107 -> 0
G108: المجموع | K108: =K107+K106+K105 -> 0 | M108: =M107+M106+M105 -> 0
...

Sheet ج6
A1: المديرية العامة للتربية في محافظة النجف الاشرف | R1: التعليم المهني
A2: قسم التخطيط التربوي | I2: خلاصة محافظة النجف الاشرف
B3: جدول رقم (6)
B4: التعليـــم المهـــني الاهـــــلي للعام الدراسي 2025 / 2026
B5: عدد الطلبة التاركين والناجحين والراسبين حسب الصف والجنس والفرع للعام الدراسي 2025/2024 ( الصباحي والمسائي )
B7: الفرع | D7: الصف | E7: عدد الطلبة التاركين للعام الدراسي 2025 / 2026 | H7: عدد الطلبة الناجحين للعام الدراسي 2025/2024 | K7: عدد الطلبة الراسبين حسب اسباب الرسوب للعام الدراسي 2025/2024
K8: الفشل في الامتحان | M8: تجاوز ايام الغياب | O8: أسباب أخرى | Q8: المجمــــــــــــــوع
E9: بنون | F9: بنات | G9: المجموع | H9: بنون | I9: بنات | J9: المجموع | K9: بنون | L9: بنات | M9: بنون | N9: بنات | O9: بنون | P9: بنات | Q9: بنون | R9: بنات | S9: المجموع
B10: الصناعي | D10: الاول | E10: =المهني!CZ17 -> 0 | F10: =المهني!DA17 -> 0 | G10: =F10+E10 -> 0 | H10: =المهني!DR17 -> 0 | I10: =المهني!DS17 -> 0 | J10: =I10+H10 -> 0 | K10: =المهني!EA17 -> 0 | L10: =المهني!EB17 -> 0 | M10: =المهني!EJ17 -> 0 | N10: =المهني!EK17 -> 0 | O10: =المهني!ES17 -> 0 | P10: =المهني!ET17 -> 0 | Q10: =O10+M10+K10 -> 0 | R10: =P10+N10+L10 -> 0 | S10: =R10+Q10 -> 0
D11: الثاني | E11: =المهني!DB17 -> 0 | F11: =المهني!DC17 -> 0 | G11: =F11+E11 -> 0 | H11: =المهني!DT17 -> 0 | I11: =المهني!DU17 -> 0 | J11: =I11+H11 -> 0 | K11: =المهني!EC17 -> 0 | L11: =المهني!ED17 -> 0 | M11: =المهني!EL17 -> 0 | N11: =المهني!EM17 -> 0 | O11: =المهني!EU17 -> 0 | P11: =المهني!EV17 -> 0 | Q11: =O11+M11+K11 -> 0 | R11: =P11+N11+L11 -> 0 | S11: =R11+Q11 -> 0
D12: الثالث | E12: =المهني!DD17 -> 0 | F12: =المهني!DE17 -> 0 | G12: =F12+E12 -> 0 | H12: =المهني!DV17 -> 0 | I12: =المهني!DW17 -> 0 | J12: =I12+H12 -> 0 | K12: =المهني!EE17 -> 0 | L12: =المهني!EF17 -> 0 | M12: =المهني!EN17 -> 0 | N12: =المهني!EO17 -> 0 | O12: =المهني!EW17 -> 0 | P12: =المهني!EX17 -> 0 | Q12: =O12+M12+K12 -> 0 | R12: =P12+N12+L12 -> 0 | S12: =R12+Q12 -> 0
D13: المجموع | E13: =E12+E11+E10 -> 0 | F13: =F12+F11+F10 -> 0 | G13: =G12+G11+G10 -> 0 | H13: =H12+H11+H10 -> 0 | I13: =I12+I11+I10 -> 0 | J13: =J12+J11+J10 -> 0 | K13: =K12+K11+K10 -> 0 | L13: =L12+L11+L10 -> 0 | ... R13: =R12+R11+R10 -> 0 | S13: =R13+Q13 -> 0
B14: الزراعي | D14: الاول | E14: =المهني!CZ28 -> 0 | F14: =المهني!DA28 -> 0 | G14: =F14+E14 -> 0 | H14: =المهني!DR28 -> 0 | I14: =المهني!DS28 -> 0 | J14: =I14+H14 -> 0 | K14: =المهني!EA28 -> 0 | L14: =المهني!EB28 -> 0 | M14: =المهني!EJ28 -> 0 | N14: =المهني!EK28 -> 0 | O14: =المهني!ES28 -> 0 | P14: =المهني!ET28 -> 0 | Q14: =O14+M14+K14 -> 0 | R14: =P14+N14+L14 -> 0 | S14: =R14+Q14 -> 0
D15: الثاني | E15: =المهني!DB28 -> 0 | F15: =المهني!DC28 -> 0 | G15: =F15+E15 -> 0 | H15: =المهني!DT28 -> 0 | I15: =المهني!DU28 -> 0 | J15: =I15+H15 -> 0 | K15: =المهني!EC28 -> 0 | L15: =المهني!ED28 -> 0 | M15: =المهني!EL28 -> 0 | N15: =المهني!EM28 -> 0 | O15: =المهني!EU28 -> 0 | P15: =المهني!EV28 -> 0 | Q15: =O15+M15+K15 -> 0 | R15: =P15+N15+L15 -> 0 | S15: =R15+Q15 -> 0
D16: الثالث | E16: =المهني!DD28 -> 0 | F16: =المهني!DE28 -> 0 | G16: =F16+E16 -> 0 | H16: =المهني!DV28 -> 0 | I16: =المهني!DW28 -> 0 | J16: =I16+H16 -> 0 | K16: =المهني!EE28 -> 0 | L16: =المهني!EF28 -> 0 | M16: =المهني!EN28 -> 0 | N16: =المهني!EO28 -> 0 | O16: =المهني!EW28 -> 0 | P16: =المهني!EX28 -> 0 | Q16: =O16+M16+K16 -> 0 | R16: =P16+N16+L16 -> 0 | S16: =R16+Q16 -> 0
D17: المجموع | E17: =E16+E15+E14 -> 0 | F17: =F16+F15+F14 -> 0 | G17: =G16+G15+G14 -> 0 | H17: =H16+H15+H14 -> 0 | I17: =I16+I15+I14 -> 0 | J17: =J16+J15+J14 -> 0 | K17: =K16+K15+K14 -> 0 | L17: =L16+L15+L14 -> 0 | ... R17: =R16+R15+R14 -> 0 | S17: =R17+Q17 -> 0
B18: التجاري | D18: الاول | E18: =المهني!CZ23 -> 0 | F18: =المهني!DA23 -> 0 | G18: =F18+E18 -> 0 | H18: =المهني!DR23 -> 0 | I18: =المهني!DS23 -> 0 | J18: =I18+H18 -> 0 | K18: =المهني!EA23 -> 0 | L18: =المهني!EB23 -> 0 | M18: =المهني!EJ23 -> 0 | N18: =المهني!EK23 -> 0 | O18: =المهني!ES23 -> 0 | P18: =المهني!ET23 -> 0 | Q18: =O18+M18+K18 -> 0 | R18: =P18+N18+L18 -> 0 | S18: =R18+Q18 -> 0
D19: الثاني | E19: =المهني!DB23 -> 0 | F19: =المهني!DC23 -> 0 | G19: =F19+E19 -> 0 | H19: =المهني!DT23 -> 0 | I19: =المهني!DU23 -> 0 | J19: =I19+H19 -> 0 | K19: =المهني!EC23 -> 0 | L19: =المهني!ED23 -> 0 | M19: =المهني!EL23 -> 0 | N19: =المهني!EM23 -> 0 | O19: =المهني!EU23 -> 0 | P19: =المهني!EV23 -> 0 | Q19: =O19+M19+K19 -> 0 | R19: =P19+N19+L19 -> 0 | S19: =R19+Q19 -> 0
D20: الثالث | E20: =المهني!DD23 -> 0 | F20: =المهني!DE23 -> 0 | G20: =F20+E20 -> 0 | H20: =المهني!DV23 -> 0 | I20: =المهني!DW23 -> 0 | J20: =I20+H20 -> 0 | K20: =المهني!EE23 -> 0 | L20: =المهني!EF23 -> 0 | M20: =المهني!EN23 -> 0 | N20: =المهني!EO23 -> 0 | O20: =المهني!EW23 -> 0 | P20: =المهني!EX23 -> 0 | Q20: =O20+M20+K20 -> 0 | R20: =P20+N20+L20 -> 0 | S20: =R20+Q20 -> 0
D21: المجموع | E21: =E20+E19+E18 -> 0 | F21: =F20+F19+F18 -> 0 | G21: =G20+G19+G18 -> 0 | H21: =H20+H19+H18 -> 0 | I21: =I20+I19+I18 -> 0 | J21: =J20+J19+J18 -> 0 | K21: =K20+K19+K18 -> 0 | L21: =L20+L19+L18 -> 0 | ... R21: =R20+R19+R18 -> 0 | S21: =R21+Q21 -> 0
B22: الفنون التطبيقية | D22: الاول | F22: =المهني!DA32 -> 0 | G22: =F22+E22 -> 0 | I22: =المهني!DS32 -> 0 | J22: =I22+H22 -> 0 | L22: 0 | N22: =المهني!EK32 -> 0 | P22: =المهني!ET32 -> 0 | R22: =P22+N22+L22 -> 0 | S22: =R22+Q22 -> 0
D23: الثاني | F23: =المهني!DC32 -> 0 | G23: =F23+E23 -> 0 | I23: =المهني!DU32 -> 0 | J23: =I23+H23 -> 0 | L23: 0 | N23: =المهني!EM32 -> 0 | P23: =المهني!EV32 -> 0 | R23: =P23+N23+L23 -> 0 | S23: =R23+Q23 -> 0
D24: الثالث | F24: =المهني!DE32 -> 0 | G24: =F24+E24 -> 0 | I24: =المهني!DW32 -> 0 | J24: =I24+H24 -> 0 | L24: 0 | N24: =المهني!EO32 -> 0 | P24: =المهني!EX32 -> 0 | R24: =P24+N24+L24 -> 0 | S24: =R24+Q24 -> 0
D25: المجموع | F25: =F24+F23+F22 -> 0 | G25: =G24+G23+G22 -> 0 | I25: =I24+I23+I22 -> 0 | J25: =J24+J23+J22 -> 0 | L25: =L24+L23+L22 -> 0 | N25: =N24+N23+N22 -> 0 | P25: =P24+P23+P22 -> 0 | R25: =R24+R23+R22 -> 0 | S25: =R25+Q25 -> 0
B26: سياحة | D26: الاول | E26: =المهني!CZ38 -> 0 | F26: =المهني!DA38 -> 0 | G26: =F26+E26 -> 0 | H26: =المهني!DR38 -> 0 | I26: =المهني!DS38 -> 0 | J26: =I26+H26 -> 0 | K26: =المهني!EA38 -> 0 | L26: =المهني!EB38 -> 0 | M26: =L26+K26 -> 0 | N26: =المهني!EJ38 -> 0 | O26: =المهني!EK38 -> 0 | P26: =O26+N26 -> 0 | Q26: =O26+M26+K26 -> 0 | R26: =P26+N26+L26 -> 0 | S26: =R26+Q26 -> 0
D27: الثاني | E27: =المهني!DB38 -> 0 | F27: =المهني!DC38 -> 0 | G27: =F27+E27 -> 0 | H27: =المهني!DT38 -> 0 | I27: =المهني!DU38 -> 0 | J27: =I27+H27 -> 0 | K27: =المهني!EC38 -> 0 | L27: =المهني!ED38 -> 0 | M27: =L27+K27 -> 0 | N27: =المهني!EL38 -> 0 | O27: =المهني!EM38 -> 0 | P27: =O27+N27 -> 0 | Q27: =O27+M27+K27 -> 0 | R27: =P27+N27+L27 -> 0 | S27: =R27+Q27 -> 0
D28: الثالث | E28: =المهني!DD38 -> 0 | F28: =المهني!DE38 -> 0 | G28: =F28+E28 -> 0 | H28: =المهني!DV38 -> 0 | I28: =المهني!DW38 -> 0 | J28: =I28+H28 -> 0 | K28: =المهني!EE38 -> 0 | L28: =المهني!EF38 -> 0 | M28: =L28+K28 -> 0 | N28: =المهني!EN38 -> 0 | O28: =المهني!EO38 -> 0 | P28: =O28+N28 -> 0 | Q28: =O28+M28+K28 -> 0 | R28: =P28+N28+L28 -> 0 | S28: =R28+Q28 -> 0
D29: المجموع | E29: =E28+E27+E26 -> 0 | F29: =F28+F27+F26 -> 0 | G29: =F29+E29 -> 0 | H29: =H28+H27+H26 -> 0 | I29: =I28+I27+I26 -> 0 | J29: =I29+H29 -> 0 | K29: =K28+K27+K26 -> 0 | L29: =L28+L27+L26 -> 0 | M29: =L29+K29 -> 0 | N29: =N28+N27+N26 -> 0 | O29: =O28+O27+O26 -> 0 | P29: =O29+N29 -> 0 | Q29: =O29+M29+K29 -> 0 | R29: =P29+N29+L29 -> 0 | S29: =R29+Q29 -> 0
B30: العلوم الرياضية | D30: الاول | E30: =المهني!CZ39 -> 0 | F30: =المهني!DA39 -> 0 | G30: =F30+E30 -> 0 | H30: =المهني!DR39 -> 0 | I30: =المهني!DS39 -> 0 | J30: =I30+H30 -> 0 | K30: =المهني!EA39 -> 0 | L30: =المهني!EB39 -> 0 | M30: =L30+K30 -> 0 | N30: =المهني!EJ39 -> 0 | O30: =المهني!EK39 -> 0 | P30: =O30+N30 -> 0 | Q30: =O30+M30+K30 -> 0 | R30: =P30+N30+L30 -> 0 | S30: =R30+Q30 -> 0
D31: الثاني | E31: =المهني!DB39 -> 0 | F31: =المهني!DC39 -> 0 | G31: =F31+E31 -> 0 | H31: =المهني!DT39 -> 0 | I31: =المهني!DU39 -> 0 | J31: =I31+H31 -> 0 | K31: =المهني!EC39 -> 0 | L31: =المهني!ED39 -> 0 | M31: =L31+K31 -> 0 | N31: =المهني!EL39 -> 0 | O31: =المهني!EM39 -> 0 | P31: =O31+N31 -> 0 | Q31: =O31+M31+K31 -> 0 | R31: =P31+N31+L31 -> 0 | S31: =R31+Q31 -> 0
D32: الثالث | E32: =المهني!DD39 -> 0 | F32: =المهني!DE39 -> 0 | G32: =F32+E32 -> 0 | H32: =المهني!DV39 -> 0 | I32: =المهني!DW39 -> 0 | J32: =I32+H32 -> 0 | K32: =المهني!EE39 -> 0 | L32: =المهني!EF39 -> 0 | M32: =L32+K32 -> 0 | N32: =المهني!EN39 -> 0 | O32: =المهني!EO39 -> 0 | P32: =O32+N32 -> 0 | Q32: =O32+M32+K32 -> 0 | R32: =P32+N32+L32 -> 0 | S32: =R32+Q32 -> 0
D33: المجموع | E33: =E32+E31+E30 -> 0 | F33: =F32+F31+F30 -> 0 | G33: =F33+E33 -> 0 | H33: =H32+H31+H30 -> 0 | I33: =I32+I31+I30 -> 0 | J33: =I33+H33 -> 0 | K33: =K32+K31+K30 -> 0 | L33: =L32+L31+L30 -> 0 | M33: =L33+K33 -> 0 | N33: =N32+N31+N30 -> 0 | O33: =O32+O31+O30 -> 0 | P33: =O33+N33 -> 0 | Q33: =O33+M33+K33 -> 0 | R33: =P33+N33+L33 -> 0 | S33: =R33+Q33 -> 0
B34: الحاسوب وتقنية المعلومات | D34: الاول | E34: =المهني!CZ35 -> 0 | F34: =المهني!DA35 -> 0 | G34: =F34+E34 -> 0 | H34: =المهني!DR35 -> 0 | I34: =المهني!DS35 -> 0 | J34: =I34+H34 -> 0 | K34: =المهني!EA35 -> 0 | L34: =المهني!EB35 -> 0 | M34: =المهني!EJ35 -> 0 | N34: =المهني!EK35 -> 0 | O34: =المهني!ES35 -> 0 | P34: =المهني!ET35 -> 0 | Q34: =O34+M34+K34 -> 0 | R34: =P34+N34+L34 -> 0 | S34: =R34+Q34 -> 0
D35: الثاني | E35: =المهني!DB35 -> 0 | F35: =المهني!DC35 -> 0 | G35: =F35+E35 -> 0 | H35: =المهني!DT35 -> 0 | I35: =المهني!DU35 -> 0 | J35: =I35+H35 -> 0 | K35: =المهني!EC35 -> 0 | L35: =المهني!ED35 -> 0 | M35: =المهني!EL35 -> 0 | N35: =المهني!EM35 -> 0 | O35: =المهني!EU35 -> 0 | P35: =المهني!EV35 -> 0 | Q35: =O35+M35+K35 -> 0 | R35: =P35+N35+L35 -> 0 | S35: =R35+Q35 -> 0
D36: الثالث | E36: =المهني!DD35 -> 0 | F36: =المهني!DE35 -> 0 | G36: =F36+E36 -> 0 | H36: =المهني!DV35 -> 0 | I36: =المهني!DW35 -> 0 | J36: =I36+H36 -> 0 | K36: =المهني!EE35 -> 0 | L36: =المهني!EF35 -> 0 | M36: =المهني!EN35 -> 0 | N36: =المهني!EO35 -> 0 | O36: =المهني!EW35 -> 0 | P36: =المهني!EX35 -> 0 | Q36: =O36+M36+K36 -> 0 | R36: =P36+N36+L36 -> 0 | S36: =R36+Q36 -> 0
D37: المجموع | E37: =E36+E35+E34 -> 0 | F37: =F36+F35+F34 -> 0 | G37: =G36+G35+G34 -> 0 | H37: =SUM(H34:H36) -> 0 | I37: =SUM(I34:I36) -> 0 | J37: =SUM(J34:J36) -> 0 | K37: =SUM(K34:K36) -> 0 | L37: =SUM(L34:L36) -> 0 | M37: =SUM(M34:M36) -> 0 | N37: =SUM(N34:N36) -> 0 | O37: =SUM(O34:O36) -> 0 | ... R37: =SUM(R34:R36) -> 0 | S37: =R37+Q37 -> 0
B38: المجموع الكلي | D38: الاول | E38: =E22+E18+E14+E10+E34+E26+E30 -> 0 | F38: =F22+F18+F14+F10+F34+F26+F30 -> 0 | G38: =G22+G18+G14+G10+G34+G26+G30 -> 0 | H38: =H22+H18+H14+H10+H34+H26+H30 -> 0 | I38: =I22+I18+I14+I10+I34+I26+I30 -> 0 | J38: =J22+J18+J14+J10+J34+J26+J30 -> 0 | K38: =K22+K18+K14+K10+K34+K26+K30 -> 0 | L38: =L22+L18+L14+L10+L34+L26+L30 -> 0 | ... S38: =S22+S18+S14+S10+S34+S26+S30 -> 0
D39: الثاني | E39: =E23+E19+E15+E11+E35+E27+E31 -> 0 | F39: =F23+F19+F15+F11+F35+F27+F31 -> 0 | G39: =G23+G19+G15+G11+G35+G27+G31 -> 0 | H39: =H23+H19+H15+H11+H35+H27+H31 -> 0 | I39: =I23+I19+I15+I11+I35+I27+I31 -> 0 | J39: =J23+J19+J15+J11+J35+J27+J31 -> 0 | K39: =K23+K19+K15+K11+K35+K27+K31 -> 0 | L39: =L23+L19+L15+L11+L35+L27+L31 -> 0 | ... S39: =S23+S19+S15+S11+S35+S27+S31 -> 0
D40: الثالث | E40: =E24+E20+E16+E12+E36+E28+E32 -> 0 | F40: =F24+F20+F16+F12+F36+F28+F32 -> 0 | G40: =G24+G20+G16+G12+G36+G28+G32 -> 0 | H40: =H24+H20+H16+H12+H36+H28+H32 -> 0 | I40: =I24+I20+I16+I12+I36+I28+I32 -> 0 | J40: =J24+J20+J16+J12+J36+J28+J32 -> 0 | K40: =K24+K20+K16+K12+K36+K28+K32 -> 0 | L40: =L24+L20+L16+L12+L36+L28+L32 -> 0 | ... S40: =S24+S20+S16+S12+S36+S28+S32 -> 0
D41: المجموع | E41: =E25+E21+E17+E13+E37+E29+E33 -> 0 | F41: =F25+F21+F17+F13+F37+F29+F33 -> 0 | G41: =G25+G21+G17+G13+G37+G29+G33 -> 0 | H41: =H25+H21+H17+H13+H37+H29+H33 -> 0 | I41: =I25+I21+I17+I13+I37+I29+I33 -> 0 | J41: =J25+J21+J17+J13+J37+J29+J33 -> 0 | K41: =K25+K21+K17+K13+K37+K29+K33 -> 0 | L41: =L25+L21+L17+L13+L37+L29+L33 -> 0 | ... S41: =S25+S21+S17+S13+S37+S29+S33 -> 0
A44: المديرية العامة للتربية في محافظة النجف الاشرف | R44: التعليم المهني
A45: قسم التخطيط التربوي | I45: خلاصة قضاء النجف
B46: جدول رقم (6)
B47: التعليـــم المهـــني الاهـــــلي للعام الدراسي 2025 / 2026
B48: عدد الطلبة التاركين والناجحين والراسبين حسب الصف والجنس والفرع للعام الدراسي 2025/2022 ( الصباحي والمسائي )
B50: الفرع | D50: الصف | E50: عدد الطلبة التاركين للعام الدراسي 2025 / 2026 | H50: عدد الطلبة الناجحين للعام الدراسي 2025/2022 | K50: عدد الطلبة الراسبين حسب اسباب الرسوب للعام الدراسي 2025/2022
K51: الفشل في الامتحان | M51: تجاوز ايام الغياب | O51: أسباب أخرى | Q51: المجمــــــــــــــوع
E52: بنون | F52: بنات | G52: المجموع | H52: بنون | I52: بنات | J52: المجموع | K52: بنون | L52: بنات | M52: بنون | N52: بنات | O52: بنون | P52: بنات | Q52: بنون | R52: بنات | S52: المجموع
B53: الصناعي | D53: الاول | E53: =المهني!CZ9 -> 0 | F53: =المهني!DA9 -> 0 | G53: =F53+E53 -> 0 | H53: =المهني!DR9 -> 0 | I53: =المهني!DS9 -> 0 | J53: =I53+H53 -> 0 | K53: =المهني!EA9 -> 0 | L53: =المهني!EB9 -> 0 | M53: =المهني!EJ9 -> 0 | N53: =المهني!EK9 -> 0 | O53: =المهني!ES9 -> 0 | P53: =المهني!ET9 -> 0 | Q53: =O53+M53+K53 -> 0 | R53: =P53+N53+L53 -> 0 | S53: =R53+Q53 -> 0
D54: الثاني | E54: =المهني!DB9 -> 0 | F54: =المهني!DC9 -> 0 | G54: =F54+E54 -> 0 | H54: =المهني!DT9 -> 0 | I54: =المهني!DU9 -> 0 | J54: =I54+H54 -> 0 | K54: =المهني!EC9 -> 0 | L54: =المهني!ED9 -> 0 | M54: =المهني!EL9 -> 0 | N54: =المهني!EM9 -> 0 | O54: =المهني!EU9 -> 0 | P54: =المهني!EV9 -> 0 | Q54: =O54+M54+K54 -> 0 | R54: =P54+N54+L54 -> 0 | S54: =R54+Q54 -> 0
D55: الثالث | E55: =المهني!DD9 -> 0 | F55: =المهني!DE9 -> 0 | G55: =F55+E55 -> 0 | H55: =المهني!DV9 -> 0 | I55: =المهني!DW9 -> 0 | J55: =I55+H55 -> 0 | K55: =المهني!EE9 -> 0 | L55: =المهني!EF9 -> 0 | M55: =المهني!EN9 -> 0 | N55: =المهني!EO9 -> 0 | O55: =المهني!EW9 -> 0 | P55: =المهني!EX9 -> 0 | Q55: =O55+M55+K55 -> 0 | R55: =P55+N55+L55 -> 0 | S55: =R55+Q55 -> 0
D56: المجموع | E56: =E55+E54+E53 -> 0 | F56: =F55+F54+F53 -> 0 | G56: =G55+G54+G53 -> 0 | H56: =H55+H54+H53 -> 0 | I56: =I55+I54+I53 -> 0 | J56: =I56+H56 -> 0 | K56: =K55+K54+K53 -> 0 | L56: =L55+L54+L53 -> 0 | M56: =M55+M54+M53 -> 0 | N56: =N55+N54+N53 -> 0 | O56: =O55+O54+O53 -> 0 | P56: =P55+P54+P53 -> 0 | Q56: =Q55+Q54+Q53 -> 0 | R56: =R55+R54+R53 -> 0 | S56: =S55+S54+S53 -> 0
B57: الزراعي | D57: الاول | E57: 0 | F57: 0 | G57: =F57+E57 -> 0 | H57: 0 | I57: 0 | J57: =I57+H57 -> 0 | K57: 0 | L57: 0 | M57: 0 | N57: 0 | O57: 0 | P57: 0 | Q57: =O57+M57+K57 -> 0 | R57: =P57+N57+L57 -> 0 | S57: =R57+Q57 -> 0
D58: الثاني | E58: 0 | F58: 0 | G58: =F58+E58 -> 0 | H58: 0 | I58: 0 | J58: =I58+H58 -> 0 | K58: 0 | L58: 0 | M58: 0 | N58: 0 | O58: 0 | P58: 0 | Q58: =O58+M58+K58 -> 0 | R58: =P58+N58+L58 -> 0 | S58: =R58+Q58 -> 0
D59: الثالث | E59: 0 | F59: 0 | G59: =F59+E59 -> 0 | H59: 0 | I59: 0 | J59: =I59+H59 -> 0 | K59: 0 | L59: 0 | M59: 0 | N59: 0 | O59: 0 | P59: 0 | Q59: =O59+M59+K59 -> 0 | R59: =P59+N59+L59 -> 0 | S59: =R59+Q59 -> 0
D60: المجموع | E60: =E59+E58+E57 -> 0 | F60: =F59+F58+F57 -> 0 | G60: =G59+G58+G57 -> 0 | H60: =H59+H58+H57 -> 0 | I60: =I59+I58+I57 -> 0 | J60: =I60+H60 -> 0 | K60: =K59+K58+K57 -> 0 | L60: =L59+L58+L57 -> 0 | M60: =M59+M58+M57 -> 0 | N60: =N59+N58+N57 -> 0 | O60: =O59+O58+O57 -> 0 | P60: =P59+P58+P57 -> 0 | Q60: =Q59+Q58+Q57 -> 0 | R60: =R59+R58+R57 -> 0 | S60: =S59+S58+S57 -> 0
B61: التجاري | D61: الاول | E61: =المهني!CZ23 -> 0 | F61: =المهني!DA23 -> 0 | G61: =F61+E61 -> 0 | H61: =المهني!DR23 -> 0 | I61: =المهني!DS23 -> 0 | J61: =I61+H61 -> 0 | K61: =المهني!EA23 -> 0 | L61: =المهني!EB23 -> 0 | M61: =المهني!EJ23 -> 0 | N61: =المهني!EK23 -> 0 | O61: =المهني!ES23 -> 0 | P61: =المهني!ET23 -> 0 | Q61: =O61+M61+K61 -> 0 | R61: =P61+N61+L61 -> 0 | S61: =R61+Q61 -> 0
D62: الثاني | E62: =المهني!DB23 -> 0 | F62: =المهني!DC23 -> 0 | G62: =F62+E62 -> 0 | H62: =المهني!DT23 -> 0 | I62: =المهني!DU23 -> 0 | J62: =I62+H62 -> 0 | K62: =المهني!EC23 -> 0 | L62: =المهني!ED23 -> 0 | M62: =المهني!EL23 -> 0 | N62: =المهني!EM23 -> 0 | O62: =المهني!EU23 -> 0 | P62: =المهني!EV23 -> 0 | Q62: =O62+M62+K62 -> 0 | R62: =P62+N62+L62 -> 0 | S62: =R62+Q62 -> 0
D63: الثالث | E63: =المهني!DD23 -> 0 | F63: =المهني!DE23 -> 0 | G63: =F63+E63 -> 0 | H63: =المهني!DV23 -> 0 | I63: =المهني!DW23 -> 0 | J63: =I63+H63 -> 0 | K63: =المهني!EE23 -> 0 | L63: =المهني!EF23 -> 0 | M63: =المهني!EN23 -> 0 | N63: =المهني!EO23 -> 0 | O63: =المهني!EW23 -> 0 | P63: =المهني!EX23 -> 0 | Q63: =O63+M63+K63 -> 0 | R63: =P63+N63+L63 -> 0 | S63: =R63+Q63 -> 0
D64: المجموع | E64: =E63+E62+E61 -> 0 | F64: =F63+F62+F61 -> 0 | G64: =G63+G62+G61 -> 0 | H64: =H63+H62+H61 -> 0 | I64: =I63+I62+I61 -> 0 | J64: =I64+H64 -> 0 | K64: =K63+K62+K61 -> 0 | L64: =L63+L62+L61 -> 0 | M64: =M63+M62+M61 -> 0 | N64: =N63+N62+N61 -> 0 | O64: =O63+O62+O61 -> 0 | P64: =P63+P62+P61 -> 0 | Q64: =Q63+Q62+Q61 -> 0 | R64: =R63+R62+R61 -> 0 | S64: =S63+S62+S61 -> 0
B65: الفنون التطبيقية | D65: الاول | E65: 0 | F65: =المهني!DA31 -> 0 | G65: =F65+E65 -> 0 | I65: =المهني!DS31 -> 0 | J65: =I65+H65 -> 0 | L65: =المهني!EB32 -> 0 | N65: =المهني!EK32 -> 0 | P65: =المهني!ET32 -> 0 | R65: =P65+N65+L65 -> 0 | S65: =R65+Q65 -> 0
D66: الثاني | E66: 0 | F66: 0 | G66: =F66+E66 -> 0 | I66: =المهني!DU32 -> 0 | J66: =I66+H66 -> 0 | L66: =المهني!ED32 -> 0 | N66: =المهني!EM32 -> 0 | P66: =المهني!EV32 -> 0 | R66: =P66+N66+L66 -> 0 | S66: =R66+Q66 -> 0
D67: الثالث | E67: 0 | F67: 0 | G67: =F67+E67 -> 0 | I67: =المهني!DW32 -> 0 | J67: =I67+H67 -> 0 | L67: =المهني!EF32 -> 0 | N67: =المهني!EO32 -> 0 | P67: =المهني!EX32 -> 0 | R67: =P67+N67+L67 -> 0 | S67: =R67+Q67 -> 0
D68: المجموع | E68: =E67+E66+E65 -> 0 | F68: =F67+F66+F65 -> 0 | G68: =G67+G66+G65 -> 0 | I68: =I67+I66+I65 -> 0 | J68: =J67+J66+J65 -> 0 | L68: =L67+L66+L65 -> 0 | N68: =N67+N66+N65 -> 0 | P68: =P67+P66+P65 -> 0 | R68: =R67+R66+R65 -> 0 | S68: =S67+S66+S65 -> 0
B69: سياحة | D69: الاول
D70: الثاني
D71: الثالث
D72: المجموع
B73: الحاسوب وتقنية المعلومات | D73: الاول | E73: =المهني!CZ36 -> 0 | F73: =المهني!DA36 -> 0 | G73: =F73+E73 -> 0 | H73: =المهني!DR36 -> 0 | I73: =المهني!DS36 -> 0 | J73: =I73+H73 -> 0 | K73: =المهني!EA36 -> 0 | L73: =المهني!EB36 -> 0 | M73: =المهني!EJ36 -> 0 | N73: =المهني!EK36 -> 0 | O73: =المهني!ES36 -> 0 | P73: =المهني!ET36 -> 0 | Q73: =O73+M73+K73 -> 0 | R73: =P73+N73+L73 -> 0 | S73: =R73+Q73 -> 0
D74: الثاني | E74: =المهني!DB36 -> 0 | F74: =المهني!DC36 -> 0 | G74: =F74+E74 -> 0 | H74: =المهني!DT36 -> 0 | I74: =المهني!DU36 -> 0 | J74: =I74+H74 -> 0 | K74: =المهني!EC36 -> 0 | L74: =المهني!ED36 -> 0 | M74: =المهني!EL36 -> 0 | N74: =المهني!EM36 -> 0 | O74: =المهني!EU36 -> 0 | P74: =المهني!EV36 -> 0 | Q74: =O74+M74+K74 -> 0 | R74: =P74+N74+L74 -> 0 | S74: =R74+Q74 -> 0
D75: الثالث | E75: =المهني!DD36 -> 0 | F75: =المهني!DE36 -> 0 | G75: =F75+E75 -> 0 | H75: =المهني!DV36 -> 0 | I75: =المهني!DW36 -> 0 | J75: =I75+H75 -> 0 | K75: =المهني!EE36 -> 0 | L75: =المهني!EF36 -> 0 | M75: =المهني!EN36 -> 0 | N75: =المهني!EO36 -> 0 | O75: =المهني!EW36 -> 0 | P75: =المهني!EX36 -> 0 | Q75: =O75+M75+K75 -> 0 | R75: =P75+N75+L75 -> 0 | S75: =R75+Q75 -> 0
D76: المجموع | E76: =E75+E74+E73 -> 0 | F76: =F75+F74+F73 -> 0 | G76: =G75+G74+G73 -> 0 | H76: =H75+H74+H73 -> 0 | I76: =I75+I74+I73 -> 0 | J76: =J75+J74+J73 -> 0 | K76: =K75+K74+K73 -> 0 | L76: =L75+L74+L73 -> 0 | ... S76: =S75+S74+S73 -> 0
B77: المجموع الكلي | D77: الاول | E77: =E65+E61+E57+E53+E73 -> 0 | F77: =F65+F61+F57+F53+F73 -> 0 | G77: =G65+G61+G57+G53+G73 -> 0 | H77: =H65+H61+H57+H53+H73 -> 0 | I77: =I65+I61+I57+I53+I73 -> 0 | J77: =J65+J61+J57+J53+J73 -> 0 | K77: =K65+K61+K57+K53+K73 -> 0 | L77: =L65+L61+L57+L53+L73 -> 0 | ... S77: =S65+S61+S57+S53+S73 -> 0
D78: الثاني | E78: =E66+E62+E58+E54+E74 -> 0 | F78: =F66+F62+F58+F54+F74 -> 0 | G78: =G66+G62+G58+G54+G74 -> 0 | H78: =H66+H62+H58+H54+H74 -> 0 | I78: =I66+I62+I58+I54+I74 -> 0 | J78: =J66+J62+J58+J54+J74 -> 0 | K78: =K66+K62+K58+K54+K74 -> 0 | L78: =L66+L62+L58+L54+L74 -> 0 | ... S78: =S66+S62+S58+S54+S74 -> 0
D79: الثالث | E79: =E67+E63+E59+E55+E75 -> 0 | F79: =F67+F63+F59+F55+F75 -> 0 | G79: =G67+G63+G59+G55+G75 -> 0 | H79: =H67+H63+H59+H55+H75 -> 0 | I79: =I67+I63+I59+I55+I75 -> 0 | J79: =J67+J63+J59+J55+J75 -> 0 | K79: =K67+K63+K59+K55+K75 -> 0 | L79: =L67+L63+L59+L55+L75 -> 0 | ... S79: =S67+S63+S59+S55+S75 -> 0
D80: المجموع | E80: =E68+E64+E60+E56+E76 -> 0 | F80: =F68+F64+F60+F56+F76 -> 0 | G80: =G68+G64+G60+G56+G76 -> 0 | H80: =H68+H64+H60+H56+H76 -> 0 | I80: =I68+I64+I60+I56+I76 -> 0 | J80: =J68+J64+J60+J56+J76 -> 0 | K80: =K68+K64+K60+K56+K76 -> 0 | L80: =L68+L64+L60+L56+L76 -> 0 | ... S80: =S68+S64+S60+S56+S76 -> 0
A82: المديرية العامة للتربية في محافظة النجف الاشرف | R82: التعليم المهني
A83: قسم التخطيط التربوي | I83: خلاصة قضاء الكوفة
B84: جدول رقم (6)
B85: التعليـــم المهـــني الاهـــــلي للعام الدراسي 2025 / 2026
B86: عدد الطلبةالتاركين والناجحين والراسبين حسب الصف والجنس والفرع للعام الدراسي 2025/2022 ( الصباحي والمسائي )
B88: الفرع | D88: الصف | E88: عدد الطلبة التاركين للعام الدراسي 2025 / 2026 | H88: عدد الطلبة الناجحين للعام الدراسي 2025/2022 | K88: عدد الطلبة الراسبين حسب اسباب الرسوب للعام الدراسي 2025/2022
K89: الفشل في الامتحان | M89: تجاوز ايام الغياب | O89: أسباب أخرى | Q89: المجمــــــــــــــوع
E90: بنون | F90: بنات | G90: المجموع | H90: بنون | I90: بنات | J90: المجموع | K90: بنون | L90: بنات | M90: بنون | N90: بنات | O90: بنون | P90: بنات | Q90: بنون | R90: بنات | S90: المجموع
B91: الصناعي | D91: الاول | E91: =المهني!CZ12 -> 0 | F91: =المهني!DA12 -> 0 | G91: =F91+E91 -> 0 | H91: =المهني!DR12 -> 0 | I91: =المهني!DS12 -> 0 | J91: =I91+H91 -> 0 | K91: =المهني!EA12 -> 0 | L91: =المهني!EB12 -> 0 | M91: =المهني!EJ12 -> 0 | N91: =المهني!EK12 -> 0 | O91: =المهني!ES12 -> 0 | P91: =المهني!ET12 -> 0 | Q91: =O91+M91+K91 -> 0 | R91: =P91+N91+L91 -> 0 | S91: =R91+Q91 -> 0
D92: الثاني | E92: =المهني!DB12 -> 0 | F92: =المهني!DC12 -> 0 | G92: =F92+E92 -> 0 | H92: =المهني!DT12 -> 0 | I92: =المهني!DU12 -> 0 | J92: =I92+H92 -> 0 | K92: =المهني!EC12 -> 0 | L92: =المهني!ED12 -> 0 | M92: =المهني!EL12 -> 0 | N92: =المهني!EM12 -> 0 | O92: =المهني!EU12 -> 0 | P92: =المهني!EV12 -> 0 | Q92: =O92+M92+K92 -> 0 | R92: =P92+N92+L92 -> 0 | S92: =R92+Q92 -> 0
D93: الثالث | E93: =المهني!DD12 -> 0 | F93: =المهني!DE12 -> 0 | G93: =F93+E93 -> 0 | H93: =المهني!DV12 -> 0 | I93: =المهني!DW12 -> 0 | J93: =I93+H93 -> 0 | K93: =المهني!EE12 -> 0 | L93: =المهني!EF12 -> 0 | M93: =المهني!EN12 -> 0 | N93: =المهني!EO12 -> 0 | O93: =المهني!EW12 -> 0 | P93: =المهني!EX12 -> 0 | Q93: =O93+M93+K93 -> 0 | R93: =P93+N93+L93 -> 0 | S93: =R93+Q93 -> 0
D94: المجموع | E94: =E93+E92+E91 -> 0 | F94: =F93+F92+F91 -> 0 | G94: =G93+G92+G91 -> 0 | H94: =H93+H92+H91 -> 0 | I94: =I93+I92+I91 -> 0 | J94: =J93+J92+J91 -> 0 | K94: =K93+K92+K91 -> 0 | L94: =L93+L92+L91 -> 0 | ... S94: =S93+S92+S91 -> 0
B95: الزراعي | D95: الاول | E95: =المهني!CZ28 -> 0 | F95: =المهني!DA28 -> 0 | G95: =F95+E95 -> 0 | H95: =المهني!DR28 -> 0 | I95: =المهني!DS28 -> 0 | J95: =I95+H95 -> 0 | K95: =المهني!EA28 -> 0 | L95: =المهني!EB28 -> 0 | M95: =المهني!EJ28 -> 0 | N95: =المهني!EK28 -> 0 | O95: =المهني!ES28 -> 0 | P95: =المهني!ET28 -> 0 | Q95: =O95+M95+K95 -> 0 | R95: =P95+N95+L95 -> 0 | S95: =R95+Q95 -> 0
D96: الثاني | E96: =المهني!DB28 -> 0 | F96: =المهني!DC28 -> 0 | G96: =F96+E96 -> 0 | H96: =المهني!DT28 -> 0 | I96: =المهني!DU28 -> 0 | J96: =I96+H96 -> 0 | K96: =المهني!EC28 -> 0 | L96: =المهني!EF28 -> 0 | M96: =المهني!EL28 -> 0 | N96: =المهني!EM28 -> 0 | O96: =المهني!EU28 -> 0 | P96: =المهني!EV28 -> 0 | Q96: =O96+M96+K96 -> 0 | R96: =P96+N96+L96 -> 0 | S96: =R96+Q96 -> 0
D97: الثالث | E97: =المهني!DD28 -> 0 | F97: =المهني!DE28 -> 0 | G97: =F97+E97 -> 0 | H97: =المهني!DV28 -> 0 | I97: =المهني!DW28 -> 0 | J97: =I97+H97 -> 0 | K97: =المهني!EE28 -> 0 | L97: =المهني!EF28 -> 0 | M97: =المهني!EN28 -> 0 | N97: =المهني!EO28 -> 0 | O97: =المهني!EW28 -> 0 | P97: =المهني!EX28 -> 0 | Q97: =O97+M97+K97 -> 0 | R97: =P97+N97+L97 -> 0 | S97: =R97+Q97 -> 0
D98: المجموع | E98: =E97+E96+E95 -> 0 | F98: =F97+F96+F95 -> 0 | G98: =G97+G96+G95 -> 0 | H98: =H97+H96+H95 -> 0 | I98: =I97+I96+I95 -> 0 | J98: =J97+J96+J95 -> 0 | K98: =K97+K96+K95 -> 0 | L98: =L97+L96+L95 -> 0 | ... S98: =S97+S96+S95 -> 0
B99: التجاري | D99: الاول | E99: 0 | F99: 0 | G99: =F99+E99 -> 0 | H99: 0 | I99: 0 | J99: =I99+H99 -> 0 | K99: 0 | L99: 0 | M99: 0 | N99: 0 | O99: 0 | P99: 0 | Q99: =O99+M99+K99 -> 0 | R99: =P99+N99+L99 -> 0 | S99: =R99+Q99 -> 0
D100: الثاني | E100: 0 | F100: 0 | G100: =F100+E100 -> 0 | H100: 0 | I100: 0 | J100: =I100+H100 -> 0 | K100: 0 | L100: 0 | M100: 0 | N100: 0 | O100: 0 | P100: 0 | Q100: =O100+M100+K100 -> 0 | R100: =P100+N100+L100 -> 0 | S100: =R100+Q100 -> 0
D101: الثالث | E101: 0 | F101: 0 | G101: =F101+E101 -> 0 | H101: 0 | I101: 0 | J101: =I101+H101 -> 0 | K101: 0 | L101: 0 | M101: 0 | N101: 0 | O101: 0 | P101: 0 | Q101: =O101+M101+K101 -> 0 | R101: =P101+N101+L101 -> 0 | S101: =R101+Q101 -> 0
D102: المجموع | E102: =E101+E100+E99 -> 0 | F102: =F101+F100+F99 -> 0 | G102: =G101+G100+G99 -> 0 | H102: =H101+H100+H99 -> 0 | I102: =I101+I100+I99 -> 0 | J102: =J101+J100+J99 -> 0 | K102: =K101+K100+K99 -> 0 | L102: =L101+L100+L99 -> 0 | ... S102: =S101+S100+S99 -> 0
B103: الفنون التطبيقية | D103: الاول | F103: 0 | G103: =F103+E103 -> 0 | I103: 0 | J103: =I103+H103 -> 0 | L103: 0 | N103: 0 | P103: 0 | R103: =P103+N103+L103 -> 0 | S103: =R103+Q103 -> 0
D104: الثاني | F104: 0 | G104: =F104+E104 -> 0 | I104: 0 | J104: =I104+H104 -> 0 | L104: 0 | N104: 0 | P104: 0 | R104: =P104+N104+L104 -> 0 | S104: =R104+Q104 -> 0
D105: الثالث | F105: 0 | G105: =F105+E105 -> 0 | I105: 0 | J105: =I105+H105 -> 0 | L105: 0 | N105: 0 | P105: 0 | R105: =P105+N105+L105 -> 0 | S105: =R105+Q105 -> 0
D106: المجموع | F106: =F105+F104+F103 -> 0 | G106: =G105+G104+G103 -> 0 | I106: =I105+I104+I103 -> 0 | J106: =J105+J104+J103 -> 0 | L106: =L105+L104+L103 -> 0 | N106: =N105+N104+N103 -> 0 | P106: =P105+P104+P103 -> 0 | R106: =R105+R104+R103 -> 0 | S106: =S105+S104+S103 -> 0
...

Sheet ج7,8
A1: المديرية العامة للتربية في محافظة النجف الاشرف | R1: التعليم المهني
A2: قسم التخطيط التربوي
I3: خلاصة محافظة النجف الاشرف
D4: جدول رقم (7)
D5: التعليـــم المهـــني الاهـــــلي للعام الدراسي 2025 / 2026
D6: عدد اعضاء الهيئة التدريسية حسب العنوان الوظيفي والجنس والفرع ( الصباحي والمسائي )
D8: الفرع | E8: مدير | G8: معاون | I8: مدرس | K8: معلم مهني | M8: مرشد | O8: المجموع
E9: ذكور | F9: اناث | G9: ذكور | H9: اناث | I9: ذكور | J9: اناث | K9: ذكور | L9: اناث | M9: ذكور | N9: اناث | O9: ذكور | P9: اناث | Q9: المجموع
D10: الصناعي | E10: =المهني!FB17 -> 0 | F10: =المهني!FC17 -> 1 | G10: =المهني!FD17 -> 3 | H10: =المهني!FE17 -> 0 | I10: =المهني!FF17 -> 10 | J10: =المهني!FG17 -> 18 | K10: =المهني!FH17 -> 0 | L10: =المهني!FI17 -> 0 | ... N10: =المهني!FK17 -> 0 | O10: =M10+K10+I10+G10+E10 -> 13 | P10: =N10+L10+J10+H10+F10 -> 19 | Q10: =P10+O10 -> 32
D11: الزراعي | E11: =المهني!FB28 -> 0 | F11: =المهني!FC28 -> 0 | G11: =المهني!FD28 -> 0 | H11: =المهني!FE28 -> 0 | I11: =المهني!FF28 -> 0 | J11: =المهني!FG28 -> 0 | K11: =المهني!FH28 -> 0 | L11: =المهني!FI28 -> 0 | M11: =المهني!FJ28 -> 0 | N11: =المهني!FK23 -> 0 | O11: =M11+K11+I11+G11+E11 -> 0 | P11: =N11+L11+J11+H11+F11 -> 0 | Q11: =P11+O11 -> 0
D12: التجاري | E12: =المهني!FB23 -> 0 | F12: =المهني!FC23 -> 0 | G12: =المهني!FD23 -> 0 | H12: =المهني!FE23 -> 0 | I12: =المهني!FF23 -> 0 | J12: =المهني!FG23 -> 0 | K12: =المهني!FH23 -> 0 | L12: =المهني!FI23 -> 0 | ... N12: =المهني!FK23 -> 0 | O12: =M12+K12+I12+G12+E12 -> 0 | P12: =N12+L12+J12+H12+F12 -> 0 | Q12: =P12+O12 -> 0
D13: الفنون التطبيقية | E13: 0 | F13: 0 | G13: 0 | H13: 0 | I13: 0 | J13: =المهني!FG32 -> 0 | K13: 0 | L13: =المهني!FI32 -> 0 | M13: 0 | N13: 0 | O13: =M13+K13+I13+G13+E13 -> 0 | P13: =N13+L13+J13+H13+F13 -> 0 | Q13: =P13+O13 -> 0
D14: سياحة | E14: =المهني!FB38 -> 0 | F14: =المهني!FC38 -> 0 | G14: =المهني!FD38 -> 0 | H14: =المهني!FE38 -> 0 | I14: =المهني!FF38 -> 0 | J14: =المهني!FG38 -> 0 | K14: =المهني!FH38 -> 0 | L14: =المهني!FI38 -> 0 | ... N14: =المهني!FK38 -> 0 | O14: =M14+K14+I14+G14+E14 -> 0 | P14: =N14+L14+J14+H14+F14 -> 0 | Q14: =P14+O14 -> 0
D15: العلوم الرياضية | E15: =المهني!FB39 -> 0 | F15: =المهني!FC39 -> 0 | G15: =المهني!FD39 -> 0 | H15: =المهني!FE39 -> 0 | I15: =المهني!FF39 -> 0 | J15: =المهني!FG39 -> 0 | K15: =المهني!FH39 -> 0 | L15: =المهني!FI39 -> 0 | ... N15: =المهني!FK39 -> 0 | O15: =M15+K15+I15+G15+E15 -> 0 | P15: =N15+L15+J15+H15+F15 -> 0 | Q15: =P15+O15 -> 0
D16: الحاسوب وتقنية المعلومات | E16: =المهني!FB35 -> 0 | F16: =المهني!FC35 -> 0 | G16: =المهني!FD35 -> 0 | H16: =المهني!FE35 -> 0 | I16: =المهني!FF35 -> 0 | J16: =المهني!FG35 -> 0 | K16: =المهني!FH35 -> 0 | L16: =المهني!FI35 -> 0 | ... N16: =المهني!FK35 -> 0 | O16: =M16+K16+I16+G16+E16 -> 0 | P16: =N16+L16+J16+H16+F16 -> 0 | Q16: =P16+O16 -> 0
D17: المجموع | E17: =E13+E12+E11+E10+E14+E15 -> 0 | F17: =F13+F12+F11+F10+F14+F15 -> 1 | G17: =G13+G12+G11+G10+G14+G15 -> 3 | H17: =H13+H12+H11+H10+H14+H15 -> 0 | I17: =I13+I12+I11+I10+I14+I15 -> 10 | J17: =J13+J12+J11+J10+J14+J15 -> 18 | K17: =K13+K12+K11+K10+K14+K15 -> 0 | L17: =L13+L12+L11+L10+L14+L15 -> 0 | ... N17: =N13+N12+N11+N10+N14+N15 -> 0 | O17: =O13+O12+O11+O10+O14+O15+O16 -> 13 | P17: =P13+P12+P11+P10+P14+P15+P16 -> 19 | Q17: =Q13+Q12+Q11+Q10+Q14+Q15+Q16 -> 32
B19: جدول رقم (8)
B20: التعليـــم المهـــني الاهـــــلي للعام الدراسي 2025 / 2026
B21: عدد اعضاء الهيئة التدريسية حسب الشهادة والجنس والفرع ( الصباحي والمسائي)
B23: الفرع | C23: اعدادية | E23: دبلوم تعليمي | G23: دبلوم عام | I23: بكالوريوس تعليمي | K23: بكالوريوس عام | M23: دبلوم عالي | O23: ماجستير | Q23: دكتوراه | S23: اخرى | U23: المجموع
C24: ذكور | D24: اناث | E24: ذكور | F24: اناث | G24: ذكور | H24: اناث | I24: ذكور | J24: اناث | K24: ذكور | L24: اناث | M24: ذكور | N24: اناث | O24: ذكور | P24: اناث | Q24: ذكور | R24: اناث | S24: ذكور | T24: اناث | U24: ذكور | V24: اناث | W24: المجموع
B25: الصناعي | C25: =المهني!NE17 -> 0 | D25: =المهني!NF17 -> 0 | E25: =المهني!NG17 -> 0 | F25: =المهني!NH17 -> 0 | G25: =المهني!NI17 -> 1 | H25: =المهني!NJ17 -> 0 | I25: =المهني!NM17 -> 4 | J25: =المهني!NN17 -> 13 | K25: =المهني!NK17 -> 7 | L25: =المهني!NL17 -> 6 | M25: =المهني!NO17 -> 1 | N25: =المهني!NP17 -> 0 | O25: =المهني!NQ17 -> 0 | P25: =المهني!NR17 -> 0 | Q25: =المهني!NS17 -> 0 | R25: =المهني!NT17 -> 0 | S25: =المهني!NU17 -> 0 | T25: =المهني!NV17 -> 0 | U25: =O25+K25+G25+C25+E25+I25+M25+Q25+S25 -> 13 | V25: =P25+L25+H25+D25+F25+J25+N25+R25+T25 -> 19 | W25: =V25+U25 -> 32
B26: الزراعي | C26: =المهني!NE28 -> 0 | D26: =المهني!NF28 -> 0 | E26: =المهني!NG28 -> 0 | F26: =المهني!NH28 -> 0 | G26: =المهني!NI28 -> 0 | H26: =المهني!NJ28 -> 0 | I26: =المهني!NM28 -> 0 | J26: =المهني!NN28 -> 0 | K26: =المهني!NK28 -> 0 | L26: =المهني!NL28 -> 0 | M26: =المهني!NO28 -> 0 | N26: =المهني!NP28 -> 0 | O26: =المهني!NQ28 -> 0 | P26: =المهني!NR28 -> 0 | Q26: =المهني!NS28 -> 0 | R26: =المهني!NT28 -> 0 | S26: 0 | T26: 0 | U26: =O26+K26+G26+C26+E26+I26+M26+Q26+S26 -> 0 | V26: =P26+L26+H26+D26+F26+J26+N26+R26+T26 -> 0 | W26: =V26+U26 -> 0
B27: التجاري | C27: =المهني!NE23 -> 0 | D27: =المهني!NF23 -> 0 | E27: =المهني!NG23 -> 0 | F27: =المهني!NH23 -> 0 | G27: =المهني!NI23 -> 0 | H27: =المهني!NJ23 -> 0 | I27: =المهني!NM23 -> 0 | J27: =المهني!NN23 -> 0 | K27: =المهني!NK23 -> 0 | L27: =المهني!NL23 -> 0 | M27: =المهني!NO23 -> 0 | N27: =المهني!NP23 -> 0 | O27: =المهني!NQ23 -> 0 | P27: =المهني!NR23 -> 0 | Q27: =المهني!NS23 -> 0 | R27: =المهني!NT23 -> 0 | S27: =المهني!NU23 -> 0 | T27: =المهني!NV23 -> 0 | U27: =O27+K27+G27+C27+E27+I27+M27+Q27+S27 -> 0 | V27: =P27+L27+H27+D27+F27+J27+N27+R27+T27 -> 0 | W27: =V27+U27 -> 0
B28: الفنون التطبيقية | C28: 0 | D28: 0 | E28: =المهني!NG32 -> 0 | F28: =المهني!NH32 -> 0 | G28: 0 | H28: =المهني!NJ32 -> 0 | I28: =المهني!NM32 -> 0 | J28: =المهني!NN32 -> 0 | K28: 0 | L28: =المهني!NL32 -> 0 | M28: 0 | N28: 0 | O28: 0 | P28: 0 | Q28: 0 | R28: 0 | S28: 0 | T28: 0 | U28: =O28+K28+G28+C28+E28+I28+M28+Q28+S28 -> 0 | V28: =P28+L28+H28+D28+F28+J28+N28+R28+T28 -> 0 | W28: =V28+U28 -> 0
B29: سياحة | C29: =المهني!NE38 -> 0 | D29: =المهني!NF38 -> 0 | E29: =المهني!NG38 -> 0 | F29: =المهني!NH38 -> 0 | G29: =المهني!NI38 -> 0 | H29: =المهني!NJ38 -> 0 | I29: =المهني!NK38 -> 0 | J29: =المهني!NL38 -> 0 | ... T29: =المهني!NV38 -> 0 | U29: =O29+K29+G29+C29+E29+I29+M29+Q29+S29 -> 0 | V29: =P29+L29+H29+D29+F29+J29+N29+R29+T29 -> 0 | W29: =V29+U29 -> 0
B30: العلوم الرياضية | C30: =المهني!NE39 -> 0 | D30: =المهني!NF39 -> 0 | E30: =المهني!NG39 -> 0 | F30: =المهني!NH39 -> 0 | G30: =المهني!NI39 -> 0 | H30: =المهني!NJ39 -> 0 | I30: =المهني!NK39 -> 0 | J30: =المهني!NL39 -> 0 | ... T30: =المهني!NV39 -> 0 | U30: =O30+K30+G30+C30+E30+I30+M30+Q30+S30 -> 0 | V30: =P30+L30+H30+D30+F30+J30+N30+R30+T30 -> 0 | W30: =V30+U30 -> 0
B31: الحاسوب وتقنية المعلومات | C31: =المهني!NE36 -> 0 | D31: =المهني!NF36 -> 0 | E31: =المهني!NG36 -> 0 | F31: =المهني!NH36 -> 0 | G31: =المهني!NI36 -> 0 | H31: =المهني!NJ36 -> 0 | I31: =المهني!NK36 -> 0 | J31: =المهني!NL36 -> 0 | ... T31: =المهني!NV36 -> 0 | U31: =O31+K31+G31+C31+E31+I31+M31+Q31+S31 -> 0 | V31: =P31+L31+H31+D31+F31+J31+N31+R31+T31 -> 0 | W31: =V31+U31 -> 0
B32: المجموع | C32: =C28+C27+C26+C25+C29+C30+C31 -> 0 | D32: =D28+D27+D26+D25+D29+D30+D31 -> 0 | E32: =E28+E27+E26+E25+E29+E30+E31 -> 0 | F32: =F28+F27+F26+F25+F29+F30+F31 -> 0 | G32: =G28+G27+G26+G25+G29+G30+G31 -> 1 | H32: =H28+H27+H26+H25+H29+H30+H31 -> 0 | I32: =I28+I27+I26+I25+I29+I30+I31 -> 4 | J32: =J28+J27+J26+J25+J29+J30+J31 -> 13 | ... W32: =W28+W27+W26+W25+W29+W30+W31 -> 32
A34: المديرية العامة للتربية في محافظة النجف الاشرف | R34: التعليم المهني
A35: قسم التخطيط التربوي
I36: خلاصة قضاء النجف
D37: جدول رقم (7)
D38: التعليـــم المهـــني الاهـــــلي للعام الدراسي 2025 / 2026
D39: عدد اعضاء الهيئة التدريسية حسب العنوان الوظيفي والجنس والفرع ( الصباحي والمسائي )
D41: الفرع | E41: مدير | G41: معاون | I41: مدرس | K41: معلم مهني | M41: مرشد | O41: المجموع
E42: ذكور | F42: اناث | G42: ذكور | H42: اناث | I42: ذكور | J42: اناث | K42: ذكور | L42: اناث | M42: ذكور | N42: اناث | O42: ذكور | P42: اناث | Q42: المجموع
D43: الصناعي | E43: =المهني!FB9 -> 0 | F43: =المهني!FC9 -> 1 | G43: =المهني!FD9 -> 3 | H43: =المهني!FE9 -> 0 | I43: =المهني!FF9 -> 10 | J43: =المهني!FG9 -> 18 | K43: =المهني!FH9 -> 0 | L43: =المهني!FI9 -> 0 | ... N43: =المهني!FK9 -> 0 | O43: =M43+K43+I43+G43+E43 -> 13 | P43: =N43+L43+J43+H43+F43 -> 19 | Q43: =P43+O43 -> 32
D44: الزراعي | E44: 0 | F44: 0 | G44: 0 | H44: 0 | I44: 0 | J44: 0 | K44: 0 | L44: 0 | M44: 0 | N44: 0 | O44: =M44+K44+I44+G44+E44 -> 0 | P44: =N44+L44+J44+H44+F44 -> 0 | Q44: =P44+O44 -> 0
D45: التجاري | E45: =المهني!FB23 -> 0 | F45: =المهني!FC23 -> 0 | G45: =المهني!FD23 -> 0 | H45: =المهني!FE23 -> 0 | I45: =المهني!FF23 -> 0 | J45: =المهني!FG23 -> 0 | K45: =المهني!FH23 -> 0 | L45: =المهني!FI23 -> 0 | ... N45: =المهني!FK23 -> 0 | O45: =M45+K45+I45+G45+E45 -> 0 | P45: =N45+L45+J45+H45+F45 -> 0 | Q45: =P45+O45 -> 0
D46: الفنون التطبيقية | E46: 0 | F46: 0 | G46: 0 | H46: 0 | I46: 0 | J46: =المهني!FG32 -> 0 | K46: 0 | L46: =المهني!FI32 -> 0 | M46: 0 | N46: 0 | O46: =M46+K46+I46+G46+E46 -> 0 | P46: =N46+L46+J46+H46+F46 -> 0 | Q46: =P46+O46 -> 0
D47: سياحة
D48: الحاسوب وتقنية المعلومات | O48: 0 | Q48: 0
D49: المجموع | E49: =E46+E45+E44+E43 -> 0 | F49: =F46+F45+F44+F43 -> 1 | G49: =G46+G45+G44+G43 -> 3 | H49: =H46+H45+H44+H43 -> 0 | I49: =I46+I45+I44+I43 -> 10 | J49: =J46+J45+J44+J43 -> 18 | K49: =K46+K45+K44+K43 -> 0 | L49: =L46+L45+L44+L43 -> 0 | ... Q49: =Q46+Q45+Q44+Q43 -> 32
B51: جدول رقم (8)
B52: التعليـــم المهـــني الاهـــــلي للعام الدراسي 2025 / 2026
B53: عدد اعضاء الهيئة التدريسية حسب الشهادة والجنس والفرع ( الصباحي والمسائي)
B55: الفرع | C55: اعدادية | E55: دبلوم تعليمي | G55: دبلوم عام | I55: بكالوريوس تعليمي | K55: بكالوريوس عام | M55: دبلوم عالي | O55: ماجستير | Q55: دكتوراه | S55: اخرى | U55: المجموع
C56: ذكور | D56: اناث | E56: ذكور | F56: اناث | G56: ذكور | H56: اناث | I56: ذكور | J56: اناث | K56: ذكور | L56: اناث | M56: ذكور | N56: اناث | O56: ذكور | P56: اناث | Q56: ذكور | R56: اناث | S56: ذكور | T56: اناث | U56: ذكور | V56: اناث | W56: المجموع
B57: الصناعي | C57: =المهني!NE9 -> 0 | D57: =المهني!NF9 -> 0 | E57: =المهني!NG9 -> 0 | F57: =المهني!NH9 -> 0 | G57: =المهني!NI9 -> 1 | H57: =المهني!NJ9 -> 0 | I57: =المهني!NM9 -> 4 | J57: =المهني!NN9 -> 13 | K57: =المهني!NK9 -> 7 | L57: =المهني!NL9 -> 6 | M57: =المهني!NO9 -> 1 | N57: =المهني!NP9 -> 0 | O57: =المهني!NQ9 -> 0 | P57: =المهني!NR9 -> 0 | Q57: =المهني!NS9 -> 0 | R57: =المهني!NT9 -> 0 | S57: =المهني!NU9 -> 0 | T57: =المهني!NV9 -> 0 | U57: =S57+Q57+O57+M57+K57+G57+C57+I57+E57 -> 13 | V57: =T57+R57+P57+N57+L57+H57+D57+J57+F57 -> 19 | W57: =V57+U57 -> 32
B58: الزراعي | C58: 0 | D58: 0 | E58: 0 | F58: 0 | G58: 0 | H58: 0 | I58: 0 | J58: 0 | K58: 0 | L58: 0 | M58: 0 | N58: 0 | O58: 0 | P58: 0 | Q58: 0 | R58: 0 | S58: 0 | T58: 0 | U58: =S58+Q58+O58+M58+K58+G58+C58+I58+E58 -> 0 | V58: =T58+R58+P58+N58+L58+H58+D58+J58+F58 -> 0 | W58: =V58+U58 -> 0
B59: التجاري | C59: =المهني!NE23 -> 0 | D59: =المهني!NF23 -> 0 | E59: =المهني!NG23 -> 0 | F59: =المهني!NH23 -> 0 | G59: =المهني!NI23 -> 0 | H59: =المهني!NJ23 -> 0 | I59: =المهني!NM23 -> 0 | J59: =المهني!NN23 -> 0 | K59: =المهني!NK23 -> 0 | L59: =المهني!NL23 -> 0 | M59: =المهني!NO23 -> 0 | N59: =المهني!NP23 -> 0 | O59: =المهني!NQ23 -> 0 | P59: =المهني!NR23 -> 0 | Q59: =المهني!NS23 -> 0 | R59: =المهني!NT23 -> 0 | S59: =المهني!NU23 -> 0 | T59: =المهني!NV23 -> 0 | U59: =S59+Q59+O59+M59+K59+G59+C59+I59+E59 -> 0 | V59: =T59+R59+P59+N59+L59+H59+D59+J59+F59 -> 0 | W59: =V59+U59 -> 0
B60: الفنون التطبيقية | C60: 0 | D60: 0 | E60: =المهني!NG31 -> 0 | F60: =المهني!NH31 -> 0 | G60: 0 | H60: =المهني!NJ31 -> 0 | I60: 0 | J60: =المهني!NN31 -> 0 | K60: 0 | L60: =المهني!NL32 -> 0 | M60: 0 | N60: 0 | O60: 0 | P60: 0 | Q60: 0 | R60: 0 | S60: 0 | T60: 0 | U60: =S60+Q60+O60+M60+K60+G60+C60+I60+E60 -> 0 | V60: =T60+R60+P60+N60+L60+H60+D60+J60+F60 -> 0 | W60: =V60+U60 -> 0
B61: سياحة
B62: الحاسوب وتقنية المعلومات | U62: =S62+Q62+O62+M62+K62+G62+C62+I62+E62 -> 0 | V62: =T62+R62+P62+N62+L62+H62+D62+J62+F62 -> 0 | W62: =V62+U62 -> 0
B63: المجموع | C63: =C60+C59+C58+C57 -> 0 | D63: =D60+D59+D58+D57 -> 0 | E63: =E60+E59+E58+E57 -> 0 | F63: =F60+F59+F58+F57 -> 0 | G63: =G60+G59+G58+G57 -> 1 | H63: =H60+H59+H58+H57 -> 0 | I63: =I60+I59+I58+I57 -> 4 | J63: =J60+J59+J58+J57 -> 13 | ... T63: =T60+T59+T58+T57 -> 0 | U63: =S63+Q63+O63+M63+K63+G63+C63+I63+E63 -> 13 | V63: =T63+R63+P63+N63+L63+H63+D63+J63+F63 -> 19 | W63: =W60+W59+W58+W57 -> 32
A65: المديرية العامة للتربية في محافظة النجف الاشرف | R65: التعليم المهني
A66: قسم التخطيط التربوي
I67: خلاصة قضاء الكوفة
D68: جدول رقم (7)
D69: التعليـــم المهـــني الاهـــــلي للعام الدراسي 2025 / 2026
D70: عدد اعضاء الهيئة التدريسية حسب العنوان الوظيفي والجنس والفرع ( الصباحي والمسائي )
D72: الفرع | E72: مدير | G72: معاون | I72: مدرس | K72: معلم مهني | M72: مرشد | O72: المجموع
E73: ذكور | F73: اناث | G73: ذكور | H73: اناث | I73: ذكور | J73: اناث | K73: ذكور | L73: اناث | M73: ذكور | N73: اناث | O73: ذكور | P73: اناث | Q73: المجموع
D74: الصناعي | E74: =المهني!FB12 -> 0 | F74: =المهني!FC12 -> 0 | G74: =المهني!FD12 -> 0 | H74: =المهني!FE12 -> 0 | I74: =المهني!FF12 -> 0 | J74: =المهني!FG12 -> 0 | K74: =المهني!FH12 -> 0 | L74: =المهني!FI12 -> 0 | ... N74: =المهني!FK12 -> 0 | O74: =M74+K74+I74+G74+E74 -> 0 | P74: =N74+L74+J74+H74+F74 -> 0 | Q74: =P74+O74 -> 0
D75: الزراعي | E75: =المهني!FB28 -> 0 | F75: =المهني!FC28 -> 0 | G75: =المهني!FD28 -> 0 | H75: =المهني!FE28 -> 0 | I75: =المهني!FF28 -> 0 | J75: =المهني!FG28 -> 0 | K75: =المهني!FH28 -> 0 | L75: =المهني!FI28 -> 0 | ... N75: =المهني!FK28 -> 0 | O75: =M75+K75+I75+G75+E75 -> 0 | P75: =N75+L75+J75+H75+F75 -> 0 | Q75: =P75+O75 -> 0
D76: التجاري | E76: 0 | F76: 0 | G76: 0 | H76: 0 | I76: 0 | J76: 0 | K76: 0 | L76: 0 | M76: 0 | N76: 0 | O76: =M76+K76+I76+G76+E76 -> 0 | P76: =N76+L76+J76+H76+F76 -> 0 | Q76: =P76+O76 -> 0
D77: الفنون التطبيقية | E77: 0 | F77: 0 | G77: 0 | H77: 0 | I77: 0 | J77: 0 | K77: 0 | L77: 0 | M77: 0 | N77: 0 | O77: =M77+K77+I77+G77+E77 -> 0 | P77: =N77+L77+J77+H77+F77 -> 0 | Q77: =P77+O77 -> 0
D78: سياحة
D79: الحاسوب وتقنية المعلومات | E79: 0 | F79: 0 | G79: 0 | H79: 0 | I79: 0 | J79: 0 | K79: 0 | L79: 0 | M79: 0 | N79: 0 | O79: =M79+K79+I79+G79+E79 -> 0 | P79: =N79+L79+J79+H79+F79 -> 0 | Q79: =P79+O79 -> 0
D80: المجموع | E80: =E77+E76+E75+E74 -> 0 | F80: =F77+F76+F75+F74 -> 0 | G80: =G77+G76+G75+G74 -> 0 | H80: =H77+H76+H75+H74 -> 0 | I80: =I77+I76+I75+I74 -> 0 | J80: =J77+J76+J75+J74 -> 0 | K80: =K77+K76+K75+K74 -> 0 | L80: =L77+L76+L75+L74 -> 0 | ... Q80: =Q77+Q76+Q75+Q74 -> 0
B82: جدول رقم (8)
B83: التعليـــم المهـــني الاهـــــلي للعام الدراسي 2025 / 2026
B84: عدد اعضاء الهيئة التدريسية حسب الشهادة والجنس والفرع ( الصباحي والمسائي)
B86: الفرع | C86: اعدادية | E86: دبلوم تعليمي | G86: دبلوم عام | I86: بكالوريوس تعليمي | K86: بكالوريوس عام | M86: دبلوم عالي | O86: ماجستير | Q86: دكتوراه | S86: اخرى | U86: المجموع
C87: ذكور | D87: اناث | E87: ذكور | F87: اناث | G87: ذكور | H87: اناث | I87: ذكور | J87: اناث | K87: ذكور | L87: اناث | M87: ذكور | N87: اناث | O87: ذكور | P87: اناث | Q87: ذكور | R87: اناث | S87: ذكور | T87: اناث | U87: ذكور | V87: اناث | W87: المجموع
B88: الصناعي | C88: =المهني!NE12 -> 0 | D88: =المهني!NF12 -> 0 | E88: =المهني!NG12 -> 0 | F88: =المهني!NH12 -> 0 | G88: =المهني!NI12 -> 0 | H88: =المهني!NJ12 -> 0 | I88: =المهني!NM12 -> 0 | J88: =المهني!NN12 -> 0 | K88: =المهني!NK12 -> 0 | L88: =المهني!NL12 -> 0 | M88: =المهني!NO12 -> 0 | N88: =المهني!NP12 -> 0 | O88: =المهني!NQ12 -> 0 | P88: =المهني!NR12 -> 0 | Q88: =المهني!NS12 -> 0 | R88: =المهني!NT12 -> 0 | S88: =المهني!NU12 -> 0 | T88: =المهني!NV12 -> 0 | U88: =S88+Q88+O88+M88+K88+G88+C88+I88+E88 -> 0 | V88: =T88+R88+P88+N88+L88+H88+D88+J88+F88 -> 0 | W88: =V88+U88 -> 0
B89: الزراعي | C89: =المهني!NE28 -> 0 | D89: =المهني!NF28 -> 0 | E89: =المهني!NG28 -> 0 | F89: =المهني!NH28 -> 0 | G89: =المهني!NI28 -> 0 | H89: =المهني!NJ28 -> 0 | I89: =المهني!NM28 -> 0 | J89: =المهني!NN28 -> 0 | K89: =المهني!NK28 -> 0 | L89: =المهني!NL28 -> 0 | M89: =المهني!NO28 -> 0 | N89: =المهني!NP28 -> 0 | O89: =المهني!NQ28 -> 0 | P89: =المهني!NR28 -> 0 | Q89: =المهني!NS28 -> 0 | R89: =المهني!NT28 -> 0 | S89: =المهني!NU28 -> 0 | T89: =المهني!NV28 -> 0 | U89: =S89+Q89+O89+M89+K89+G89+C89+I89+E89 -> 0 | V89: =T89+R89+P89+N89+L89+H89+D89+J89+F89 -> 0 | W89: =V89+U89 -> 0
B90: التجاري | C90: 0 | D90: 0 | E90: 0 | F90: 0 | G90: 0 | H90: 0 | I90: 0 | J90: 0 | K90: 0 | L90: 0 | M90: 0 | N90: 0 | O90: 0 | P90: 0 | Q90: 0 | R90: 0 | S90: 0 | T90: 0 | U90: =S90+Q90+O90+M90+K90+G90+C90+I90+E90 -> 0 | V90: =T90+R90+P90+N90+L90+H90+D90+J90+F90 -> 0 | W90: =V90+U90 -> 0
B91: الفنون التطبيقية | C91: 0 | D91: 0 | E91: 0 | F91: 0 | G91: 0 | H91: 0 | I91: 0 | J91: 0 | K91: 0 | L91: 0 | M91: 0 | N91: 0 | O91: 0 | P91: 0 | Q91: 0 | R91: 0 | S91: 0 | T91: 0 | U91: =S91+Q91+O91+M91+K91+G91+C91+I91+E91 -> 0 | V91: =T91+R91+P91+N91+L91+H91+D91+J91+F91 -> 0 | W91: =V91+U91 -> 0
B92: سياحة
B93: الحاسوب وتقنية المعلومات | C93: 0 | D93: 0 | E93: 0 | F93: 0 | G93: 0 | H93: 0 | I93: 0 | J93: 0 | K93: 0 | L93: 0 | M93: 0 | N93: 0 | O93: 0 | P93: 0 | Q93: 0 | R93: 0 | S93: 0 | T93: 0 | U93: =S93+Q93+O93+M93+K93+G93+C93+I93+E93 -> 0 | V93: =T93+R93+P93+N93+L93+H93+D93+J93+F93 -> 0 | W93: =V93+U93 -> 0
B94: المجموع | C94: =C91+C90+C89+C88 -> 0 | D94: =D91+D90+D89+D88 -> 0 | E94: =E91+E90+E89+E88 -> 0 | F94: =F91+F90+F89+F88 -> 0 | G94: =G91+G90+G89+G88 -> 0 | H94: =H91+H90+H89+H88 -> 0 | I94: =I91+I90+I89+I88 -> 0 | J94: =J91+J90+J89+J88 -> 0 | ... T94: =T91+T90+T89+T88 -> 0 | U94: =S94+Q94+O94+M94+K94+G94+C94+I94+E94 -> 0 | V94: =T94+R94+P94+N94+L94+H94+D94+J94+F94 -> 0 | W94: =W91+W90+W89+W88 -> 0
A96: المديرية العامة للتربية في محافظة النجف الاشرف | R96: التعليم المهني
A97: قسم التخطيط التربوي
I98: خلاصة قضاء المناذرة
D99: جدول رقم (7)
D100: التعليـــم المهـــني الاهـــــلي للعام الدراسي 2025 / 2026
D101: عدد اعضاء الهيئة التدريسية حسب العنوان الوظيفي والجنس والفرع ( الصباحي والمسائي )
D103: الفرع | E103: مدير | G103: معاون | I103: مدرس | K103: معلم مهني | M103: مرشد | O103: المجموع
E104: ذكور | F104: اناث | G104: ذكور | H104: اناث | I104: ذكور | J104: اناث | K104: ذكور | L104: اناث | M104: ذكور | N104: اناث | O104: ذكور | P104: اناث | Q104: المجموع
D105: الصناعي | E105: =المهني!FB16 -> 0 | F105: =المهني!FC16 -> 0 | G105: =المهني!FD16 -> 0 | H105: =المهني!FE16 -> 0 | I105: =المهني!FF16 -> 0 | J105: =المهني!FG16 -> 0 | K105: =المهني!FH16 -> 0 | L105: =المهني!FI16 -> 0 | ... N105: =المهني!FK16 -> 0 | O105: =M105+K105+I105+G105+E105 -> 0 | P105: =N105+L105+J105+H105+F105 -> 0 | Q105: =P105+O105 -> 0
D106: الزراعي | E106: 0 | F106: 0 | G106: 0 | H106: 0 | I106: 0 | J106: 0 | K106: 0 | L106: 0 | M106: 0 | N106: 0 | O106: =M106+K106+I106+G106+E106 -> 0 | P106: =N106+L106+J106+H106+F106 -> 0 | Q106: =P106+O106 -> 0
D107: التجاري | E107: 0 | F107: 0 | G107: 0 | H107: 0 | I107: 0 | J107: 0 | K107: 0 | L107: 0 | M107: 0 | N107: 0 | O107: =M107+K107+I107+G107+E107 -> 0 | P107: =N107+L107+J107+H107+F107 -> 0 | Q107: =P107+O107 -> 0
D108: الفنون التطبيقية | E108: 0 | F108: 0 | G108: 0 | H108: 0 | I108: 0 | J108: 0 | K108: 0 | L108: 0 | M108: 0 | N108: 0 | O108: =M108+K108+I108+G108+E108 -> 0 | P108: =N108+L108+J108+H108+F108 -> 0 | Q108: =P108+O108 -> 0
D109: سياحة
D110: الحاسوب وتقنية المعلومات | E110: 0 | F110: 0 | G110: 0 | H110: 0 | I110: 0 | J110: 0 | K110: 0 | L110: 0 | M110: 0 | N110: 0 | O110: =M110+K110+I110+G110+E110 -> 0 | P110: =N110+L110+J110+H110+F110 -> 0 | Q110: =P110+O110 -> 0
D111: المجموع | E111: =E108+E107+E106+E105 -> 0 | F111: =F108+F107+F106+F105 -> 0 | G111: =G108+G107+G106+G105 -> 0 | H111: =H108+H107+H106+H105 -> 0 | I111: =I108+I107+I106+I105 -> 0 | J111: =J108+J107+J106+J105 -> 0 | K111: =K108+K107+K106+K105 -> 0 | L111: =L108+L107+L106+L105 -> 0 | ... Q111: =Q108+Q107+Q106+Q105 -> 0
B113: جدول رقم (8)
B114: التعليـــم المهـــني الاهـــــلي للعام الدراسي 2025 / 2026
...

Sheet ج9 وملحق
A2: المديرية العامة للتربية في محافظة النجف الاشرف | U2: التعليم المهني
A3: قسم التخطيط التربوي | I3: خلاصة محافظة النجف الاشرف
K4: جدول رقم (9 )
A5: التعليـــم المهـــني الاهـــــلي للعام الدراسي 2025 / 2026
A6: الأبنية المدرسية والمكتبات (الصباحي والمسائي )
A8: الفــــــــرع | B8: عدد الابنية حسب العائدية | E8: عدد الابنية التي تشغلها | H8: عدد الابنية حسب الحالة العمرانية | K8: عدد الابنية | M8: عدد الابنية حسب مادة البناء | S8: المجموع الكلي للابنية | V8: عدد الابنية حسب نوع الخدمات
B9: حكومية | D9: مستاجرة | E9: مدرسة واحدة | F9: مدرستان | G9: ثلاث فاكثر | H9: صالحة | I9: بحاجة الى ترميم | J9: غير صالحة | K9: حسب نوع البناء | M9: طابوق | N9: طين او صريفة | O9: هياكل حديدية | P9: بناء جاهز | Q9: كرفان | R9: اخــــرى | T9: عدد | U9: عدد | V9: عدد الابنية التي تتوفر فيها مرافق صحية | W9: عدد الابنية التي يصلها ماء صالح للشرب | X9: عدد الابنية المزودة بخدمة مجاري | Y9: عدد الابنية التي تحتوي على سياج
B10: للتربية | C10: لجهات | K10: مدرسي | L10: غير | M10: او | O10: او | T10: المكتبات | U10: الكتب
C11: اخرى | L11: مدرسي | M11: حجر | O11: خيمة
A12: الصناعي | B12: =المهني!RI17 -> 0 | C12: =المهني!RJ17 -> 0 | D12: =المهني!RK17 -> 1 | E12: =المهني!RF17 -> 1 | F12: =المهني!RG17 -> 0 | G12: =المهني!RH17 -> 0 | H12: =المهني!RL17 -> 1 | I12: =المهني!RM17 -> 0 | J12: =المهني!RN17 -> 0 | K12: =المهني!OU17 -> 1 | L12: =المهني!OV17 -> 0 | M12: =المهني!PP17 -> 1 | N12: =المهني!PQ17 -> 0 | O12: =المهني!PR17 -> 0 | P12: =المهني!PS17 -> 0 | Q12: =المهني!PT17 -> 0 | R12: =المهني!PU17 -> 0 | S12: =R12+P12+O12+N12+M12 -> 1 | T12: =المهني!SA17 -> 0 | U12: =المهني!SN17 -> 0 | V12: =المهني!QI17 -> 1 | W12: =المهني!QB17 -> 1 | X12: =المهني!QI17 -> 1 | Y12: =المهني!QM17 -> 1
A13: الزراعي | B13: 0 | C13: 0 | D13: 0 | E13: 0 | F13: 0 | G13: 0 | H13: 0 | I13: 0 | J13: 0 | K13: 0 | L13: 0 | M13: 0 | N13: 0 | O13: 0 | P13: 0 | Q13: =المهني!PT28 -> 0 | R13: 0 | S13: =R13+P13+O13+N13+M13 -> 0 | T13: 0 | U13: 0 | V13: 0 | W13: 0 | X13: 0 | Y13: 0
A14: التجاري | B14: =المهني!RI23 -> 0 | C14: =المهني!RJ23 -> 0 | D14: =المهني!RK23 -> 0 | E14: =المهني!RF23 -> 0 | F14: =المهني!RG23 -> 0 | G14: =المهني!RH23 -> 0 | H14: =المهني!RL23 -> 0 | I14: =المهني!RM23 -> 0 | J14: =المهني!RN23 -> 0 | K14: =المهني!OU23 -> 0 | L14: =المهني!OV23 -> 0 | M14: =المهني!PP23 -> 0 | N14: =المهني!PQ23 -> 0 | O14: =المهني!PR23 -> 0 | P14: =المهني!PS23 -> 0 | Q14: =المهني!PT23 -> 0 | R14: =المهني!PU23 -> 0 | S14: =R14+P14+O14+N14+M14 -> 0 | T14: 0 | U14: 0 | V14: =المهني!PV23 -> 0 | W14: =المهني!QB23 -> 0 | X14: =المهني!QI23 -> 0 | Y14: =المهني!QM23 -> 0
A15: الفنون التطبيقية | B15: 0 | C15: 0 | D15: 0 | E15: 0 | F15: 0 | G15: 0 | H15: 0 | I15: 0 | J15: 0 | K15: 0 | L15: 0 | M15: 0 | N15: 0 | O15: 0 | P15: 0 | Q15: =المهني!PT32 -> 0 | R15: 0 | S15: =R15+P15+O15+N15+M15 -> 0 | T15: 0 | U15: 0 | V15: 0 | W15: 0 | X15: 0 | Y15: 0
A16: سياحة | B16: =المهني!RI38 -> 0 | C16: =المهني!RJ38 -> 0 | D16: =المهني!RK38 -> 0 | E16: =المهني!RF38 -> 0 | F16: =المهني!RG38 -> 0 | G16: =المهني!RH38 -> 0 | H16: =المهني!RL38 -> 0 | I16: =المهني!RM38 -> 0 | J16: =المهني!RN38 -> 0 | K16: =المهني!OU38 -> 0 | L16: =المهني!OV38 -> 0 | M16: =المهني!PP38 -> 0 | N16: =المهني!PQ38 -> 0 | O16: =المهني!PR38 -> 0 | P16: =المهني!PS38 -> 0 | Q16: =المهني!PT38 -> 0 | R16: =المهني!PU38 -> 0 | S16: =R16+P16+O16+N16+M16 -> 0 | T16: =المهني!SA38 -> 0 | U16: =المهني!SN38 -> 0 | V16: =المهني!QI38 -> 0 | W16: =المهني!QB38 -> 0 | X16: =المهني!QI38 -> 0 | Y16: =المهني!QM38 -> 0
A17: العلوم الرياضية | B17: =المهني!RI39 -> 0 | C17: =المهني!RJ39 -> 0 | D17: =المهني!RK39 -> 0 | E17: =المهني!RF39 -> 0 | F17: =المهني!RG39 -> 0 | G17: =المهني!RH39 -> 0 | H17: =المهني!RL39 -> 0 | I17: =المهني!RM39 -> 0 | J17: =المهني!RN39 -> 0 | K17: =المهني!OU39 -> 0 | L17: =المهني!OV39 -> 0 | M17: =المهني!PP39 -> 0 | N17: =المهني!PQ39 -> 0 | O17: =المهني!PR39 -> 0 | P17: =المهني!PS39 -> 0 | Q17: =المهني!PT39 -> 0 | R17: =المهني!PU39 -> 0 | S17: =R17+P17+O17+N17+M17 -> 0 | T17: =المهني!SA39 -> 0 | U17: =المهني!SN39 -> 0 | V17: =المهني!QI39 -> 0 | W17: =المهني!QB39 -> 0 | X17: =المهني!QI39 -> 0 | Y17: =المهني!QM22 -> 0
A18: الحاسوب وتقنية المعلومات | B18: =المهني!RI35 -> 0 | C18: =المهني!RJ35 -> 0 | D18: 0 | E18: =المهني!RF35 -> 0 | F18: =المهني!RG35 -> 0 | G18: =المهني!RH35 -> 0 | H18: =المهني!RL35 -> 0 | I18: =المهني!RM35 -> 0 | J18: =المهني!RN35 -> 0 | K18: =المهني!OU35 -> 0 | L18: =المهني!OV35 -> 0 | M18: =المهني!PP35 -> 0 | N18: =المهني!PQ35 -> 0 | O18: =المهني!PR35 -> 0 | P18: =المهني!PS35 -> 0 | Q18: =المهني!PT35 -> 0 | R18: =المهني!PU35 -> 0 | S18: =R18+P18+O18+N18+M18 -> 0 | T18: =المهني!SA35 -> 0 | U18: 0 | V18: =المهني!PV35 -> 0 | W18: =المهني!QB35 -> 0 | X18: =المهني!QI35 -> 0 | Y18: =المهني!QM35 -> 0
A19: المجموع | B19: =SUM(B12:B18) -> 0 | C19: =SUM(C12:C18) -> 0 | D19: =SUM(D12:D18) -> 1 | E19: =SUM(E12:E18) -> 1 | F19: =SUM(F12:F18) -> 0 | G19: =SUM(G12:G18) -> 0 | H19: =SUM(H12:H18) -> 1 | I19: =SUM(I12:I18) -> 0 | ... Y19: =SUM(Y12:Y18) -> 1
J21: ملحق جدول رقم ( 9 )
K22: خلاصة محافظة النجف الاشرف
K23: عدد الابنية المدرسية حسب عدد الطوابق وعدد الصفوف للعام الدراسي 2025-2026
B25: الفرع | C25: عدد الابنية حسب عدد الطوابق | K25: عدد الابنية حسب عدد الصفوف
C26: طابق واحد | E26: طابقين | G26: ثلاثة طوابق | I26: المجموع | K26: 6 صف | M26: 9 صف | O26: 12 صف | Q26: 18 صف | S26: 24 صف | U26: المجموع
B27: الصناعي | C27: =المهني!PB17 -> 0 | E27: =المهني!PC17 -> 1 | G27: =المهني!PD17 -> 0 | I27: =G27+E27+C27 -> 1 | K27: =المهني!PE41 -> 0 | M27: =المهني!PF17 -> 0 | O27: =المهني!PG17 -> 0 | Q27: =المهني!PH17 -> 0 | S27: =المهني!PI17 -> 1 | U27: =S27+Q27+O27+M27+K27 -> 1
B28: الزراعي | I28: =G28+E28+C28 -> 0 | U28: =S28+Q28+O28+M28+K28 -> 0
B29: التجاري | C29: =المهني!PB23 -> 0 | E29: =المهني!PC23 -> 0 | G29: =المهني!PD23 -> 0 | I29: =G29+E29+C29 -> 0 | K29: =المهني!PE23 -> 0 | M29: =المهني!PF23 -> 0 | O29: =المهني!PG23 -> 0 | Q29: =المهني!PH23 -> 0 | S29: =المهني!PI23 -> 0 | U29: =S29+Q29+O29+M29+K29 -> 0
B30: الفنون التطبيقية | I30: =G30+E30+C30 -> 0 | U30: =S30+Q30+O30+M30+K30 -> 0
B31: سياحة | C31: =المهني!PB38 -> 0 | I31: =G31+E31+C31 -> 0 | M31: =المهني!PF38 -> 0 | Q31: =المهني!PH38 -> 0 | U31: =S31+Q31+O31+M31+K31 -> 0
B32: العلوم الرياضية | C32: =المهني!PB40 -> 0 | G32: =المهني!PD40 -> 0 | I32: =G32+E32+C32 -> 0 | Q32: =المهني!PH40 -> 0 | U32: =S32+Q32+O32+M32+K32 -> 0
B33: الحاسوب وتقنية المعلومات | C33: =المهني!PB35 -> 0 | E33: =المهني!PC35 -> 0 | G33: =المهني!PD35 -> 0 | I33: =G33+E33+C33 -> 0 | S33: =المهني!PI35 -> 0 | U33: =S33+Q33+O33+M33+K33 -> 0
B34: المجموع | C34: =SUM(C27:C33) -> 0 | E34: =SUM(E27:E33) -> 1 | G34: =SUM(G27:G33) -> 0 | I34: =G34+E34+C34 -> 1 | K34: =SUM(K27:K33) -> 0 | M34: =SUM(M27:M33) -> 0 | O34: =SUM(O27:O33) -> 0 | Q34: =SUM(Q27:Q33) -> 0 | S34: =SUM(S27:T33) -> 1 | U34: =S34+Q34+O34+M34+K34 -> 1
A36: المديرية العامة للتربية في محافظة النجف الاشرف | U36: التعليم المهني
A37: قسم التخطيط التربوي | I37: خلاصة قضاء النجف
A38: جدول رقم (9 )
A39: التعليـــم المهـــني الاهـــــلي للعام الدراسي 2025 / 2026
A40: الأبنية المدرسية والمكتبات (الصباحي والمسائي )
A42: الفــــــــرع | B42: عدد الابنية حسب العائدية | E42: عدد الابنية التي تشغلها | H42: عدد الابنية حسب الحالة العمرانية | L42: عدد الابنية | N42: عدد الابنية حسب مادة البناء | T42: المجموع الكلي للابنية المدرسية | U42: عدد المكتبات | V42: عدد الكتب | W42: عدد الابنية حسب نوع الخدمات
B43: حكومية | D43: مستاجرة | E43: مدرسة واحدة | F43: مدرستان | G43: ثلاث مدارس فاكثر | H43: صالحة | I43: بحاجة الى ترميم | K43: غير صالحة | L43: حسب نوع البناء | N43: طابوق | O43: طين | P43: هياكل حديدية | Q43: بناء جاهز | R43: كرفان | S43: اخــــرى | V43: عدد | W43: عدد الابنية التي فيها المرافق الصحية | X43: عدد الابنية التي يصلها ماء صالح للشرب | Y43: عدد الابنية المزودة بخدمة مجاري | Z43: عدد الابنية التي تحتوي على سياج
B44: للتربية | C44: لجهات | L44: مدرسي | M44: غير | N44: او | P44: او | V44: الكتب
C45: اخرى | M45: مدرسي | N45: حجر | P45: خيمة
A46: الصناعي | B46: =المهني!RI9 -> 0 | C46: =المهني!RJ9 -> 0 | D46: =المهني!RK9 -> 1 | E46: =المهني!RF9 -> 1 | F46: =المهني!RG9 -> 0 | G46: =المهني!RH9 -> 0 | H46: =المهني!RL9 -> 1 | I46: =المهني!RM9 -> 0 | K46: =المهني!RN9 -> 0 | L46: =المهني!OU9 -> 1 | M46: =المهني!OV9 -> 0 | N46: =المهني!PP9 -> 1 | O46: =المهني!PQ9 -> 0 | P46: =المهني!PR9 -> 0 | Q46: =المهني!PS9 -> 0 | R46: =المهني!PT9 -> 0 | S46: =المهني!PU9 -> 0 | T46: =S46+Q46+P46+O46+N46 -> 1 | U46: =المهني!SA9 -> 0 | V46: =المهني!SN9 -> 0 | W46: =المهني!PV9 -> 1 | X46: =المهني!QB9 -> 1 | Y46: =المهني!QI9 -> 1 | Z46: =المهني!QM9 -> 1
A47: الزراعي | B47: 0 | C47: 0 | D47: 0 | E47: 0 | F47: 0 | G47: 0 | H47: 0 | I47: 0 | K47: 0 | L47: 0 | M47: 0 | N47: 0 | O47: 0 | P47: 0 | Q47: 0 | R47: 0 | S47: 0 | T47: =S47+Q47+P47+O47+N47 -> 0 | U47: 0 | V47: 0 | X47: 0 | Y47: 0 | Z47: 0
A48: التجاري | B48: 0 | C48: 0 | D48: 0 | E48: 0 | F48: 0 | G48: 0 | H48: 0 | I48: 0 | K48: 0 | L48: 0 | M48: 0 | N48: 0 | O48: 0 | P48: 0 | Q48: 0 | R48: 0 | S48: 0 | T48: =S48+Q48+P48+O48+N48 -> 0 | U48: 0 | V48: 0 | X48: 0 | Y48: 0 | Z48: 0
A49: الفنون التطبيقية | B49: 0 | C49: 0 | D49: 0 | E49: 0 | F49: 0 | G49: 0 | H49: 0 | I49: 0 | K49: 0 | L49: 0 | M49: 0 | N49: 0 | O49: 0 | P49: 0 | Q49: 0 | R49: =المهني!PT32 -> 0 | S49: 0 | T49: =S49+Q49+P49+O49+N49 -> 0 | U49: 0 | V49: 0 | X49: 0 | Y49: 0 | Z49: 0
A50: سياحة
A51: الحاسوب وتقنية المعلومات | V51: 0
A52: المجموع | B52: =B49+B48+B47+B46 -> 0 | C52: =C49+C48+C47+C46 -> 0 | D52: =D49+D48+D47+D46 -> 1 | E52: =E49+E48+E47+E46 -> 1 | F52: =F49+F48+F47+F46 -> 0 | G52: =G49+G48+G47+G46 -> 0 | H52: =H49+H48+H47+H46 -> 1 | I52: =I49+I48+I47+I46 -> 0 | K52: =K49+K48+K47+K46 -> 0 | L52: =L49+L48+L47+L46 -> 1 | M52: =M49+M48+M47+M46 -> 0 | N52: =N49+N48+N47+N46 -> 1 | O52: =O49+O48+O47+O46 -> 0 | P52: =P49+P48+P47+P46 -> 0 | Q52: =Q49+Q48+Q47+Q46 -> 0 | R52: =R49+R48+R47+R46 -> 0 | ... Z52: =Z49+Z48+Z47+Z46 -> 1
M54: ملحق جدول رقم ( 9 )
M55: خلاصة قضاء النجف
M56: عدد الابنية المدرسية حسب عدد الطوابق وعدد الصفوف للعام الدراسي 2025-2026
B58: الفرع | C58: عدد الابنية حسب عدد الطوابق | K58: عدد الابنية حسب عدد الصفوف
C59: طابق واحد | E59: طابقين | G59: ثلاثة طوابق | I59: المجموع | K59: 6 صف | M59: 9 صف | O59: 12 صف | Q59: 18 صف | S59: 24 صف | U59: المجموع
B60: الصناعي | C60: =المهني!PB9 -> 0 | E60: =المهني!PC9 -> 1 | G60: =المهني!PD9 -> 0 | I60: =G60+E60+C60 -> 1 | K60: =المهني!PE9 -> 0 | M60: =المهني!PF9 -> 0 | O60: =المهني!PG9 -> 0 | Q60: =المهني!PH9 -> 0 | S60: =المهني!PI9 -> 1 | U60: =S60+Q60+O60+M60+K60 -> 1
B61: الزراعي | I61: =H61+F61+D61 -> 0 | U61: =T61+Q61+O61+M61+K61 -> 0
B62: التجاري | I62: =H62+F62+D62 -> 0 | U62: =T62+Q62+O62+M62+K62 -> 0
B63: الفنون التطبيقية | I63: =H63+F63+D63 -> 0 | U63: =T63+Q63+O63+M63+K63 -> 0
B64: سياحة
B65: الحاسوب وتقنية المعلومات | I65: =H65+F65+D65 -> 0 | U65: =T65+Q65+O65+M65+K65 -> 0
B66: المجموع | C66: =SUM(D60:D65) -> 0 | E66: =SUM(F60:F65) -> 0 | G66: =SUM(H60:H65) -> 0 | I66: =G66+E66+C66 -> 0 | K66: =SUM(K60:K65) -> 0 | M66: =SUM(M60:M65) -> 0 | O66: =SUM(O60:O65) -> 0 | Q66: =SUM(Q60:Q65) -> 0 | S66: =SUM(T60:T65) -> 0 | U66: =S66+Q66+O66+M66+K66 -> 0
A68: المديرية العامة للتربية في محافظة النجف الاشرف | U68: التعليم المهني
A69: قسم التخطيط التربوي | J69: خلاصة قضاء الكوفة
A70: جدول رقم (9 )
A71: التعليـــم المهـــني الاهـــــلي للعام الدراسي 2025 / 2026
A72: الأبنية المدرسية والمكتبات (الصباحي والمسائي )
A74: الفــــــــرع | B74: عدد الابنية حسب العائدية | E74: عدد الابنية التي تشغلها | H74: عدد الابنية حسب الحالة العمرانية | L74: عدد الابنية | N74: عدد الابنية حسب مادة البناء | T74: المجموع الكلي للابنية | W74: عدد الابنية حسب نوع الخدمات
B75: حكومية | D75: مستاجرة | E75: مدرسة واحدة | F75: مدرستان | G75: ثلاث مدارس فاكثر | H75: صالحة | I75: بحاجة الى ترميم | K75: غير صالحة | L75: حسب نوع البناء | N75: طابوق | O75: طين | P75: هياكل حديدية | Q75: بناء جاهز | R75: كرفان | S75: اخــــرى | U75: عدد | V75: عدد | W75: عدد الابنية التي فيها مرافق الصحة | X75: عدد الابنية التي يصلها ماء صالح للشرب | Y75: عدد الابنية المزودة بخدمة مجاري | Z75: عدد الابنية التي تحتوي على سياج
B76: للتربية | C76: لجهات | L76: مدرسي | M76: غير | N76: او | P76: او | U76: المكتبات | V76: الكتب
C77: اخرى | M77: مدرسي | N77: حجر | P77: خيمة
A78: الصناعي | B78: =المهني!RI12 -> 0 | C78: =المهني!RJ12 -> 0 | D78: =المهني!RK12 -> 0 | E78: =المهني!RF12 -> 0 | F78: =المهني!RG12 -> 0 | G78: =المهني!RH12 -> 0 | H78: =المهني!RL12 -> 0 | I78: =المهني!RM12 -> 0 | K78: =المهني!RN12 -> 0 | L78: =المهني!OU12 -> 0 | M78: =المهني!OV12 -> 0 | N78: =المهني!PP12 -> 0 | O78: =المهني!PQ12 -> 0 | P78: =المهني!PR12 -> 0 | Q78: =المهني!PS12 -> 0 | R78: 0 | S78: =المهني!PU12 -> 0 | T78: =S78+Q78+P78+O78+N78 -> 0 | U78: =المهني!SA12 -> 0 | V78: =المهني!SN12 -> 0 | W78: =المهني!PV12 -> 0 | X78: =المهني!QB12 -> 0 | Y78: =المهني!QI12 -> 0 | Z78: =المهني!QM12 -> 0
A79: الزراعي | B79: 0 | C79: 0 | D79: 0 | E79: 0 | F79: 0 | G79: 0 | H79: 0 | I79: 0 | K79: 0 | L79: 0 | M79: 0 | N79: 0 | O79: 0 | P79: 0 | Q79: 0 | R79: 0 | S79: 0 | T79: =S79+Q79+P79+O79+N79 -> 0 | U79: 0 | V79: 0 | X79: 0 | Y79: 0 | Z79: 0
A80: التجاري | B80: 0 | C80: 0 | D80: 0 | E80: 0 | F80: 0 | G80: 0 | H80: 0 | I80: 0 | K80: 0 | L80: 0 | M80: 0 | N80: 0 | O80: 0 | P80: 0 | Q80: 0 | R80: 0 | S80: 0 | T80: =S80+Q80+P80+O80+N80 -> 0 | U80: 0 | V80: 0 | X80: 0 | Y80: 0 | Z80: 0
A81: الفنون التطبيقية | B81: 0 | C81: 0 | D81: 0 | E81: 0 | F81: 0 | G81: 0 | H81: 0 | I81: 0 | K81: 0 | L81: 0 | M81: 0 | N81: 0 | O81: 0 | P81: 0 | Q81: 0 | R81: 0 | S81: 0 | T81: =S81+Q81+P81+O81+N81 -> 0 | U81: 0 | V81: 0 | X81: 0 | Y81: 0 | Z81: 0
A82: سياحة
A83: الحاسوب وتقنية المعلومات | B83: 0 | C83: 0 | D83: 0 | E83: 0 | F83: 0 | G83: 0 | H83: 0 | I83: 0 | K83: 0 | L83: 0 | M83: 0 | N83: 0 | O83: 0 | P83: 0 | Q83: 0 | R83: 0 | S83: 0 | T83: =S83+Q83+P83+O83+N83 -> 0 | U83: 0 | V83: 0 | X83: 0 | Y83: 0 | Z83: 0
A84: المجموع | B84: =B81+B80+B79+B78 -> 0 | C84: =C81+C80+C79+C78 -> 0 | D84: =D81+D80+D79+D78 -> 0 | E84: =E81+E80+E79+E78 -> 0 | F84: =F81+F80+F79+F78 -> 0 | G84: =G81+G80+G79+G78 -> 0 | H84: =H81+H80+H79+H78 -> 0 | I84: =I81+I80+I79+I78 -> 0 | K84: =K81+K80+K79+K78 -> 0 | L84: =L81+L80+L79+L78 -> 0 | M84: =M81+M80+M79+M78 -> 0 | N84: =N81+N80+N79+N78 -> 0 | O84: =O81+O80+O79+O78 -> 0 | P84: =P81+P80+P79+P78 -> 0 | Q84: =Q81+Q80+Q79+Q78 -> 0 | R84: =R81+R80+R79+R78 -> 0 | ... Z84: =Z81+Z80+Z79+Z78 -> 0
I86: ملحق جدول رقم ( 9 )
J87: خلاصة قضاء الكوفة
J88: عدد الابنية المدرسية حسب عدد الطوابق وعدد الصفوف للعام الدراسي 2025-2026
B90: الفرع | C90: عدد الابنية حسب عدد الطوابق | K90: عدد الابنية حسب عدد الصفوف
C91: طابق واحد | E91: طابقين | G91: ثلاثة طوابق | I91: المجموع | K91: 6 صف | M91: 9 صف | O91: 12 صف | Q91: 18 صف | S91: 24 صف | U91: المجموع
B92: الصناعي | C92: =المهني!PB12 -> 0 | E92: =المهني!PC12 -> 0 | G92: =المهني!PD12 -> 0 | I92: =G92+E92+C92 -> 0 | K92: =المهني!PE12 -> 0 | M92: =المهني!PF12 -> 0 | O92: =المهني!PG12 -> 0 | Q92: =المهني!PH12 -> 0 | S92: =المهني!PI12 -> 0 | U92: =S92+Q92+O92+M92+K92 -> 0
B93: الزراعي | I93: =H93+E93+C93 -> 0 | U93: =T93+Q93+O93+M93+K93 -> 0
B94: التجاري | I94: =H94+E94+C94 -> 0 | U94: =T94+Q94+O94+M94+K94 -> 0
B95: الفنون التطبيقية | I95: =H95+E95+C95 -> 0 | U95: =T95+Q95+O95+M95+K95 -> 0
B96: سياحة
B97: الحاسوب وتقنية المعلومات | I97: =H97+E97+C97 -> 0 | U97: =T97+Q97+O97+M97+K97 -> 0
B98: المجموع | C98: =SUM(C92:C97) -> 0 | E98: =SUM(E92:E97) -> 0 | G98: =SUM(H92:H97) -> 0 | I98: =G98+E98+C98 -> 0 | K98: =SUM(K92:K97) -> 0 | M98: =SUM(M92:M97) -> 0 | O98: =SUM(O92:O97) -> 0 | Q98: =SUM(Q92:Q97) -> 0 | S98: =SUM(T92:T97) -> 0 | U98: =S98+Q98+O98+M98+K98 -> 0
A100: المديرية العامة للتربية في محافظة النجف الاشرف | U100: التعليم المهني
A101: قسم التخطيط التربوي | I101: خلاصة قضاء المناذرة
A102: جدول رقم (9 )
A103: التعليـــم المهـــني الاهـــــلي للعام الدراسي 2025 / 2026
A104: الأبنية المدرسية والمكتبات (الصباحي والمسائي )
A106: الفــــــــرع | B106: عدد الابنية حسب العائدية | E106: عدد الابنية التي تشغلها | H106: عدد الابنية حسب الحالة العمرانية | L106: عدد الابنية | N106: عدد الابنية حسب مادة البناء | T106: المجموع الكلي للابنية | U106: عدد المكتبات | V106: عدد الكتب | W106: عدد الابنية حسب نوع الخدمات
B107: حكومية | D107: مستاجرة | E107: مدرسة واحدة | F107: مدرستان | G107: ثلاث مدارس فاكثر | H107: صالحة | I107: بحاجة الى ترميم | K107: غير صالحة | L107: حسب نوع البناء | N107: طابوق | O107: طين | P107: هياكل حديدية | Q107: بناء جاهز | R107: كرفان | S107: اخــــرى | W107: عدد الابنية التي فيها مرافق صحية | X107: عدد الابنية التي يصلها ماء صالح للشرب | Y107: عدد الابنية المزودة بخدمة مجاري | Z107: عدد الابنية التي تحتوي على سياج
B108: للتربية | C108: لجهات | G108: فاكثر | L108: مدرسي | M108: غير | N108: او | P108: او
C109: اخرى | M109: مدرسي | N109: حجر | P109: خيمة
A110: الصناعي | B110: =المهني!RI16 -> 0 | C110: =المهني!RJ16 -> 0 | D110: =المهني!RK16 -> 0 | E110: =المهني!RF16 -> 0 | F110: =المهني!RG16 -> 0 | G110: =المهني!RH16 -> 0 | H110: =المهني!RL16 -> 0 | I110: =المهني!RM16 -> 0 | K110: =المهني!RN16 -> 0 | L110: =المهني!OU16 -> 0 | M110: =المهني!OV16 -> 0 | N110: =المهني!PP16 -> 0 | O110: =المهني!PQ16 -> 0 | P110: =المهني!PR16 -> 0 | Q110: =المهني!PS16 -> 0 | R110: 0 | S110: =المهني!PU16 -> 0 | T110: =S110+Q110+P110+O110+N110 -> 0 | U110: =المهني!SA16 -> 0 | V110: =المهني!SN16 -> 0 | W110: =المهني!PV16 -> 0 | X110: =المهني!QB16 -> 0 | Y110: =المهني!QI16 -> 0 | Z110: =المهني!PV16 -> 0
A111: الزراعي | B111: 0 | C111: 0 | D111: 0 | E111: 0 | F111: 0 | G111: 0 | H111: 0 | I111: 0 | K111: 0 | L111: 0 | M111: 0 | N111: 0 | O111: 0 | P111: 0 | Q111: 0 | R111: 0 | S111: 0 | T111: =S111+Q111+P111+O111+N111 -> 0 | U111: 0 | V111: 0 | X111: 0 | Y111: 0 | Z111: 0
A112: التجاري | B112: 0 | C112: 0 | D112: 0 | E112: 0 | F112: 0 | G112: 0 | H112: 0 | I112: 0 | K112: 0 | L112: 0 | M112: 0 | N112: 0 | O112: 0 | P112: 0 | Q112: 0 | R112: 0 | S112: 0 | T112: =S112+Q112+P112+O112+N112 -> 0 | U112: 0 | V112: 0 | X112: 0 | Y112: 0 | Z112: 0
A113: الفنون التطبيقية | B113: 0 | C113: 0 | D113: 0 | E113: 0 | F113: 0 | G113: 0 | H113: 0 | I113: 0 | K113: 0 | L113: 0 | M113: 0 | N113: 0 | O113: 0 | P113: 0 | Q113: 0 | R113: 0 | S113: 0 | T113: =S113+Q113+P113+O113+N113 -> 0 | U113: 0 | V113: 0 | X113: 0 | Y113: 0 | Z113: 0
A114: سياحة
...

Sheet جدول القوى العاملة
A1: المديرية العامة للتربية في محافظة النجف الاشرف | BB1: التعليم المهني
A2: قسم التخطيط التربوي | V2: خلاصة محافظة النجف الاشرف
A3: جدول رقم (10 )
A4: التعليـــم المهـــني الاهـــــلي للعام الدراسي 2025 / 2026
A5: استمارة اعضاء الهيئة التعليمية والتدريسية حسب الاختصاص والفرع (الصباحي والمسائي)
A7: الفرع | B7: الجنس | C7: التربية الاسلامية | D7: اللغة العربية | E7: اللغة الانكليزية | F7: اللغة الكردية | G7: الرياضيات | H7: الفيزياء | I7: الكيمياء | J7: علوم الحياة | K7: التاريخ | L7: الجغرافية | M7: الاجتماع | N7: التربية الرياضية | O7: التربية الفنية | P7: زراعة عامة | Q7: انتاج نباتي | R7: الغابات | S7: انتاج حيواني | T7: البستنة | U7: محاصيل حقلية | V7: صناعات غذائية والبان | W7: التربة | X7: اقتصاد وارشاد زراعي | Y7: مقاومة الافات | Z7: البيطرة العامة | AA7: الكهرباء | AB7: ميكانيك | AC7: السيارات | AD7: المعامل | AE7: راديو وتلفزيون | AF7: السباكة | AG7: النجارة | AH7: النسيج | AI7: الطباعة | AJ7: تاسيس صحيات | AK7: صناعة زجاج | AL7: البناء | AM7: النماذج | AN7: بترو كمياويات | AO7: مكننة زراعية | AP7: المعادن | AQ7: العلوم التجارية | AR7: محاسبة | AS7: ادارة | AT7: الاحصاء | AU7: الاقتصاد | AV7: السكرتارية | AW7: ادارة المزارع | AX7: تعاونيات زراعية | AY7: هندسة كيمياوية | AZ7: رسم هندسي | BA7: علم نفس | BB7: القانون | BC7: اقتصاد منزلي | BD7: حاسوب | BE7: محاسبة تكاليف | BF7: اللغة السريانية | BG7: اللغة التركمانية | BH7: اخرى | BI7: المجموع
A8: صناعي | B8: ذكور | C8: =المهني!GJ17 -> 1 | D8: =المهني!GL17 -> 0 | E8: =المهني!GN17 -> 4 | F8: =المهني!GP17 -> 0 | G8: =المهني!GR17 -> 2 | H8: =المهني!GT17 -> 0 | I8: =المهني!GV17 -> 0 | J8: =المهني!GX17 -> 0 | K8: =المهني!GZ17 -> 0 | L8: =المهني!HB17 -> 0 | M8: =المهني!HD17 -> 0 | N8: =المهني!HF17 -> 1 | O8: =المهني!HH17 -> 0 | P8: =المهني!HJ17 -> 0 | Q8: =المهني!HL17 -> 0 | R8: =المهني!HN17 -> 0 | S8: =المهني!HP17 -> 0 | T8: =المهني!HR17 -> 0 | U8: =المهني!HT17 -> 0 | V8: =المهني!HV17 -> 0 | W8: =المهني!HX17 -> 0 | X8: =المهني!HZ17 -> 0 | Y8: =المهني!IB17 -> 0 | Z8: =المهني!ID17 -> 0 | AA8: =المهني!IF17 -> 0 | AB8: =المهني!IH17 -> 0 | AC8: =المهني!IJ17 -> 1 | AD8: =المهني!IL17 -> 0 | AE8: =المهني!IN17 -> 0 | AF8: =المهني!IP17 -> 0 | AG8: =المهني!IR17 -> 0 | AH8: =المهني!IT17 -> 0 | AI8: =المهني!IV17 -> 0 | AJ8: =المهني!IX17 -> 0 | AK8: =المهني!IZ17 -> 0 | AL8: =المهني!JB17 -> 0 | AM8: =المهني!JD17 -> 0 | AN8: =المهني!JF17 -> 0 | AO8: =المهني!JH17 -> 0 | AP8: =المهني!JJ17 -> 0 | AQ8: =المهني!JL17 -> 0 | AR8: =المهني!JN17 -> 0 | AS8: =المهني!JP17 -> 0 | AT8: =المهني!JR17 -> 0 | AU8: =المهني!JT17 -> 0 | AV8: =المهني!JV17 -> 0 | AW8: =المهني!JX17 -> 0 | AX8: =المهني!JZ17 -> 0 | AY8: =المهني!KB17 -> 0 | AZ8: =المهني!KD17 -> 0 | BA8: =المهني!KF17 -> 0 | BB8: =المهني!KH17 -> 0 | BC8: =المهني!KJ17 -> 0 | BD8: =المهني!KN17 -> 0 | BE8: =المهني!KL41 -> 0 | BH8: =المهني!KT17 -> 4 | BI8: =SUM(C8:BH8) -> 13
B9: اناث | C9: =المهني!GK17 -> 5 | D9: =المهني!GM17 -> 0 | E9: =المهني!GO17 -> 1 | F9: =المهني!GQ17 -> 0 | G9: =المهني!GS17 -> 1 | H9: =المهني!GU17 -> 0 | I9: =المهني!GW17 -> 2 | J9: =المهني!GY17 -> 0 | K9: =المهني!HA17 -> 0 | L9: =المهني!HC17 -> 0 | M9: =المهني!HE17 -> 0 | N9: =المهني!HG17 -> 0 | O9: =المهني!HI17 -> 0 | P9: =المهني!HK17 -> 0 | Q9: =المهني!HM17 -> 0 | R9: =المهني!HO17 -> 0 | S9: =المهني!HQ17 -> 0 | T9: =المهني!HS17 -> 0 | U9: =المهني!HU17 -> 0 | V9: =المهني!HW17 -> 0 | W9: =المهني!HY17 -> 0 | X9: =المهني!IA17 -> 0 | Y9: =المهني!IC17 -> 0 | Z9: =المهني!IE17 -> 0 | AA9: =المهني!IG17 -> 0 | AB9: =المهني!II17 -> 0 | AC9: =المهني!IK17 -> 0 | AD9: =المهني!IM17 -> 0 | AE9: =المهني!IO17 -> 0 | AF9: =المهني!IQ17 -> 0 | AG9: =المهني!IS17 -> 0 | AH9: =المهني!IU17 -> 0 | AI9: =المهني!IW17 -> 0 | AJ9: =المهني!IY17 -> 0 | AK9: =المهني!JA17 -> 0 | AL9: =المهني!JC17 -> 0 | AM9: =المهني!JE17 -> 0 | AN9: =المهني!JG17 -> 0 | AO9: =المهني!JI17 -> 0 | AP9: =المهني!JK17 -> 0 | AQ9: =المهني!JM17 -> 0 | AR9: =المهني!JO17 -> 0 | AS9: =المهني!JQ17 -> 0 | AT9: =المهني!JS17 -> 0 | AU9: =المهني!JU17 -> 0 | AV9: =المهني!JW17 -> 0 | AW9: =المهني!JY17 -> 0 | AX9: =المهني!KA17 -> 0 | AY9: =المهني!KC17 -> 0 | AZ9: =المهني!KE17 -> 0 | BA9: =المهني!KG17 -> 0 | BB9: =المهني!KI17 -> 0 | BC9: =المهني!KK17 -> 0 | BD9: =المهني!KO17 -> 5 | BH9: =المهني!KU17 -> 5 | BI9: =SUM(C9:BH9) -> 19
A10: زراعي | B10: ذكور | C10: =المهني!GJ28 -> 0 | D10: =المهني!GL28 -> 0 | E10: =المهني!GN28 -> 0 | F10: =المهني!GP28 -> 0 | G10: =المهني!GR28 -> 0 | H10: =المهني!GT28 -> 0 | I10: =المهني!GV28 -> 0 | J10: =المهني!GX28 -> 0 | K10: =المهني!GZ28 -> 0 | L10: =المهني!HB28 -> 0 | M10: =المهني!HD28 -> 0 | N10: =المهني!HF28 -> 0 | O10: =المهني!HH28 -> 0 | P10: =المهني!HJ28 -> 0 | Q10: =المهني!HL28 -> 0 | R10: =المهني!HN28 -> 0 | S10: =المهني!HP28 -> 0 | T10: =المهني!HR28 -> 0 | U10: =المهني!HT28 -> 0 | V10: =المهني!HV28 -> 0 | W10: =المهني!HX28 -> 0 | X10: =المهني!HZ28 -> 0 | Y10: =المهني!IB28 -> 0 | Z10: =المهني!ID28 -> 0 | AA10: =المهني!IF28 -> 0 | AB10: =المهني!IH28 -> 0 | AC10: =المهني!IJ28 -> 0 | AD10: =المهني!IL28 -> 0 | AE10: =المهني!IN28 -> 0 | AF10: =المهني!IP28 -> 0 | AG10: =المهني!IR28 -> 0 | AH10: =المهني!IT28 -> 0 | AI10: =المهني!IV28 -> 0 | AJ10: =المهني!IX28 -> 0 | AK10: =المهني!IZ28 -> 0 | AL10: =المهني!JB28 -> 0 | AM10: =المهني!JD28 -> 0 | AN10: =المهني!JF28 -> 0 | AO10: =المهني!JH28 -> 0 | AP10: =المهني!JJ28 -> 0 | AQ10: =المهني!JL28 -> 0 | AR10: =المهني!JN28 -> 0 | AS10: =المهني!JP28 -> 0 | AT10: =المهني!JR28 -> 0 | AU10: =المهني!JT28 -> 0 | AV10: =المهني!JV28 -> 0 | AW10: =المهني!JX28 -> 0 | AX10: =المهني!JZ28 -> 0 | AY10: =المهني!KB28 -> 0 | AZ10: =المهني!KD28 -> 0 | BA10: =المهني!KF28 -> 0 | BB10: =المهني!KH28 -> 0 | BC10: =المهني!KJ28 -> 0 | BD10: =المهني!KN28 -> 0 | BH10: =المهني!KT28 -> 0 | BI10: =SUM(C10:BH10) -> 0
B11: اناث | C11: =المهني!GK28 -> 0 | D11: =المهني!GM28 -> 0 | E11: =المهني!GO28 -> 0 | F11: =المهني!GQ28 -> 0 | G11: =المهني!GS28 -> 0 | H11: =المهني!GU28 -> 0 | I11: =المهني!GW28 -> 0 | J11: =المهني!GY28 -> 0 | K11: =المهني!HA28 -> 0 | L11: =المهني!HC28 -> 0 | M11: =المهني!HE28 -> 0 | N11: =المهني!HG28 -> 0 | O11: =المهني!HI28 -> 0 | P11: =المهني!HK28 -> 0 | Q11: =المهني!HM28 -> 0 | R11: =المهني!HO28 -> 0 | S11: =المهني!HQ28 -> 0 | T11: =المهني!HS28 -> 0 | U11: =المهني!HU28 -> 0 | V11: =المهني!HW28 -> 0 | W11: =المهني!HY28 -> 0 | X11: =المهني!IA28 -> 0 | Y11: =المهني!IC28 -> 0 | Z11: =المهني!IE28 -> 0 | AA11: =المهني!IG28 -> 0 | AB11: =المهني!II28 -> 0 | AC11: =المهني!IK28 -> 0 | AD11: =المهني!IM28 -> 0 | AE11: =المهني!IO28 -> 0 | AF11: =المهني!IQ28 -> 0 | AG11: =المهني!IS28 -> 0 | AH11: =المهني!IU28 -> 0 | AI11: =المهني!IW28 -> 0 | AJ11: =المهني!IY28 -> 0 | AK11: =المهني!JA28 -> 0 | AL11: =المهني!JC28 -> 0 | AM11: =المهني!JE28 -> 0 | AN11: =المهني!JG28 -> 0 | AO11: =المهني!JI28 -> 0 | AP11: =المهني!JK28 -> 0 | AQ11: =المهني!JM28 -> 0 | AR11: =المهني!JO28 -> 0 | AS11: =المهني!JQ28 -> 0 | AT11: =المهني!JS28 -> 0 | AU11: =المهني!JU28 -> 0 | AV11: =المهني!JW28 -> 0 | AW11: =المهني!JY28 -> 0 | AX11: =المهني!KA28 -> 0 | AY11: =المهني!KC28 -> 0 | AZ11: =المهني!KE28 -> 0 | BA11: =المهني!KG28 -> 0 | BB11: =المهني!KI28 -> 0 | BC11: =المهني!KK28 -> 0 | BD11: =المهني!KO28 -> 0 | BH11: =المهني!KU28 -> 0 | BI11: =SUM(C11:BH11) -> 0
A12: تجاري | B12: ذكور | C12: =المهني!GJ23 -> 0 | D12: =المهني!GL23 -> 0 | E12: =المهني!GN23 -> 0 | F12: =المهني!GP23 -> 0 | G12: =المهني!GR23 -> 0 | H12: =المهني!GT23 -> 0 | I12: =المهني!GV23 -> 0 | J12: =المهني!GX23 -> 0 | K12: =المهني!GZ23 -> 0 | L12: =المهني!HB23 -> 0 | M12: =المهني!HD23 -> 0 | N12: =المهني!HF23 -> 0 | O12: =المهني!HH23 -> 0 | P12: =المهني!HJ23 -> 0 | Q12: =المهني!HL23 -> 0 | R12: =المهني!HN23 -> 0 | S12: =المهني!HP23 -> 0 | T12: =المهني!HR23 -> 0 | U12: =المهني!HT23 -> 0 | V12: =المهني!HV23 -> 0 | W12: =المهني!HX23 -> 0 | X12: =المهني!HZ23 -> 0 | Y12: =المهني!IB23 -> 0 | Z12: =المهني!ID23 -> 0 | AA12: =المهني!IF23 -> 0 | AB12: =المهني!IH23 -> 0 | AC12: =المهني!IJ23 -> 0 | AD12: =المهني!IL23 -> 0 | AE12: =المهني!IN23 -> 0 | AF12: =المهني!IP23 -> 0 | AG12: =المهني!IR23 -> 0 | AH12: =المهني!IT23 -> 0 | AI12: =المهني!IV23 -> 0 | AJ12: =المهني!IX23 -> 0 | AK12: =المهني!IZ23 -> 0 | AL12: =المهني!JB23 -> 0 | AM12: =المهني!JD23 -> 0 | AN12: =المهني!JF23 -> 0 | AO12: =المهني!JH23 -> 0 | AP12: =المهني!JJ23 -> 0 | AQ12: =المهني!JL23 -> 0 | AR12: =المهني!JN23 -> 0 | AS12: =المهني!JP23 -> 0 | AT12: =المهني!JR23 -> 0 | AU12: =المهني!JT23 -> 0 | AV12: =المهني!JV23 -> 0 | AW12: =المهني!JX23 -> 0 | AX12: 0 | AY12: =المهني!KB23 -> 0 | AZ12: =المهني!KD23 -> 0 | BA12: =المهني!KF23 -> 0 | BB12: =المهني!KH23 -> 0 | BC12: =المهني!KJ23 -> 0 | BD12: =المهني!KN23 -> 0 | BH12: =المهني!KT23 -> 0 | BI12: =SUM(C12:BH12) -> 0
B13: اناث | C13: =المهني!GK23 -> 0 | D13: =المهني!GM23 -> 0 | E13: =المهني!GO23 -> 0 | F13: =المهني!GQ23 -> 0 | G13: =المهني!GS23 -> 0 | H13: =المهني!GU23 -> 0 | I13: =المهني!GW23 -> 0 | J13: =المهني!GY23 -> 0 | K13: =المهني!HA23 -> 0 | L13: =المهني!HC23 -> 0 | M13: =المهني!HE23 -> 0 | N13: =المهني!HG23 -> 0 | O13: =المهني!HI23 -> 0 | P13: =المهني!HK23 -> 0 | Q13: =المهني!HM23 -> 0 | R13: =المهني!HO23 -> 0 | S13: =المهني!HQ23 -> 0 | T13: =المهني!HS23 -> 0 | U13: =المهني!HU23 -> 0 | V13: =المهني!HW23 -> 0 | W13: =المهني!HY23 -> 0 | X13: =المهني!IA23 -> 0 | Y13: =المهني!IC23 -> 0 | Z13: =المهني!IE23 -> 0 | AA13: =المهني!IG23 -> 0 | AB13: =المهني!II23 -> 0 | AC13: =المهني!IK23 -> 0 | AD13: =المهني!IM23 -> 0 | AE13: =المهني!IO23 -> 0 | AF13: =المهني!IQ23 -> 0 | AG13: =المهني!IS23 -> 0 | AH13: =المهني!IU23 -> 0 | AI13: =المهني!IW23 -> 0 | AJ13: =المهني!IY23 -> 0 | AK13: =المهني!JA23 -> 0 | AL13: =المهني!JC23 -> 0 | AM13: =المهني!JE23 -> 0 | AN13: =المهني!JG23 -> 0 | AO13: =المهني!JI23 -> 0 | AP13: =المهني!JK23 -> 0 | AQ13: =المهني!JM23 -> 0 | AR13: =المهني!JO23 -> 0 | AS13: =المهني!JQ23 -> 0 | AT13: =المهني!JS23 -> 0 | AU13: =المهني!JU23 -> 0 | AV13: =المهني!JW23 -> 0 | AW13: =المهني!JY23 -> 0 | AX13: =المهني!KA23 -> 0 | AY13: =المهني!KC23 -> 0 | AZ13: =المهني!KE23 -> 0 | BA13: =المهني!KG23 -> 0 | BB13: =المهني!KI23 -> 0 | BC13: =المهني!KK23 -> 0 | BD13: =المهني!KO23 -> 0 | BH13: =المهني!KU23 -> 0 | BI13: =SUM(C13:BH13) -> 0
A14: فنون تطبيقية | B14: ذكور | C14: 0 | D14: 0 | E14: 0 | F14: 0 | G14: 0 | H14: 0 | I14: 0 | J14: 0 | K14: 0 | L14: 0 | M14: 0 | N14: 0 | O14: 0 | P14: 0 | Q14: 0 | R14: 0 | S14: 0 | T14: 0 | U14: 0 | V14: 0 | W14: 0 | X14: 0 | Y14: 0 | Z14: 0 | AA14: 0 | AB14: 0 | AC14: 0 | AD14: 0 | AE14: 0 | AF14: 0 | AG14: 0 | AH14: 0 | AI14: 0 | AJ14: 0 | AK14: 0 | AL14: 0 | AM14: 0 | AN14: 0 | AO14: 0 | AP14: 0 | AQ14: 0 | AR14: 0 | AS14: 0 | AT14: 0 | AU14: 0 | AV14: 0 | AW14: 0 | AX14: 0 | AY14: 0 | AZ14: 0 | BA14: 0 | BB14: 0 | BC14: 0 | BD14: 0 | BH14: 0 | BI14: =SUM(C14:BH14) -> 0
B15: اناث | C15: 0 | D15: 0 | E15: 0 | F15: 0 | G15: 0 | H15: 0 | I15: 0 | J15: 0 | K15: 0 | L15: 0 | M15: 0 | N15: 0 | O15: 0 | P15: 0 | Q15: 0 | R15: 0 | S15: 0 | T15: 0 | U15: 0 | V15: 0 | W15: 0 | X15: 0 | Y15: 0 | Z15: 0 | AA15: 0 | AB15: 0 | AC15: 0 | AD15: 0 | AE15: 0 | AF15: 0 | AG15: 0 | AH15: 0 | AI15: 0 | AJ15: 0 | AK15: 0 | AL15: 0 | AM15: 0 | AN15: 0 | AO15: 0 | AP15: 0 | AQ15: 0 | AR15: 0 | AS15: 0 | AT15: 0 | AU15: 0 | AV15: 0 | AW15: 0 | AX15: 0 | AY15: 0 | AZ15: 0 | BA15: 0 | BB15: 0 | BC15: 0 | BD15: 0 | BH15: =المهني!KU32 -> 0 | BI15: =SUM(C15:BH15) -> 0
A16: سياحة | B16: ذكور | C16: =المهني!GJ38 -> 0 | D16: =المهني!GL38 -> 0 | E16: =المهني!GN38 -> 0 | F16: =المهني!GP38 -> 0 | G16: =المهني!GR38 -> 0 | H16: =المهني!GT38 -> 0 | I16: =المهني!GV38 -> 0 | J16: =المهني!GX38 -> 0 | K16: =المهني!GZ38 -> 0 | L16: =المهني!HB38 -> 0 | M16: =المهني!HD38 -> 0 | N16: =المهني!HF38 -> 0 | O16: =المهني!HH38 -> 0 | P16: =المهني!HJ38 -> 0 | Q16: =المهني!HL38 -> 0 | R16: =المهني!HN38 -> 0 | S16: =المهني!HP38 -> 0 | T16: =المهني!HR38 -> 0 | U16: =المهني!HT38 -> 0 | V16: =المهني!HV38 -> 0 | W16: =المهني!HX38 -> 0 | X16: =المهني!HZ38 -> 0 | Y16: =المهني!IB38 -> 0 | Z16: =المهني!ID38 -> 0 | AA16: =المهني!IF38 -> 0 | AB16: =المهني!IH38 -> 0 | AC16: =المهني!IJ38 -> 0 | AD16: =المهني!IL38 -> 0 | AE16: =المهني!IN38 -> 0 | AF16: =المهني!IP38 -> 0 | AG16: =المهني!IR38 -> 0 | AH16: =المهني!IT38 -> 0 | AI16: =المهني!IV38 -> 0 | AJ16: =المهني!IX38 -> 0 | AK16: =المهني!IZ38 -> 0 | AL16: =المهني!JB38 -> 0 | AM16: =المهني!JD38 -> 0 | AN16: =المهني!JF38 -> 0 | AO16: =المهني!JH38 -> 0 | AP16: =المهني!JJ38 -> 0 | AQ16: =المهني!JL38 -> 0 | AR16: =المهني!JN38 -> 0 | AS16: =المهني!JP38 -> 0 | AT16: =المهني!JR38 -> 0 | AU16: =المهني!JT38 -> 0 | AV16: =المهني!JV38 -> 0 | AW16: =المهني!JX38 -> 0 | AX16: 0 | AY16: =المهني!KB27 -> 0 | AZ16: =المهني!KD38 -> 0 | BA16: =المهني!KF38 -> 0 | BB16: =المهني!KH38 -> 0 | BC16: =المهني!KJ38 -> 0 | BD16: =المهني!KN38 -> 0 | BH16: =المهني!KT38 -> 0 | BI16: =SUM(C16:BH16) -> 0
B17: اناث | C17: =المهني!GK38 -> 0 | D17: =المهني!GM38 -> 0 | E17: =المهني!GO38 -> 0 | F17: =المهني!GQ38 -> 0 | G17: =المهني!GS38 -> 0 | H17: =المهني!GU38 -> 0 | I17: =المهني!GW38 -> 0 | J17: =المهني!GY38 -> 0 | K17: =المهني!HA38 -> 0 | L17: =المهني!HC38 -> 0 | M17: =المهني!HE38 -> 0 | N17: =المهني!HG38 -> 0 | O17: =المهني!HI38 -> 0 | P17: =المهني!HK38 -> 0 | Q17: =المهني!HM38 -> 0 | R17: =المهني!HO27 -> 0 | S17: =المهني!HQ38 -> 0 | T17: =المهني!HS38 -> 0 | U17: =المهني!HU38 -> 0 | V17: =المهني!HW38 -> 0 | W17: =المهني!HY38 -> 0 | X17: =المهني!IA38 -> 0 | Y17: =المهني!IC38 -> 0 | Z17: =المهني!IE38 -> 0 | AA17: =المهني!IG38 -> 0 | AB17: =المهني!II38 -> 0 | AC17: =المهني!IK38 -> 0 | AD17: =المهني!IM38 -> 0 | AE17: =المهني!IO38 -> 0 | AF17: =المهني!IQ38 -> 0 | AG17: =المهني!IS38 -> 0 | AH17: =المهني!IU38 -> 0 | AI17: =المهني!IW38 -> 0 | AJ17: =المهني!IY38 -> 0 | AK17: =المهني!JA38 -> 0 | AL17: =المهني!JC38 -> 0 | AM17: =المهني!JE38 -> 0 | AN17: =المهني!JG38 -> 0 | AO17: =المهني!JI38 -> 0 | AP17: =المهني!JK38 -> 0 | AQ17: =المهني!JM38 -> 0 | AR17: =المهني!JO38 -> 0 | AS17: =المهني!JQ38 -> 0 | AT17: =المهني!JS38 -> 0 | AU17: =المهني!JU38 -> 0 | AV17: =المهني!JW38 -> 0 | AW17: =المهني!JY38 -> 0 | AX17: =المهني!KA38 -> 0 | AY17: =المهني!KC27 -> 0 | AZ17: =المهني!KE38 -> 0 | BA17: =المهني!KG38 -> 0 | BB17: =المهني!KI38 -> 0 | BC17: =المهني!KK38 -> 0 | BD17: =المهني!KO38 -> 0 | BH17: =المهني!KU38 -> 0 | BI17: =SUM(C17:BH17) -> 0
A18: العلوم الرياضية | B18: ذكور | C18: =المهني!GJ29 -> 0 | D18: =المهني!GL29 -> 0 | E18: =المهني!GN29 -> 0 | F18: =المهني!GP29 -> 0 | G18: =المهني!GR29 -> 0 | H18: =المهني!GT29 -> 0 | I18: =المهني!GV29 -> 0 | J18: =المهني!GX29 -> 0 | K18: =المهني!GZ29 -> 0 | L18: =المهني!HB29 -> 0 | M18: =المهني!HD29 -> 0 | N18: =المهني!HF40 -> 0 | O18: =المهني!HH29 -> 0 | P18: =المهني!HJ29 -> 0 | Q18: =المهني!HL29 -> 0 | R18: =المهني!HN29 -> 0 | S18: =المهني!HP29 -> 0 | T18: =المهني!HR29 -> 0 | U18: =المهني!HT29 -> 0 | V18: =المهني!HV29 -> 0 | W18: =المهني!HX29 -> 0 | X18: =المهني!HZ29 -> 0 | Y18: =المهني!IB29 -> 0 | Z18: =المهني!ID29 -> 0 | AA18: =المهني!IF29 -> 0 | AB18: =المهني!IH29 -> 0 | AC18: =المهني!IJ29 -> 0 | AD18: =المهني!IL29 -> 0 | AE18: =المهني!IN29 -> 0 | AF18: =المهني!IP29 -> 0 | AG18: =المهني!IR29 -> 0 | AH18: =المهني!IT29 -> 0 | AI18: =المهني!IV29 -> 0 | AJ18: =المهني!IX29 -> 0 | AK18: =المهني!IZ29 -> 0 | AL18: =المهني!JB29 -> 0 | AM18: =المهني!JD29 -> 0 | AN18: =المهني!JF29 -> 0 | AO18: =المهني!JH29 -> 0 | AP18: =المهني!JJ29 -> 0 | AQ18: =المهني!JL29 -> 0 | AR18: =المهني!JN29 -> 0 | AS18: =المهني!JP29 -> 0 | AT18: =المهني!JR29 -> 0 | AU18: =المهني!JT29 -> 0 | AV18: =المهني!JV29 -> 0 | AW18: =المهني!JX29 -> 0 | AX18: 0 | AY18: =المهني!KB29 -> 0 | AZ18: =المهني!KD29 -> 0 | BA18: =المهني!KF29 -> 0 | BB18: =المهني!KH29 -> 0 | BC18: =المهني!KJ29 -> 0 | BD18: =المهني!KN29 -> 0 | BH18: =المهني!KT29 -> 0 | BI18: =SUM(C18:BH18) -> 0
B19: اناث | C19: =المهني!GK29 -> 0 | D19: =المهني!GM29 -> 0 | E19: =المهني!GO29 -> 0 | F19: =المهني!GQ29 -> 0 | G19: =المهني!GS29 -> 0 | H19: =المهني!GU29 -> 0 | I19: =المهني!GW29 -> 0 | J19: =المهني!GY29 -> 0 | K19: =المهني!HA29 -> 0 | L19: =المهني!HC29 -> 0 | M19: =المهني!HE29 -> 0 | N19: =المهني!HG40 -> 0 | O19: =المهني!HI29 -> 0 | P19: =المهني!HK29 -> 0 | Q19: =المهني!HM29 -> 0 | R19: =المهني!HO29 -> 0 | S19: =المهني!HQ29 -> 0 | T19: =المهني!HS29 -> 0 | U19: =المهني!HU29 -> 0 | V19: =المهني!HW29 -> 0 | W19: =المهني!HY29 -> 0 | X19: =المهني!IA29 -> 0 | Y19: =المهني!IC29 -> 0 | Z19: =المهني!IE29 -> 0 | AA19: =المهني!IG29 -> 0 | AB19: =المهني!II29 -> 0 | AC19: =المهني!IK29 -> 0 | AD19: =المهني!IM29 -> 0 | AE19: =المهني!IO29 -> 0 | AF19: =المهني!IQ29 -> 0 | AG19: =المهني!IS29 -> 0 | AH19: =المهني!IU29 -> 0 | AI19: =المهني!IW29 -> 0 | AJ19: =المهني!IY29 -> 0 | AK19: =المهني!JA29 -> 0 | AL19: =المهني!JC29 -> 0 | AM19: =المهني!JE29 -> 0 | AN19: =المهني!JG29 -> 0 | AO19: =المهني!JI29 -> 0 | AP19: =المهني!JK29 -> 0 | AQ19: =المهني!JM29 -> 0 | AR19: =المهني!JO29 -> 0 | AS19: =المهني!JQ29 -> 0 | AT19: =المهني!JS29 -> 0 | AU19: =المهني!JU29 -> 0 | AV19: =المهني!JW29 -> 0 | AW19: =المهني!JY29 -> 0 | AX19: =المهني!KA29 -> 0 | AY19: =المهني!KC29 -> 0 | AZ19: =المهني!KE29 -> 0 | BA19: =المهني!KG29 -> 0 | BB19: =المهني!KI29 -> 0 | BC19: =المهني!KK29 -> 0 | BD19: =المهني!KO29 -> 0 | BH19: =المهني!KU29 -> 0 | BI19: =SUM(C19:BH19) -> 0
A20: الحاسوب وتقنية المعلومات | B20: ذكور | N20: =المهني!HF40 -> 0 | BI20: =SUM(C20:BH20) -> 0
B21: اناث | BI21: =SUM(C21:BH21) -> 0
A22: المجموع | B22: ذكور | C22: =C14+C12+C10+C8+C16+C18 -> 1 | D22: =D14+D12+D10+D8+D16+D18 -> 0 | E22: =E14+E12+E10+E8+E16+E18 -> 4 | F22: =F14+F12+F10+F8+F16+F18 -> 0 | G22: =G14+G12+G10+G8+G16+G18 -> 2 | H22: =H14+H12+H10+H8+H16+H18 -> 0 | I22: =I14+I12+I10+I8+I16+I18 -> 0 | J22: =J14+J12+J10+J8+J16+J18 -> 0 | ... M22: =M14+M12+M10+M8+M16+M18 -> 0 | N22: =N14+N12+N10+N8+N16+N18+N20 -> 1 | O22: =O14+O12+O10+O8+O16+O18 -> 0 | P22: =P14+P12+P10+P8+P16+P18 -> 0 | Q22: =Q14+Q12+Q10+Q8+Q16+Q18 -> 0 | R22: =R14+R12+R10+R8+R16+R18 -> 0 | S22: =S14+S12+S10+S8+S16+S18 -> 0 | T22: =T14+T12+T10+T8+T16+T18 -> 0 | U22: =U14+U12+U10+U8+U16+U18 -> 0 | V22: =V14+V12+V10+V8+V16+V18 -> 0 | ... BH22: =BH14+BH12+BH10+BH8+BH16+BH18 -> 4 | BI22: =BI14+BI12+BI10+BI8+BI16+BI18+BI20 -> 13
B23: اناث | C23: =C15+C13+C11+C9+C17+C19 -> 5 | D23: =D15+D13+D11+D9+D17+D19 -> 0 | E23: =E15+E13+E11+E9+E17+E19 -> 1 | F23: =F15+F13+F11+F9+F17+F19 -> 0 | G23: =G15+G13+G11+G9+G17+G19 -> 1 | H23: =H15+H13+H11+H9+H17+H19 -> 0 | I23: =I15+I13+I11+I9+I17+I19 -> 2 | J23: =J15+J13+J11+J9+J17+J19 -> 0 | ... BI23: =BI15+BI13+BI11+BI9+BI17+BI19 -> 19
B24: المجموع | C24: =C23+C22 -> 6 | D24: =D23+D22 -> 0 | E24: =E23+E22 -> 5 | F24: =F23+F22 -> 0 | G24: =G23+G22 -> 3 | H24: =H23+H22 -> 0 | I24: =I23+I22 -> 2 | J24: =J23+J22 -> 0 | ... BI24: =BI23+BI22 -> 32
A26: المديرية العامة للتربية في محافظة النجف الاشرف | BB26: التعليم المهني
A27: قسم التخطيط التربوي | V27: خلاصة قضاء النجف
A28: جدول رقم (10 )
A29: التعليـــم المهـــني الاهـــــلي للعام الدراسي 2025 / 2026
A30: استمارة اعضاء الهيئة التعليمية والتدريسية حسب الاختصاص والفرع (الصباحي والمسائي)
A32: الفرع | B32: الجنس | C32: التربية الاسلامية | D32: اللغة العربية | E32: اللغة الانكليزية | F32: اللغة الكردية | G32: الرياضيات | H32: الفيزياء | I32: الكيمياء | J32: علوم الحياة | K32: التاريخ | L32: الجغرافية | M32: الاجتماع | N32: التربية الرياضية | O32: التربية الفنية | P32: زراعة عامة | Q32: انتاج نباتي | R32: الغابات | S32: انتاج حيواني | T32: البستنة | U32: محاصيل حقلية | V32: صناعات غذائية والبان | W32: التربة | X32: اقتصاد وارشاد زراعي | Y32: مقاومة الافات | Z32: البيطرة العامة | AA32: الكهرباء | AB32: ميكانيك | AC32: السيارات | AD32: المعامل | AE32: راديو وتلفزيون | AF32: السباكة | AG32: النجارة | AH32: النسيج | AI32: الطباعة | AJ32: تاسيس صحيات | AK32: صناعة زجاج | AL32: البناء | AM32: النماذج | AN32: بترو كمياويات | AO32: مكننة زراعية | AP32: المعادن | AQ32: العلوم التجارية | AR32: محاسبة | AS32: ادارة | AT32: الاحصاء | AU32: الاقتصاد | AV32: السكرتارية | AW32: ادارة المزارع | AX32: تعاونيات زراعية | AY32: هندسة كيمياوية | AZ32: رسم هندسي | BA32: علم نفس | BB32: القانون | BC32: اقتصاد منزلي | BD32: حاسوب | BE32: محاسبة تكاليف | BF32: اللغة السريانية | BG32: اللغة التركمانية | BH32: اخرى | BI32: المجموع
A33: صناعي | B33: ذكور | C33: =المهني!GJ9 -> 1 | D33: =المهني!GL9 -> 0 | E33: =المهني!GN9 -> 4 | F33: =المهني!GP9 -> 0 | G33: =المهني!GR9 -> 2 | H33: =المهني!GT9 -> 0 | I33: =المهني!GV9 -> 0 | J33: =المهني!GX9 -> 0 | K33: =المهني!GZ9 -> 0 | L33: =المهني!HB9 -> 0 | M33: =المهني!HD9 -> 0 | N33: =المهني!HF9 -> 1 | O33: =المهني!HH9 -> 0 | P33: =المهني!HJ9 -> 0 | Q33: =المهني!HL9 -> 0 | R33: =المهني!HN9 -> 0 | S33: =المهني!HP9 -> 0 | T33: =المهني!HR9 -> 0 | U33: =المهني!HT9 -> 0 | V33: =المهني!HV9 -> 0 | W33: =المهني!HX9 -> 0 | X33: =المهني!HZ9 -> 0 | Y33: =المهني!IB9 -> 0 | Z33: =المهني!ID9 -> 0 | AA33: =المهني!IF9 -> 0 | AB33: =المهني!IH9 -> 0 | AC33: =المهني!IJ9 -> 1 | AD33: =المهني!IL9 -> 0 | AE33: =المهني!IN9 -> 0 | AF33: =المهني!IP9 -> 0 | AG33: =المهني!IR9 -> 0 | AH33: =المهني!IT9 -> 0 | AI33: =المهني!IV9 -> 0 | AJ33: =المهني!IX9 -> 0 | AK33: =المهني!IZ9 -> 0 | AL33: =المهني!JB9 -> 0 | AM33: =المهني!JD9 -> 0 | AN33: =المهني!JF9 -> 0 | AO33: =المهني!JH9 -> 0 | AP33: =المهني!JJ9 -> 0 | AQ33: =المهني!JL9 -> 0 | AR33: =المهني!JN9 -> 0 | AS33: =المهني!JP9 -> 0 | AT33: =المهني!JR9 -> 0 | AU33: =المهني!JT9 -> 0 | AV33: =المهني!JV9 -> 0 | AW33: =المهني!JX9 -> 0 | AX33: =المهني!JZ9 -> 0 | AY33: =المهني!KB9 -> 0 | AZ33: =المهني!KD9 -> 0 | BA33: =المهني!KF9 -> 0 | BB33: =المهني!KH9 -> 0 | BC33: =المهني!KJ9 -> 0 | BD33: =المهني!KN9 -> 0 | BE33: =المهني!KL9 -> 0 | BH33: =المهني!KT9 -> 4 | BI33: =SUM(C33:BH33) -> 13
B34: اناث | C34: =المهني!GK9 -> 5 | D34: =المهني!GM9 -> 0 | E34: =المهني!GO9 -> 1 | F34: =المهني!GQ9 -> 0 | G34: =المهني!GS9 -> 1 | H34: =المهني!GU9 -> 0 | I34: =المهني!GW9 -> 2 | J34: =المهني!GY9 -> 0 | K34: =المهني!HA9 -> 0 | L34: =المهني!HC9 -> 0 | M34: =المهني!HE9 -> 0 | N34: =المهني!HG9 -> 0 | O34: =المهني!HI9 -> 0 | P34: =المهني!HK9 -> 0 | Q34: =المهني!HM9 -> 0 | R34: =المهني!HO9 -> 0 | S34: =المهني!HQ9 -> 0 | T34: =المهني!HS9 -> 0 | U34: =المهني!HU9 -> 0 | V34: =المهني!HW9 -> 0 | W34: =المهني!HY9 -> 0 | X34: =المهني!IA9 -> 0 | Y34: =المهني!IC9 -> 0 | Z34: =المهني!IE9 -> 0 | AA34: =المهني!IG9 -> 0 | AB34: =المهني!II9 -> 0 | AC34: =المهني!IK9 -> 0 | AD34: =المهني!IM9 -> 0 | AE34: =المهني!IO9 -> 0 | AF34: =المهني!IQ9 -> 0 | AG34: =المهني!IS9 -> 0 | AH34: =المهني!IU9 -> 0 | AI34: =المهني!IW9 -> 0 | AJ34: =المهني!IY9 -> 0 | AK34: =المهني!JA9 -> 0 | AL34: =المهني!JC9 -> 0 | AM34: =المهني!JE9 -> 0 | AN34: =المهني!JG9 -> 0 | AO34: =المهني!JI9 -> 0 | AP34: =المهني!JK9 -> 0 | AQ34: =المهني!JM9 -> 0 | AR34: =المهني!JO9 -> 0 | AS34: =المهني!JQ9 -> 0 | AT34: =المهني!JS9 -> 0 | AU34: =المهني!JU9 -> 0 | AV34: =المهني!JW9 -> 0 | AW34: =المهني!JY9 -> 0 | AX34: =المهني!KA9 -> 0 | AY34: =المهني!KC9 -> 0 | AZ34: =المهني!KE9 -> 0 | BA34: =المهني!KG9 -> 0 | BB34: =المهني!KI9 -> 0 | BC34: =المهني!KK9 -> 0 | BD34: =المهني!KO9 -> 5 | BH34: =المهني!KU9 -> 5 | BI34: =SUM(C34:BH34) -> 19
A35: زراعي | B35: ذكور | C35: 0 | D35: 0 | E35: 0 | F35: 0 | G35: 0 | H35: 0 | I35: 0 | J35: 0 | K35: 0 | L35: 0 | M35: 0 | N35: 0 | O35: 0 | P35: 0 | Q35: 0 | R35: 0 | S35: 0 | T35: 0 | U35: 0 | V35: 0 | W35: 0 | X35: 0 | Y35: 0 | Z35: 0 | AA35: 0 | AB35: 0 | AC35: 0 | AD35: 0 | AE35: 0 | AF35: 0 | AG35: 0 | AH35: 0 | AI35: 0 | AJ35: 0 | AK35: 0 | AL35: 0 | AM35: 0 | AN35: 0 | AO35: 0 | AP35: 0 | AQ35: 0 | AR35: 0 | AS35: 0 | AT35: 0 | AU35: 0 | AV35: 0 | AW35: 0 | AX35: 0 | AY35: 0 | AZ35: 0 | BA35: 0 | BB35: 0 | BC35: 0 | BD35: 0 | BH35: 0 | BI35: =SUM(C35:BH35) -> 0
B36: اناث | C36: 0 | D36: 0 | E36: 0 | F36: 0 | G36: 0 | H36: 0 | I36: 0 | J36: 0 | K36: 0 | L36: 0 | M36: 0 | N36: 0 | O36: 0 | P36: 0 | Q36: 0 | R36: 0 | S36: 0 | T36: 0 | U36: 0 | V36: 0 | W36: 0 | X36: 0 | Y36: 0 | Z36: 0 | AA36: 0 | AB36: 0 | AC36: 0 | AD36: 0 | AE36: 0 | AF36: 0 | AG36: 0 | AH36: 0 | AI36: 0 | AJ36: 0 | AK36: 0 | AL36: 0 | AM36: 0 | AN36: 0 | AO36: 0 | AP36: 0 | AQ36: 0 | AR36: 0 | AS36: 0 | AT36: 0 | AU36: 0 | AV36: 0 | AW36: 0 | AX36: 0 | AY36: 0 | AZ36: 0 | BA36: 0 | BB36: 0 | BC36: 0 | BD36: 0 | BH36: 0 | BI36: =SUM(C36:BH36) -> 0
A37: تجاري | B37: ذكور | C37: =C12 -> 0 | D37: =D12 -> 0 | E37: =E12 -> 0 | F37: =F12 -> 0 | G37: =G12 -> 0 | H37: =H12 -> 0 | I37: =I12 -> 0 | J37: =J12 -> 0 | ... BD37: =BD12 -> 0 | BH37: =BH12 -> 0 | BI37: =SUM(C37:BH37) -> 0
B38: اناث | C38: =C13 -> 0 | D38: =D13 -> 0 | E38: =E13 -> 0 | F38: =F13 -> 0 | G38: =G13 -> 0 | H38: =H13 -> 0 | I38: =I13 -> 0 | J38: =J13 -> 0 | ... BD38: =BD13 -> 0 | BH38: =BH13 -> 0 | BI38: =SUM(C38:BH38) -> 0
A39: فنون تطبيقية | B39: ذكور | C39: 0 | D39: 0 | E39: 0 | F39: 0 | G39: 0 | H39: 0 | I39: 0 | J39: 0 | K39: 0 | L39: 0 | M39: 0 | N39: 0 | O39: 0 | P39: 0 | Q39: 0 | R39: 0 | S39: 0 | T39: 0 | U39: 0 | V39: 0 | W39: 0 | X39: 0 | Y39: 0 | Z39: 0 | AA39: 0 | AB39: 0 | AC39: 0 | AD39: 0 | AE39: 0 | AF39: 0 | AG39: 0 | AH39: 0 | AI39: 0 | AJ39: 0 | AK39: 0 | AL39: 0 | AM39: 0 | AN39: 0 | AO39: 0 | AP39: 0 | AQ39: 0 | AR39: 0 | AS39: 0 | AT39: 0 | AU39: 0 | AV39: 0 | AW39: 0 | AX39: 0 | AY39: 0 | AZ39: 0 | BA39: 0 | BB39: 0 | BC39: 0 | BD39: 0 | BH39: 0 | BI39: =SUM(C39:BH39) -> 0
B40: اناث | C40: 0 | D40: 0 | E40: 0 | F40: 0 | G40: 0 | H40: 0 | I40: 0 | J40: 0 | K40: 0 | L40: 0 | M40: 0 | N40: 0 | O40: 0 | P40: 0 | Q40: 0 | R40: 0 | S40: 0 | T40: 0 | U40: 0 | V40: 0 | W40: 0 | X40: 0 | Y40: 0 | Z40: 0 | AA40: 0 | AB40: 0 | AC40: 0 | AD40: 0 | AE40: 0 | AF40: 0 | AG40: 0 | AH40: 0 | AI40: 0 | AJ40: 0 | AK40: 0 | AL40: 0 | AM40: 0 | AN40: 0 | AO40: 0 | AP40: 0 | AQ40: 0 | AR40: 0 | AS40: 0 | AT40: 0 | AU40: 0 | AV40: 0 | AW40: 0 | AX40: 0 | AY40: 0 | AZ40: 0 | BA40: 0 | BB40: 0 | BC40: 0 | BD40: 0 | BH40: =المهني!KU32 -> 0 | BI40: =SUM(C40:BH40) -> 0
A41: سياحة | B41: ذكور
B42: اناث
A43: الحاسوب وتقنية المعلومات | B43: ذكور | BI43: =SUM(C43:BH43) -> 0
B44: اناث | BI44: =SUM(C44:BH44) -> 0
A45: المجموع | B45: ذكور | C45: =C39+C37+C35+C33 -> 1 | D45: =D39+D37+D35+D33 -> 0 | E45: =E39+E37+E35+E33 -> 4 | F45: =F39+F37+F35+F33 -> 0 | G45: =G39+G37+G35+G33 -> 2 | H45: =H39+H37+H35+H33 -> 0 | I45: =I39+I37+I35+I33 -> 0 | J45: =J39+J37+J35+J33 -> 0 | ... BI45: =BI39+BI37+BI35+BI33 -> 13
B46: اناث | C46: =C40+C38+C36+C34 -> 5 | D46: =D40+D38+D36+D34 -> 0 | E46: =E40+E38+E36+E34 -> 1 | F46: =F40+F38+F36+F34 -> 0 | G46: =G40+G38+G36+G34 -> 1 | H46: =H40+H38+H36+H34 -> 0 | I46: =I40+I38+I36+I34 -> 2 | J46: =J40+J38+J36+J34 -> 0 | ... BI46: =BI40+BI38+BI36+BI34 -> 19
B47: المجموع | C47: =C46+C45 -> 6 | D47: =D46+D45 -> 0 | E47: =E46+E45 -> 5 | F47: =F46+F45 -> 0 | G47: =G46+G45 -> 3 | H47: =H46+H45 -> 0 | I47: =I46+I45 -> 2 | J47: =J46+J45 -> 0 | ... BI47: =BI46+BI45 -> 32
A49: المديرية العامة للتربية في محافظة النجف الاشرف | BB49: التعليم المهني
A50: قسم التخطيط التربوي | V50: خلاصة قضاء الكوفة
A51: جدول رقم (10 )
A52: التعليـــم المهـــني الاهـــــلي للعام الدراسي 2025 / 2026
A53: استمارة اعضاء الهيئة التعليمية والتدريسية حسب الاختصاص والفرع (الصباحي والمسائي)
A55: الفرع | B55: الجنس | C55: التربية الاسلامية | D55: اللغة العربية | E55: اللغة الانكليزية | F55: اللغة الكردية | G55: الرياضيات | H55: الفيزياء | I55: الكيمياء | J55: علوم الحياة | K55: التاريخ | L55: الجغرافية | M55: الاجتماع | N55: التربية الرياضية | O55: التربية الفنية | P55: زراعة عامة | Q55: انتاج نباتي | R55: الغابات | S55: انتاج حيواني | T55: البستنة | U55: محاصيل حقلية | V55: صناعات غذائية والبان | W55: التربة | X55: اقتصاد وارشاد زراعي | Y55: مقاومة الافات | Z55: البيطرة العامة | AA55: الكهرباء | AB55: ميكانيك | AC55: السيارات | AD55: المعامل | AE55: راديو وتلفزيون | AF55: السباكة | AG55: النجارة | AH55: النسيج | AI55: الطباعة | AJ55: تاسيس صحيات | AK55: صناعة زجاج | AL55: البناء | AM55: النماذج | AN55: بترو كمياويات | AO55: مكننة زراعية | AP55: المعادن | AQ55: العلوم التجارية | AR55: محاسبة | AS55: ادارة | AT55: الاحصاء | AU55: الاقتصاد | AV55: السكرتارية | AW55: ادارة المزارع | AX55: تعاونيات زراعية | AY55: هندسة كيمياوية | AZ55: رسم هندسي | BA55: علم نفس | BB55: القانون | BC55: اقتصاد منزلي | BD55: حاسوب | BE55: محاسبة تكاليف | BF55: اللغة السريانية | BG55: اللغة التركمانية | BH55: اخرى | BI55: المجموع
A56: صناعي | B56: ذكور | C56: =المهني!GJ12 -> 0 | D56: =المهني!GL12 -> 0 | E56: =المهني!GN12 -> 0 | F56: =المهني!GP12 -> 0 | G56: =المهني!GR12 -> 0 | H56: =المهني!GT12 -> 0 | I56: =المهني!GV12 -> 0 | J56: =المهني!GX12 -> 0 | K56: =المهني!GZ12 -> 0 | L56: =المهني!HB12 -> 0 | M56: =المهني!HD12 -> 0 | N56: =المهني!HF12 -> 0 | O56: =المهني!HH12 -> 0 | P56: =المهني!HJ12 -> 0 | Q56: =المهني!HL12 -> 0 | R56: =المهني!HN12 -> 0 | S56: =المهني!HP12 -> 0 | T56: =المهني!HR12 -> 0 | U56: =المهني!HT12 -> 0 | V56: =المهني!HV12 -> 0 | W56: =المهني!HX12 -> 0 | X56: =المهني!HZ12 -> 0 | Y56: =المهني!IB12 -> 0 | Z56: =المهني!ID12 -> 0 | AA56: =المهني!IF12 -> 0 | AB56: =المهني!IH12 -> 0 | AC56: =المهني!IJ12 -> 0 | AD56: =المهني!IL12 -> 0 | AE56: =المهني!IN12 -> 0 | AF56: =المهني!IP12 -> 0 | AG56: =المهني!IR12 -> 0 | AH56: =المهني!IT12 -> 0 | AI56: =المهني!IV12 -> 0 | AJ56: =المهني!IX12 -> 0 | AK56: =المهني!IZ12 -> 0 | AL56: =المهني!JB12 -> 0 | AM56: =المهني!JD12 -> 0 | AN56: =المهني!JF12 -> 0 | AO56: =المهني!JH12 -> 0 | AP56: =المهني!JJ12 -> 0 | AQ56: =المهني!JL12 -> 0 | AR56: =المهني!JN12 -> 0 | AS56: =المهني!JP12 -> 0 | AT56: =المهني!JR12 -> 0 | AU56: =المهني!JT12 -> 0 | AV56: =المهني!JV12 -> 0 | AW56: =المهني!JX12 -> 0 | AX56: =المهني!JZ12 -> 0 | AY56: =المهني!KB12 -> 0 | AZ56: =المهني!KD12 -> 0 | BA56: =المهني!KF12 -> 0 | BB56: =المهني!KH12 -> 0 | BC56: =المهني!KJ12 -> 0 | BD56: =المهني!KN12 -> 0 | BH56: =المهني!KT12 -> 0 | BI56: =SUM(C56:BH56) -> 0
B57: اناث | C57: =المهني!GK12 -> 0 | D57: =المهني!GM12 -> 0 | E57: =المهني!GO12 -> 0 | F57: =المهني!GQ12 -> 0 | G57: =المهني!GS12 -> 0 | H57: =المهني!GU12 -> 0 | I57: =المهني!GW12 -> 0 | J57: =المهني!GY12 -> 0 | K57: =المهني!HA12 -> 0 | L57: =المهني!HC12 -> 0 | M57: =المهني!HE12 -> 0 | N57: =المهني!HG12 -> 0 | O57: =المهني!HI12 -> 0 | P57: =المهني!HK12 -> 0 | Q57: =المهني!HM12 -> 0 | R57: =المهني!HO12 -> 0 | S57: =المهني!HQ12 -> 0 | T57: =المهني!HS12 -> 0 | U57: =المهني!HU12 -> 0 | V57: =المهني!HW12 -> 0 | W57: =المهني!HY12 -> 0 | X57: =المهني!IA12 -> 0 | Y57: =المهني!IC12 -> 0 | Z57: =المهني!IE12 -> 0 | AA57: =المهني!IG12 -> 0 | AB57: =المهني!II12 -> 0 | AC57: =المهني!IK12 -> 0 | AD57: =المهني!IM12 -> 0 | AE57: =المهني!IO12 -> 0 | AF57: =المهني!IQ12 -> 0 | AG57: =المهني!IS12 -> 0 | AH57: =المهني!IU12 -> 0 | AI57: =المهني!IW12 -> 0 | AJ57: =المهني!IY12 -> 0 | AK57: =المهني!JA12 -> 0 | AL57: =المهني!JC12 -> 0 | AM57: =المهني!JE12 -> 0 | AN57: =المهني!JG12 -> 0 | AO57: =المهني!JI12 -> 0 | AP57: =المهني!JK12 -> 0 | AQ57: =المهني!JM12 -> 0 | AR57: =المهني!JO12 -> 0 | AS57: =المهني!JQ12 -> 0 | AT57: =المهني!JS12 -> 0 | AU57: =المهني!JU12 -> 0 | AV57: =المهني!JW12 -> 0 | AW57: =المهني!JY12 -> 0 | AX57: =المهني!KA12 -> 0 | AY57: =المهني!KC12 -> 0 | AZ57: =المهني!KE12 -> 0 | BA57: =المهني!KG12 -> 0 | BB57: =المهني!KI12 -> 0 | BC57: =المهني!KK12 -> 0 | BD57: =المهني!KO12 -> 0 | BH57: =المهني!KU12 -> 0 | BI57: =SUM(C57:BH57) -> 0
A58: زراعي | B58: ذكور | C58: =C10 -> 0 | D58: =D10 -> 0 | E58: =E10 -> 0 | F58: =F10 -> 0 | G58: =G10 -> 0 | H58: =H10 -> 0 | I58: =I10 -> 0 | J58: =J10 -> 0 | ... BD58: =BD10 -> 0 | BH58: =BH10 -> 0 | BI58: =SUM(C58:BH58) -> 0
B59: اناث | C59: =C11 -> 0 | D59: =D11 -> 0 | E59: =E11 -> 0 | F59: =F11 -> 0 | G59: =G11 -> 0 | H59: =H11 -> 0 | I59: =I11 -> 0 | J59: =J11 -> 0 | ... BD59: =BD11 -> 0 | BH59: =BH11 -> 0 | BI59: =SUM(C59:BH59) -> 0
